date,DGS2,DGS5,DGS10,DGS20,DGS3MO
1962-01-02,,3.88,4.06,4.07,
1962-01-03,,3.87,4.03,4.07,
1962-01-04,,3.86,3.99,4.06,
1962-01-05,,3.89,4.02,4.07,
1962-01-08,,3.91,4.03,4.08,
1962-01-09,,3.93,4.05,4.08,
1962-01-10,,3.94,4.07,4.09,
1962-01-11,,3.94,4.08,4.08,
1962-01-12,,3.95,4.08,4.09,
1962-01-15,,3.96,4.1,4.1,
1962-01-16,,3.98,4.13,4.11,
1962-01-17,,3.97,4.12,4.1,
1962-01-18,,3.96,4.11,4.1,
1962-01-19,,3.95,4.11,4.1,
1962-01-22,,3.93,4.09,4.09,
1962-01-23,,3.94,4.11,4.1,
1962-01-24,,3.93,4.1,4.1,
1962-01-25,,3.94,4.11,4.12,
1962-01-26,,3.97,4.11,4.12,
1962-01-29,,3.98,4.12,4.13,
1962-01-30,,3.98,4.11,4.13,
1962-01-31,,3.99,4.1,4.13,
1962-02-01,,4.0,4.09,4.13,
1962-02-02,,3.97,4.08,4.13,
1962-02-05,,3.96,4.07,4.12,
1962-02-06,,3.96,4.06,4.13,
1962-02-07,,3.95,4.07,4.13,
1962-02-08,,3.93,4.07,4.12,
1962-02-09,,3.91,4.05,4.11,
1962-02-12,,,,,
1962-02-13,,3.91,4.03,4.1,
1962-02-14,,3.9,4.03,4.09,
1962-02-15,,3.9,4.02,4.1,
1962-02-16,,3.88,4.02,4.12,
1962-02-19,,3.86,4.01,4.11,
1962-02-20,,3.88,4.05,4.15,
1962-02-21,,3.86,4.03,4.13,
1962-02-22,,,,,
1962-02-23,,3.83,4.02,4.12,
1962-02-26,,3.8,4.0,4.11,
1962-02-27,,3.8,4.01,4.12,
1962-02-28,,3.77,4.0,4.1,
1962-03-01,,3.71,3.98,4.09,
1962-03-02,,3.72,3.98,4.09,
1962-03-05,,3.74,4.0,4.1,
1962-03-06,,3.74,4.01,4.1,
1962-03-07,,3.74,4.0,4.09,
1962-03-08,,3.72,3.98,4.08,
1962-03-09,,3.71,3.96,4.07,
1962-03-12,,3.73,3.94,4.06,
1962-03-13,,3.7,3.92,4.04,
1962-03-14,,3.72,3.93,4.04,
1962-03-15,,3.73,3.96,4.06,
1962-03-16,,3.72,3.96,4.05,
1962-03-19,,3.71,3.93,4.04,
1962-03-20,,3.67,3.91,4.02,
1962-03-21,,3.61,3.86,4.01,
1962-03-22,,3.58,3.83,3.97,
1962-03-23,,3.62,3.87,3.99,
1962-03-26,,3.65,3.89,4.01,
1962-03-27,,3.65,3.9,4.0,
1962-03-28,,3.64,3.9,4.0,
1962-03-29,,3.64,3.9,3.99,
1962-03-30,,3.61,3.86,3.98,
1962-04-02,,3.58,3.86,3.97,
1962-04-03,,3.55,3.83,3.95,
1962-04-04,,3.51,3.78,3.91,
1962-04-05,,3.56,3.84,3.94,
1962-04-06,,3.55,3.81,3.92,
1962-04-09,,3.57,3.83,3.92,
1962-04-10,,3.57,3.83,3.92,
1962-04-11,,3.61,3.87,3.94,
1962-04-12,,3.61,3.86,3.93,
1962-04-13,,3.6,3.85,3.92,
1962-04-16,,3.6,3.83,3.92,
1962-04-17,,3.6,3.82,3.92,
1962-04-18,,3.6,3.81,3.9,
1962-04-19,,3.6,3.82,3.91,
1962-04-20,,,,,
1962-04-23,,3.63,3.86,3.93,
1962-04-24,,3.65,3.87,3.94,
1962-04-25,,3.66,3.88,3.94,
1962-04-26,,3.66,3.89,3.94,
1962-04-27,,3.64,3.86,3.91,
1962-04-30,,3.64,3.86,3.91,
1962-05-01,,3.63,3.85,3.91,
1962-05-02,,3.64,3.86,3.91,
1962-05-03,,3.64,3.86,3.9,
1962-05-04,,3.64,3.87,3.9,
1962-05-07,,3.64,3.86,3.9,
1962-05-08,,3.62,3.85,3.9,
1962-05-09,,3.6,3.82,3.89,
1962-05-10,,3.61,3.83,3.88,
1962-05-11,,3.61,3.82,3.88,
1962-05-14,,3.63,3.85,3.89,
1962-05-15,,3.67,3.87,3.9,
1962-05-16,,3.67,3.86,3.91,
1962-05-17,,3.67,3.87,3.91,
1962-05-18,,3.72,3.93,3.94,
1962-05-21,,3.74,3.94,3.96,
1962-05-22,,3.71,3.93,3.95,
1962-05-23,,3.69,3.91,3.95,
1962-05-24,,3.68,3.9,3.94,
1962-05-25,,3.66,3.88,3.93,
1962-05-28,,3.65,3.87,3.92,
1962-05-29,,3.66,3.89,3.94,
1962-05-30,,,,,
1962-05-31,,3.66,3.9,3.94,
1962-06-01,,3.64,3.89,3.93,
1962-06-04,,3.63,3.88,3.93,
1962-06-05,,3.64,3.89,3.94,
1962-06-06,,3.62,3.89,3.93,
1962-06-07,,3.6,3.87,3.93,
1962-06-08,,3.6,3.86,3.92,
1962-06-11,,3.59,3.87,3.92,
1962-06-12,,3.57,3.86,3.91,
1962-06-13,,3.57,3.87,3.92,
1962-06-14,,3.6,3.9,3.94,
1962-06-15,,3.6,3.89,3.94,
1962-06-18,,3.61,3.91,3.95,
1962-06-19,,3.64,3.93,3.97,
1962-06-20,,3.63,3.92,3.97,
1962-06-21,,3.61,3.9,3.96,
1962-06-22,,3.61,3.9,3.96,
1962-06-25,,3.68,3.95,4.0,
1962-06-26,,3.71,3.97,4.01,
1962-06-27,,3.68,3.96,4.0,
1962-06-28,,3.76,3.98,4.01,
1962-06-29,,3.76,4.0,4.02,
1962-07-02,,3.77,4.0,4.02,
1962-07-03,,3.76,4.0,4.02,
1962-07-04,,,,,
1962-07-05,,3.78,4.0,4.02,
1962-07-06,,3.79,4.02,4.05,
1962-07-09,,3.83,4.05,4.07,
1962-07-10,,3.81,4.02,4.06,
1962-07-11,,3.77,3.99,4.06,
1962-07-12,,3.78,4.0,4.05,
1962-07-13,,3.78,4.0,4.05,
1962-07-16,,3.8,4.01,4.06,
1962-07-17,,3.82,4.03,4.06,
1962-07-18,,3.83,4.02,4.06,
1962-07-19,,3.83,4.02,4.06,
1962-07-20,,3.82,4.01,4.05,
1962-07-23,,3.81,4.0,4.05,
1962-07-24,,3.82,4.01,4.05,
1962-07-25,,3.83,4.02,4.05,
1962-07-26,,3.82,4.01,4.04,
1962-07-27,,3.79,4.02,4.05,
1962-07-30,,3.81,4.03,4.06,
1962-07-31,,3.82,4.04,4.06,
1962-08-01,,3.8,4.03,4.06,
1962-08-02,,3.76,4.0,4.03,
1962-08-03,,3.77,4.01,4.04,
1962-08-06,,3.76,4.01,4.04,
1962-08-07,,3.79,4.02,4.04,
1962-08-08,,3.78,4.01,4.04,
1962-08-09,,3.76,3.99,4.03,
1962-08-10,,3.76,3.99,4.03,
1962-08-13,,3.74,3.99,4.03,
1962-08-14,,3.73,3.98,4.01,
1962-08-15,,3.72,3.98,4.01,
1962-08-16,,3.69,3.96,3.99,
1962-08-17,,3.69,3.96,3.99,
1962-08-20,,3.66,3.94,3.98,
1962-08-21,,3.66,3.94,3.97,
1962-08-22,,3.66,3.95,3.97,
1962-08-23,,3.66,3.95,3.97,
1962-08-24,,3.66,3.95,3.97,
1962-08-27,,3.67,3.95,3.98,
1962-08-28,,3.67,3.96,3.98,
1962-08-29,,3.67,3.96,3.98,
1962-08-30,,3.66,3.95,3.99,
1962-08-31,,3.66,3.96,3.99,
1962-09-03,,,,,
1962-09-04,,3.67,3.96,3.99,
1962-09-05,,3.68,3.97,4.0,
1962-09-06,,3.72,3.99,4.0,
1962-09-07,,3.74,4.01,4.01,
1962-09-10,,3.72,4.0,4.01,
1962-09-11,,3.72,4.0,4.01,
1962-09-12,,3.72,4.0,4.0,
1962-09-13,,3.72,3.99,4.0,
1962-09-14,,3.72,3.99,4.0,
1962-09-17,,3.71,3.99,4.0,
1962-09-18,,3.71,3.98,4.0,
1962-09-19,,3.71,3.99,4.0,
1962-09-20,,3.71,3.98,4.0,
1962-09-21,,3.71,3.98,4.0,
1962-09-24,,3.69,3.97,3.99,
1962-09-25,,3.68,3.96,3.99,
1962-09-26,,3.67,3.95,3.99,
1962-09-27,,3.67,3.95,3.98,
1962-09-28,,3.66,3.94,3.97,
1962-10-01,,3.64,3.93,3.96,
1962-10-02,,3.62,3.92,3.95,
1962-10-03,,3.6,3.9,3.94,
1962-10-04,,3.6,3.9,3.94,
1962-10-05,,3.62,3.92,3.95,
1962-10-08,,3.64,3.93,3.95,
1962-10-09,,3.64,3.95,3.95,
1962-10-10,,3.62,3.93,3.94,
1962-10-11,,3.63,3.94,3.94,
1962-10-12,,,,,
1962-10-15,,3.63,3.94,3.94,
1962-10-16,,3.63,3.94,3.94,
1962-10-17,,3.64,3.94,3.95,
1962-10-18,,3.63,3.92,3.94,
1962-10-19,,3.62,3.88,3.9,
1962-10-22,,3.64,3.91,3.93,
1962-10-23,,3.67,3.94,3.94,
1962-10-24,,3.67,3.94,3.94,
1962-10-25,,3.67,3.94,3.95,
1962-10-26,,3.65,3.93,3.94,
1962-10-29,,3.64,3.92,3.94,
1962-10-30,,3.63,3.92,3.94,
1962-10-31,,3.64,3.92,3.94,
1962-11-01,,3.63,3.92,3.94,
1962-11-02,,3.62,3.91,3.94,
1962-11-05,,3.61,3.91,3.93,
1962-11-06,,,,,
1962-11-07,,3.6,3.91,3.93,
1962-11-08,,3.59,3.9,3.92,
1962-11-09,,3.57,3.89,3.91,
1962-11-12,,,,,
1962-11-13,,3.58,3.9,3.92,
1962-11-14,,3.59,3.91,3.93,
1962-11-15,,3.59,3.91,3.93,
1962-11-16,,3.63,3.93,3.94,
1962-11-19,,3.62,3.93,3.95,
1962-11-20,,3.61,3.93,3.94,
1962-11-21,,3.59,3.92,3.94,
1962-11-22,,,,,
1962-11-23,,3.59,3.92,3.94,
1962-11-26,,3.6,3.93,3.94,
1962-11-27,,3.6,3.92,3.94,
1962-11-28,,3.59,3.92,3.94,
1962-11-29,,3.59,3.92,3.94,
1962-11-30,,3.59,3.92,3.94,
1962-12-03,,3.6,3.93,3.95,
1962-12-04,,3.61,3.94,3.96,
1962-12-05,,3.61,3.93,3.96,
1962-12-06,,3.6,3.92,3.95,
1962-12-07,,3.59,3.91,3.95,
1962-12-10,,3.58,3.9,3.94,
1962-12-11,,3.57,3.89,3.93,
1962-12-12,,3.57,3.88,3.92,
1962-12-13,,3.57,3.88,3.92,
1962-12-14,,3.57,3.87,3.92,
1962-12-17,,3.56,3.85,3.91,
1962-12-18,,3.55,3.83,3.9,
1962-12-19,,3.55,3.84,3.9,
1962-12-20,,3.54,3.83,3.9,
1962-12-21,,3.51,3.81,3.9,
1962-12-24,,3.5,3.79,3.89,
1962-12-25,,,,,
1962-12-26,,3.5,3.79,3.89,
1962-12-27,,3.52,3.81,3.9,
1962-12-28,,3.56,3.84,3.91,
1962-12-31,,3.56,3.85,3.92,
1963-01-01,,,,,
1963-01-02,,3.53,3.82,3.91,
1963-01-03,,3.53,3.81,3.91,
1963-01-04,,3.56,3.84,3.93,
1963-01-07,,3.57,3.83,3.92,
1963-01-08,,3.56,3.81,3.93,
1963-01-09,,3.56,3.82,3.93,
1963-01-10,,3.55,3.81,3.92,
1963-01-11,,3.54,3.8,3.91,
1963-01-14,,3.54,3.81,3.91,
1963-01-15,,3.53,3.8,3.91,
1963-01-16,,3.53,3.8,3.91,
1963-01-17,,3.56,3.82,3.93,
1963-01-18,,3.57,3.84,3.94,
1963-01-21,,3.6,3.85,3.95,
1963-01-22,,3.62,3.86,3.96,
1963-01-23,,3.62,3.86,3.96,
1963-01-24,,3.62,3.86,3.96,
1963-01-25,,3.61,3.85,3.95,
1963-01-28,,3.62,3.86,3.96,
1963-01-29,,3.63,3.86,3.96,
1963-01-30,,3.63,3.86,3.95,
1963-01-31,,3.65,3.87,3.96,
1963-02-01,,3.66,3.88,3.96,
1963-02-04,,3.66,3.89,3.97,
1963-02-05,,3.66,3.9,3.97,
1963-02-06,,3.65,3.91,3.97,
1963-02-07,,3.65,3.91,3.97,
1963-02-08,,3.65,3.91,3.96,
1963-02-11,,3.65,3.92,3.96,
1963-02-12,,,,,
1963-02-13,,3.65,3.92,3.97,
1963-02-14,,3.65,3.91,3.97,
1963-02-15,,3.64,3.91,3.96,
1963-02-18,,3.64,3.91,3.96,
1963-02-19,,3.66,3.93,3.96,
1963-02-20,,3.66,3.94,3.96,
1963-02-21,,3.68,3.95,3.97,
1963-02-22,,,,,
1963-02-25,,3.68,3.95,3.98,
1963-02-26,,3.68,3.95,3.98,
1963-02-27,,3.68,3.95,3.98,
1963-02-28,,3.68,3.94,3.97,
1963-03-01,,3.67,3.93,3.97,
1963-03-04,,3.67,3.92,3.97,
1963-03-05,,3.67,3.92,3.96,
1963-03-06,,3.67,3.91,3.96,
1963-03-07,,3.67,3.92,3.96,
1963-03-08,,3.67,3.92,3.97,
1963-03-11,,3.68,3.92,3.97,
1963-03-12,,3.68,3.92,3.97,
1963-03-13,,3.68,3.92,3.98,
1963-03-14,,3.68,3.92,3.98,
1963-03-15,,3.68,3.92,3.98,
1963-03-18,,3.68,3.92,3.98,
1963-03-19,,3.68,3.92,3.99,
1963-03-20,,3.68,3.92,3.98,
1963-03-21,,3.68,3.92,3.99,
1963-03-22,,3.68,3.93,3.99,
1963-03-25,,3.69,3.94,4.0,
1963-03-26,,3.71,3.96,4.0,
1963-03-27,,3.72,3.96,4.0,
1963-03-28,,3.71,3.96,4.0,
1963-03-29,,3.71,3.95,4.0,
1963-04-01,,3.7,3.95,4.0,
1963-04-02,,3.7,3.96,4.01,
1963-04-03,,3.71,3.96,4.01,
1963-04-04,,3.7,3.95,4.0,
1963-04-05,,3.7,3.95,4.0,
1963-04-08,,3.72,3.97,4.02,
1963-04-09,,3.73,3.98,4.02,
1963-04-10,,3.76,4.0,4.04,
1963-04-11,,3.74,4.0,4.04,
1963-04-12,,,,,
1963-04-15,,3.77,4.01,4.05,
1963-04-16,,3.76,4.0,4.05,
1963-04-17,,3.77,4.0,4.06,
1963-04-18,,3.76,3.99,4.05,
1963-04-19,,3.75,3.97,4.04,
1963-04-22,,3.76,3.97,4.04,
1963-04-23,,3.76,3.97,4.04,
1963-04-24,,3.76,3.96,4.04,
1963-04-25,,3.75,3.95,4.04,
1963-04-26,,3.73,3.95,4.04,
1963-04-29,,3.74,3.95,4.04,
1963-04-30,,3.73,3.95,4.04,
1963-05-01,,3.72,3.94,4.03,
1963-05-02,,3.72,3.94,4.03,
1963-05-03,,3.71,3.93,4.03,
1963-05-06,,3.69,3.92,4.02,
1963-05-07,,3.68,3.91,4.01,
1963-05-08,,3.7,3.92,4.01,
1963-05-09,,3.71,3.93,4.02,
1963-05-10,,3.71,3.93,4.02,
1963-05-13,,3.7,3.92,4.02,
1963-05-14,,3.7,3.91,4.01,
1963-05-15,,3.69,3.91,4.0,
1963-05-16,,3.68,3.9,4.0,
1963-05-17,,3.69,3.92,4.01,
1963-05-20,,3.71,3.93,4.02,
1963-05-21,,3.7,3.92,4.01,
1963-05-22,,3.7,3.92,4.02,
1963-05-23,,3.71,3.93,4.02,
1963-05-24,,3.75,3.95,4.03,
1963-05-27,,3.75,3.95,4.03,
1963-05-28,,3.77,3.96,4.03,
1963-05-29,,3.78,3.96,4.03,
1963-05-30,,,,,
1963-05-31,,3.78,3.96,4.03,
1963-06-03,,3.81,3.98,4.04,
1963-06-04,,3.8,3.98,4.03,
1963-06-05,,3.8,3.98,4.03,
1963-06-06,,3.8,3.99,4.03,
1963-06-07,,3.81,3.99,4.02,
1963-06-10,,3.8,3.99,4.02,
1963-06-11,,3.79,3.98,4.01,
1963-06-12,,3.81,3.99,4.02,
1963-06-13,,3.81,3.99,4.02,
1963-06-14,,3.82,3.99,4.02,
1963-06-17,,3.83,4.0,4.02,
1963-06-18,,3.83,4.0,4.02,
1963-06-19,,3.83,4.0,4.02,
1963-06-20,,3.82,4.0,4.02,
1963-06-21,,3.82,4.0,4.02,
1963-06-24,,3.82,4.0,4.03,
1963-06-25,,3.82,4.0,4.03,
1963-06-26,,3.82,4.0,4.03,
1963-06-27,,3.82,4.0,4.03,
1963-06-28,,3.82,4.0,4.03,
1963-07-01,,3.82,4.01,4.04,
1963-07-02,,3.86,4.03,4.06,
1963-07-03,,3.86,4.03,4.06,
1963-07-04,,,,,
1963-07-05,,3.89,4.04,4.07,
1963-07-08,,3.92,4.05,4.08,
1963-07-09,,3.91,4.04,4.08,
1963-07-10,,3.9,4.03,4.08,
1963-07-11,,3.91,4.04,4.08,
1963-07-12,,3.9,4.03,4.08,
1963-07-15,,3.9,4.02,4.07,
1963-07-16,,3.91,4.02,4.07,
1963-07-17,,3.92,4.03,4.07,
1963-07-18,,3.91,4.02,4.06,
1963-07-19,,3.9,4.02,4.05,
1963-07-22,,3.91,4.02,4.05,
1963-07-23,,3.91,4.02,4.05,
1963-07-24,,3.9,4.01,4.04,
1963-07-25,,3.89,4.01,4.04,
1963-07-26,,3.88,3.99,4.03,
1963-07-29,,3.87,3.99,4.03,
1963-07-30,,3.88,4.0,4.03,
1963-07-31,,3.88,4.0,4.03,
1963-08-01,,3.87,3.99,4.03,
1963-08-02,,3.86,3.99,4.02,
1963-08-05,,3.87,3.99,4.02,
1963-08-06,,3.87,4.0,4.03,
1963-08-07,,3.88,4.01,4.03,
1963-08-08,,3.88,4.0,4.03,
1963-08-09,,3.88,4.0,4.03,
1963-08-12,,3.9,4.01,4.03,
1963-08-13,,3.9,4.02,4.03,
1963-08-14,,3.9,4.02,4.04,
1963-08-15,,3.89,4.01,4.03,
1963-08-16,,3.89,4.0,4.03,
1963-08-19,,3.88,3.99,4.02,
1963-08-20,,3.88,3.99,4.03,
1963-08-21,,3.89,4.0,4.03,
1963-08-22,,3.89,4.0,4.03,
1963-08-23,,3.89,4.0,4.03,
1963-08-26,,3.89,4.0,4.03,
1963-08-27,,3.9,4.0,4.03,
1963-08-28,,3.9,4.0,4.03,
1963-08-29,,3.91,4.01,4.04,
1963-08-30,,3.93,4.02,4.04,
1963-09-02,,,,,
1963-09-03,,3.94,4.03,4.05,
1963-09-04,,3.94,4.04,4.06,
1963-09-05,,3.97,4.08,4.1,
1963-09-06,,3.97,4.09,4.1,
1963-09-09,,3.97,4.09,4.11,
1963-09-10,,3.97,4.09,4.1,
1963-09-11,,3.96,4.09,4.1,
1963-09-12,,3.97,4.09,4.1,
1963-09-13,,3.97,4.09,4.1,
1963-09-16,,3.97,4.09,4.1,
1963-09-17,,3.97,4.09,4.1,
1963-09-18,,3.96,4.08,4.1,
1963-09-19,,3.95,4.08,4.1,
1963-09-20,,3.94,4.07,4.09,
1963-09-23,,3.94,4.07,4.09,
1963-09-24,,3.95,4.08,4.09,
1963-09-25,,3.95,4.08,4.09,
1963-09-26,,3.95,4.08,4.09,
1963-09-27,,3.94,4.07,4.08,
1963-09-30,,3.94,4.07,4.08,
1963-10-01,,3.93,4.07,4.08,
1963-10-02,,3.93,4.07,4.08,
1963-10-03,,3.93,4.07,4.08,
1963-10-04,,3.94,4.08,4.09,
1963-10-07,,3.95,4.08,4.1,
1963-10-08,,3.96,4.09,4.1,
1963-10-09,,3.97,4.1,4.11,
1963-10-10,,3.97,4.1,4.11,
1963-10-11,,3.96,4.1,4.11,
1963-10-14,,3.96,4.1,4.11,
1963-10-15,,3.97,4.11,4.12,
1963-10-16,,3.97,4.11,4.12,
1963-10-17,,3.98,4.12,4.13,
1963-10-18,,3.99,4.12,4.13,
1963-10-21,,3.99,4.12,4.13,
1963-10-22,,3.98,4.11,4.13,
1963-10-23,,3.98,4.12,4.13,
1963-10-24,,3.97,4.11,4.13,
1963-10-25,,3.98,4.12,4.13,
1963-10-28,,3.98,4.12,4.13,
1963-10-29,,4.0,4.13,4.14,
1963-10-30,,4.0,4.14,4.14,
1963-10-31,,4.01,4.15,4.15,
1963-11-01,,4.01,4.15,4.16,
1963-11-04,,4.02,4.15,4.16,
1963-11-05,,,,,
1963-11-06,,4.04,4.17,4.18,
1963-11-07,,4.04,4.17,4.18,
1963-11-08,,4.05,4.16,4.17,
1963-11-11,,,,,
1963-11-12,,4.03,4.16,4.17,
1963-11-13,,4.04,4.15,4.17,
1963-11-14,,4.02,4.12,4.15,
1963-11-15,,4.0,4.11,4.15,
1963-11-18,,4.0,4.11,4.15,
1963-11-19,,4.0,4.1,4.15,
1963-11-20,,4.0,4.09,4.15,
1963-11-21,,4.0,4.1,4.15,
1963-11-22,,4.0,4.09,4.15,
1963-11-25,,,,,
1963-11-26,,3.98,4.08,4.15,
1963-11-27,,3.99,4.08,4.15,
1963-11-28,,,,,
1963-11-29,,3.99,4.08,4.15,
1963-12-02,,4.01,4.09,4.17,
1963-12-03,,4.02,4.1,4.17,
1963-12-04,,4.01,4.1,4.17,
1963-12-05,,4.01,4.11,4.17,
1963-12-06,,4.01,4.11,4.17,
1963-12-09,,4.01,4.1,4.17,
1963-12-10,,4.02,4.1,4.17,
1963-12-11,,4.03,4.12,4.18,
1963-12-12,,4.04,4.12,4.19,
1963-12-13,,4.05,4.13,4.19,
1963-12-16,,4.07,4.15,4.2,
1963-12-17,,4.07,4.15,4.21,
1963-12-18,,4.06,4.15,4.21,
1963-12-19,,4.06,4.14,4.21,
1963-12-20,,4.07,4.15,4.22,
1963-12-23,,4.07,4.15,4.22,
1963-12-24,,4.07,4.15,4.22,
1963-12-25,,,,,
1963-12-26,,4.06,4.15,4.21,
1963-12-27,,4.05,4.15,4.2,
1963-12-30,,4.05,4.14,4.19,
1963-12-31,,4.06,4.14,4.19,
1964-01-01,,,,,
1964-01-02,,4.07,4.14,4.19,
1964-01-03,,4.07,4.15,4.19,
1964-01-06,,4.08,4.16,4.19,
1964-01-07,,4.08,4.15,4.18,
1964-01-08,,4.09,4.18,4.2,
1964-01-09,,4.09,4.18,4.2,
1964-01-10,,4.1,4.18,4.21,
1964-01-13,,4.08,4.18,4.21,
1964-01-14,,4.08,4.18,4.2,
1964-01-15,,4.09,4.18,4.2,
1964-01-16,,4.08,4.17,4.19,
1964-01-17,,4.07,4.17,4.18,
1964-01-20,,4.06,4.16,4.18,
1964-01-21,,4.05,4.16,4.17,
1964-01-22,,4.05,4.16,4.17,
1964-01-23,,4.05,4.16,4.18,
1964-01-24,,4.06,4.18,4.18,
1964-01-27,,4.06,4.18,4.18,
1964-01-28,,4.06,4.17,4.18,
1964-01-29,,4.06,4.17,4.18,
1964-01-30,,4.05,4.16,4.18,
1964-01-31,,4.03,4.15,4.18,
1964-02-03,,4.02,4.15,4.17,
1964-02-04,,4.03,4.15,4.17,
1964-02-05,,4.02,4.15,4.17,
1964-02-06,,4.01,4.14,4.16,
1964-02-07,,4.01,4.14,4.16,
1964-02-10,,4.02,4.14,4.17,
1964-02-11,,4.02,4.14,4.17,
1964-02-12,,,,,
1964-02-13,,4.02,4.13,4.16,
1964-02-14,,4.02,4.13,4.16,
1964-02-17,,4.02,4.13,4.16,
1964-02-18,,4.03,4.14,4.16,
1964-02-19,,4.03,4.14,4.17,
1964-02-20,,4.04,4.14,4.17,
1964-02-21,,,,,
1964-02-24,,4.05,4.15,4.18,
1964-02-25,,4.06,4.15,4.18,
1964-02-26,,4.05,4.15,4.18,
1964-02-27,,4.07,4.17,4.19,
1964-02-28,,4.1,4.18,4.19,
1964-03-02,,4.1,4.17,4.19,
1964-03-03,,4.1,4.18,4.19,
1964-03-04,,4.11,4.19,4.19,
1964-03-05,,4.1,4.19,4.19,
1964-03-06,,4.11,4.19,4.19,
1964-03-09,,4.1,4.2,4.19,
1964-03-10,,4.11,4.2,4.2,
1964-03-11,,4.12,4.21,4.2,
1964-03-12,,4.12,4.21,4.21,
1964-03-13,,4.11,4.22,4.21,
1964-03-16,,4.11,4.21,4.21,
1964-03-17,,4.12,4.22,4.21,
1964-03-18,,4.14,4.23,4.23,
1964-03-19,,4.16,4.24,4.23,
1964-03-20,,4.17,4.25,4.24,
1964-03-23,,4.19,4.25,4.24,
1964-03-24,,4.21,4.26,4.25,
1964-03-25,,4.2,4.26,4.25,
1964-03-26,,4.19,4.25,4.25,
1964-03-27,,,,,
1964-03-30,,4.18,4.25,4.25,
1964-03-31,,4.16,4.23,4.24,
1964-04-01,,4.17,4.23,4.24,
1964-04-02,,4.18,4.24,4.24,
1964-04-03,,4.2,4.25,4.26,
1964-04-06,,4.19,4.25,4.26,
1964-04-07,,4.18,4.25,4.25,
1964-04-08,,4.16,4.22,4.24,
1964-04-09,,4.14,4.22,4.24,
1964-04-10,,4.15,4.22,4.24,
1964-04-13,,4.16,4.23,4.25,
1964-04-14,,4.16,4.24,4.24,
1964-04-15,,4.15,4.23,4.24,
1964-04-16,,4.14,4.23,4.23,
1964-04-17,,4.14,4.24,4.23,
1964-04-20,,4.14,4.24,4.23,
1964-04-21,,4.14,4.23,4.23,
1964-04-22,,4.14,4.23,4.23,
1964-04-23,,4.14,4.23,4.23,
1964-04-24,,4.15,4.23,4.24,
1964-04-27,,4.15,4.23,4.24,
1964-04-28,,4.15,4.23,4.24,
1964-04-29,,4.14,4.22,4.24,
1964-04-30,,4.13,4.22,4.24,
1964-05-01,,4.12,4.22,4.24,
1964-05-04,,4.1,4.22,4.23,
1964-05-05,,4.1,4.22,4.23,
1964-05-06,,4.1,4.22,4.23,
1964-05-07,,4.09,4.22,4.23,
1964-05-08,,4.06,4.2,4.22,
1964-05-11,,4.04,4.19,4.22,
1964-05-12,,4.03,4.19,4.21,
1964-05-13,,4.02,4.19,4.21,
1964-05-14,,4.01,4.19,4.2,
1964-05-15,,4.02,4.19,4.2,
1964-05-18,,4.02,4.19,4.19,
1964-05-19,,4.02,4.19,4.18,
1964-05-20,,4.05,4.2,4.19,
1964-05-21,,4.05,4.2,4.19,
1964-05-22,,4.04,4.2,4.18,
1964-05-25,,4.03,4.19,4.18,
1964-05-26,,4.03,4.19,4.18,
1964-05-27,,4.03,4.2,4.18,
1964-05-28,,4.03,4.19,4.18,
1964-05-29,,,,,
1964-06-01,,4.03,4.19,4.18,
1964-06-02,,4.03,4.19,4.18,
1964-06-03,,4.03,4.19,4.18,
1964-06-04,,4.03,4.19,4.18,
1964-06-05,,4.02,4.18,4.18,
1964-06-08,,4.02,4.18,4.17,
1964-06-09,,4.01,4.17,4.17,
1964-06-10,,4.02,4.17,4.17,
1964-06-11,,4.02,4.18,4.18,
1964-06-12,,4.02,4.18,4.18,
1964-06-15,,4.02,4.18,4.18,
1964-06-16,,4.02,4.18,4.18,
1964-06-17,,4.02,4.18,4.17,
1964-06-18,,4.01,4.17,4.17,
1964-06-19,,4.01,4.16,4.16,
1964-06-22,,4.0,4.15,4.16,
1964-06-23,,4.02,4.15,4.16,
1964-06-24,,4.03,4.15,4.16,
1964-06-25,,4.02,4.15,4.16,
1964-06-26,,4.01,4.15,4.16,
1964-06-29,,4.01,4.15,4.15,
1964-06-30,,4.01,4.15,4.15,
1964-07-01,,4.01,4.15,4.15,
1964-07-02,,4.01,4.15,4.15,
1964-07-03,,,,,
1964-07-06,,4.01,4.16,4.15,
1964-07-07,,4.0,4.15,4.15,
1964-07-08,,4.0,4.15,4.15,
1964-07-09,,4.01,4.18,4.16,
1964-07-10,,4.01,4.19,4.16,
1964-07-13,,4.02,4.19,4.17,
1964-07-14,,4.02,4.19,4.16,
1964-07-15,,4.02,4.19,4.16,
1964-07-16,,4.03,4.19,4.16,
1964-07-17,,4.04,4.2,4.17,
1964-07-20,,4.05,4.21,4.18,
1964-07-21,,4.05,4.2,4.18,
1964-07-22,,4.04,4.21,4.18,
1964-07-23,,4.03,4.2,4.17,
1964-07-24,,4.03,4.2,4.17,
1964-07-27,,4.03,4.2,4.17,
1964-07-28,,4.04,4.2,4.17,
1964-07-29,,4.05,4.2,4.17,
1964-07-30,,4.05,4.19,4.17,
1964-07-31,,4.04,4.19,4.17,
1964-08-03,,4.04,4.19,4.17,
1964-08-04,,4.04,4.19,4.17,
1964-08-05,,4.04,4.19,4.17,
1964-08-06,,4.04,4.18,4.17,
1964-08-07,,4.05,4.19,4.17,
1964-08-10,,4.06,4.19,4.17,
1964-08-11,,4.07,4.2,4.18,
1964-08-12,,4.06,4.2,4.18,
1964-08-13,,4.06,4.19,4.19,
1964-08-14,,4.05,4.19,4.18,
1964-08-17,,4.05,4.19,4.18,
1964-08-18,,4.05,4.19,4.18,
1964-08-19,,4.05,4.19,4.18,
1964-08-20,,4.05,4.19,4.18,
1964-08-21,,4.05,4.19,4.18,
1964-08-24,,4.06,4.19,4.19,
1964-08-25,,4.06,4.2,4.19,
1964-08-26,,4.06,4.2,4.17,
1964-08-27,,4.06,4.2,4.19,
1964-08-28,,4.07,4.21,4.19,
1964-08-31,,4.07,4.21,4.2,
1964-09-01,,4.08,4.21,4.2,
1964-09-02,,4.09,4.22,4.21,
1964-09-03,,4.09,4.22,4.21,
1964-09-04,,4.09,4.22,4.21,
1964-09-07,,,,,
1964-09-08,,4.1,4.22,4.21,
1964-09-09,,4.1,4.22,4.21,
1964-09-10,,4.09,4.22,4.22,
1964-09-11,,4.09,4.22,4.22,
1964-09-14,,4.09,4.22,4.22,
1964-09-15,,4.1,4.22,4.22,
1964-09-16,,4.09,4.21,4.22,
1964-09-17,,4.08,4.2,4.21,
1964-09-18,,4.07,4.2,4.2,
1964-09-21,,4.06,4.19,4.19,
1964-09-22,,4.06,4.19,4.19,
1964-09-23,,4.06,4.19,4.19,
1964-09-24,,4.06,4.19,4.19,
1964-09-25,,4.06,4.19,4.19,
1964-09-28,,4.04,4.17,4.19,
1964-09-29,,4.05,4.18,4.19,
1964-09-30,,4.05,4.18,4.19,
1964-10-01,,4.05,4.18,4.19,
1964-10-02,,4.07,4.18,4.19,
1964-10-05,,4.07,4.2,4.2,
1964-10-06,,4.07,4.19,4.2,
1964-10-07,,4.07,4.19,4.2,
1964-10-08,,4.07,4.19,4.2,
1964-10-09,,4.08,4.19,4.2,
1964-10-12,,,,,
1964-10-13,,4.08,4.19,4.2,
1964-10-14,,4.08,4.19,4.2,
1964-10-15,,4.08,4.2,4.21,
1964-10-16,,4.09,4.21,4.22,
1964-10-19,,4.09,4.21,4.22,
1964-10-20,,4.08,4.2,4.21,
1964-10-21,,4.07,4.19,4.2,
1964-10-22,,4.07,4.19,4.2,
1964-10-23,,4.07,4.19,4.2,
1964-10-26,,4.07,4.19,4.2,
1964-10-27,,4.06,4.18,4.2,
1964-10-28,,4.05,4.17,4.18,
1964-10-29,,4.04,4.16,4.18,
1964-10-30,,4.05,4.16,4.17,
1964-11-02,,4.04,4.15,4.16,
1964-11-03,,,,,
1964-11-04,,4.04,4.15,4.16,
1964-11-05,,4.04,4.15,4.16,
1964-11-06,,4.04,4.15,4.16,
1964-11-09,,4.03,4.15,4.16,
1964-11-10,,4.01,4.14,4.15,
1964-11-11,,,,,
1964-11-12,,3.99,4.12,4.14,
1964-11-13,,4.0,4.13,4.14,
1964-11-16,,4.01,4.13,4.15,
1964-11-17,,4.01,4.14,4.16,
1964-11-18,,4.01,4.14,4.16,
1964-11-19,,4.01,4.13,4.15,
1964-11-20,,4.01,4.13,4.15,
1964-11-23,,4.08,4.18,4.18,
1964-11-24,,4.09,4.18,4.2,
1964-11-25,,4.1,4.19,4.2,
1964-11-26,,,,,
1964-11-27,,4.11,4.19,4.2,
1964-11-30,,4.13,4.2,4.2,
1964-12-01,,4.13,4.2,4.2,
1964-12-02,,4.12,4.19,4.2,
1964-12-03,,4.09,4.18,4.18,
1964-12-04,,4.08,4.18,4.18,
1964-12-07,,4.07,4.17,4.17,
1964-12-08,,4.06,4.16,4.17,
1964-12-09,,4.06,4.16,4.16,
1964-12-10,,4.06,4.15,4.16,
1964-12-11,,4.07,4.15,4.15,
1964-12-14,,4.08,4.16,4.16,
1964-12-15,,4.08,4.17,4.16,
1964-12-16,,4.08,4.18,4.17,
1964-12-17,,4.08,4.18,4.17,
1964-12-18,,4.09,4.19,4.18,
1964-12-21,,4.09,4.18,4.18,
1964-12-22,,4.09,4.18,4.19,
1964-12-23,,4.09,4.19,4.19,
1964-12-24,,4.09,4.19,4.19,
1964-12-25,,,,,
1964-12-28,,4.09,4.19,4.19,
1964-12-29,,4.09,4.19,4.2,
1964-12-30,,4.09,4.2,4.21,
1964-12-31,,4.12,4.21,4.21,
1965-01-01,,,,,
1965-01-04,,4.12,4.2,4.2,
1965-01-05,,4.11,4.2,4.2,
1965-01-06,,4.11,4.2,4.19,
1965-01-07,,4.12,4.2,4.19,
1965-01-08,,4.12,4.2,4.2,
1965-01-11,,4.12,4.2,4.19,
1965-01-12,,4.11,4.19,4.19,
1965-01-13,,4.1,4.19,4.19,
1965-01-14,,4.1,4.19,4.19,
1965-01-15,,4.11,4.19,4.19,
1965-01-18,,4.11,4.19,4.19,
1965-01-19,,4.1,4.18,4.18,
1965-01-20,,4.09,4.18,4.18,
1965-01-21,,4.08,4.17,4.18,
1965-01-22,,4.08,4.17,4.17,
1965-01-25,,4.08,4.18,4.17,
1965-01-26,,4.09,4.19,4.18,
1965-01-27,,4.09,4.19,4.18,
1965-01-28,,4.1,4.19,4.18,
1965-01-29,,4.11,4.19,4.19,
1965-02-01,,4.12,4.2,4.19,
1965-02-02,,4.12,4.2,4.19,
1965-02-03,,4.13,4.2,4.2,
1965-02-04,,4.15,4.21,4.2,
1965-02-05,,4.16,4.22,4.21,
1965-02-08,,4.15,4.21,4.2,
1965-02-09,,4.15,4.21,4.2,
1965-02-10,,4.15,4.21,4.21,
1965-02-11,,4.15,4.21,4.21,
1965-02-12,,,,,
1965-02-15,,4.15,4.22,4.21,
1965-02-16,,4.15,4.21,4.21,
1965-02-17,,4.14,4.21,4.21,
1965-02-18,,4.15,4.21,4.21,
1965-02-19,,4.16,4.22,4.21,
1965-02-22,,,,,
1965-02-23,,4.15,4.21,4.21,
1965-02-24,,4.15,4.22,4.21,
1965-02-25,,4.15,4.21,4.21,
1965-02-26,,4.16,4.22,4.21,
1965-03-01,,4.16,4.22,4.21,
1965-03-02,,4.18,4.24,4.21,
1965-03-03,,4.17,4.23,4.21,
1965-03-04,,4.17,4.22,4.21,
1965-03-05,,4.17,4.23,4.21,
1965-03-08,,4.17,4.23,4.21,
1965-03-09,,4.18,4.23,4.21,
1965-03-10,,4.17,4.23,4.21,
1965-03-11,,4.16,4.22,4.21,
1965-03-12,,4.16,4.22,4.21,
1965-03-15,,4.15,4.21,4.2,
1965-03-16,,4.14,4.21,4.19,
1965-03-17,,4.12,4.2,4.19,
1965-03-18,,4.13,4.2,4.2,
1965-03-19,,4.13,4.2,4.2,
1965-03-22,,4.13,4.19,4.19,
1965-03-23,,4.13,4.19,4.19,
1965-03-24,,4.12,4.18,4.19,
1965-03-25,,4.13,4.19,4.19,
1965-03-26,,4.14,4.2,4.2,
1965-03-29,,4.15,4.2,4.2,
1965-03-30,,4.14,4.2,4.2,
1965-03-31,,4.14,4.2,4.2,
1965-04-01,,4.14,4.2,4.2,
1965-04-02,,4.15,4.2,4.2,
1965-04-05,,4.15,4.2,4.2,
1965-04-06,,4.14,4.2,4.2,
1965-04-07,,4.14,4.2,4.2,
1965-04-08,,4.13,4.19,4.19,
1965-04-09,,4.15,4.2,4.2,
1965-04-12,,4.15,4.2,4.2,
1965-04-13,,4.14,4.2,4.2,
1965-04-14,,4.14,4.19,4.2,
1965-04-15,,4.15,4.2,4.2,
1965-04-16,,,,,
1965-04-19,,4.16,4.21,4.21,
1965-04-20,,4.16,4.21,4.21,
1965-04-21,,4.16,4.21,4.21,
1965-04-22,,4.16,4.21,4.21,
1965-04-23,,4.16,4.21,4.21,
1965-04-26,,4.16,4.21,4.21,
1965-04-27,,4.16,4.21,4.21,
1965-04-28,,4.16,4.21,4.21,
1965-04-29,,4.16,4.21,4.21,
1965-04-30,,4.16,4.21,4.21,
1965-05-03,,4.16,4.21,4.21,
1965-05-04,,4.14,4.2,4.21,
1965-05-05,,4.14,4.2,4.2,
1965-05-06,,4.14,4.2,4.2,
1965-05-07,,4.14,4.2,4.2,
1965-05-10,,4.15,4.2,4.21,
1965-05-11,,4.15,4.2,4.21,
1965-05-12,,4.16,4.2,4.21,
1965-05-13,,4.16,4.21,4.21,
1965-05-14,,4.15,4.21,4.21,
1965-05-17,,4.15,4.21,4.21,
1965-05-18,,4.15,4.22,4.21,
1965-05-19,,4.15,4.22,4.21,
1965-05-20,,4.15,4.22,4.22,
1965-05-21,,4.15,4.22,4.22,
1965-05-24,,4.15,4.22,4.22,
1965-05-25,,4.15,4.22,4.22,
1965-05-26,,4.14,4.22,4.21,
1965-05-27,,4.14,4.22,4.22,
1965-05-28,,4.15,4.23,4.22,
1965-05-31,,,,,
1965-06-01,,4.15,4.23,4.22,
1965-06-02,,4.16,4.23,4.22,
1965-06-03,,4.15,4.23,4.22,
1965-06-04,,4.15,4.23,4.22,
1965-06-07,,4.15,4.23,4.22,
1965-06-08,,4.16,4.23,4.22,
1965-06-09,,4.16,4.23,4.22,
1965-06-10,,4.16,4.23,4.22,
1965-06-11,,4.16,4.23,4.22,
1965-06-14,,4.15,4.21,4.21,
1965-06-15,,4.15,4.21,4.21,
1965-06-16,,4.15,4.21,4.21,
1965-06-17,,4.15,4.21,4.21,
1965-06-18,,4.15,4.21,4.21,
1965-06-21,,4.15,4.2,4.2,
1965-06-22,,4.15,4.2,4.2,
1965-06-23,,4.13,4.2,4.2,
1965-06-24,,4.13,4.19,4.2,
1965-06-25,,4.13,4.19,4.2,
1965-06-28,,4.14,4.19,4.2,
1965-06-29,,4.14,4.2,4.2,
1965-06-30,,4.14,4.2,4.2,
1965-07-01,,4.15,4.2,4.21,
1965-07-02,,4.16,4.21,4.21,
1965-07-05,,,,,
1965-07-06,,4.16,4.21,4.21,
1965-07-07,,4.14,4.21,4.21,
1965-07-08,,4.14,4.2,4.2,
1965-07-09,,4.15,4.21,4.21,
1965-07-12,,4.15,4.21,4.21,
1965-07-13,,4.15,4.21,4.21,
1965-07-14,,4.15,4.21,4.21,
1965-07-15,,4.15,4.2,4.21,
1965-07-16,,4.15,4.2,4.21,
1965-07-19,,4.14,4.2,4.2,
1965-07-20,,4.14,4.2,4.2,
1965-07-21,,4.14,4.2,4.2,
1965-07-22,,4.15,4.2,4.21,
1965-07-23,,4.15,4.2,4.21,
1965-07-26,,4.15,4.2,4.21,
1965-07-27,,4.15,4.2,4.21,
1965-07-28,,4.15,4.2,4.21,
1965-07-29,,4.17,4.21,4.21,
1965-07-30,,4.18,4.22,4.22,
1965-08-02,,4.18,4.22,4.22,
1965-08-03,,4.18,4.22,4.22,
1965-08-04,,4.18,4.23,4.23,
1965-08-05,,4.19,4.23,4.23,
1965-08-06,,4.19,4.24,4.23,
1965-08-09,,4.19,4.24,4.24,
1965-08-10,,4.19,4.24,4.24,
1965-08-11,,4.2,4.25,4.25,
1965-08-12,,4.2,4.25,4.25,
1965-08-13,,4.2,4.25,4.25,
1965-08-16,,4.2,4.26,4.25,
1965-08-17,,4.22,4.27,4.26,
1965-08-18,,4.22,4.26,4.26,
1965-08-19,,4.21,4.26,4.26,
1965-08-20,,4.2,4.26,4.26,
1965-08-23,,4.21,4.26,4.27,
1965-08-24,,4.22,4.27,4.28,
1965-08-25,,4.21,4.26,4.28,
1965-08-26,,4.22,4.27,4.28,
1965-08-27,,4.22,4.27,4.28,
1965-08-30,,4.22,4.27,4.28,
1965-08-31,,4.22,4.27,4.28,
1965-09-01,,4.23,4.28,4.28,
1965-09-02,,4.23,4.28,4.29,
1965-09-03,,4.22,4.27,4.28,
1965-09-06,,,,,
1965-09-07,,4.23,4.27,4.28,
1965-09-08,,4.23,4.27,4.28,
1965-09-09,,4.24,4.27,4.29,
1965-09-10,,4.24,4.28,4.3,
1965-09-13,,4.23,4.28,4.3,
1965-09-14,,4.23,4.28,4.3,
1965-09-15,,4.24,4.28,4.3,
1965-09-16,,4.23,4.27,4.3,
1965-09-17,,4.23,4.27,4.3,
1965-09-20,,4.23,4.27,4.3,
1965-09-21,,4.24,4.28,4.3,
1965-09-22,,4.25,4.29,4.3,
1965-09-23,,4.26,4.3,4.31,
1965-09-24,,4.27,4.31,4.31,
1965-09-27,,4.27,4.31,4.31,
1965-09-28,,4.3,4.33,4.32,
1965-09-29,,4.34,4.36,4.34,
1965-09-30,,4.33,4.35,4.34,
1965-10-01,,4.34,4.36,4.34,
1965-10-04,,4.33,4.35,4.34,
1965-10-05,,4.32,4.33,4.32,
1965-10-06,,4.31,4.32,4.32,
1965-10-07,,4.31,4.31,4.31,
1965-10-08,,4.31,4.32,4.31,
1965-10-11,,4.31,4.31,4.3,
1965-10-12,,,,,
1965-10-13,,4.3,4.3,4.3,
1965-10-14,,4.31,4.31,4.3,
1965-10-15,,4.33,4.34,4.31,
1965-10-18,,4.34,4.34,4.31,
1965-10-19,,4.34,4.35,4.32,
1965-10-20,,4.35,4.36,4.32,
1965-10-21,,4.35,4.37,4.33,
1965-10-22,,4.34,4.36,4.32,
1965-10-25,,4.37,4.38,4.33,
1965-10-26,,4.37,4.38,4.33,
1965-10-27,,4.37,4.39,4.34,
1965-10-28,,4.39,4.4,4.35,
1965-10-29,,4.4,4.41,4.36,
1965-11-01,,4.43,4.43,4.38,
1965-11-02,,,,,
1965-11-03,,4.44,4.43,4.38,
1965-11-04,,4.45,4.43,4.38,
1965-11-05,,4.48,4.43,4.39,
1965-11-08,,4.5,4.45,4.4,
1965-11-09,,4.5,4.47,4.41,
1965-11-10,,4.49,4.46,4.41,
1965-11-11,,,,,
1965-11-12,,4.47,4.44,4.4,
1965-11-15,,4.47,4.45,4.4,
1965-11-16,,4.46,4.44,4.4,
1965-11-17,,4.46,4.45,4.39,
1965-11-18,,4.45,4.45,4.4,
1965-11-19,,4.46,4.46,4.4,
1965-11-22,,4.45,4.45,4.4,
1965-11-23,,4.45,4.45,4.4,
1965-11-24,,4.44,4.45,4.39,
1965-11-25,,,,,
1965-11-26,,4.44,4.45,4.39,
1965-11-29,,4.45,4.46,4.4,
1965-11-30,,4.47,4.48,4.41,
1965-12-01,,4.52,4.52,4.44,
1965-12-02,,4.51,4.52,4.44,
1965-12-03,,4.52,4.52,4.44,
1965-12-06,,4.69,4.61,4.5,
1965-12-07,,4.67,4.59,4.5,
1965-12-08,,4.69,4.6,4.5,
1965-12-09,,4.69,4.6,4.51,
1965-12-10,,4.69,4.6,4.5,
1965-12-13,,4.74,4.65,4.52,
1965-12-14,,4.77,4.67,4.53,
1965-12-15,,4.77,4.67,4.53,
1965-12-16,,4.76,4.66,4.53,
1965-12-17,,4.75,4.65,4.53,
1965-12-20,,4.71,4.61,4.49,
1965-12-21,,4.74,4.64,4.51,
1965-12-22,,4.76,4.65,4.52,
1965-12-23,,4.78,4.65,4.52,
1965-12-24,,,,,
1965-12-27,,4.77,4.62,4.51,
1965-12-28,,4.79,4.61,4.5,
1965-12-29,,4.81,4.62,4.51,
1965-12-30,,4.84,4.63,4.51,
1965-12-31,,4.88,4.65,4.52,
1966-01-03,,4.88,4.63,4.52,
1966-01-04,,4.89,4.65,4.52,
1966-01-05,,4.87,4.63,4.51,
1966-01-06,,4.84,4.6,4.5,
1966-01-07,,4.83,4.6,4.5,
1966-01-10,,4.84,4.61,4.51,
1966-01-11,,4.83,4.6,4.5,
1966-01-12,,4.77,4.56,4.49,
1966-01-13,,4.79,4.58,4.5,
1966-01-14,,4.82,4.59,4.5,
1966-01-17,,4.84,4.61,4.5,
1966-01-18,,4.83,4.61,4.5,
1966-01-19,,4.83,4.61,4.5,
1966-01-20,,4.84,4.6,4.51,
1966-01-21,,4.85,4.59,4.51,
1966-01-24,,4.88,4.6,4.52,
1966-01-25,,4.9,4.61,4.52,
1966-01-26,,4.91,4.61,4.53,
1966-01-27,,4.92,4.63,4.54,
1966-01-28,,4.95,4.65,4.56,
1966-01-31,,4.98,4.69,4.59,
1966-02-01,,4.94,4.69,4.6,
1966-02-02,,4.95,4.7,4.62,
1966-02-03,,4.95,4.7,4.62,
1966-02-04,,4.95,4.71,4.63,
1966-02-07,,4.99,4.73,4.66,
1966-02-08,,4.97,4.72,4.65,
1966-02-09,,4.97,4.74,4.66,
1966-02-10,,4.98,4.78,4.68,
1966-02-11,,5.01,4.86,4.75,
1966-02-14,,5.0,4.87,4.75,
1966-02-15,,5.0,4.88,4.75,
1966-02-16,,5.0,4.89,4.75,
1966-02-17,,4.97,4.88,4.74,
1966-02-18,,4.98,4.9,4.75,
1966-02-21,,5.0,4.92,4.76,
1966-02-22,,,,,
1966-02-23,,5.0,4.92,4.76,
1966-02-24,,4.99,4.93,4.77,
1966-02-25,,5.02,4.97,4.78,
1966-02-28,,5.03,5.02,4.81,
1966-03-01,,5.02,5.01,4.81,
1966-03-02,,5.0,5.0,4.81,
1966-03-03,,4.99,5.0,4.81,
1966-03-04,,4.97,4.98,4.8,
1966-03-07,,4.97,4.96,4.79,
1966-03-08,,4.95,4.93,4.77,
1966-03-09,,4.96,4.93,4.76,
1966-03-10,,4.98,4.95,4.77,
1966-03-11,,4.99,4.96,4.78,
1966-03-14,,4.95,4.94,4.77,
1966-03-15,,4.91,4.91,4.73,
1966-03-16,,4.91,4.9,4.72,
1966-03-17,,4.88,4.86,4.7,
1966-03-18,,4.88,4.84,4.69,
1966-03-21,,4.84,4.81,4.67,
1966-03-22,,4.84,4.78,4.66,
1966-03-23,,4.81,4.73,4.63,
1966-03-24,,4.88,4.76,4.65,
1966-03-25,,4.95,4.82,4.68,
1966-03-28,,4.93,4.81,4.67,
1966-03-29,,4.91,4.8,4.67,
1966-03-30,,4.81,4.7,4.61,
1966-03-31,,4.84,4.71,4.61,
1966-04-01,,4.81,4.7,4.6,
1966-04-04,,4.81,4.69,4.6,
1966-04-05,,4.76,4.66,4.59,
1966-04-06,,4.79,4.71,4.61,
1966-04-07,,4.83,4.73,4.63,
1966-04-08,,,,,
1966-04-11,,4.83,4.73,4.63,
1966-04-12,,4.83,4.73,4.63,
1966-04-13,,4.84,4.74,4.64,
1966-04-14,,4.84,4.76,4.66,
1966-04-15,,4.86,4.77,4.67,
1966-04-18,,4.84,4.76,4.66,
1966-04-19,,4.83,4.76,4.67,
1966-04-20,,4.85,4.8,4.69,
1966-04-21,,4.83,4.77,4.68,
1966-04-22,,4.83,4.77,4.67,
1966-04-25,,4.84,4.78,4.68,
1966-04-26,,4.86,4.79,4.69,
1966-04-27,,4.85,4.78,4.69,
1966-04-28,,4.84,4.78,4.7,
1966-04-29,,4.85,4.79,4.7,
1966-05-02,,4.86,4.8,4.71,
1966-05-03,,4.86,4.81,4.71,
1966-05-04,,4.86,4.81,4.71,
1966-05-05,,4.87,4.81,4.71,
1966-05-06,,4.86,4.79,4.69,
1966-05-09,,4.82,4.75,4.66,
1966-05-10,,4.82,4.75,4.65,
1966-05-11,,4.85,4.77,4.67,
1966-05-12,,4.84,4.77,4.66,
1966-05-13,,4.85,4.77,4.66,
1966-05-16,,4.85,4.77,4.66,
1966-05-17,,4.84,4.75,4.66,
1966-05-18,,4.84,4.75,4.66,
1966-05-19,,4.86,4.75,4.66,
1966-05-20,,4.88,4.75,4.66,
1966-05-23,,4.92,4.77,4.68,
1966-05-24,,4.96,4.79,4.7,
1966-05-25,,4.97,4.78,4.7,
1966-05-26,,4.99,4.8,4.73,
1966-05-27,,5.0,4.81,4.73,
1966-05-30,,,,,
1966-05-31,,5.0,4.8,4.73,
1966-06-01,,5.02,4.79,4.71,
1966-06-02,,4.99,4.77,4.7,
1966-06-03,,5.01,4.78,4.7,
1966-06-06,,5.01,4.79,4.7,
1966-06-07,,5.01,4.81,4.72,
1966-06-08,,5.02,4.83,4.73,
1966-06-09,,5.02,4.83,4.74,
1966-06-10,,5.01,4.83,4.74,
1966-06-13,,5.0,4.83,4.74,
1966-06-14,,5.0,4.83,4.74,
1966-06-15,,4.93,4.79,4.72,
1966-06-16,,4.9,4.81,4.74,
1966-06-17,,4.9,4.8,4.72,
1966-06-20,,4.88,4.76,4.7,
1966-06-21,,4.88,4.75,4.68,
1966-06-22,,4.89,4.76,4.69,
1966-06-23,,4.88,4.77,4.7,
1966-06-24,,4.94,4.8,4.72,
1966-06-27,,4.98,4.83,4.74,
1966-06-28,,5.02,4.89,4.78,
1966-06-29,,5.01,4.9,4.78,
1966-06-30,,5.09,4.97,4.82,
1966-07-01,,5.11,4.99,4.83,
1966-07-04,,,,,
1966-07-05,,5.09,4.96,4.82,
1966-07-06,,5.08,4.95,4.81,
1966-07-07,,5.1,4.95,4.8,
1966-07-08,,5.13,4.97,4.81,
1966-07-11,,5.19,5.03,4.85,
1966-07-12,,5.19,5.05,4.87,
1966-07-13,,5.2,5.07,4.87,
1966-07-14,,5.22,5.1,4.88,
1966-07-15,,5.21,5.09,4.88,
1966-07-18,,5.16,5.04,4.86,
1966-07-19,,5.15,5.03,4.85,
1966-07-20,,5.16,5.02,4.84,
1966-07-21,,5.18,5.04,4.85,
1966-07-22,,5.18,5.02,4.84,
1966-07-25,,5.17,4.99,4.82,
1966-07-26,,5.18,4.99,4.82,
1966-07-27,,5.19,4.99,4.82,
1966-07-28,,5.24,5.03,4.85,
1966-07-29,,5.26,5.05,4.86,
1966-08-01,,5.26,5.05,4.86,
1966-08-02,,5.25,5.04,4.85,
1966-08-03,,5.28,5.06,4.86,
1966-08-04,,5.28,5.07,4.86,
1966-08-05,,5.3,5.07,4.87,
1966-08-08,,5.3,5.08,4.86,
1966-08-09,,5.32,5.1,4.87,
1966-08-10,,5.33,5.1,4.86,
1966-08-11,,5.35,5.11,4.87,
1966-08-12,,5.37,5.11,4.87,
1966-08-15,,5.42,5.15,4.89,
1966-08-16,,5.49,5.18,4.93,
1966-08-17,,5.54,5.24,4.96,
1966-08-18,,5.6,5.29,4.99,
1966-08-19,,5.62,5.31,4.99,
1966-08-22,,5.58,5.29,4.98,
1966-08-23,,5.63,5.33,5.01,
1966-08-24,,5.68,5.36,5.02,
1966-08-25,,5.73,5.39,5.05,
1966-08-26,,5.83,5.48,5.1,
1966-08-29,,5.89,5.51,5.12,
1966-08-30,,5.85,5.48,5.1,
1966-08-31,,5.68,5.36,5.02,
1966-09-01,,5.63,5.3,5.0,
1966-09-02,,5.55,5.23,4.97,
1966-09-05,,,,,
1966-09-06,,5.53,5.19,4.94,
1966-09-07,,5.54,5.2,4.93,
1966-09-08,,5.53,5.18,4.92,
1966-09-09,,5.51,5.17,4.91,
1966-09-12,,5.51,5.18,4.91,
1966-09-13,,5.48,5.16,4.91,
1966-09-14,,5.54,5.21,4.95,
1966-09-15,,5.56,5.25,4.97,
1966-09-16,,5.55,5.24,4.97,
1966-09-19,,5.64,5.32,5.03,
1966-09-20,,5.6,5.27,5.01,
1966-09-21,,5.53,5.21,4.97,
1966-09-22,,5.47,5.15,4.94,
1966-09-23,,5.47,5.17,4.96,
1966-09-26,,5.44,5.17,4.95,
1966-09-27,,5.39,5.13,4.93,
1966-09-28,,5.35,5.09,4.91,
1966-09-29,,5.25,4.99,4.86,
1966-09-30,,5.34,5.02,4.89,
1966-10-03,,5.37,5.08,4.92,
1966-10-04,,5.32,5.06,4.9,
1966-10-05,,5.27,5.05,4.9,
1966-10-06,,5.24,5.03,4.89,
1966-10-07,,5.26,5.02,4.88,
1966-10-10,,5.3,5.05,4.89,
1966-10-11,,5.29,5.05,4.89,
1966-10-12,,,,,
1966-10-13,,5.29,5.07,4.89,
1966-10-14,,5.29,5.06,4.88,
1966-10-17,,5.26,5.04,4.87,
1966-10-18,,5.24,4.99,4.84,
1966-10-19,,5.25,5.0,4.84,
1966-10-20,,5.28,5.02,4.84,
1966-10-21,,5.23,4.94,4.74,
1966-10-24,,5.23,4.94,4.73,
1966-10-25,,5.24,4.94,4.72,
1966-10-26,,5.27,4.96,4.75,
1966-10-27,,5.28,4.99,4.77,
1966-10-28,,5.22,4.97,4.76,
1966-10-31,,5.22,4.97,4.76,
1966-11-01,,5.26,4.99,4.77,
1966-11-02,,5.32,5.04,4.82,
1966-11-03,,5.33,5.06,4.83,
1966-11-04,,5.37,5.11,4.85,
1966-11-07,,5.36,5.11,4.84,
1966-11-08,,,,,
1966-11-09,,5.35,5.12,4.85,
1966-11-10,,5.39,5.17,4.89,
1966-11-11,,,,,
1966-11-14,,5.41,5.19,4.9,
1966-11-15,,5.41,5.21,4.9,
1966-11-16,,5.42,5.22,4.9,
1966-11-17,,5.42,5.23,4.9,
1966-11-18,,5.41,5.22,4.91,
1966-11-21,,5.36,5.17,4.88,
1966-11-22,,5.38,5.2,4.89,
1966-11-23,,5.39,5.22,4.9,
1966-11-24,,,,,
1966-11-25,,5.39,5.23,4.91,
1966-11-28,,5.35,5.19,4.9,
1966-11-29,,5.31,5.15,4.88,
1966-11-30,,5.28,5.12,4.87,
1966-12-01,,5.25,5.09,4.86,
1966-12-02,,5.22,5.03,4.85,
1966-12-05,,5.24,5.06,4.86,
1966-12-06,,5.25,5.07,4.87,
1966-12-07,,5.22,5.07,4.89,
1966-12-08,,5.24,5.1,4.92,
1966-12-09,,5.18,5.05,4.89,
1966-12-12,,5.1,4.93,4.82,
1966-12-13,,5.05,4.86,4.78,
1966-12-14,,5.03,4.83,4.76,
1966-12-15,,4.91,4.76,4.72,
1966-12-16,,4.92,4.78,4.73,
1966-12-19,,4.86,4.72,4.71,
1966-12-20,,4.85,4.69,4.68,
1966-12-21,,4.84,4.66,4.68,
1966-12-22,,4.85,4.68,4.68,
1966-12-23,,4.84,4.67,4.68,
1966-12-26,,,,,
1966-12-27,,4.87,4.71,4.69,
1966-12-28,,4.76,4.64,4.65,
1966-12-29,,4.8,4.66,4.63,
1966-12-30,,4.8,4.64,4.58,
1967-01-02,,,,,
1967-01-03,,4.84,4.69,4.6,
1967-01-04,,4.8,4.65,4.56,
1967-01-05,,4.75,4.63,4.53,
1967-01-06,,4.76,4.64,4.54,
1967-01-09,,4.82,4.71,4.57,
1967-01-10,,4.81,4.69,4.56,
1967-01-11,,4.69,4.54,4.45,
1967-01-12,,4.7,4.55,4.47,
1967-01-13,,4.66,4.51,4.45,
1967-01-16,,4.6,4.49,4.44,
1967-01-17,,4.61,4.51,4.45,
1967-01-18,,4.64,4.53,4.47,
1967-01-19,,4.69,4.58,4.5,
1967-01-20,,4.7,4.6,4.52,
1967-01-23,,4.7,4.6,4.53,
1967-01-24,,4.75,4.65,4.55,
1967-01-25,,4.74,4.62,4.56,
1967-01-26,,4.63,4.5,4.46,
1967-01-27,,4.61,4.47,4.47,
1967-01-30,,4.61,4.48,4.47,
1967-01-31,,4.67,4.52,4.48,
1967-02-01,,4.68,4.52,4.5,
1967-02-02,,4.65,4.51,4.5,
1967-02-03,,4.66,4.52,4.5,
1967-02-06,,4.66,4.53,4.52,
1967-02-07,,4.68,4.54,4.53,
1967-02-08,,4.67,4.54,4.54,
1967-02-09,,4.66,4.53,4.54,
1967-02-10,,4.72,4.59,4.58,
1967-02-13,,,,,
1967-02-14,,4.74,4.64,4.62,
1967-02-15,,4.78,4.69,4.65,
1967-02-16,,4.78,4.67,4.64,
1967-02-17,,4.79,4.68,4.65,
1967-02-20,,4.8,4.7,4.68,
1967-02-21,,4.81,4.71,4.7,
1967-02-22,,,,,
1967-02-23,,4.83,4.74,4.73,
1967-02-24,,4.79,4.73,4.71,
1967-02-27,,4.78,4.72,4.7,
1967-02-28,,4.78,4.72,4.7,
1967-03-01,,4.7,4.66,4.65,
1967-03-02,,4.64,4.63,4.62,
1967-03-03,,4.62,4.62,4.61,
1967-03-06,,4.62,4.61,4.6,
1967-03-07,,4.62,4.6,4.59,
1967-03-08,,4.63,4.61,4.6,
1967-03-09,,4.6,4.57,4.56,
1967-03-10,,4.6,4.58,4.57,
1967-03-13,,4.59,4.56,4.56,
1967-03-14,,4.57,4.53,4.54,
1967-03-15,,4.51,4.49,4.52,
1967-03-16,,4.44,4.45,4.5,
1967-03-17,,4.47,4.47,4.52,
1967-03-20,,4.44,4.45,4.51,
1967-03-21,,4.49,4.51,4.55,
1967-03-22,,4.5,4.52,4.56,
1967-03-23,,4.47,4.5,4.54,
1967-03-24,,,,,
1967-03-27,,4.5,4.52,4.56,
1967-03-28,,4.48,4.52,4.57,
1967-03-29,,4.48,4.52,4.57,
1967-03-30,,4.44,4.5,4.57,
1967-03-31,,4.42,4.5,4.56,
1967-04-03,,4.42,4.5,4.56,
1967-04-04,,4.42,4.49,4.55,
1967-04-05,,4.43,4.5,4.57,
1967-04-06,,4.4,4.49,4.56,
1967-04-07,,4.38,4.48,4.54,
1967-04-10,,4.38,4.5,4.55,
1967-04-11,,4.41,4.51,4.56,
1967-04-12,,4.43,4.51,4.56,
1967-04-13,,4.48,4.54,4.58,
1967-04-14,,4.49,4.56,4.59,
1967-04-17,,4.54,4.61,4.64,
1967-04-18,,4.55,4.63,4.67,
1967-04-19,,4.52,4.63,4.67,
1967-04-20,,4.52,4.63,4.67,
1967-04-21,,4.54,4.66,4.69,
1967-04-24,,4.58,4.68,4.71,
1967-04-25,,4.61,4.71,4.75,
1967-04-26,,4.63,4.73,4.77,
1967-04-27,,4.67,4.73,4.77,
1967-04-28,,4.72,4.78,4.81,
1967-05-01,,4.7,4.77,4.82,
1967-05-02,,4.68,4.75,4.81,
1967-05-03,,4.68,4.75,4.8,
1967-05-04,,4.69,4.76,4.81,
1967-05-05,,4.72,4.77,4.83,
1967-05-08,,4.76,4.83,4.86,
1967-05-09,,4.77,4.87,4.91,
1967-05-10,,4.75,4.87,4.91,
1967-05-11,,4.71,4.84,4.9,
1967-05-12,,4.68,4.82,4.89,
1967-05-15,,4.72,4.86,4.91,
1967-05-16,,4.76,4.87,4.92,
1967-05-17,,4.76,4.88,4.93,
1967-05-18,,4.75,4.88,4.93,
1967-05-19,,4.78,4.89,4.93,
1967-05-22,,4.82,4.94,4.97,
1967-05-23,,4.85,4.94,4.98,
1967-05-24,,4.83,4.93,4.98,
1967-05-25,,4.81,4.92,4.97,
1967-05-26,,4.78,4.86,4.92,
1967-05-29,,4.74,4.84,4.89,
1967-05-30,,,,,
1967-05-31,,4.72,4.81,4.85,
1967-06-01,,4.72,4.81,4.83,
1967-06-02,,4.73,4.82,4.84,
1967-06-05,,4.76,4.85,4.88,
1967-06-06,,4.77,4.84,4.87,
1967-06-07,,4.77,4.84,4.86,
1967-06-08,,4.8,4.86,4.89,
1967-06-09,,4.84,4.89,4.9,
1967-06-12,,4.89,4.94,4.94,
1967-06-13,,4.92,4.95,4.95,
1967-06-14,,5.02,5.02,4.99,
1967-06-15,,5.02,5.02,4.99,
1967-06-16,,5.1,5.07,5.03,
1967-06-19,,5.1,5.07,5.03,
1967-06-20,,5.17,5.14,5.08,
1967-06-21,,5.14,5.14,5.08,
1967-06-22,,5.12,5.13,5.08,
1967-06-23,,5.15,5.14,5.08,
1967-06-26,,5.18,5.16,5.09,
1967-06-27,,5.24,5.21,5.11,
1967-06-28,,5.23,5.18,5.08,
1967-06-29,,5.27,5.2,5.07,
1967-06-30,,5.35,5.22,5.08,
1967-07-03,,5.36,5.22,5.07,
1967-07-04,,,,,
1967-07-05,,5.29,5.17,5.02,
1967-07-06,,5.25,5.11,4.99,
1967-07-07,,5.3,5.15,5.01,
1967-07-10,,5.29,5.16,5.01,
1967-07-11,,5.22,5.09,4.96,
1967-07-12,,5.16,5.06,4.92,
1967-07-13,,5.16,5.08,4.92,
1967-07-14,,5.16,5.08,4.93,
1967-07-17,,5.16,5.09,4.94,
1967-07-18,,5.2,5.16,4.98,
1967-07-19,,5.22,5.18,5.01,
1967-07-20,,5.25,5.2,5.03,
1967-07-21,,5.25,5.2,5.03,
1967-07-24,,5.31,5.23,5.05,
1967-07-25,,5.28,5.23,5.07,
1967-07-26,,5.22,5.23,5.1,
1967-07-27,,5.17,5.2,5.08,
1967-07-28,,5.13,5.18,5.07,
1967-07-31,,5.12,5.16,5.06,
1967-08-01,,5.18,5.18,5.07,
1967-08-02,,5.22,5.21,5.08,
1967-08-03,,5.19,5.2,5.06,
1967-08-04,,5.25,5.26,5.09,
1967-08-07,,5.31,5.3,5.12,
1967-08-08,,5.29,5.28,5.1,
1967-08-09,,5.28,5.27,5.1,
1967-08-10,,5.3,5.28,5.11,
1967-08-11,,5.32,5.29,5.12,
1967-08-14,,5.32,5.29,5.12,
1967-08-15,,5.31,5.29,5.13,
1967-08-16,,5.31,5.28,5.12,
1967-08-17,,5.32,5.28,5.12,
1967-08-18,,5.34,5.28,5.12,
1967-08-21,,5.37,5.3,5.13,
1967-08-22,,5.38,5.3,5.13,
1967-08-23,,5.4,5.31,5.14,
1967-08-24,,5.37,5.31,5.15,
1967-08-25,,5.38,5.32,5.15,
1967-08-28,,5.34,5.29,5.14,
1967-08-29,,5.32,5.27,5.14,
1967-08-30,,5.34,5.28,5.14,
1967-08-31,,5.34,5.27,5.14,
1967-09-01,,5.32,5.25,5.13,
1967-09-04,,,,,
1967-09-05,,5.29,5.22,5.11,
1967-09-06,,5.28,5.2,5.08,
1967-09-07,,5.3,5.2,5.08,
1967-09-08,,5.37,5.26,5.11,
1967-09-11,,5.38,5.28,5.13,
1967-09-12,,5.4,5.29,5.13,
1967-09-13,,5.37,5.27,5.12,
1967-09-14,,5.39,5.28,5.13,
1967-09-15,,5.4,5.29,5.14,
1967-09-18,,5.42,5.3,5.15,
1967-09-19,,5.47,5.35,5.19,
1967-09-20,,5.43,5.34,5.18,
1967-09-21,,5.45,5.36,5.21,
1967-09-22,,5.46,5.36,5.21,
1967-09-25,,5.48,5.38,5.23,
1967-09-26,,5.47,5.37,5.23,
1967-09-27,,5.47,5.37,5.24,
1967-09-28,,5.44,5.36,5.23,
1967-09-29,,5.38,5.31,5.19,
1967-10-02,,5.43,5.35,5.21,
1967-10-03,,5.44,5.35,5.21,
1967-10-04,,5.47,5.37,5.23,
1967-10-05,,5.47,5.37,5.23,
1967-10-06,,5.48,5.37,5.23,
1967-10-09,,5.49,5.39,5.24,
1967-10-10,,5.52,5.42,5.28,
1967-10-11,,5.53,5.42,5.29,
1967-10-12,,,,,
1967-10-13,,5.56,5.45,5.32,
1967-10-16,,5.6,5.47,5.35,
1967-10-17,,5.61,5.49,5.4,
1967-10-18,,5.6,5.52,5.45,
1967-10-19,,5.59,5.53,5.47,
1967-10-20,,5.57,5.52,5.46,
1967-10-23,,5.61,5.56,5.47,
1967-10-24,,5.63,5.56,5.47,
1967-10-25,,5.63,5.57,5.46,
1967-10-26,,5.65,5.58,5.46,
1967-10-27,,5.64,5.57,5.44,
1967-10-30,,5.67,5.6,5.46,
1967-10-31,,5.72,5.64,5.52,
1967-11-01,,5.76,5.7,5.55,
1967-11-02,,5.76,5.71,5.57,
1967-11-03,,5.8,5.75,5.62,
1967-11-06,,5.83,5.77,5.64,
1967-11-07,,,,,
1967-11-08,,5.81,5.74,5.62,
1967-11-09,,5.83,5.78,5.68,
1967-11-10,,5.87,5.83,5.73,
1967-11-13,,5.91,5.87,5.8,
1967-11-14,,5.81,5.81,5.75,
1967-11-15,,5.78,5.78,5.73,
1967-11-16,,5.68,5.72,5.67,
1967-11-17,,5.72,5.75,5.7,
1967-11-20,,5.87,5.85,5.81,
1967-11-21,,5.72,5.71,5.63,
1967-11-22,,5.68,5.7,5.61,
1967-11-23,,,,,
1967-11-24,,5.78,5.78,5.69,
1967-11-27,,5.78,5.76,5.67,
1967-11-28,,5.65,5.65,5.57,
1967-11-29,,5.69,5.67,5.58,
1967-11-30,,5.77,5.74,5.65,
1967-12-01,,5.82,5.78,5.68,
1967-12-04,,5.8,5.76,5.66,
1967-12-05,,5.77,5.74,5.64,
1967-12-06,,5.72,5.69,5.58,
1967-12-07,,5.76,5.71,5.6,
1967-12-08,,5.78,5.72,5.61,
1967-12-11,,5.81,5.74,5.63,
1967-12-12,,5.81,5.75,5.64,
1967-12-13,,5.74,5.71,5.61,
1967-12-14,,5.77,5.7,5.59,
1967-12-15,,5.79,5.71,5.6,
1967-12-18,,5.75,5.68,5.56,
1967-12-19,,5.7,5.66,5.55,
1967-12-20,,5.66,5.62,5.53,
1967-12-21,,5.7,5.64,5.55,
1967-12-22,,5.74,5.69,5.58,
1967-12-25,,,,,
1967-12-26,,5.7,5.64,5.55,
1967-12-27,,5.7,5.64,5.53,
1967-12-28,,5.79,5.7,5.57,
1967-12-29,,5.78,5.7,5.56,
1968-01-01,,,,,
1968-01-02,,5.68,5.63,5.51,
1968-01-03,,5.67,5.63,5.48,
1968-01-04,,5.54,5.51,5.37,
1968-01-05,,5.5,5.48,5.33,
1968-01-08,,5.53,5.5,5.34,
1968-01-09,,5.54,5.52,5.36,
1968-01-10,,5.45,5.46,5.31,
1968-01-11,,5.43,5.46,5.31,
1968-01-12,,5.42,5.43,5.29,
1968-01-15,,5.47,5.49,5.36,
1968-01-16,,5.51,5.52,5.4,
1968-01-17,,5.46,5.48,5.37,
1968-01-18,,5.55,5.55,5.44,
1968-01-19,,5.59,5.59,5.48,
1968-01-22,,5.61,5.61,5.49,
1968-01-23,,5.56,5.56,5.44,
1968-01-24,,5.58,5.56,5.42,
1968-01-25,,5.52,5.52,5.4,
1968-01-26,,5.55,5.53,5.4,
1968-01-29,,5.54,5.53,5.39,
1968-01-30,,5.55,5.53,5.37,
1968-01-31,,5.55,5.54,5.37,
1968-02-01,,5.6,5.58,5.38,
1968-02-02,,5.6,5.58,5.37,
1968-02-05,,5.64,5.6,5.39,
1968-02-06,,5.65,5.61,5.4,
1968-02-07,,5.63,5.59,5.38,
1968-02-08,,5.65,5.6,5.4,
1968-02-09,,5.63,5.59,5.39,
1968-02-12,,,,,
1968-02-13,,5.58,5.55,5.37,
1968-02-14,,5.56,5.54,5.36,
1968-02-15,,5.53,5.51,5.34,
1968-02-16,,5.49,5.5,5.34,
1968-02-19,,5.54,5.53,5.35,
1968-02-20,,5.55,5.54,5.36,
1968-02-21,,5.55,5.54,5.35,
1968-02-22,,,,,
1968-02-23,,5.58,5.56,5.36,
1968-02-26,,5.61,5.58,5.39,
1968-02-27,,5.6,5.58,5.4,
1968-02-28,,5.58,5.57,5.4,
1968-02-29,,5.57,5.56,5.4,
1968-03-01,,5.57,5.56,5.4,
1968-03-04,,5.59,5.57,5.41,
1968-03-05,,5.61,5.59,5.44,
1968-03-06,,5.63,5.61,5.47,
1968-03-07,,5.71,5.67,5.52,
1968-03-08,,5.78,5.75,5.61,
1968-03-11,,5.78,5.75,5.6,
1968-03-12,,5.82,5.79,5.64,
1968-03-13,,5.9,5.86,5.7,
1968-03-14,,6.0,5.95,5.77,
1968-03-15,,5.88,5.84,5.69,
1968-03-18,,5.78,5.76,5.62,
1968-03-19,,5.78,5.77,5.63,
1968-03-20,,5.71,5.73,5.61,
1968-03-21,,5.78,5.76,5.62,
1968-03-22,,5.74,5.74,5.61,
1968-03-25,,5.74,5.74,5.6,
1968-03-26,,5.78,5.78,5.64,
1968-03-27,,5.77,5.78,5.64,
1968-03-28,,5.79,5.78,5.64,
1968-03-29,,5.76,5.76,5.62,
1968-04-01,,5.64,5.64,5.52,
1968-04-02,,5.58,5.62,5.5,
1968-04-03,,5.43,5.49,5.42,
1968-04-04,,5.47,5.52,5.42,
1968-04-05,,5.48,5.52,5.42,
1968-04-08,,5.49,5.54,5.41,
1968-04-09,,,,,
1968-04-10,,5.48,5.53,5.37,
1968-04-11,,5.53,5.54,5.38,
1968-04-12,,,,,
1968-04-15,,5.62,5.6,5.42,
1968-04-16,,5.66,5.62,5.42,
1968-04-17,,5.67,5.62,5.42,
1968-04-18,,5.72,5.64,5.44,
1968-04-19,,5.9,5.76,5.54,
1968-04-22,,5.93,5.78,5.56,
1968-04-23,,5.84,5.73,5.52,
1968-04-24,,5.84,5.72,5.5,
1968-04-25,,5.85,5.72,5.5,
1968-04-26,,5.84,5.71,5.5,
1968-04-29,,5.96,5.73,5.5,
1968-04-30,,5.96,5.74,5.5,
1968-05-01,,5.92,5.73,5.47,
1968-05-02,,5.95,5.76,5.48,
1968-05-03,,6.01,5.8,5.51,
1968-05-06,,5.98,5.78,5.5,
1968-05-07,,5.97,5.79,5.49,
1968-05-08,,5.99,5.8,5.5,
1968-05-09,,5.97,5.79,5.49,
1968-05-10,,5.97,5.79,5.48,
1968-05-13,,5.97,5.79,5.49,
1968-05-14,,6.0,5.82,5.51,
1968-05-15,,6.02,5.85,5.52,
1968-05-16,,6.07,5.9,5.57,
1968-05-17,,6.11,5.92,5.59,
1968-05-20,,6.15,5.96,5.64,
1968-05-21,,6.21,6.02,5.66,
1968-05-22,,6.2,6.02,5.67,
1968-05-23,,6.13,5.98,5.65,
1968-05-24,,6.08,5.96,5.62,
1968-05-27,,6.02,5.92,5.57,
1968-05-28,,6.06,5.94,5.57,
1968-05-29,,6.08,5.95,5.58,
1968-05-30,,,,,
1968-05-31,,5.97,5.86,5.5,
1968-06-03,,5.91,5.79,5.45,
1968-06-04,,5.9,5.78,5.42,
1968-06-05,,5.94,5.81,5.45,
1968-06-06,,5.95,5.83,5.46,
1968-06-07,,5.93,5.82,5.45,
1968-06-10,,5.92,5.8,5.45,
1968-06-11,,5.91,5.79,5.46,
1968-06-12,,5.9,5.77,5.45,
1968-06-13,,5.88,5.76,5.43,
1968-06-14,,5.82,5.72,5.4,
1968-06-17,,5.81,5.71,5.39,
1968-06-18,,5.82,5.71,5.4,
1968-06-19,,5.78,5.67,5.38,
1968-06-20,,5.73,5.62,5.35,
1968-06-21,,5.74,5.6,5.32,
1968-06-24,,5.77,5.61,5.32,
1968-06-25,,5.81,5.64,5.35,
1968-06-26,,5.81,5.64,5.36,
1968-06-27,,5.81,5.65,5.36,
1968-06-28,,5.79,5.64,5.36,
1968-07-01,,5.77,5.62,5.35,
1968-07-02,,5.73,5.58,5.34,
1968-07-03,,5.71,5.57,5.34,
1968-07-04,,,,,
1968-07-05,,5.7,5.56,5.34,
1968-07-08,,5.65,5.53,5.33,
1968-07-09,,5.61,5.51,5.32,
1968-07-10,,5.64,5.52,5.32,
1968-07-11,,5.65,5.52,5.31,
1968-07-12,,5.65,5.53,5.31,
1968-07-15,,5.68,5.56,5.33,
1968-07-16,,5.68,5.57,5.34,
1968-07-17,,5.64,5.55,5.34,
1968-07-18,,5.62,5.56,5.37,
1968-07-19,,5.56,5.53,5.37,
1968-07-22,,5.47,5.45,5.32,
1968-07-23,,5.43,5.38,5.24,
1968-07-24,,5.46,5.39,5.22,
1968-07-25,,5.46,5.37,5.2,
1968-07-26,,5.5,5.39,5.17,
1968-07-29,,5.53,5.41,5.19,
1968-07-30,,5.53,5.41,5.2,
1968-07-31,,5.5,5.39,5.19,
1968-08-01,,5.47,5.38,5.16,
1968-08-02,,5.43,5.34,5.14,
1968-08-05,,5.48,5.37,5.16,
1968-08-06,,5.5,5.38,5.17,
1968-08-07,,5.45,5.36,5.17,
1968-08-08,,5.46,5.37,5.18,
1968-08-09,,5.47,5.39,5.2,
1968-08-12,,5.52,5.42,5.22,
1968-08-13,,5.52,5.43,5.24,
1968-08-14,,5.51,5.43,5.24,
1968-08-15,,5.52,5.45,5.26,
1968-08-16,,5.49,5.42,5.25,
1968-08-19,,5.49,5.43,5.25,
1968-08-20,,5.5,5.43,5.26,
1968-08-21,,5.52,5.46,5.28,
1968-08-22,,5.55,5.5,5.3,
1968-08-23,,5.52,5.47,5.28,
1968-08-26,,5.51,5.46,5.26,
1968-08-27,,5.51,5.46,5.25,
1968-08-28,,5.5,5.45,5.24,
1968-08-29,,5.49,5.43,5.23,
1968-08-30,,5.48,5.42,5.22,
1968-09-02,,,,,
1968-09-03,,5.46,5.41,5.22,
1968-09-04,,5.46,5.43,5.24,
1968-09-05,,5.49,5.46,5.26,
1968-09-06,,5.51,5.48,5.28,
1968-09-09,,5.52,5.49,5.29,
1968-09-10,,5.54,5.51,5.31,
1968-09-11,,5.52,5.5,5.31,
1968-09-12,,5.52,5.49,5.31,
1968-09-13,,5.49,5.48,5.3,
1968-09-16,,5.48,5.46,5.28,
1968-09-17,,5.47,5.46,5.27,
1968-09-18,,5.44,5.42,5.26,
1968-09-19,,5.43,5.43,5.26,
1968-09-20,,5.46,5.45,5.27,
1968-09-23,,5.46,5.45,5.27,
1968-09-24,,5.44,5.44,5.27,
1968-09-25,,5.44,5.44,5.27,
1968-09-26,,5.45,5.45,5.28,
1968-09-27,,5.46,5.46,5.29,
1968-09-30,,5.48,5.49,5.32,
1968-10-01,,5.48,5.49,5.33,
1968-10-02,,5.48,5.49,5.33,
1968-10-03,,5.49,5.5,5.34,
1968-10-04,,5.5,5.52,5.36,
1968-10-07,,5.54,5.55,5.39,
1968-10-08,,5.56,5.57,5.42,
1968-10-09,,5.57,5.6,5.45,
1968-10-10,,5.57,5.61,5.48,
1968-10-11,,5.55,5.61,5.48,
1968-10-14,,5.57,5.62,5.49,
1968-10-15,,5.6,5.65,5.52,
1968-10-16,,5.57,5.62,5.49,
1968-10-17,,5.53,5.58,5.44,
1968-10-18,,5.53,5.57,5.43,
1968-10-21,,5.56,5.58,5.43,
1968-10-22,,5.56,5.58,5.44,
1968-10-23,,5.55,5.58,5.44,
1968-10-24,,5.6,5.61,5.45,
1968-10-25,,5.58,5.6,5.45,
1968-10-28,,5.58,5.61,5.45,
1968-10-29,,5.6,5.62,5.47,
1968-10-30,,5.59,5.63,5.47,
1968-10-31,,5.57,5.61,5.46,
1968-11-01,,5.56,5.61,5.45,
1968-11-04,,5.6,5.63,5.47,
1968-11-05,,,,,
1968-11-06,,5.59,5.62,5.46,
1968-11-07,,5.61,5.63,5.48,
1968-11-08,,5.64,5.65,5.5,
1968-11-11,,,,,
1968-11-12,,5.66,5.68,5.53,
1968-11-13,,5.63,5.66,5.53,
1968-11-14,,5.63,5.66,5.53,
1968-11-15,,5.66,5.68,5.54,
1968-11-18,,5.68,5.71,5.56,
1968-11-19,,5.7,5.74,5.59,
1968-11-20,,5.69,5.74,5.6,
1968-11-21,,5.68,5.73,5.6,
1968-11-22,,5.69,5.74,5.61,
1968-11-25,,5.7,5.75,5.62,
1968-11-26,,5.71,5.76,5.63,
1968-11-27,,5.71,5.76,5.64,
1968-11-28,,,,,
1968-11-29,,5.72,5.78,5.66,
1968-12-02,,5.85,5.89,5.76,
1968-12-03,,5.96,5.96,5.79,
1968-12-04,,5.99,5.95,5.77,
1968-12-05,,5.98,5.93,5.75,
1968-12-06,,5.97,5.91,5.74,
1968-12-09,,6.01,5.92,5.76,
1968-12-10,,6.04,5.93,5.78,
1968-12-11,,6.01,5.93,5.78,
1968-12-12,,6.05,5.94,5.81,
1968-12-13,,6.02,5.93,5.81,
1968-12-16,,6.05,5.96,5.82,
1968-12-17,,6.06,5.97,5.84,
1968-12-18,,6.11,6.0,5.86,
1968-12-19,,6.17,6.07,5.94,
1968-12-20,,6.24,6.14,6.02,
1968-12-23,,6.32,6.23,6.07,
1968-12-24,,6.34,6.27,6.12,
1968-12-25,,,,,
1968-12-26,,6.28,6.17,6.03,
1968-12-27,,6.32,6.2,6.03,
1968-12-30,,6.36,6.21,6.02,
1968-12-31,,6.33,6.16,5.98,
1969-01-01,,,,,
1969-01-02,,6.29,6.04,5.92,
1969-01-03,,6.28,6.01,5.94,
1969-01-06,,6.34,6.04,5.98,
1969-01-07,,6.43,6.14,6.08,
1969-01-08,,6.38,6.09,6.04,
1969-01-09,,6.34,6.04,5.99,
1969-01-10,,6.32,6.03,5.96,
1969-01-13,,6.3,6.04,5.98,
1969-01-14,,6.27,6.04,5.98,
1969-01-15,,6.19,6.02,5.98,
1969-01-16,,6.11,5.98,5.94,
1969-01-17,,6.14,5.97,5.96,
1969-01-20,,6.11,5.95,5.94,
1969-01-21,,6.15,5.97,5.95,
1969-01-22,,6.21,6.03,5.97,
1969-01-23,,6.21,6.02,5.97,
1969-01-24,,6.19,6.01,5.96,
1969-01-27,,6.2,6.03,5.98,
1969-01-28,,6.22,6.05,6.01,
1969-01-29,,6.24,6.09,6.04,
1969-01-30,,6.28,6.14,6.07,
1969-01-31,,6.3,6.19,6.14,
1969-02-03,,6.32,6.22,6.18,
1969-02-04,,6.3,6.2,6.14,
1969-02-05,,6.32,6.19,6.13,
1969-02-06,,6.34,6.2,6.13,
1969-02-07,,6.3,6.14,6.06,
1969-02-10,,6.3,6.14,6.06,
1969-02-11,,6.27,6.1,6.02,
1969-02-12,,,,,
1969-02-13,,6.27,6.09,6.0,
1969-02-14,,6.29,6.11,6.02,
1969-02-17,,6.32,6.14,6.05,
1969-02-18,,6.34,6.16,6.08,
1969-02-19,,6.36,6.2,6.11,
1969-02-20,,6.37,6.23,6.14,
1969-02-21,,6.37,6.24,6.15,
1969-02-24,,6.35,6.22,6.14,
1969-02-25,,6.38,6.24,6.14,
1969-02-26,,6.4,6.24,6.14,
1969-02-27,,6.45,6.27,6.17,
1969-02-28,,6.44,6.26,6.17,
1969-03-03,,6.45,6.25,6.15,
1969-03-04,,6.42,6.24,6.14,
1969-03-05,,6.43,6.24,6.15,
1969-03-06,,6.45,6.26,6.17,
1969-03-07,,6.45,6.27,6.18,
1969-03-10,,6.45,6.27,6.2,
1969-03-11,,6.45,6.3,6.22,
1969-03-12,,6.42,6.31,6.24,
1969-03-13,,6.42,6.32,6.27,
1969-03-14,,6.39,6.31,6.29,
1969-03-17,,6.44,6.35,6.32,
1969-03-18,,6.44,6.35,6.32,
1969-03-19,,6.4,6.32,6.25,
1969-03-20,,6.39,6.31,6.25,
1969-03-21,,6.37,6.29,6.22,
1969-03-24,,6.35,6.28,6.19,
1969-03-25,,6.38,6.3,6.22,
1969-03-26,,6.37,6.32,6.24,
1969-03-27,,6.38,6.33,6.24,
1969-03-28,,6.36,6.3,6.22,
1969-03-31,,,,,
1969-04-01,,6.32,6.25,6.16,
1969-04-02,,6.32,6.25,6.17,
1969-04-03,,6.34,6.26,6.18,
1969-04-04,,,,,
1969-04-07,,6.37,6.28,6.18,
1969-04-08,,6.33,6.25,6.14,
1969-04-09,,6.26,6.19,6.09,
1969-04-10,,6.27,6.18,6.09,
1969-04-11,,6.26,6.15,6.03,
1969-04-14,,6.2,6.06,5.91,
1969-04-15,,6.26,6.11,5.97,
1969-04-16,,6.24,6.1,5.96,
1969-04-17,,6.27,6.13,5.99,
1969-04-18,,6.3,6.16,6.02,
1969-04-21,,6.28,6.14,5.98,
1969-04-22,,6.26,6.12,5.95,
1969-04-23,,6.26,6.12,5.94,
1969-04-24,,6.29,6.14,5.96,
1969-04-25,,6.3,6.15,5.97,
1969-04-28,,6.34,6.19,5.99,
1969-04-29,,6.38,6.21,6.0,
1969-04-30,,6.37,6.2,5.98,
1969-05-01,,6.46,6.25,5.98,
1969-05-02,,6.45,6.23,5.95,
1969-05-05,,6.45,6.19,5.91,
1969-05-06,,6.46,6.22,5.92,
1969-05-07,,6.47,6.22,5.93,
1969-05-08,,6.46,6.2,5.92,
1969-05-09,,6.48,6.23,5.96,
1969-05-12,,6.52,6.27,5.99,
1969-05-13,,6.49,6.25,5.99,
1969-05-14,,6.46,6.24,5.98,
1969-05-15,,6.49,6.26,6.01,
1969-05-16,,6.54,6.31,6.07,
1969-05-19,,6.58,6.36,6.13,
1969-05-20,,6.57,6.36,6.14,
1969-05-21,,6.55,6.36,6.16,
1969-05-22,,6.56,6.36,6.22,
1969-05-23,,6.59,6.38,6.3,
1969-05-26,,6.62,6.44,6.35,
1969-05-27,,6.67,6.54,6.41,
1969-05-28,,6.68,6.56,6.46,
1969-05-29,,6.69,6.56,6.43,
1969-05-30,,,,,
1969-06-02,,6.69,6.56,6.41,
1969-06-03,,6.69,6.55,6.39,
1969-06-04,,6.71,6.56,6.36,
1969-06-05,,6.69,6.54,6.35,
1969-06-06,,6.68,6.52,6.31,
1969-06-09,,6.76,6.59,6.36,
1969-06-10,,6.72,6.56,6.3,
1969-06-11,,6.73,6.56,6.27,
1969-06-12,,6.7,6.54,6.22,
1969-06-13,,6.66,6.51,6.2,
1969-06-16,,6.64,6.49,6.19,
1969-06-17,,6.68,6.52,6.26,
1969-06-18,,6.68,6.53,6.25,
1969-06-19,,6.74,6.57,6.26,
1969-06-20,,6.76,6.59,6.28,
1969-06-23,,6.78,6.6,6.27,
1969-06-24,,6.82,6.63,6.27,
1969-06-25,,6.85,6.63,6.25,
1969-06-26,,6.84,6.62,6.21,
1969-06-27,,6.88,6.66,6.25,
1969-06-30,,6.98,6.73,6.28,
1969-07-01,,7.02,6.75,6.29,
1969-07-02,,7.04,6.77,6.32,
1969-07-03,,7.01,6.75,6.29,
1969-07-04,,,,,
1969-07-07,,7.02,6.76,6.33,
1969-07-08,,7.04,6.79,6.35,
1969-07-09,,7.08,6.82,6.37,
1969-07-10,,7.04,6.78,6.33,
1969-07-11,,6.88,6.64,6.19,
1969-07-14,,6.94,6.69,6.22,
1969-07-15,,6.97,6.72,6.27,
1969-07-16,,6.92,6.67,6.25,
1969-07-17,,6.95,6.69,6.27,
1969-07-18,,6.97,6.7,6.26,
1969-07-21,,,,,
1969-07-22,,7.04,6.66,6.22,
1969-07-23,,7.05,6.68,6.23,
1969-07-24,,7.06,6.7,6.25,
1969-07-25,,7.07,6.71,6.26,
1969-07-28,,7.07,6.73,6.28,
1969-07-29,,7.07,6.72,6.26,
1969-07-30,,7.06,6.72,6.26,
1969-07-31,,6.98,6.66,6.23,
1969-08-01,,6.98,6.66,6.25,
1969-08-04,,6.94,6.63,6.21,
1969-08-05,,6.91,6.6,6.18,
1969-08-06,,6.94,6.62,6.18,
1969-08-07,,6.95,6.63,6.17,
1969-08-08,,6.98,6.64,6.17,
1969-08-11,,7.04,6.69,6.18,
1969-08-12,,7.07,6.7,6.2,
1969-08-13,,7.07,6.7,6.21,
1969-08-14,,7.05,6.68,6.22,
1969-08-15,,7.05,6.68,6.22,
1969-08-18,,7.01,6.66,6.18,
1969-08-19,,7.0,6.65,6.18,
1969-08-20,,6.99,6.66,6.2,
1969-08-21,,7.01,6.68,6.21,
1969-08-22,,7.03,6.71,6.23,
1969-08-25,,7.04,6.72,6.24,
1969-08-26,,7.09,6.76,6.26,
1969-08-27,,7.11,6.79,6.28,
1969-08-28,,7.14,6.83,6.32,
1969-08-29,,7.13,6.83,6.32,
1969-09-01,,,,,
1969-09-02,,7.17,6.87,6.36,
1969-09-03,,7.24,6.94,6.41,
1969-09-04,,7.26,6.96,6.42,
1969-09-05,,7.33,6.99,6.44,
1969-09-08,,7.39,7.03,6.48,
1969-09-09,,7.4,7.04,6.47,
1969-09-10,,7.38,7.02,6.45,
1969-09-11,,7.44,7.05,6.44,
1969-09-12,,7.48,7.08,6.46,
1969-09-15,,7.5,7.09,6.48,
1969-09-16,,7.54,7.14,6.51,
1969-09-17,,7.56,7.14,6.55,
1969-09-18,,7.71,7.27,6.6,
1969-09-19,,7.72,7.28,6.59,
1969-09-22,,7.72,7.26,6.58,
1969-09-23,,7.71,7.26,6.59,
1969-09-24,,7.74,7.27,6.62,
1969-09-25,,7.78,7.3,6.64,
1969-09-26,,7.88,7.4,6.75,
1969-09-29,,7.94,7.45,6.79,
1969-09-30,,8.02,7.51,6.82,
1969-10-01,,8.04,7.52,6.81,
1969-10-02,,7.98,7.45,6.75,
1969-10-03,,7.87,7.38,6.68,
1969-10-06,,7.82,7.35,6.62,
1969-10-07,,7.75,7.31,6.54,
1969-10-08,,7.75,7.29,6.53,
1969-10-09,,7.77,7.3,6.54,
1969-10-10,,7.67,7.22,6.48,
1969-10-13,,,,,
1969-10-14,,7.54,7.1,6.38,
1969-10-15,,7.55,7.12,6.42,
1969-10-16,,7.44,7.04,6.38,
1969-10-17,,7.34,6.99,6.35,
1969-10-20,,7.18,6.83,6.24,
1969-10-21,,7.12,6.77,6.21,
1969-10-22,,7.17,6.8,6.26,
1969-10-23,,7.25,6.9,6.38,
1969-10-24,,7.26,6.9,6.42,
1969-10-27,,7.28,6.93,6.48,
1969-10-28,,7.33,7.0,6.61,
1969-10-29,,7.34,7.0,6.62,
1969-10-30,,7.34,6.96,6.6,
1969-10-31,,7.33,6.94,6.58,
1969-11-03,,7.29,6.9,6.52,
1969-11-04,,,,,
1969-11-05,,7.35,6.97,6.62,
1969-11-06,,7.39,7.01,6.65,
1969-11-07,,7.35,6.99,6.64,
1969-11-10,,7.35,6.99,6.65,
1969-11-11,,,,,
1969-11-12,,7.43,7.06,6.71,
1969-11-13,,7.5,7.12,6.74,
1969-11-14,,7.46,7.08,6.73,
1969-11-17,,7.55,7.13,6.76,
1969-11-18,,7.63,7.22,6.82,
1969-11-19,,7.64,7.25,6.86,
1969-11-20,,7.73,7.31,6.89,
1969-11-21,,7.71,7.28,6.85,
1969-11-24,,7.66,7.27,6.8,
1969-11-25,,7.64,7.28,6.79,
1969-11-26,,7.66,7.3,6.81,
1969-11-27,,,,,
1969-11-28,,7.61,7.29,6.8,
1969-12-01,,7.56,7.29,6.81,
1969-12-02,,7.63,7.35,6.87,
1969-12-03,,7.72,7.39,6.86,
1969-12-04,,7.7,7.35,6.76,
1969-12-05,,7.71,7.35,6.74,
1969-12-08,,7.75,7.4,6.77,
1969-12-09,,7.87,7.5,6.84,
1969-12-10,,7.97,7.59,6.88,
1969-12-11,,7.99,7.62,6.9,
1969-12-12,,7.95,7.6,6.88,
1969-12-15,,7.95,7.63,6.88,
1969-12-16,,8.02,7.72,6.92,
1969-12-17,,8.07,7.76,6.94,
1969-12-18,,8.07,7.81,6.96,
1969-12-19,,8.02,7.79,6.93,
1969-12-22,,8.0,7.76,6.92,
1969-12-23,,8.08,7.82,6.95,
1969-12-24,,8.12,7.89,6.99,
1969-12-25,,,,,
1969-12-26,,8.14,7.87,7.02,
1969-12-29,,8.33,8.05,7.14,
1969-12-30,,8.26,7.97,7.04,
1969-12-31,,8.22,7.88,6.94,
1970-01-01,,,,,
1970-01-02,,8.19,7.86,6.88,
1970-01-05,,8.19,7.88,6.9,
1970-01-06,,8.26,7.96,6.96,
1970-01-07,,8.3,7.99,6.98,
1970-01-08,,8.25,7.96,6.93,
1970-01-09,,8.18,7.86,6.85,
1970-01-12,,8.16,7.82,6.84,
1970-01-13,,8.13,7.81,6.88,
1970-01-14,,8.16,7.86,6.96,
1970-01-15,,8.19,7.85,6.95,
1970-01-16,,8.08,7.75,6.9,
1970-01-19,,8.03,7.69,6.88,
1970-01-20,,8.08,7.72,6.92,
1970-01-21,,8.06,7.69,6.92,
1970-01-22,,8.06,7.67,6.93,
1970-01-23,,8.1,7.69,6.95,
1970-01-26,,8.15,7.71,6.95,
1970-01-27,,8.16,7.7,6.92,
1970-01-28,,8.2,7.7,6.93,
1970-01-29,,8.28,7.77,6.94,
1970-01-30,,8.27,7.75,6.96,
1970-02-02,,8.18,7.65,6.92,
1970-02-03,,8.15,7.58,6.9,
1970-02-04,,8.17,7.5,6.85,
1970-02-05,,8.18,7.45,6.81,
1970-02-06,,8.13,7.36,6.74,
1970-02-09,,8.04,7.28,6.65,
1970-02-10,,8.07,7.32,6.69,
1970-02-11,,8.05,7.33,6.7,
1970-02-12,,,,,
1970-02-13,,7.82,7.15,6.56,
1970-02-16,,7.8,7.17,6.58,
1970-02-17,,7.7,7.15,6.6,
1970-02-18,,7.63,7.12,6.6,
1970-02-19,,7.56,7.09,6.59,
1970-02-20,,7.58,7.12,6.63,
1970-02-23,,,,,
1970-02-24,,7.61,7.14,6.61,
1970-02-25,,7.49,7.04,6.58,
1970-02-26,,7.37,6.94,6.55,
1970-02-27,,7.31,6.9,6.55,
1970-03-02,,7.43,6.95,6.59,
1970-03-03,,7.35,6.99,6.59,
1970-03-04,,7.27,6.97,6.59,
1970-03-05,,7.18,6.98,6.63,
1970-03-06,,7.06,6.96,6.62,
1970-03-09,,7.04,6.99,6.65,
1970-03-10,,7.0,7.04,6.71,
1970-03-11,,7.11,7.11,6.78,
1970-03-12,,7.16,7.16,6.83,
1970-03-13,,7.3,7.23,6.89,
1970-03-16,,7.3,7.24,6.92,
1970-03-17,,7.48,7.36,6.97,
1970-03-18,,7.41,7.28,6.92,
1970-03-19,,7.22,7.07,6.72,
1970-03-20,,7.22,7.06,6.74,
1970-03-23,,7.17,7.05,6.73,
1970-03-24,,7.08,7.02,6.69,
1970-03-25,,7.05,6.96,6.62,
1970-03-26,,7.12,6.98,6.6,
1970-03-27,,,,,
1970-03-30,,7.22,7.05,6.67,
1970-03-31,,7.24,7.08,6.68,
1970-04-01,,7.18,7.04,6.63,
1970-04-02,,7.24,7.08,6.63,
1970-04-03,,7.31,7.14,6.65,
1970-04-06,,7.38,7.17,6.69,
1970-04-07,,7.35,7.18,6.7,
1970-04-08,,7.3,7.17,6.71,
1970-04-09,,7.29,7.18,6.72,
1970-04-10,,7.29,7.17,6.7,
1970-04-13,,7.36,7.2,6.71,
1970-04-14,,7.36,7.22,6.73,
1970-04-15,,7.42,7.27,6.77,
1970-04-16,,7.49,7.34,6.83,
1970-04-17,,7.49,7.4,6.9,
1970-04-20,,7.49,7.44,6.93,
1970-04-21,,7.57,7.5,6.94,
1970-04-22,,7.66,7.61,7.03,
1970-04-23,,7.66,7.64,7.05,
1970-04-24,,7.79,7.72,7.08,
1970-04-27,,7.8,7.74,7.1,
1970-04-28,,7.82,7.79,7.09,
1970-04-29,,7.83,7.78,7.06,
1970-04-30,,7.95,7.82,7.07,
1970-05-01,,7.98,7.85,7.09,
1970-05-04,,8.05,7.94,7.21,
1970-05-05,,8.02,7.92,7.21,
1970-05-06,,8.01,7.86,7.14,
1970-05-07,,7.94,7.82,7.12,
1970-05-08,,7.88,7.78,7.08,
1970-05-11,,7.97,7.82,7.11,
1970-05-12,,7.97,7.84,7.13,
1970-05-13,,7.98,7.85,7.13,
1970-05-14,,8.01,7.86,7.14,
1970-05-15,,7.96,7.83,7.11,
1970-05-18,,7.93,7.8,7.1,
1970-05-19,,7.92,7.8,7.1,
1970-05-20,,7.98,7.85,7.14,
1970-05-21,,8.0,7.9,7.22,
1970-05-22,,8.02,7.99,7.31,
1970-05-25,,8.08,8.15,7.52,
1970-05-26,,8.04,8.22,7.73,
1970-05-27,,7.92,8.02,7.55,
1970-05-28,,7.86,7.98,7.49,
1970-05-29,,7.83,7.95,7.46,
1970-06-01,,7.73,7.84,7.37,
1970-06-02,,7.74,7.78,7.29,
1970-06-03,,7.74,7.76,7.29,
1970-06-04,,7.76,7.8,7.31,
1970-06-05,,7.88,7.88,7.38,
1970-06-08,,7.87,7.89,7.42,
1970-06-09,,7.83,7.88,7.39,
1970-06-10,,7.82,7.87,7.4,
1970-06-11,,7.89,7.92,7.44,
1970-06-12,,7.98,7.98,7.5,
1970-06-15,,7.98,7.98,7.51,
1970-06-16,,7.9,7.87,7.36,
1970-06-17,,7.96,7.9,7.39,
1970-06-18,,7.96,7.9,7.38,
1970-06-19,,7.94,7.9,7.39,
1970-06-22,,7.88,7.86,7.36,
1970-06-23,,7.84,7.79,7.26,
1970-06-24,,7.84,7.74,7.22,
1970-06-25,,7.83,7.76,7.25,
1970-06-26,,7.84,7.78,7.27,
1970-06-29,,7.8,7.76,7.24,
1970-06-30,,7.77,7.68,7.11,
1970-07-01,,7.69,7.64,7.06,
1970-07-02,,7.62,7.55,6.97,
1970-07-03,,,,,
1970-07-06,,7.62,7.49,6.88,
1970-07-07,,7.63,7.46,6.84,
1970-07-08,,7.65,7.49,6.9,
1970-07-09,,7.64,7.49,6.93,
1970-07-10,,7.64,7.54,6.99,
1970-07-13,,7.62,7.55,6.99,
1970-07-14,,7.59,7.53,6.97,
1970-07-15,,7.54,7.49,6.96,
1970-07-16,,7.48,7.46,6.94,
1970-07-17,,7.52,7.45,6.93,
1970-07-20,,7.59,7.46,6.94,
1970-07-21,,7.58,7.45,6.95,
1970-07-22,,7.56,7.43,6.94,
1970-07-23,,7.47,7.32,6.81,
1970-07-24,,7.54,7.34,6.83,
1970-07-27,,7.59,7.36,6.84,
1970-07-28,,7.62,7.41,6.92,
1970-07-29,,7.61,7.39,6.91,
1970-07-30,,7.59,7.38,6.91,
1970-07-31,,7.58,7.38,6.91,
1970-08-03,,7.6,7.39,6.92,
1970-08-04,,7.62,7.4,6.93,
1970-08-05,,7.62,7.42,6.97,
1970-08-06,,7.62,7.43,6.98,
1970-08-07,,7.63,7.45,7.0,
1970-08-10,,7.69,7.5,7.04,
1970-08-11,,7.67,7.54,7.08,
1970-08-12,,7.64,7.56,7.11,
1970-08-13,,7.62,7.58,7.12,
1970-08-14,,7.66,7.67,7.22,
1970-08-17,,7.68,7.71,7.28,
1970-08-18,,7.65,7.68,7.25,
1970-08-19,,7.59,7.65,7.23,
1970-08-20,,7.57,7.64,7.23,
1970-08-21,,7.53,7.6,7.17,
1970-08-24,,7.44,7.48,7.02,
1970-08-25,,7.42,7.46,7.0,
1970-08-26,,7.42,7.45,7.0,
1970-08-27,,7.45,7.48,7.01,
1970-08-28,,7.45,7.49,7.01,
1970-08-31,,7.45,7.49,7.0,
1970-09-01,,7.43,7.47,6.98,
1970-09-02,,7.43,7.48,6.97,
1970-09-03,,7.42,7.48,6.97,
1970-09-04,,7.37,7.47,6.97,
1970-09-07,,,,,
1970-09-08,,7.4,7.5,6.97,
1970-09-09,,7.44,7.54,7.0,
1970-09-10,,7.43,7.52,7.0,
1970-09-11,,7.4,7.5,6.97,
1970-09-14,,7.38,7.48,6.96,
1970-09-15,,7.37,7.46,6.94,
1970-09-16,,7.31,7.4,6.89,
1970-09-17,,7.24,7.32,6.81,
1970-09-18,,7.24,7.31,6.79,
1970-09-21,,7.22,7.29,6.78,
1970-09-22,,7.19,7.28,6.77,
1970-09-23,,7.1,7.24,6.76,
1970-09-24,,7.13,7.26,6.78,
1970-09-25,,7.14,7.28,6.78,
1970-09-28,,7.19,7.31,6.82,
1970-09-29,,7.18,7.3,6.8,
1970-09-30,,7.18,7.29,6.81,
1970-10-01,,7.19,7.29,6.82,
1970-10-02,,7.17,7.26,6.79,
1970-10-05,,7.15,7.26,6.79,
1970-10-06,,7.09,7.24,6.78,
1970-10-07,,7.07,7.23,6.78,
1970-10-08,,7.1,7.25,6.79,
1970-10-09,,7.07,7.25,6.81,
1970-10-12,,,,,
1970-10-13,,7.07,7.25,6.81,
1970-10-14,,7.08,7.3,6.86,
1970-10-15,,7.1,7.3,6.85,
1970-10-16,,7.11,7.31,6.87,
1970-10-19,,7.16,7.35,6.9,
1970-10-20,,7.14,7.37,6.91,
1970-10-21,,7.15,7.42,6.95,
1970-10-22,,7.18,7.46,6.98,
1970-10-23,,7.17,7.44,6.98,
1970-10-26,,7.17,7.44,7.0,
1970-10-27,,7.11,7.42,7.0,
1970-10-28,,7.07,7.38,6.97,
1970-10-29,,7.03,7.31,6.88,
1970-10-30,,7.04,7.33,6.9,
1970-11-02,,6.95,7.24,6.8,
1970-11-03,,,,,
1970-11-04,,6.96,7.23,6.79,
1970-11-05,,6.89,7.2,6.79,
1970-11-06,,6.86,7.15,6.76,
1970-11-09,,6.73,7.06,6.71,
1970-11-10,,6.76,7.06,6.7,
1970-11-11,,,,,
1970-11-12,,6.75,7.03,6.63,
1970-11-13,,6.69,7.0,6.67,
1970-11-16,,6.63,6.96,6.68,
1970-11-17,,6.58,6.93,6.68,
1970-11-18,,6.43,6.86,6.64,
1970-11-19,,6.29,6.72,6.53,
1970-11-20,,6.01,6.48,6.35,
1970-11-23,,5.91,6.32,6.21,
1970-11-24,,6.06,6.45,6.32,
1970-11-25,,5.97,6.48,6.38,
1970-11-26,,,,,
1970-11-27,,5.97,6.48,6.38,
1970-11-30,,5.99,6.49,6.39,
1970-12-01,,6.0,6.48,6.36,
1970-12-02,,5.95,6.41,6.28,
1970-12-03,,5.88,6.31,6.21,
1970-12-04,,5.85,6.21,6.16,
1970-12-07,,5.89,6.27,6.22,
1970-12-08,,5.92,6.29,6.22,
1970-12-09,,5.97,6.34,6.25,
1970-12-10,,5.95,6.34,6.25,
1970-12-11,,5.89,6.31,6.21,
1970-12-14,,5.87,6.26,6.16,
1970-12-15,,5.9,6.29,6.17,
1970-12-16,,5.9,6.29,6.15,
1970-12-17,,5.9,6.3,6.16,
1970-12-18,,5.94,6.33,6.19,
1970-12-21,,6.02,6.45,6.28,
1970-12-22,,6.07,6.52,6.33,
1970-12-23,,6.05,6.57,6.37,
1970-12-24,,5.98,6.53,6.37,
1970-12-25,,,,,
1970-12-28,,6.0,6.54,6.4,
1970-12-29,,6.03,6.56,6.45,
1970-12-30,,5.98,6.51,6.44,
1970-12-31,,5.98,6.5,6.45,
1971-01-01,,,,,
1971-01-04,,5.98,6.46,6.39,
1971-01-05,,6.04,6.47,6.38,
1971-01-06,,6.06,6.47,6.37,
1971-01-07,,6.06,6.45,6.33,
1971-01-08,,6.06,6.44,6.31,
1971-01-11,,6.01,6.39,6.28,
1971-01-12,,5.98,6.35,6.25,
1971-01-13,,5.91,6.29,6.22,
1971-01-14,,5.85,6.22,6.16,
1971-01-15,,5.84,6.22,6.16,
1971-01-18,,5.86,6.16,6.11,
1971-01-19,,5.86,6.17,6.12,
1971-01-20,,5.82,6.15,6.12,
1971-01-21,,5.75,6.09,6.08,
1971-01-22,,5.77,6.06,6.04,
1971-01-25,,5.76,6.05,6.02,
1971-01-26,,5.8,6.07,6.04,
1971-01-27,,5.79,6.09,6.06,
1971-01-28,,5.78,6.08,6.06,
1971-01-29,,5.78,6.09,6.07,
1971-02-01,,5.79,6.09,6.09,
1971-02-02,,5.77,6.11,6.1,
1971-02-03,,5.78,6.11,6.1,
1971-02-04,,5.74,6.1,6.1,
1971-02-05,,5.72,6.1,6.09,
1971-02-08,,5.69,6.09,6.08,
1971-02-09,,5.62,6.07,6.07,
1971-02-10,,5.64,6.08,6.07,
1971-02-11,,5.61,6.08,6.09,
1971-02-12,,,,,
1971-02-15,,,,,
1971-02-16,,5.59,6.11,6.12,
1971-02-17,,5.51,6.11,6.13,
1971-02-18,,5.42,6.11,6.14,
1971-02-19,,5.36,6.12,6.16,
1971-02-22,,5.39,6.15,6.19,
1971-02-23,,5.41,6.18,6.22,
1971-02-24,,5.38,6.16,6.24,
1971-02-25,,5.34,6.11,6.22,
1971-02-26,,5.36,6.14,6.24,
1971-03-01,,5.35,6.12,6.24,
1971-03-02,,5.35,6.09,6.21,
1971-03-03,,5.31,6.05,6.19,
1971-03-04,,5.25,6.05,6.19,
1971-03-05,,5.22,6.03,6.18,
1971-03-08,,5.16,5.99,6.16,
1971-03-09,,5.04,5.9,6.08,
1971-03-10,,4.99,5.8,5.99,
1971-03-11,,4.88,5.69,5.92,
1971-03-12,,4.97,5.72,5.94,
1971-03-15,,4.93,5.7,5.94,
1971-03-16,,4.9,5.68,5.92,
1971-03-17,,4.83,5.61,5.87,
1971-03-18,,4.78,5.55,5.82,
1971-03-19,,4.79,5.51,5.78,
1971-03-22,,4.74,5.42,5.72,
1971-03-23,,4.77,5.38,5.69,
1971-03-24,,4.82,5.41,5.72,
1971-03-25,,4.86,5.43,5.75,
1971-03-26,,4.98,5.48,5.79,
1971-03-29,,5.07,5.54,5.83,
1971-03-30,,5.04,5.5,5.81,
1971-03-31,,5.06,5.53,5.83,
1971-04-01,,5.16,5.58,5.85,
1971-04-02,,5.22,5.6,5.88,
1971-04-05,,5.3,5.63,5.89,
1971-04-06,,5.27,5.6,5.87,
1971-04-07,,5.29,5.58,5.86,
1971-04-08,,5.42,5.62,5.86,
1971-04-09,,,,,
1971-04-12,,5.63,5.73,5.94,
1971-04-13,,5.54,5.72,5.96,
1971-04-14,,5.58,5.77,5.96,
1971-04-15,,5.58,5.8,5.98,
1971-04-16,,5.61,5.82,5.98,
1971-04-19,,5.66,5.88,6.01,
1971-04-20,,5.78,5.97,6.08,
1971-04-21,,5.88,6.04,6.14,
1971-04-22,,5.85,6.02,6.13,
1971-04-23,,5.86,6.01,6.12,
1971-04-26,,5.89,6.0,6.12,
1971-04-27,,5.97,6.0,6.12,
1971-04-28,,5.99,5.99,6.09,
1971-04-29,,6.14,6.07,6.1,
1971-04-30,,6.08,6.08,6.1,
1971-05-03,,6.09,6.15,6.16,
1971-05-04,,6.14,6.25,6.27,
1971-05-05,,6.2,6.26,6.27,
1971-05-06,,6.2,6.28,6.29,
1971-05-07,,6.18,6.25,6.27,
1971-05-10,,6.13,6.22,6.25,
1971-05-11,,6.17,6.26,6.26,
1971-05-12,,6.25,6.35,6.33,
1971-05-13,,6.33,6.47,6.39,
1971-05-14,,6.38,6.49,6.42,
1971-05-17,,6.5,6.57,6.44,
1971-05-18,,6.6,6.65,6.49,
1971-05-19,,6.49,6.6,6.47,
1971-05-20,,6.32,6.49,6.35,
1971-05-21,,6.41,6.53,6.35,
1971-05-24,,6.37,6.49,6.34,
1971-05-25,,6.3,6.44,6.31,
1971-05-26,,6.18,6.37,6.27,
1971-05-27,,6.16,6.35,6.25,
1971-05-28,,6.24,6.38,6.27,
1971-05-31,,,,,
1971-06-01,,6.27,6.36,6.24,
1971-06-02,,6.13,6.24,6.17,
1971-06-03,,6.13,6.19,6.14,
1971-06-04,,6.22,6.26,6.21,
1971-06-07,,6.36,6.34,6.26,
1971-06-08,,6.37,6.38,6.3,
1971-06-09,,6.45,6.44,6.34,
1971-06-10,,6.48,6.48,6.36,
1971-06-11,,6.5,6.5,6.36,
1971-06-14,,6.66,6.63,6.47,
1971-06-15,,6.76,6.73,6.56,
1971-06-16,,6.66,6.68,6.52,
1971-06-17,,6.67,6.68,6.52,
1971-06-18,,6.61,6.58,6.46,
1971-06-21,,6.51,6.53,6.4,
1971-06-22,,6.61,6.62,6.45,
1971-06-23,,6.58,6.61,6.45,
1971-06-24,,6.61,6.61,6.46,
1971-06-25,,6.66,6.62,6.45,
1971-06-28,,6.73,6.64,6.45,
1971-06-29,,6.82,6.67,6.45,
1971-06-30,,6.86,6.7,6.44,
1971-07-01,,6.83,6.69,6.43,
1971-07-02,,6.81,6.69,6.41,
1971-07-05,,,,,
1971-07-06,,6.8,6.68,6.39,
1971-07-07,,6.76,6.66,6.38,
1971-07-08,,6.77,6.67,6.38,
1971-07-09,,6.8,6.68,6.38,
1971-07-12,,6.68,6.6,6.32,
1971-07-13,,6.7,6.61,6.3,
1971-07-14,,6.71,6.6,6.28,
1971-07-15,,6.71,6.59,6.27,
1971-07-16,,6.79,6.66,6.32,
1971-07-19,,6.88,6.71,6.37,
1971-07-20,,6.85,6.7,6.38,
1971-07-21,,6.85,6.7,6.36,
1971-07-22,,6.93,6.79,6.41,
1971-07-23,,6.97,6.84,6.44,
1971-07-26,,7.0,6.86,6.45,
1971-07-27,,7.02,6.91,6.45,
1971-07-28,,7.03,6.95,6.46,
1971-07-29,,7.0,6.88,6.44,
1971-07-30,,6.96,6.85,6.43,
1971-08-02,,6.94,6.86,6.42,
1971-08-03,,7.02,6.91,6.45,
1971-08-04,,7.01,6.89,6.46,
1971-08-05,,6.98,6.86,6.44,
1971-08-06,,6.98,6.86,6.44,
1971-08-09,,7.01,6.88,6.45,
1971-08-10,,7.03,6.89,6.45,
1971-08-11,,7.0,6.86,6.43,
1971-08-12,,6.9,6.8,6.38,
1971-08-13,,6.78,6.68,6.32,
1971-08-16,,6.39,6.41,6.14,
1971-08-17,,6.17,6.3,6.1,
1971-08-18,,6.22,6.35,6.11,
1971-08-19,,6.15,6.34,6.13,
1971-08-20,,6.19,6.37,6.14,
1971-08-23,,6.33,6.48,6.22,
1971-08-24,,6.19,6.38,6.19,
1971-08-25,,6.22,6.4,6.2,
1971-08-26,,6.2,6.37,6.18,
1971-08-27,,6.16,6.33,6.14,
1971-08-30,,6.15,6.32,6.12,
1971-08-31,,6.07,6.28,6.09,
1971-09-01,,6.09,6.22,6.08,
1971-09-02,,6.05,6.17,6.04,
1971-09-03,,6.02,6.12,5.99,
1971-09-06,,,,,
1971-09-07,,6.0,6.07,5.95,
1971-09-08,,6.05,6.08,5.97,
1971-09-09,,6.15,6.13,6.0,
1971-09-10,,6.17,6.12,6.02,
1971-09-13,,6.24,6.2,6.09,
1971-09-14,,6.21,6.18,6.11,
1971-09-15,,6.16,6.17,6.09,
1971-09-16,,6.13,6.14,6.08,
1971-09-17,,6.09,6.13,6.05,
1971-09-20,,6.16,6.15,6.07,
1971-09-21,,6.19,6.17,6.08,
1971-09-22,,6.22,6.19,6.1,
1971-09-23,,6.21,6.2,6.1,
1971-09-24,,6.19,6.16,6.08,
1971-09-27,,6.17,6.13,6.06,
1971-09-28,,6.18,6.12,6.04,
1971-09-29,,6.14,6.08,6.02,
1971-09-30,,6.06,6.0,5.97,
1971-10-01,,6.04,6.0,5.95,
1971-10-04,,6.04,5.98,5.93,
1971-10-05,,6.1,6.01,5.97,
1971-10-06,,6.06,5.98,5.96,
1971-10-07,,6.07,5.97,5.96,
1971-10-08,,6.03,5.94,5.94,
1971-10-11,,,,,
1971-10-12,,5.95,5.88,5.9,
1971-10-13,,5.88,5.86,5.88,
1971-10-14,,5.87,5.88,5.9,
1971-10-15,,5.88,5.9,5.9,
1971-10-18,,5.92,5.95,5.94,
1971-10-19,,5.92,5.96,5.95,
1971-10-20,,5.84,5.92,5.93,
1971-10-21,,5.84,5.88,5.91,
1971-10-22,,5.84,5.9,5.91,
1971-10-25,,,,,
1971-10-26,,5.84,5.89,5.89,
1971-10-27,,5.86,5.92,5.9,
1971-10-28,,5.83,5.9,5.9,
1971-10-29,,5.78,5.87,5.87,
1971-11-01,,5.75,5.8,5.83,
1971-11-02,,,,,
1971-11-03,,5.72,5.72,5.77,
1971-11-04,,5.74,5.72,5.78,
1971-11-05,,5.72,5.72,5.78,
1971-11-08,,5.77,5.77,5.81,
1971-11-09,,5.77,5.77,5.83,
1971-11-10,,5.83,5.82,5.86,
1971-11-11,,5.8,5.79,5.86,
1971-11-12,,5.73,5.77,5.84,
1971-11-15,,5.71,5.77,5.84,
1971-11-16,,5.71,5.76,5.83,
1971-11-17,,5.71,5.75,5.83,
1971-11-18,,5.71,5.77,5.82,
1971-11-19,,5.76,5.79,5.84,
1971-11-22,,5.81,5.82,5.88,
1971-11-23,,5.9,5.89,5.93,
1971-11-24,,5.93,5.95,5.96,
1971-11-25,,,,,
1971-11-26,,5.85,5.94,5.96,
1971-11-29,,5.86,5.95,5.96,
1971-11-30,,5.84,5.93,5.95,
1971-12-01,,5.8,5.92,5.95,
1971-12-02,,5.76,5.9,5.96,
1971-12-03,,5.72,5.88,5.96,
1971-12-06,,5.74,5.88,5.95,
1971-12-07,,5.78,5.92,5.98,
1971-12-08,,5.75,5.92,5.98,
1971-12-09,,5.79,5.94,6.0,
1971-12-10,,5.77,5.93,5.99,
1971-12-13,,5.71,5.9,5.98,
1971-12-14,,5.75,5.94,6.0,
1971-12-15,,5.76,5.96,6.03,
1971-12-16,,5.73,5.95,6.03,
1971-12-17,,5.7,5.93,6.02,
1971-12-20,,5.73,5.97,6.04,
1971-12-21,,5.73,6.0,6.08,
1971-12-22,,5.71,6.01,6.09,
1971-12-23,,5.64,5.97,6.06,
1971-12-24,,,,,
1971-12-27,,5.55,5.91,6.02,
1971-12-28,,5.49,5.86,5.98,
1971-12-29,,5.54,5.9,5.99,
1971-12-30,,5.52,5.9,6.0,
1971-12-31,,5.5,5.89,5.99,
1972-01-03,,5.55,5.94,6.02,
1972-01-04,,5.55,5.93,6.02,
1972-01-05,,5.56,5.91,6.02,
1972-01-06,,5.53,5.9,6.0,
1972-01-07,,5.51,5.88,5.99,
1972-01-10,,5.48,5.86,5.96,
1972-01-11,,5.5,5.88,5.97,
1972-01-12,,5.5,5.88,5.97,
1972-01-13,,5.47,5.86,5.96,
1972-01-14,,5.48,5.85,5.95,
1972-01-17,,5.52,5.89,5.97,
1972-01-18,,5.56,5.92,5.98,
1972-01-19,,5.64,5.96,6.0,
1972-01-20,,5.66,5.98,6.01,
1972-01-21,,5.68,5.99,6.03,
1972-01-24,,5.72,6.02,6.04,
1972-01-25,,5.68,6.02,6.02,
1972-01-26,,5.66,6.01,6.01,
1972-01-27,,5.72,6.05,6.06,
1972-01-28,,5.74,6.08,6.09,
1972-01-31,,5.75,6.09,6.09,
1972-02-01,,5.78,6.09,6.1,
1972-02-02,,5.75,6.08,6.09,
1972-02-03,,5.77,6.08,6.09,
1972-02-04,,5.72,6.08,6.09,
1972-02-07,,5.73,6.09,6.09,
1972-02-08,,5.74,6.11,6.1,
1972-02-09,,5.73,6.12,6.1,
1972-02-10,,5.69,6.11,6.1,
1972-02-11,,5.7,6.12,6.09,
1972-02-14,,5.68,6.1,6.07,
1972-02-15,,5.67,6.1,6.06,
1972-02-16,,5.63,6.08,6.04,
1972-02-17,,5.63,6.06,6.03,
1972-02-18,,5.64,6.06,6.03,
1972-02-21,,,,,
1972-02-22,,5.64,6.06,6.02,
1972-02-23,,5.68,6.07,6.02,
1972-02-24,,5.66,6.07,6.03,
1972-02-25,,5.65,6.06,6.02,
1972-02-28,,5.66,6.04,6.02,
1972-02-29,,5.68,6.04,6.03,
1972-03-01,,5.66,6.04,6.02,
1972-03-02,,5.62,6.03,6.02,
1972-03-03,,5.64,6.02,6.01,
1972-03-06,,5.66,6.01,6.01,
1972-03-07,,5.68,6.02,6.02,
1972-03-08,,5.7,6.02,6.02,
1972-03-09,,5.74,6.02,6.02,
1972-03-10,,5.81,6.03,6.03,
1972-03-13,,5.9,6.07,6.05,
1972-03-14,,5.91,6.06,6.06,
1972-03-15,,5.98,6.11,6.08,
1972-03-16,,5.94,6.08,6.08,
1972-03-17,,5.98,6.08,6.07,
1972-03-20,,5.97,6.09,6.08,
1972-03-21,,5.92,6.08,6.07,
1972-03-22,,5.88,6.08,6.07,
1972-03-23,,5.95,6.1,6.08,
1972-03-24,,6.0,6.12,6.1,
1972-03-27,,5.99,6.1,6.09,
1972-03-28,,6.03,6.11,6.1,
1972-03-29,,6.09,6.12,6.1,
1972-03-30,,6.1,6.12,6.11,
1972-03-31,,,,,
1972-04-03,,6.15,6.14,6.09,
1972-04-04,,6.24,6.18,6.13,
1972-04-05,,6.21,6.18,6.13,
1972-04-06,,6.22,6.18,6.14,
1972-04-07,,6.22,6.18,6.14,
1972-04-10,,6.18,6.17,6.14,
1972-04-11,,6.23,6.18,6.16,
1972-04-12,,6.28,6.21,6.19,
1972-04-13,,6.28,6.25,6.22,
1972-04-14,,6.23,6.25,6.22,
1972-04-17,,6.21,6.24,6.21,
1972-04-18,,6.2,6.24,6.21,
1972-04-19,,6.2,6.22,6.19,
1972-04-20,,6.18,6.21,6.18,
1972-04-21,,6.18,6.2,6.18,
1972-04-24,,6.17,6.21,6.18,
1972-04-25,,6.14,6.21,6.18,
1972-04-26,,6.1,6.19,6.17,
1972-04-27,,5.9,6.11,6.11,
1972-04-28,,5.89,6.14,6.12,
1972-05-01,,5.85,6.14,6.12,
1972-05-02,,5.88,6.16,6.12,
1972-05-03,,5.91,6.17,6.13,
1972-05-04,,5.92,6.17,6.14,
1972-05-05,,5.91,6.17,6.14,
1972-05-08,,5.92,6.17,6.13,
1972-05-09,,5.95,6.2,6.15,
1972-05-10,,5.92,6.19,6.13,
1972-05-11,,5.9,6.19,6.12,
1972-05-12,,5.85,6.16,6.1,
1972-05-15,,5.84,6.16,6.09,
1972-05-16,,5.86,6.16,6.08,
1972-05-17,,5.88,6.15,6.07,
1972-05-18,,5.86,6.13,6.05,
1972-05-19,,5.84,6.1,6.03,
1972-05-22,,5.81,6.07,6.01,
1972-05-23,,5.78,6.05,5.99,
1972-05-24,,5.8,6.06,5.99,
1972-05-25,,5.77,6.04,5.98,
1972-05-26,,5.77,6.04,5.98,
1972-05-29,,,,,
1972-05-30,,5.75,6.05,5.96,
1972-05-31,,5.79,6.05,5.96,
1972-06-01,,5.82,6.07,5.98,
1972-06-02,,5.84,6.09,5.99,
1972-06-05,,5.86,6.1,5.99,
1972-06-06,,5.88,6.13,6.01,
1972-06-07,,5.86,6.12,6.02,
1972-06-08,,5.87,6.12,6.02,
1972-06-09,,5.86,6.11,6.01,
1972-06-12,,5.86,6.1,6.01,
1972-06-13,,5.87,6.1,6.01,
1972-06-14,,5.86,6.1,6.01,
1972-06-15,,5.86,6.1,6.0,
1972-06-16,,5.89,6.1,6.0,
1972-06-19,,5.88,6.08,6.0,
1972-06-20,,5.9,6.08,5.99,
1972-06-21,,5.94,6.09,6.0,
1972-06-22,,5.98,6.11,6.0,
1972-06-23,,5.98,6.1,6.01,
1972-06-26,,6.0,6.12,6.02,
1972-06-27,,5.98,6.12,6.02,
1972-06-28,,5.96,6.12,6.03,
1972-06-29,,6.0,6.14,6.04,
1972-06-30,,6.0,6.15,6.05,
1972-07-03,,6.0,6.14,6.05,
1972-07-04,,,,,
1972-07-05,,5.96,6.13,6.04,
1972-07-06,,5.93,6.13,6.03,
1972-07-07,,5.98,6.13,6.03,
1972-07-10,,5.98,6.13,6.04,
1972-07-11,,5.98,6.13,6.02,
1972-07-12,,5.97,6.12,6.02,
1972-07-13,,5.96,6.11,6.01,
1972-07-14,,5.93,6.1,6.0,
1972-07-17,,5.94,6.11,6.0,
1972-07-18,,5.96,6.11,6.01,
1972-07-19,,5.94,6.09,6.0,
1972-07-20,,5.97,6.09,6.0,
1972-07-21,,5.99,6.1,6.0,
1972-07-24,,5.99,6.1,6.0,
1972-07-25,,5.98,6.09,5.99,
1972-07-26,,5.98,6.08,5.97,
1972-07-27,,6.02,6.13,5.99,
1972-07-28,,6.0,6.12,5.98,
1972-07-31,,5.98,6.12,5.98,
1972-08-01,,5.98,6.14,5.97,
1972-08-02,,5.95,6.14,5.96,
1972-08-03,,5.96,6.15,5.96,
1972-08-04,,5.98,6.16,5.96,
1972-08-07,,5.98,6.16,5.96,
1972-08-08,,5.97,6.15,5.94,
1972-08-09,,5.94,6.14,5.92,
1972-08-10,,5.95,6.14,5.92,
1972-08-11,,5.95,6.14,5.92,
1972-08-14,,5.96,6.16,5.93,
1972-08-15,,5.96,6.17,5.92,
1972-08-16,,5.96,6.18,5.92,
1972-08-17,,5.96,6.2,5.92,
1972-08-18,,5.98,6.21,5.93,
1972-08-21,,5.98,6.21,5.93,
1972-08-22,,5.99,6.2,5.91,
1972-08-23,,6.02,6.22,5.92,
1972-08-24,,6.04,6.23,5.92,
1972-08-25,,6.13,6.26,5.93,
1972-08-28,,6.17,6.3,5.95,
1972-08-29,,6.19,6.34,5.95,
1972-08-30,,6.22,6.42,5.99,
1972-08-31,,6.21,6.42,5.99,
1972-09-01,,6.2,6.43,5.98,
1972-09-04,,,,,
1972-09-05,,6.24,6.46,5.98,
1972-09-06,,6.26,6.49,6.0,
1972-09-07,,6.28,6.52,6.01,
1972-09-08,,6.3,6.56,6.04,
1972-09-11,,6.28,6.54,6.02,
1972-09-12,,6.28,6.54,6.02,
1972-09-13,,6.31,6.54,6.02,
1972-09-14,,6.32,6.57,6.04,
1972-09-15,,6.27,6.56,6.04,
1972-09-18,,6.22,6.55,6.04,
1972-09-19,,6.22,6.55,6.04,
1972-09-20,,6.23,6.56,6.06,
1972-09-21,,6.25,6.59,6.09,
1972-09-22,,6.28,6.62,6.11,
1972-09-25,,6.27,6.62,6.12,
1972-09-26,,6.22,6.6,6.13,
1972-09-27,,6.21,6.59,6.13,
1972-09-28,,6.19,6.56,6.12,
1972-09-29,,6.18,6.54,6.09,
1972-10-02,,6.17,6.54,6.09,
1972-10-03,,6.23,6.54,6.09,
1972-10-04,,6.2,6.53,6.07,
1972-10-05,,6.19,6.53,6.06,
1972-10-06,,6.18,6.52,6.05,
1972-10-09,,,,,
1972-10-10,,6.15,6.48,6.02,
1972-10-11,,6.16,6.47,6.0,
1972-10-12,,6.19,6.5,6.01,
1972-10-13,,6.19,6.5,6.02,
1972-10-16,,6.17,6.49,6.01,
1972-10-17,,6.17,6.49,6.0,
1972-10-18,,6.19,6.49,6.0,
1972-10-19,,6.19,6.48,5.99,
1972-10-20,,6.19,6.47,5.99,
1972-10-23,,,,,
1972-10-24,,6.16,6.45,5.97,
1972-10-25,,6.17,6.44,5.96,
1972-10-26,,6.16,6.42,5.95,
1972-10-27,,6.18,6.42,5.9,
1972-10-30,,6.2,6.42,5.94,
1972-10-31,,6.2,6.41,5.93,
1972-11-01,,6.2,6.39,5.89,
1972-11-02,,6.15,6.34,5.85,
1972-11-03,,6.13,6.3,5.82,
1972-11-06,,6.11,6.27,5.81,
1972-11-07,,,,,
1972-11-08,,6.15,6.3,5.8,
1972-11-09,,6.16,6.3,5.79,
1972-11-10,,6.15,6.3,5.78,
1972-11-13,,6.11,6.27,5.77,
1972-11-14,,6.1,6.26,5.75,
1972-11-15,,6.06,6.23,5.71,
1972-11-16,,6.08,6.24,5.73,
1972-11-17,,6.1,6.24,5.73,
1972-11-20,,6.08,6.23,5.73,
1972-11-21,,6.09,6.26,5.76,
1972-11-22,,6.09,6.27,5.77,
1972-11-23,,,,,
1972-11-24,,6.1,6.27,5.78,
1972-11-27,,6.13,6.3,5.81,
1972-11-28,,6.12,6.29,5.81,
1972-11-29,,6.1,6.27,5.8,
1972-11-30,,6.12,6.28,5.82,
1972-12-01,,6.12,6.29,5.84,
1972-12-04,,6.13,6.3,5.84,
1972-12-05,,6.14,6.31,5.86,
1972-12-06,,6.13,6.31,5.87,
1972-12-07,,6.12,6.31,5.88,
1972-12-08,,6.14,6.32,5.89,
1972-12-11,,6.15,6.34,5.91,
1972-12-12,,6.13,6.35,5.92,
1972-12-13,,6.12,6.35,5.93,
1972-12-14,,6.11,6.35,5.94,
1972-12-15,,6.11,6.35,5.95,
1972-12-18,,6.18,6.38,6.0,
1972-12-19,,6.18,6.4,6.04,
1972-12-20,,6.18,6.4,6.05,
1972-12-21,,6.17,6.4,6.04,
1972-12-22,,6.19,6.4,6.04,
1972-12-25,,,,,
1972-12-26,,6.19,6.39,6.03,
1972-12-27,,6.2,6.4,6.03,
1972-12-28,,6.22,6.41,6.03,
1972-12-29,,6.26,6.41,6.03,
1973-01-01,,,,,
1973-01-02,,6.29,6.43,6.05,
1973-01-03,,6.26,6.42,6.04,
1973-01-04,,6.23,6.4,6.78,
1973-01-05,,6.27,6.42,6.81,
1973-01-08,,6.3,6.43,6.84,
1973-01-09,,6.3,6.42,6.84,
1973-01-10,,6.31,6.43,6.85,
1973-01-11,,6.31,6.43,6.85,
1973-01-12,,6.33,6.44,6.86,
1973-01-15,,6.31,6.44,6.85,
1973-01-16,,6.32,6.44,6.85,
1973-01-17,,6.3,6.45,6.85,
1973-01-18,,6.32,6.46,6.86,
1973-01-19,,6.36,6.49,6.87,
1973-01-22,,6.38,6.5,6.88,
1973-01-23,,6.35,6.48,6.84,
1973-01-24,,6.39,6.49,6.86,
1973-01-25,,6.41,6.51,6.87,
1973-01-26,,6.44,6.53,6.88,
1973-01-29,,6.44,6.55,6.88,
1973-01-30,,6.44,6.52,6.87,
1973-01-31,,6.45,6.54,6.86,
1973-02-01,,6.56,6.6,6.87,
1973-02-02,,6.58,6.64,6.9,
1973-02-05,,6.58,6.64,6.89,
1973-02-06,,6.58,6.64,6.9,
1973-02-07,,6.57,6.64,6.89,
1973-02-08,,6.55,6.66,6.89,
1973-02-09,,6.51,6.63,6.87,
1973-02-12,,,,,
1973-02-13,,6.54,6.61,6.85,
1973-02-14,,6.54,6.62,6.85,
1973-02-15,,6.53,6.62,6.84,
1973-02-16,,6.55,6.63,6.85,
1973-02-19,,,,,
1973-02-20,,6.65,6.66,6.88,
1973-02-21,,6.65,6.66,6.9,
1973-02-22,,6.64,6.65,6.89,
1973-02-23,,6.6,6.61,6.87,
1973-02-26,,6.72,6.65,6.9,
1973-02-27,,6.72,6.64,6.9,
1973-02-28,,6.73,6.64,6.9,
1973-03-01,,6.72,6.65,6.9,
1973-03-02,,6.77,6.67,6.91,
1973-03-05,,6.79,6.68,6.91,
1973-03-06,,6.83,6.68,6.91,
1973-03-07,,6.8,6.66,6.9,
1973-03-08,,6.83,6.67,6.9,
1973-03-09,,6.83,6.68,6.91,
1973-03-12,,6.84,6.68,6.92,
1973-03-13,,6.81,6.7,6.92,
1973-03-14,,6.82,6.71,6.92,
1973-03-15,,6.85,6.73,6.93,
1973-03-16,,6.92,6.77,6.95,
1973-03-19,,6.85,6.75,6.93,
1973-03-20,,6.85,6.76,6.94,
1973-03-21,,6.83,6.76,6.92,
1973-03-22,,6.84,6.76,6.92,
1973-03-23,,6.84,6.76,6.91,
1973-03-26,,6.76,6.73,6.89,
1973-03-27,,6.74,6.72,6.88,
1973-03-28,,6.69,6.67,6.87,
1973-03-29,,6.68,6.68,6.85,
1973-03-30,,6.81,6.73,6.89,
1973-04-02,,6.81,6.74,6.9,
1973-04-03,,6.77,6.73,6.88,
1973-04-04,,6.71,6.7,6.87,
1973-04-05,,6.7,6.68,6.87,
1973-04-06,,6.59,6.64,6.82,
1973-04-09,,6.55,6.62,6.81,
1973-04-10,,6.58,6.64,6.84,
1973-04-11,,6.63,6.65,6.85,
1973-04-12,,6.64,6.66,6.85,
1973-04-13,,6.55,6.63,6.84,
1973-04-16,,6.57,6.62,6.83,
1973-04-17,,6.66,6.64,6.84,
1973-04-18,,6.67,6.64,6.85,
1973-04-19,,6.71,6.66,6.85,
1973-04-20,,,,,
1973-04-23,,6.76,6.73,6.87,
1973-04-24,,6.73,6.66,6.86,
1973-04-25,,6.72,6.66,6.87,
1973-04-26,,6.67,6.68,6.9,
1973-04-27,,6.7,6.69,6.91,
1973-04-30,,6.73,6.7,6.91,
1973-05-01,,6.77,6.72,6.92,
1973-05-02,,6.78,6.76,6.94,
1973-05-03,,6.8,6.77,6.96,
1973-05-04,,6.83,6.79,6.97,
1973-05-07,,6.83,6.81,6.98,
1973-05-08,,6.8,6.8,6.98,
1973-05-09,,6.78,6.8,6.98,
1973-05-10,,6.77,6.81,6.97,
1973-05-11,,6.81,6.82,6.98,
1973-05-14,,6.8,6.83,6.98,
1973-05-15,,6.78,6.86,6.98,
1973-05-16,,6.76,6.84,6.97,
1973-05-17,,6.81,6.85,6.98,
1973-05-18,,6.83,6.86,7.0,
1973-05-21,,6.86,6.89,7.02,
1973-05-22,,6.86,6.9,7.02,
1973-05-23,,6.84,6.92,7.04,
1973-05-24,,6.8,6.91,7.03,
1973-05-25,,6.78,6.91,7.02,
1973-05-28,,,,,
1973-05-29,,6.8,6.93,7.03,
1973-05-30,,6.8,6.93,7.04,
1973-05-31,,6.78,6.93,7.05,
1973-06-01,,6.78,6.96,7.07,
1973-06-04,,6.8,6.98,7.1,
1973-06-05,,6.7,6.95,7.07,
1973-06-06,,6.57,6.89,7.03,
1973-06-07,,6.61,6.89,7.02,
1973-06-08,,6.59,6.87,7.01,
1973-06-11,,6.62,6.87,7.03,
1973-06-12,,6.61,6.86,7.02,
1973-06-13,,6.62,6.85,7.01,
1973-06-14,,6.62,6.85,7.02,
1973-06-15,,6.63,6.86,7.02,
1973-06-18,,6.65,6.87,7.05,
1973-06-19,,6.66,6.87,7.05,
1973-06-20,,6.66,6.89,7.07,
1973-06-21,,6.67,6.89,7.07,
1973-06-22,,6.7,6.91,7.08,
1973-06-25,,6.74,6.93,7.1,
1973-06-26,,6.76,6.93,7.11,
1973-06-27,,6.78,6.92,7.11,
1973-06-28,,6.82,6.92,7.11,
1973-06-29,,6.9,6.94,7.13,
1973-07-02,,7.0,7.01,7.17,
1973-07-03,,7.03,7.01,7.17,
1973-07-04,,,,,
1973-07-05,,7.02,7.01,7.14,
1973-07-06,,7.07,7.03,7.17,
1973-07-09,,7.18,7.05,7.2,
1973-07-10,,7.11,7.05,7.19,
1973-07-11,,7.11,7.05,7.19,
1973-07-12,,7.12,7.04,7.2,
1973-07-13,,7.17,7.05,7.21,
1973-07-16,,7.21,7.06,7.21,
1973-07-17,,7.22,7.06,7.21,
1973-07-18,,7.26,7.07,7.25,
1973-07-19,,7.39,7.11,7.29,
1973-07-20,,7.48,7.17,7.31,
1973-07-23,,7.45,7.17,7.31,
1973-07-24,,7.5,7.19,7.33,
1973-07-25,,7.56,7.19,7.34,
1973-07-26,,7.7,7.28,7.46,
1973-07-27,,7.78,7.35,7.53,
1973-07-30,,7.8,7.37,7.56,
1973-07-31,,7.87,7.43,7.63,
1973-08-01,,7.94,7.55,7.78,
1973-08-02,,7.86,7.52,7.77,
1973-08-03,,7.98,7.53,7.79,
1973-08-06,,8.06,7.54,7.8,
1973-08-07,,8.13,7.58,7.83,
1973-08-08,,7.97,7.52,7.79,
1973-08-09,,8.01,7.54,7.78,
1973-08-10,,7.96,7.52,7.76,
1973-08-13,,7.84,7.47,7.72,
1973-08-14,,7.81,7.46,7.73,
1973-08-15,,7.71,7.45,7.69,
1973-08-16,,7.54,7.37,7.57,
1973-08-17,,7.41,7.28,7.52,
1973-08-20,,7.5,7.38,7.58,
1973-08-21,,7.47,7.36,7.56,
1973-08-22,,7.51,7.39,7.57,
1973-08-23,,7.31,7.31,7.49,
1973-08-24,,7.15,7.23,7.41,
1973-08-27,,7.23,7.26,7.44,
1973-08-28,,7.31,7.29,7.47,
1973-08-29,,7.22,7.26,7.38,
1973-08-30,,7.26,7.25,7.36,
1973-08-31,,7.28,7.25,7.35,
1973-09-03,,,,,
1973-09-04,,7.22,7.21,7.3,
1973-09-05,,7.12,7.11,7.22,
1973-09-06,,7.12,7.1,7.23,
1973-09-07,,7.1,7.11,7.23,
1973-09-10,,7.23,7.16,7.25,
1973-09-11,,7.33,7.19,7.32,
1973-09-12,,7.33,7.2,7.35,
1973-09-13,,7.36,7.21,7.38,
1973-09-14,,7.29,7.21,7.38,
1973-09-17,,7.11,7.16,7.35,
1973-09-18,,6.99,7.08,7.34,
1973-09-19,,7.02,7.1,7.33,
1973-09-20,,6.95,7.09,7.31,
1973-09-21,,6.91,7.02,7.23,
1973-09-24,,6.81,7.0,7.18,
1973-09-25,,6.79,6.96,7.12,
1973-09-26,,6.82,6.97,7.13,
1973-09-27,,6.8,6.94,7.1,
1973-09-28,,6.72,6.9,7.05,
1973-10-01,,6.75,6.91,7.09,
1973-10-02,,6.88,6.89,7.13,
1973-10-03,,6.82,6.9,7.15,
1973-10-04,,6.88,6.88,7.15,
1973-10-05,,6.72,6.86,7.11,
1973-10-08,,,,,
1973-10-09,,6.68,6.78,7.05,
1973-10-10,,6.74,6.77,7.06,
1973-10-11,,6.74,6.78,7.1,
1973-10-12,,6.68,6.75,7.09,
1973-10-15,,6.75,6.77,7.14,
1973-10-16,,6.8,6.81,7.19,
1973-10-17,,6.79,6.82,7.24,
1973-10-18,,6.77,6.81,7.25,
1973-10-19,,6.75,6.8,7.22,
1973-10-22,,,,,
1973-10-23,,6.8,6.8,7.24,
1973-10-24,,6.81,6.75,7.23,
1973-10-25,,6.76,6.73,7.3,
1973-10-26,,6.76,6.72,7.27,
1973-10-29,,6.77,6.72,7.27,
1973-10-30,,6.75,6.72,7.26,
1973-10-31,,6.8,6.71,7.3,
1973-11-01,,6.83,6.71,7.28,
1973-11-02,,6.85,6.72,7.28,
1973-11-05,,7.0,6.74,7.33,
1973-11-06,,,,,
1973-11-07,,6.98,6.76,7.33,
1973-11-08,,6.91,6.77,7.32,
1973-11-09,,6.93,6.76,7.32,
1973-11-12,,7.03,6.76,7.34,
1973-11-13,,7.16,6.76,7.38,
1973-11-14,,7.19,6.79,7.39,
1973-11-15,,7.1,6.76,7.36,
1973-11-16,,7.05,6.72,7.33,
1973-11-19,,6.91,6.71,7.29,
1973-11-20,,6.9,6.72,7.29,
1973-11-21,,6.8,6.71,7.25,
1973-11-22,,,,,
1973-11-23,,6.81,6.7,7.25,
1973-11-26,,6.76,6.69,7.23,
1973-11-27,,6.77,6.7,7.24,
1973-11-28,,6.8,6.7,7.24,
1973-11-29,,6.8,6.7,7.24,
1973-11-30,,6.77,6.69,7.22,
1973-12-03,,6.84,6.69,7.24,
1973-12-04,,6.85,6.69,7.25,
1973-12-05,,6.9,6.72,7.31,
1973-12-06,,6.91,6.75,7.31,
1973-12-07,,6.88,6.74,7.3,
1973-12-10,,6.72,6.71,7.25,
1973-12-11,,6.77,6.69,7.27,
1973-12-12,,6.73,6.69,7.24,
1973-12-13,,6.76,6.68,7.24,
1973-12-14,,6.74,6.68,7.24,
1973-12-17,,6.71,6.67,7.23,
1973-12-18,,6.75,6.68,7.23,
1973-12-19,,6.75,6.71,7.26,
1973-12-20,,6.73,6.73,7.28,
1973-12-21,,6.75,6.78,7.33,
1973-12-24,,,,,
1973-12-25,,,,,
1973-12-26,,6.87,6.83,7.38,
1973-12-27,,6.84,6.88,7.39,
1973-12-28,,6.81,6.91,7.38,
1973-12-31,,6.83,6.9,7.38,
1974-01-01,,,,,
1974-01-02,,6.86,6.94,7.41,
1974-01-03,,6.83,6.96,7.4,
1974-01-04,,6.83,6.94,7.4,
1974-01-07,,6.86,6.96,7.44,
1974-01-08,,6.87,6.96,7.47,
1974-01-09,,6.87,6.96,7.46,
1974-01-10,,6.91,7.0,7.48,
1974-01-11,,6.96,7.01,7.49,
1974-01-14,,6.98,7.01,7.5,
1974-01-15,,6.94,6.99,7.51,
1974-01-16,,6.96,6.99,7.51,
1974-01-17,,6.93,6.97,7.47,
1974-01-18,,6.94,6.98,7.47,
1974-01-21,,6.99,6.99,7.49,
1974-01-22,,7.05,7.0,7.49,
1974-01-23,,7.08,7.01,7.5,
1974-01-24,,7.06,7.02,7.5,
1974-01-25,,7.06,7.02,7.5,
1974-01-28,,7.01,7.01,7.49,
1974-01-29,,7.0,7.02,7.5,
1974-01-30,,6.97,7.01,7.49,
1974-01-31,,6.91,7.0,7.48,
1974-02-01,,6.85,7.0,7.47,
1974-02-04,,6.8,6.98,7.45,
1974-02-05,,6.8,6.95,7.43,
1974-02-06,,6.77,6.93,7.41,
1974-02-07,,6.82,6.93,7.43,
1974-02-08,,6.79,6.93,7.42,
1974-02-11,,6.78,6.93,7.43,
1974-02-12,,,,,
1974-02-13,,6.76,6.93,7.42,
1974-02-14,,6.72,6.93,7.41,
1974-02-15,,6.74,6.93,7.43,
1974-02-18,,,,,
1974-02-19,,6.76,6.93,7.44,
1974-02-20,,6.77,6.96,7.47,
1974-02-21,,6.81,6.98,7.5,
1974-02-22,,6.82,6.97,7.48,
1974-02-25,,6.83,6.96,7.47,
1974-02-26,,6.94,6.98,7.51,
1974-02-27,,6.96,7.0,7.54,
1974-02-28,,6.98,7.01,7.57,
1974-03-01,,7.06,7.08,7.63,
1974-03-04,,7.08,7.09,7.65,
1974-03-05,,7.08,7.1,7.63,
1974-03-06,,7.02,7.09,7.58,
1974-03-07,,7.01,7.06,7.57,
1974-03-08,,7.09,7.06,7.6,
1974-03-11,,7.12,7.08,7.63,
1974-03-12,,7.12,7.09,7.63,
1974-03-13,,7.16,7.13,7.67,
1974-03-14,,7.14,7.13,7.66,
1974-03-15,,7.22,7.18,7.71,
1974-03-18,,7.32,7.23,7.78,
1974-03-19,,7.33,7.24,7.76,
1974-03-20,,7.4,7.27,7.79,
1974-03-21,,7.56,7.3,7.82,
1974-03-22,,7.65,7.35,7.83,
1974-03-25,,7.68,7.39,7.87,
1974-03-26,,7.62,7.38,7.86,
1974-03-27,,7.59,7.35,7.84,
1974-03-28,,7.67,7.38,7.85,
1974-03-29,,7.65,7.41,7.89,
1974-04-01,,7.67,7.42,7.9,
1974-04-02,,7.71,7.43,7.92,
1974-04-03,,7.75,7.43,7.93,
1974-04-04,,7.88,7.51,8.01,
1974-04-05,,7.97,7.54,8.03,
1974-04-08,,7.92,7.5,8.01,
1974-04-09,,7.92,7.49,8.0,
1974-04-10,,7.84,7.46,7.97,
1974-04-11,,7.83,7.45,7.97,
1974-04-12,,,,,
1974-04-15,,7.75,7.42,7.93,
1974-04-16,,7.88,7.43,7.93,
1974-04-17,,7.88,7.45,7.92,
1974-04-18,,7.97,7.5,7.94,
1974-04-19,,7.93,7.51,7.95,
1974-04-22,,7.95,7.52,7.96,
1974-04-23,,7.96,7.54,8.04,
1974-04-24,,7.95,7.58,8.07,
1974-04-25,,8.04,7.63,8.12,
1974-04-26,,8.11,7.64,8.17,
1974-04-29,,8.2,7.65,8.22,
1974-04-30,,8.21,7.66,8.19,
1974-05-01,,8.16,7.62,8.16,
1974-05-02,,8.2,7.58,8.1,
1974-05-03,,8.35,7.65,8.22,
1974-05-06,,8.42,7.65,8.23,
1974-05-07,,8.56,7.65,8.21,
1974-05-08,,8.46,7.65,8.16,
1974-05-09,,8.47,7.7,8.17,
1974-05-10,,8.19,7.63,8.11,
1974-05-13,,8.06,7.54,8.09,
1974-05-14,,8.13,7.57,8.12,
1974-05-15,,8.1,7.55,8.12,
1974-05-16,,8.12,7.54,8.12,
1974-05-17,,8.21,7.57,8.14,
1974-05-20,,8.21,7.58,8.17,
1974-05-21,,8.13,7.57,8.17,
1974-05-22,,8.07,7.56,8.16,
1974-05-23,,7.98,7.52,8.11,
1974-05-24,,7.94,7.49,8.09,
1974-05-27,,,,,
1974-05-28,,8.05,7.5,8.12,
1974-05-29,,8.06,7.52,8.15,
1974-05-30,,8.02,7.51,8.13,
1974-05-31,,8.06,7.52,8.13,
1974-06-03,,8.11,7.53,8.14,
1974-06-04,,8.02,7.52,8.13,
1974-06-05,,8.04,7.52,8.12,
1974-06-06,,8.0,7.5,8.09,
1974-06-07,,7.93,7.46,8.05,
1974-06-10,,7.93,7.47,8.03,
1974-06-11,,7.95,7.48,8.04,
1974-06-12,,8.03,7.5,8.06,
1974-06-13,,8.1,7.5,8.07,
1974-06-14,,8.06,7.5,8.08,
1974-06-17,,8.01,7.49,8.09,
1974-06-18,,8.06,7.52,8.09,
1974-06-19,,8.06,7.52,8.1,
1974-06-20,,8.07,7.55,8.1,
1974-06-21,,8.1,7.55,8.11,
1974-06-24,,8.22,7.58,8.13,
1974-06-25,,8.29,7.62,8.15,
1974-06-26,,8.25,7.62,8.17,
1974-06-27,,8.36,7.64,8.17,
1974-06-28,,8.33,7.64,8.17,
1974-07-01,,8.38,7.65,8.18,
1974-07-02,,8.35,7.65,8.18,
1974-07-03,,8.43,7.7,8.22,
1974-07-04,,,,,
1974-07-05,,8.51,7.71,8.23,
1974-07-08,,8.63,7.77,8.27,
1974-07-09,,8.63,7.81,8.3,
1974-07-10,,8.58,7.82,8.32,
1974-07-11,,8.54,7.84,8.33,
1974-07-12,,8.41,7.85,8.3,
1974-07-15,,8.42,7.86,8.31,
1974-07-16,,8.42,7.88,8.32,
1974-07-17,,8.38,7.91,8.32,
1974-07-18,,8.38,7.9,8.31,
1974-07-19,,8.29,7.87,8.28,
1974-07-22,,8.18,7.77,8.22,
1974-07-23,,8.15,7.79,8.22,
1974-07-24,,8.06,7.76,8.2,
1974-07-25,,8.04,7.75,8.16,
1974-07-26,,8.24,7.79,8.2,
1974-07-29,,8.32,7.85,8.25,
1974-07-30,,8.47,7.89,8.32,
1974-07-31,,8.46,7.89,8.33,
1974-08-01,,8.57,7.92,8.49,
1974-08-02,,8.68,7.96,8.51,
1974-08-05,,8.61,7.99,8.54,
1974-08-06,,8.53,7.97,8.51,
1974-08-07,,8.62,7.97,8.52,
1974-08-08,,8.59,7.97,8.58,
1974-08-09,,8.62,8.03,8.56,
1974-08-12,,8.58,8.05,8.62,
1974-08-13,,8.6,8.06,8.63,
1974-08-14,,8.58,8.05,8.62,
1974-08-15,,8.57,8.02,8.58,
1974-08-16,,8.53,8.0,8.57,
1974-08-19,,8.53,7.98,8.55,
1974-08-20,,8.56,7.99,8.58,
1974-08-21,,8.65,8.05,8.62,
1974-08-22,,8.74,8.09,8.65,
1974-08-23,,8.79,8.15,8.7,
1974-08-26,,8.77,8.16,8.72,
1974-08-27,,8.72,8.15,8.71,
1974-08-28,,8.71,8.15,8.68,
1974-08-29,,8.68,8.15,8.67,
1974-08-30,,8.63,8.11,8.64,
1974-09-02,,,,,
1974-09-03,,8.65,8.11,8.64,
1974-09-04,,8.63,8.12,8.67,
1974-09-05,,8.59,8.1,8.65,
1974-09-06,,8.57,8.09,8.64,
1974-09-09,,8.49,8.02,8.57,
1974-09-10,,8.5,8.04,8.6,
1974-09-11,,8.49,8.05,8.59,
1974-09-12,,8.57,8.13,8.62,
1974-09-13,,8.53,8.13,8.64,
1974-09-16,,8.45,8.1,8.64,
1974-09-17,,8.41,8.09,8.65,
1974-09-18,,8.35,8.08,8.64,
1974-09-19,,8.3,8.04,8.63,
1974-09-20,,8.26,8.02,8.59,
1974-09-23,,8.15,7.91,8.52,
1974-09-24,,8.16,7.94,8.54,
1974-09-25,,8.16,7.94,8.55,
1974-09-26,,8.11,7.96,8.55,
1974-09-27,,8.07,7.94,8.48,
1974-09-30,,8.05,7.94,8.49,
1974-10-01,,8.11,7.97,8.52,
1974-10-02,,8.13,7.98,8.54,
1974-10-03,,8.14,8.04,8.59,
1974-10-04,,8.05,8.02,8.57,
1974-10-07,,7.98,8.01,8.49,
1974-10-08,,7.97,7.95,8.44,
1974-10-09,,8.02,7.95,8.47,
1974-10-10,,7.99,7.93,8.44,
1974-10-11,,7.93,7.88,8.35,
1974-10-14,,,,,
1974-10-15,,7.92,7.87,8.31,
1974-10-16,,7.96,7.87,8.35,
1974-10-17,,7.98,7.88,8.37,
1974-10-18,,7.88,7.86,8.34,
1974-10-21,,7.85,7.81,8.29,
1974-10-22,,7.86,7.81,8.29,
1974-10-23,,7.88,7.85,8.31,
1974-10-24,,7.9,7.87,8.32,
1974-10-25,,7.92,7.86,8.28,
1974-10-28,,7.98,7.88,8.29,
1974-10-29,,7.95,7.84,8.25,
1974-10-30,,7.95,7.81,8.15,
1974-10-31,,7.94,7.79,8.12,
1974-11-01,,7.95,7.8,8.13,
1974-11-04,,7.91,7.8,8.12,
1974-11-05,,,,,
1974-11-06,,7.87,7.76,8.09,
1974-11-07,,7.81,7.74,8.04,
1974-11-08,,7.79,7.72,8.03,
1974-11-11,,,,,
1974-11-12,,7.76,7.78,7.98,
1974-11-13,,7.76,7.75,7.98,
1974-11-14,,7.7,7.72,7.95,
1974-11-15,,7.6,7.61,7.93,
1974-11-18,,7.61,7.63,7.94,
1974-11-19,,7.6,7.63,7.93,
1974-11-20,,7.55,7.59,7.94,
1974-11-21,,7.55,7.6,7.95,
1974-11-22,,7.54,7.6,7.94,
1974-11-25,,7.53,7.62,7.9,
1974-11-26,,7.56,7.63,7.96,
1974-11-27,,7.56,7.64,7.96,
1974-11-28,,,,,
1974-11-29,,7.56,7.64,7.96,
1974-12-02,,7.6,7.71,8.0,
1974-12-03,,7.64,7.74,8.06,
1974-12-04,,7.57,7.68,8.01,
1974-12-05,,7.52,7.64,7.99,
1974-12-06,,7.47,7.59,7.98,
1974-12-09,,7.25,7.4,7.87,
1974-12-10,,7.27,7.42,7.88,
1974-12-11,,7.22,7.38,7.86,
1974-12-12,,7.26,7.39,7.85,
1974-12-13,,7.2,7.38,7.87,
1974-12-16,,7.21,7.34,7.86,
1974-12-17,,7.13,7.28,7.84,
1974-12-18,,7.09,7.25,7.84,
1974-12-19,,7.1,7.25,7.84,
1974-12-20,,7.1,7.27,7.84,
1974-12-23,,7.29,7.41,7.94,
1974-12-24,,7.33,7.43,7.92,
1974-12-25,,,,,
1974-12-26,,7.27,7.37,7.92,
1974-12-27,,7.27,7.39,7.9,
1974-12-30,,7.34,7.39,7.92,
1974-12-31,,7.36,7.4,7.93,
1975-01-01,,,,,
1975-01-02,,7.34,7.42,7.94,
1975-01-03,,7.36,7.43,7.92,
1975-01-06,,7.34,7.39,7.89,
1975-01-07,,7.35,7.38,7.89,
1975-01-08,,7.32,7.39,7.86,
1975-01-09,,7.29,7.35,7.78,
1975-01-10,,7.34,7.37,7.76,
1975-01-13,,7.4,7.46,7.84,
1975-01-14,,7.41,7.49,7.84,
1975-01-15,,7.49,7.54,7.88,
1975-01-16,,7.48,7.54,7.86,
1975-01-17,,7.45,7.53,7.85,
1975-01-20,,7.54,7.59,7.89,
1975-01-21,,7.48,7.55,7.86,
1975-01-22,,7.45,7.51,7.86,
1975-01-23,,7.5,7.57,7.93,
1975-01-24,,7.45,7.64,7.95,
1975-01-27,,7.44,7.61,7.94,
1975-01-28,,7.42,7.61,7.93,
1975-01-29,,7.38,7.59,7.92,
1975-01-30,,7.35,7.54,7.85,
1975-01-31,,7.34,7.53,7.82,
1975-02-03,,7.25,7.49,7.79,
1975-02-04,,7.19,7.47,7.79,
1975-02-05,,7.08,7.35,7.74,
1975-02-06,,7.11,7.43,7.72,
1975-02-07,,7.11,7.38,7.69,
1975-02-10,,7.22,7.45,7.74,
1975-02-11,,7.19,7.42,7.72,
1975-02-12,,,,,
1975-02-13,,7.19,7.44,7.8,
1975-02-14,,7.07,7.35,7.69,
1975-02-17,,,,,
1975-02-18,,7.0,7.28,7.64,
1975-02-19,,6.93,7.26,7.64,
1975-02-20,,7.0,7.3,7.64,
1975-02-21,,7.03,7.22,7.58,
1975-02-24,,7.03,7.36,7.66,
1975-02-25,,7.13,7.43,7.7,
1975-02-26,,7.2,7.5,7.75,
1975-02-27,,7.17,7.47,7.73,
1975-02-28,,7.13,7.46,7.72,
1975-03-03,,7.2,7.5,7.75,
1975-03-04,,7.22,7.53,7.78,
1975-03-05,,7.14,7.48,7.74,
1975-03-06,,7.16,7.49,7.72,
1975-03-07,,7.21,7.52,7.76,
1975-03-10,,7.25,7.56,7.78,
1975-03-11,,7.2,7.58,7.82,
1975-03-12,,7.2,7.58,7.84,
1975-03-13,,7.19,7.56,7.83,
1975-03-14,,7.21,7.58,7.86,
1975-03-17,,7.32,7.7,7.96,
1975-03-18,,7.31,7.7,7.97,
1975-03-19,,7.39,7.8,8.05,
1975-03-20,,7.37,7.95,8.3,
1975-03-21,,7.4,7.84,8.18,
1975-03-24,,7.45,8.05,8.31,
1975-03-25,,7.43,8.03,8.29,
1975-03-26,,7.46,8.02,8.28,
1975-03-27,,7.46,8.08,8.26,
1975-03-28,,,,,
1975-03-31,,7.5,8.01,8.24,
1975-04-01,,7.65,8.08,8.28,
1975-04-02,,7.82,8.22,8.35,
1975-04-03,,7.83,8.13,8.35,
1975-04-04,,7.84,8.15,8.38,
1975-04-07,,8.06,8.26,8.44,
1975-04-08,,7.97,8.21,8.38,
1975-04-09,,7.93,8.17,8.32,
1975-04-10,,7.97,8.19,8.33,
1975-04-11,,7.96,8.22,8.33,
1975-04-14,,7.9,8.16,8.3,
1975-04-15,,7.9,8.16,8.29,
1975-04-16,,7.9,8.15,8.27,
1975-04-17,,7.99,8.21,8.32,
1975-04-18,,8.05,8.27,8.36,
1975-04-21,,8.16,8.32,8.4,
1975-04-22,,8.13,8.32,8.4,
1975-04-23,,8.09,8.27,8.38,
1975-04-24,,8.07,8.25,8.36,
1975-04-25,,8.07,8.25,8.38,
1975-04-28,,8.17,8.35,8.47,
1975-04-29,,8.12,8.34,8.45,
1975-04-30,,8.12,8.31,8.44,
1975-05-01,,8.13,8.31,8.43,
1975-05-02,,7.86,8.11,8.28,
1975-05-05,,7.83,8.08,8.26,
1975-05-06,,7.89,8.11,8.27,
1975-05-07,,7.82,8.07,8.26,
1975-05-08,,7.78,8.09,8.22,
1975-05-09,,7.79,8.08,8.23,
1975-05-12,,7.74,8.07,8.22,
1975-05-13,,7.7,8.06,8.21,
1975-05-14,,7.64,8.02,8.16,
1975-05-15,,7.68,8.02,8.16,
1975-05-16,,7.64,8.01,8.16,
1975-05-19,,7.62,8.0,8.14,
1975-05-20,,7.59,7.98,8.14,
1975-05-21,,7.6,7.98,8.14,
1975-05-22,,7.63,8.02,8.2,
1975-05-23,,7.61,8.02,8.16,
1975-05-26,,,,,
1975-05-27,,7.6,7.98,8.21,
1975-05-28,,7.64,8.02,8.3,
1975-05-29,,7.72,8.18,8.26,
1975-05-30,,7.61,8.04,8.2,
1975-06-02,,7.62,8.02,8.22,
1975-06-03,,7.62,8.0,8.19,
1975-06-04,,7.57,7.99,8.16,
1975-06-05,,7.52,7.97,8.15,
1975-06-06,,7.48,7.88,8.06,
1975-06-09,,7.36,7.78,7.96,
1975-06-10,,7.35,7.77,7.95,
1975-06-11,,7.23,7.65,7.85,
1975-06-12,,7.24,7.67,8.02,
1975-06-13,,7.22,7.69,7.98,
1975-06-16,,7.21,7.66,7.94,
1975-06-17,,7.3,7.72,7.96,
1975-06-18,,7.41,7.83,8.04,
1975-06-19,,7.44,7.8,7.98,
1975-06-20,,7.62,7.94,8.03,
1975-06-23,,7.64,7.9,8.05,
1975-06-24,,7.64,7.9,8.04,
1975-06-25,,7.83,8.02,8.07,
1975-06-26,,7.85,7.98,8.09,
1975-06-27,,7.78,7.95,8.1,
1975-06-30,,7.82,7.96,8.09,
1975-07-01,,7.85,7.97,8.12,
1975-07-02,,7.88,8.05,8.16,
1975-07-03,,7.94,8.05,8.16,
1975-07-04,,,,,
1975-07-07,,7.93,8.06,8.18,
1975-07-08,,7.86,8.01,8.17,
1975-07-09,,7.88,8.02,8.17,
1975-07-10,,7.92,8.02,8.17,
1975-07-11,,7.82,7.99,8.12,
1975-07-14,,7.77,7.99,8.12,
1975-07-15,,7.82,7.98,8.1,
1975-07-16,,7.89,8.03,8.13,
1975-07-17,,7.88,8.04,8.14,
1975-07-18,,7.92,8.06,8.15,
1975-07-21,,7.97,8.07,8.18,
1975-07-22,,7.98,8.1,8.18,
1975-07-23,,7.96,8.09,8.18,
1975-07-24,,7.96,8.09,8.18,
1975-07-25,,8.0,8.12,8.2,
1975-07-28,,7.98,8.12,8.21,
1975-07-29,,8.0,8.13,8.21,
1975-07-30,,8.03,8.16,8.23,
1975-07-31,,8.07,8.2,8.31,
1975-08-01,,8.18,8.26,8.38,
1975-08-04,,8.26,8.37,8.46,
1975-08-05,,8.28,8.37,8.47,
1975-08-06,,8.29,8.4,8.5,
1975-08-07,,8.4,8.48,8.54,
1975-08-08,,8.32,8.4,8.47,
1975-08-11,,8.25,8.38,8.45,
1975-08-12,,8.34,8.4,8.48,
1975-08-13,,8.33,8.39,8.49,
1975-08-14,,8.39,8.45,8.54,
1975-08-15,,8.44,8.48,8.56,
1975-08-18,,8.4,8.46,8.55,
1975-08-19,,8.36,8.42,8.53,
1975-08-20,,8.38,8.42,8.51,
1975-08-21,,8.46,8.48,8.53,
1975-08-22,,8.4,8.46,8.53,
1975-08-25,,8.42,8.46,8.54,
1975-08-26,,8.34,8.4,8.52,
1975-08-27,,8.27,8.37,8.48,
1975-08-28,,8.22,8.28,8.45,
1975-08-29,,8.16,8.22,8.42,
1975-09-01,,,,,
1975-09-02,,8.2,8.26,8.44,
1975-09-03,,8.21,8.29,8.46,
1975-09-04,,8.22,8.29,8.46,
1975-09-05,,8.31,8.35,8.51,
1975-09-08,,8.31,8.36,8.54,
1975-09-09,,8.35,8.4,8.57,
1975-09-10,,8.41,8.46,8.6,
1975-09-11,,8.52,8.55,8.66,
1975-09-12,,8.53,8.57,8.68,
1975-09-15,,8.56,8.58,8.68,
1975-09-16,,8.56,8.59,8.71,
1975-09-17,,8.48,8.53,8.63,
1975-09-18,,8.45,8.5,8.6,
1975-09-19,,8.34,8.42,8.54,
1975-09-22,,8.22,8.38,8.52,
1975-09-23,,8.27,8.35,8.52,
1975-09-24,,8.22,8.31,8.47,
1975-09-25,,8.3,8.38,8.53,
1975-09-26,,8.4,8.45,8.56,
1975-09-29,,8.4,8.46,8.59,
1975-09-30,,8.42,8.48,8.61,
1975-10-01,,8.4,8.47,8.61,
1975-10-02,,8.35,8.44,8.6,
1975-10-03,,8.13,8.33,8.53,
1975-10-06,,8.12,8.3,8.47,
1975-10-07,,8.19,8.33,8.48,
1975-10-08,,8.18,8.3,8.43,
1975-10-09,,8.15,8.23,8.4,
1975-10-10,,8.04,8.15,8.35,
1975-10-13,,,,,
1975-10-14,,8.1,8.19,8.36,
1975-10-15,,8.1,8.19,8.37,
1975-10-16,,7.91,8.07,8.31,
1975-10-17,,7.92,8.07,8.31,
1975-10-20,,7.92,8.07,8.33,
1975-10-21,,7.87,8.05,8.26,
1975-10-22,,7.87,8.05,8.25,
1975-10-23,,7.77,7.99,8.21,
1975-10-24,,7.79,8.0,8.25,
1975-10-27,,7.82,8.0,8.27,
1975-10-28,,7.8,7.99,8.25,
1975-10-29,,7.72,7.98,8.23,
1975-10-30,,7.62,7.92,8.19,
1975-10-31,,7.66,7.91,8.15,
1975-11-03,,7.75,7.97,8.19,
1975-11-04,,,,,
1975-11-05,,7.65,7.91,8.18,
1975-11-06,,7.69,7.94,8.19,
1975-11-07,,7.59,7.91,8.18,
1975-11-10,,7.54,7.9,8.17,
1975-11-11,,,,,
1975-11-12,,7.62,7.95,8.2,
1975-11-13,,7.68,7.97,8.22,
1975-11-14,,7.84,8.06,8.28,
1975-11-17,,7.87,8.08,8.29,
1975-11-18,,7.91,8.13,8.36,
1975-11-19,,7.94,8.14,8.36,
1975-11-20,,7.88,8.12,8.34,
1975-11-21,,8.01,8.21,8.37,
1975-11-24,,7.9,8.16,8.36,
1975-11-25,,7.93,8.16,8.34,
1975-11-26,,7.92,8.15,8.34,
1975-11-27,,,,,
1975-11-28,,7.9,8.14,8.34,
1975-12-01,,7.87,8.12,8.35,
1975-12-02,,7.86,8.1,8.34,
1975-12-03,,7.84,8.1,8.34,
1975-12-04,,7.89,8.15,8.32,
1975-12-05,,7.88,8.13,8.33,
1975-12-08,,7.97,8.19,8.36,
1975-12-09,,8.0,8.23,8.4,
1975-12-10,,8.0,8.23,8.4,
1975-12-11,,7.94,8.16,8.37,
1975-12-12,,7.91,8.12,8.33,
1975-12-15,,7.87,8.06,8.3,
1975-12-16,,7.82,8.0,8.22,
1975-12-17,,7.7,7.95,8.21,
1975-12-18,,7.73,7.96,8.17,
1975-12-19,,7.61,7.88,8.12,
1975-12-22,,7.64,7.87,8.11,
1975-12-23,,7.62,7.87,8.1,
1975-12-24,,7.59,7.82,8.08,
1975-12-25,,,,,
1975-12-26,,7.48,7.75,8.03,
1975-12-29,,7.51,7.75,8.04,
1975-12-30,,7.46,7.73,8.02,
1975-12-31,,7.5,7.76,8.04,
1976-01-01,,,,,
1976-01-02,,7.54,7.77,8.06,
1976-01-05,,7.5,7.74,8.03,
1976-01-06,,7.41,7.64,7.99,
1976-01-07,,7.43,7.69,7.98,
1976-01-08,,7.47,7.74,8.02,
1976-01-09,,7.37,7.64,7.95,
1976-01-12,,7.34,7.63,7.93,
1976-01-13,,7.34,7.64,7.92,
1976-01-14,,7.41,7.71,7.99,
1976-01-15,,7.47,7.73,7.98,
1976-01-16,,7.53,7.79,8.02,
1976-01-19,,7.46,7.76,8.0,
1976-01-20,,7.52,7.71,8.05,
1976-01-21,,7.48,7.78,8.04,
1976-01-22,,7.51,7.8,8.04,
1976-01-23,,7.45,7.78,8.02,
1976-01-26,,7.47,7.79,8.03,
1976-01-27,,7.48,7.8,8.03,
1976-01-28,,7.52,7.83,8.04,
1976-01-29,,7.46,7.82,8.02,
1976-01-30,,7.43,7.8,8.0,
1976-02-02,,7.44,7.8,8.01,
1976-02-03,,7.46,7.82,8.03,
1976-02-04,,7.5,7.85,8.05,
1976-02-05,,7.47,7.83,8.04,
1976-02-06,,7.49,7.88,8.08,
1976-02-09,,7.47,7.86,8.1,
1976-02-10,,7.49,7.88,8.12,
1976-02-11,,7.5,7.85,8.1,
1976-02-12,,,,,
1976-02-13,,7.5,7.82,8.08,
1976-02-16,,,,,
1976-02-17,,7.44,7.78,8.04,
1976-02-18,,7.47,7.79,8.06,
1976-02-19,,7.45,7.8,8.07,
1976-02-20,,7.41,7.77,8.05,
1976-02-23,,7.39,7.72,7.97,
1976-02-24,,7.39,7.69,7.93,
1976-02-25,,7.37,7.68,7.93,
1976-02-26,,7.37,7.68,7.94,
1976-02-27,,7.46,7.77,8.02,
1976-03-01,,7.57,7.86,8.11,
1976-03-02,,7.53,7.82,8.06,
1976-03-03,,7.56,7.82,8.07,
1976-03-04,,7.61,7.85,8.08,
1976-03-05,,7.56,7.8,8.02,
1976-03-08,,7.54,7.76,7.99,
1976-03-09,,7.56,7.78,8.02,
1976-03-10,,7.56,7.76,8.0,
1976-03-11,,7.56,7.77,8.01,
1976-03-12,,7.5,7.71,7.94,
1976-03-15,,7.52,7.74,7.96,
1976-03-16,,7.54,7.76,7.98,
1976-03-17,,7.52,7.76,7.99,
1976-03-18,,7.48,7.73,7.97,
1976-03-19,,7.49,7.74,7.97,
1976-03-22,,7.43,7.68,7.94,
1976-03-23,,7.41,7.67,7.91,
1976-03-24,,7.4,7.65,7.88,
1976-03-25,,7.38,7.64,7.87,
1976-03-26,,7.38,7.64,7.87,
1976-03-29,,7.37,7.64,7.88,
1976-03-30,,7.4,7.65,7.88,
1976-03-31,,7.39,7.66,7.9,
1976-04-01,,7.44,7.68,7.93,
1976-04-02,,7.38,7.67,7.91,
1976-04-05,,7.34,7.62,7.88,
1976-04-06,,7.31,7.59,7.84,
1976-04-07,,7.29,7.56,7.82,
1976-04-08,,7.24,7.55,7.82,
1976-04-09,,7.23,7.52,7.82,
1976-04-12,,7.2,7.52,7.82,
1976-04-13,,7.16,7.5,7.81,
1976-04-14,,7.14,7.47,7.77,
1976-04-15,,7.14,7.47,7.8,
1976-04-16,,,,,
1976-04-19,,7.18,7.51,7.83,
1976-04-20,,7.17,7.5,7.82,
1976-04-21,,7.12,7.47,7.81,
1976-04-22,,7.19,7.52,7.84,
1976-04-23,,7.31,7.59,7.88,
1976-04-26,,7.3,7.61,7.92,
1976-04-27,,7.31,7.62,7.93,
1976-04-28,,7.28,7.6,7.92,
1976-04-29,,7.25,7.61,7.94,
1976-04-30,,7.34,7.67,7.99,
1976-05-03,,7.36,7.69,8.02,
1976-05-04,,7.31,7.66,7.98,
1976-05-05,,7.34,7.68,7.99,
1976-05-06,,7.37,7.78,8.02,
1976-05-07,,7.45,7.87,8.12,
1976-05-10,,7.51,7.92,8.14,
1976-05-11,,7.52,7.92,8.13,
1976-05-12,,7.54,7.94,8.17,
1976-05-13,,7.53,7.92,8.16,
1976-05-14,,7.59,7.93,8.14,
1976-05-17,,7.63,7.94,8.18,
1976-05-18,,7.63,7.94,8.13,
1976-05-19,,7.64,7.94,8.14,
1976-05-20,,7.71,7.95,8.16,
1976-05-21,,7.81,8.0,8.2,
1976-05-24,,7.76,7.98,8.18,
1976-05-25,,7.72,7.94,8.14,
1976-05-26,,7.78,7.95,8.16,
1976-05-27,,7.82,7.99,8.19,
1976-05-28,,7.78,7.96,8.19,
1976-05-31,,,,,
1976-06-01,7.26,7.71,7.94,8.1,
1976-06-02,7.23,7.74,7.94,8.1,
1976-06-03,7.22,7.75,7.92,8.07,
1976-06-04,7.12,7.67,7.89,8.04,
1976-06-07,7.09,7.64,7.88,8.05,
1976-06-08,7.11,7.67,7.9,8.07,
1976-06-09,7.08,7.66,7.9,8.06,
1976-06-10,7.0,7.61,7.86,8.01,
1976-06-11,7.03,7.58,7.86,8.01,
1976-06-14,7.01,7.56,7.84,8.01,
1976-06-15,7.02,7.59,7.85,8.01,
1976-06-16,7.06,7.62,7.87,8.04,
1976-06-17,7.06,7.6,7.85,8.02,
1976-06-18,6.99,7.54,7.81,8.01,
1976-06-21,6.95,7.51,7.8,7.98,
1976-06-22,7.01,7.53,7.81,7.99,
1976-06-23,7.01,7.53,7.81,7.99,
1976-06-24,6.99,7.53,7.81,7.99,
1976-06-25,7.02,7.56,7.83,8.0,
1976-06-28,7.02,7.58,7.86,8.02,
1976-06-29,7.02,7.59,7.86,8.06,
1976-06-30,7.02,7.58,7.86,8.02,
1976-07-01,7.02,7.59,7.88,8.02,
1976-07-02,6.99,7.57,7.84,7.98,
1976-07-05,,,,,
1976-07-06,6.96,7.55,7.82,7.98,
1976-07-07,6.99,7.57,7.84,7.99,
1976-07-08,6.92,7.52,7.82,7.98,
1976-07-09,6.77,7.45,7.78,7.95,
1976-07-12,6.72,7.4,7.76,7.94,
1976-07-13,6.74,7.42,7.77,7.95,
1976-07-14,6.76,7.43,7.79,7.96,
1976-07-15,6.72,7.38,7.77,7.95,
1976-07-16,6.85,7.47,7.83,8.0,
1976-07-19,6.89,7.51,7.86,8.03,
1976-07-20,6.91,7.52,7.87,8.05,
1976-07-21,6.9,7.51,7.86,8.02,
1976-07-22,6.91,7.52,7.86,8.02,
1976-07-23,6.9,7.5,7.84,8.01,
1976-07-26,6.86,7.51,7.87,8.04,
1976-07-27,6.76,7.44,7.85,8.03,
1976-07-28,6.79,7.48,7.85,8.01,
1976-07-29,6.75,7.43,7.85,8.02,
1976-07-30,6.74,7.47,7.86,8.04,
1976-08-02,6.75,7.54,7.85,8.01,
1976-08-03,6.72,7.5,7.82,8.0,
1976-08-04,6.73,7.45,7.81,8.0,
1976-08-05,6.74,7.4,7.82,8.0,
1976-08-06,6.71,7.37,7.84,7.95,
1976-08-09,6.68,7.38,7.84,7.94,
1976-08-10,6.68,7.37,7.84,7.96,
1976-08-11,6.66,7.33,7.82,7.92,
1976-08-12,6.64,7.33,7.81,7.92,
1976-08-13,6.6,7.28,7.78,7.9,
1976-08-16,6.57,7.23,7.74,7.88,
1976-08-17,6.57,7.26,7.75,7.88,
1976-08-18,6.59,7.26,7.76,7.89,
1976-08-19,6.61,7.29,7.76,7.89,
1976-08-20,6.68,7.28,7.76,7.89,
1976-08-23,6.62,7.23,7.73,7.88,
1976-08-24,6.6,7.22,7.72,7.87,
1976-08-25,6.53,7.19,7.69,7.86,
1976-08-26,6.54,7.19,7.68,7.84,
1976-08-27,6.6,7.26,7.72,7.86,
1976-08-30,6.57,7.23,7.71,7.85,
1976-08-31,6.5,7.16,7.66,7.81,
1976-09-01,6.5,7.14,7.64,7.8,
1976-09-02,6.54,7.18,7.67,7.82,
1976-09-03,6.52,7.16,7.65,7.81,
1976-09-06,,,,,
1976-09-07,6.46,7.15,7.64,7.81,
1976-09-08,6.44,7.16,7.64,7.81,
1976-09-09,6.49,7.19,7.66,7.82,
1976-09-10,6.46,7.17,7.64,7.81,
1976-09-13,6.47,7.2,7.64,7.83,
1976-09-14,6.49,7.18,7.64,7.83,
1976-09-15,6.45,7.17,7.62,7.81,
1976-09-16,6.41,7.13,7.6,7.78,
1976-09-17,6.26,7.04,7.49,7.71,
1976-09-20,6.34,7.07,7.52,7.73,
1976-09-21,6.3,7.06,7.51,7.71,
1976-09-22,6.36,7.09,7.53,7.72,
1976-09-23,6.35,7.09,7.54,7.74,
1976-09-24,6.44,7.18,7.58,7.8,
1976-09-27,6.41,7.14,7.6,7.78,
1976-09-28,6.36,7.09,7.56,7.78,
1976-09-29,6.36,7.08,7.56,7.77,
1976-09-30,6.33,7.05,7.55,7.75,
1976-10-01,6.24,6.95,7.49,7.73,
1976-10-04,6.19,6.94,7.46,7.71,
1976-10-05,6.19,6.94,7.47,7.72,
1976-10-06,6.11,6.88,7.44,7.7,
1976-10-07,6.09,6.86,7.43,7.69,
1976-10-08,5.87,6.71,7.38,7.64,
1976-10-11,,,,,
1976-10-12,5.8,6.64,7.35,7.63,
1976-10-13,5.82,6.66,7.35,7.64,
1976-10-14,5.81,6.63,7.34,7.63,
1976-10-15,5.75,6.55,7.31,7.63,
1976-10-18,5.77,6.55,7.31,7.66,
1976-10-19,5.85,6.6,7.35,7.69,
1976-10-20,5.95,6.64,7.38,7.7,
1976-10-21,5.98,6.67,7.39,7.7,
1976-10-22,6.07,6.78,7.48,7.76,
1976-10-25,6.11,6.87,7.53,7.79,
1976-10-26,6.05,6.83,7.48,7.77,
1976-10-27,6.01,6.8,7.45,7.73,
1976-10-28,5.99,6.76,7.41,7.71,
1976-10-29,6.03,6.78,7.42,7.72,
1976-11-01,6.03,6.7,7.38,7.69,
1976-11-02,,,,,
1976-11-03,6.07,6.79,7.44,7.72,
1976-11-04,5.95,6.72,7.38,7.68,
1976-11-05,6.01,6.75,7.41,7.72,
1976-11-08,6.04,6.82,7.46,7.76,
1976-11-09,6.07,6.82,7.46,7.77,
1976-11-10,6.03,6.78,7.45,7.76,
1976-11-11,,,,,
1976-11-12,6.01,6.73,7.43,7.73,
1976-11-15,6.0,6.7,7.41,7.73,
1976-11-16,5.86,6.6,7.33,7.67,
1976-11-17,5.82,6.56,7.32,7.66,
1976-11-18,5.83,6.59,7.33,7.66,
1976-11-19,5.67,6.44,7.24,7.6,
1976-11-22,5.56,6.3,7.17,7.54,
1976-11-23,5.59,6.28,7.16,7.54,
1976-11-24,5.56,6.23,7.14,7.54,
1976-11-25,,,,,
1976-11-26,5.41,5.99,6.99,7.43,
1976-11-29,5.46,6.02,7.02,7.44,
1976-11-30,5.42,6.05,7.01,7.44,
1976-12-01,5.4,6.02,6.97,7.4,
1976-12-02,5.34,6.0,6.92,7.36,
1976-12-03,5.31,6.03,6.86,7.31,
1976-12-06,5.37,6.05,6.87,7.32,
1976-12-07,5.41,6.09,6.88,7.31,
1976-12-08,5.43,6.13,6.91,7.32,
1976-12-09,5.44,6.14,6.92,7.34,
1976-12-10,5.31,6.02,6.82,7.3,
1976-12-13,5.43,6.16,6.9,7.34,
1976-12-14,5.39,6.13,6.89,7.33,
1976-12-15,5.38,6.14,6.88,7.34,
1976-12-16,5.4,6.14,6.88,7.35,
1976-12-17,5.4,6.11,6.88,7.32,
1976-12-20,5.34,6.08,6.84,7.28,
1976-12-21,5.37,6.14,6.85,7.29,
1976-12-22,5.34,6.12,6.86,7.29,
1976-12-23,5.36,6.11,6.84,7.26,
1976-12-24,,,,,
1976-12-27,5.37,6.13,6.84,7.26,
1976-12-28,5.39,6.15,6.86,7.25,
1976-12-29,5.39,6.16,6.84,7.27,
1976-12-30,5.38,6.12,6.8,7.18,
1976-12-31,5.34,6.13,6.81,7.17,
1977-01-03,5.42,6.16,6.84,7.2,
1977-01-04,5.5,6.19,6.9,7.22,
1977-01-05,5.48,6.18,6.88,7.23,
1977-01-06,5.57,6.23,6.93,7.28,
1977-01-07,5.68,6.42,7.07,7.36,
1977-01-10,5.79,6.6,7.2,7.49,
1977-01-11,5.87,6.68,7.28,7.52,
1977-01-12,5.84,6.6,7.26,7.51,
1977-01-13,5.79,6.5,7.18,7.46,
1977-01-14,5.96,6.59,7.28,7.51,
1977-01-17,5.98,6.6,7.28,7.54,
1977-01-18,6.04,6.7,7.34,7.56,
1977-01-19,6.02,6.64,7.28,7.54,
1977-01-20,6.01,6.64,7.26,7.54,
1977-01-21,6.02,6.68,7.28,7.52,
1977-01-24,6.09,6.77,7.34,7.57,
1977-01-25,6.08,6.74,7.32,7.56,
1977-01-26,6.09,6.76,7.33,7.57,
1977-01-27,6.26,6.88,7.43,7.65,
1977-01-28,6.22,6.86,7.4,7.62,
1977-01-31,6.18,6.83,7.4,7.61,
1977-02-01,6.2,6.91,7.41,7.64,
1977-02-02,6.28,7.02,7.47,7.7,
1977-02-03,6.2,6.93,7.46,7.66,
1977-02-04,6.03,6.7,7.28,7.55,
1977-02-07,6.04,6.75,7.34,7.58,
1977-02-08,6.06,6.76,7.35,7.61,
1977-02-09,6.01,6.73,7.34,7.61,
1977-02-10,6.04,6.76,7.34,7.6,
1977-02-11,6.02,6.76,7.36,7.62,
1977-02-14,6.06,6.76,7.38,7.64,
1977-02-15,6.04,6.72,7.36,7.62,
1977-02-16,6.02,6.7,7.34,7.57,
1977-02-17,5.99,6.67,7.26,7.57,
1977-02-18,6.06,6.82,7.41,7.64,
1977-02-21,,,,,
1977-02-22,6.09,6.84,7.42,7.64,
1977-02-23,6.12,6.95,7.48,7.72,
1977-02-24,6.2,7.02,7.5,7.75,
1977-02-25,6.14,6.99,7.48,7.74,
1977-02-28,6.08,6.98,7.45,7.73,
1977-03-01,6.16,6.99,7.49,7.77,
1977-03-02,6.12,6.93,7.45,7.75,
1977-03-03,6.08,6.9,7.43,7.73,
1977-03-04,6.1,6.98,7.48,7.76,
1977-03-07,6.12,6.99,7.5,7.76,
1977-03-08,6.14,6.99,7.52,7.78,
1977-03-09,6.12,6.97,7.5,7.76,
1977-03-10,6.11,6.95,7.49,7.76,
1977-03-11,6.09,6.9,7.44,7.73,
1977-03-14,6.06,6.89,7.45,7.74,
1977-03-15,6.06,6.87,7.44,7.71,
1977-03-16,6.08,6.9,7.44,7.72,
1977-03-17,6.14,6.94,7.47,7.72,
1977-03-18,6.08,6.9,7.44,7.7,
1977-03-21,6.03,6.88,7.43,7.69,
1977-03-22,6.04,6.87,7.43,7.7,
1977-03-23,6.04,6.88,7.44,7.72,
1977-03-24,6.07,6.9,7.46,7.73,
1977-03-25,6.1,6.94,7.48,7.73,
1977-03-28,6.11,6.96,7.47,7.74,
1977-03-29,6.08,6.93,7.47,7.74,
1977-03-30,6.05,6.95,7.44,7.73,
1977-03-31,6.01,6.94,7.42,7.72,
1977-04-01,6.02,6.92,7.43,7.72,
1977-04-04,6.03,6.94,7.44,7.73,
1977-04-05,6.01,6.95,7.47,7.72,
1977-04-06,6.04,6.95,7.46,7.7,
1977-04-07,6.02,6.93,7.43,7.72,
1977-04-08,,,,,
1977-04-11,5.96,6.84,7.39,7.7,
1977-04-12,5.98,6.83,7.39,7.7,
1977-04-13,5.96,6.81,7.36,7.67,
1977-04-14,5.73,6.56,7.22,7.58,
1977-04-15,5.78,6.6,7.25,7.58,
1977-04-18,5.8,6.61,7.25,7.58,
1977-04-19,5.87,6.66,7.3,7.61,
1977-04-20,5.95,6.71,7.32,7.62,
1977-04-21,5.94,6.72,7.33,7.63,
1977-04-22,5.99,6.8,7.36,7.66,
1977-04-25,6.01,6.82,7.4,7.68,
1977-04-26,6.0,6.76,7.38,7.68,
1977-04-27,6.01,6.75,7.38,7.67,
1977-04-28,6.03,6.78,7.4,7.68,
1977-04-29,6.14,6.9,7.45,7.72,
1977-05-02,6.15,6.94,7.45,7.74,
1977-05-03,6.15,6.9,7.44,7.72,
1977-05-04,6.11,6.89,7.45,7.72,
1977-05-05,6.16,6.94,7.47,7.74,
1977-05-06,6.24,7.0,7.5,7.8,
1977-05-09,6.25,6.97,7.5,7.78,
1977-05-10,6.27,6.99,7.52,7.79,
1977-05-11,6.34,7.03,7.52,7.8,
1977-05-12,6.32,6.98,7.5,7.78,
1977-05-13,6.28,6.94,7.48,7.74,
1977-05-16,6.26,6.92,7.46,7.73,
1977-05-17,6.25,6.91,7.45,7.72,
1977-05-18,6.24,6.89,7.43,7.72,
1977-05-19,6.37,7.0,7.49,7.76,
1977-05-20,6.43,7.01,7.49,7.75,
1977-05-23,6.38,6.99,7.46,7.73,
1977-05-24,6.3,6.93,7.41,7.7,
1977-05-25,6.23,6.88,7.39,7.69,
1977-05-26,6.24,6.86,7.42,7.68,
1977-05-27,6.2,6.88,7.38,7.68,
1977-05-30,,,,,
1977-05-31,6.18,6.87,7.38,7.68,
1977-06-01,6.24,6.87,7.38,7.68,
1977-06-02,6.2,6.87,7.39,7.68,
1977-06-03,6.19,6.86,7.36,7.66,
1977-06-06,6.18,6.87,7.37,7.67,
1977-06-07,6.17,6.85,7.36,7.68,
1977-06-08,6.15,6.84,7.36,7.7,
1977-06-09,6.16,6.85,7.35,7.69,
1977-06-10,6.15,6.78,7.3,7.67,
1977-06-13,6.13,6.74,7.27,7.64,
1977-06-14,6.08,6.68,7.22,7.6,
1977-06-15,6.11,6.73,7.23,7.62,
1977-06-16,6.12,6.74,7.24,7.64,
1977-06-17,6.1,6.72,7.24,7.64,
1977-06-20,6.11,6.74,7.27,7.65,
1977-06-21,6.12,6.74,7.26,7.65,
1977-06-22,6.12,6.7,7.25,7.63,
1977-06-23,6.12,6.72,7.26,7.64,
1977-06-24,6.1,6.68,7.2,7.6,
1977-06-27,6.06,6.65,7.2,7.6,
1977-06-28,6.06,6.64,7.16,7.58,
1977-06-29,6.05,6.68,7.19,7.52,
1977-06-30,6.08,6.7,7.2,7.57,
1977-07-01,6.12,6.71,7.34,7.58,
1977-07-04,,,,,
1977-07-05,6.12,6.75,7.35,7.58,
1977-07-06,6.14,6.78,7.37,7.58,
1977-07-07,6.15,6.78,7.29,7.57,
1977-07-08,6.19,6.82,7.31,7.6,
1977-07-11,6.22,6.83,7.33,7.62,
1977-07-12,6.22,6.81,7.32,7.6,
1977-07-13,6.19,6.75,7.28,7.58,
1977-07-14,,,,,
1977-07-15,6.26,6.82,7.31,7.6,
1977-07-18,6.3,6.84,7.34,7.61,
1977-07-19,6.31,6.83,7.33,7.62,
1977-07-20,6.35,6.85,7.32,7.62,
1977-07-21,6.38,6.89,7.32,7.62,
1977-07-22,6.35,6.88,7.31,7.61,
1977-07-25,6.29,6.86,7.28,7.58,
1977-07-26,6.28,6.86,7.28,7.56,
1977-07-27,6.37,6.94,7.36,7.61,
1977-07-28,6.48,7.01,7.41,7.64,
1977-07-29,6.5,7.03,7.42,7.68,
1977-08-01,6.49,7.02,7.43,7.66,
1977-08-02,6.54,7.05,7.44,7.67,
1977-08-03,6.53,7.02,7.42,7.65,
1977-08-04,6.52,7.05,7.43,7.67,
1977-08-05,6.53,7.02,7.42,7.66,
1977-08-08,6.52,7.01,7.41,7.64,
1977-08-09,6.58,7.06,7.45,7.68,
1977-08-10,6.59,7.07,7.46,7.7,
1977-08-11,6.64,7.08,7.47,7.71,
1977-08-12,6.68,7.1,7.48,7.71,
1977-08-15,6.71,7.11,7.48,7.72,
1977-08-16,6.74,7.12,7.48,7.72,
1977-08-17,6.72,7.08,7.44,7.68,
1977-08-18,6.68,7.06,7.42,7.65,
1977-08-19,6.67,7.04,7.4,7.64,
1977-08-22,6.66,7.05,7.39,7.63,
1977-08-23,6.64,7.02,7.36,7.61,
1977-08-24,6.67,7.01,7.35,7.59,
1977-08-25,6.62,6.98,7.32,7.56,
1977-08-26,6.62,6.93,7.27,7.53,
1977-08-29,6.56,6.9,7.25,7.51,
1977-08-30,6.56,6.93,7.27,7.52,
1977-08-31,6.59,6.94,7.28,7.53,
1977-09-01,6.57,6.97,7.3,7.53,
1977-09-02,6.53,6.93,7.24,7.51,
1977-09-05,,,,,
1977-09-06,6.52,6.9,7.24,7.5,
1977-09-07,6.54,6.95,7.26,7.5,
1977-09-08,6.54,6.96,7.28,7.51,
1977-09-09,6.76,7.09,7.36,7.58,
1977-09-12,6.78,7.1,7.38,7.59,
1977-09-13,6.75,7.06,7.37,7.58,
1977-09-14,6.74,7.05,7.34,7.56,
1977-09-15,6.7,7.04,7.33,7.56,
1977-09-16,6.68,7.02,7.32,7.56,
1977-09-19,6.66,7.02,7.32,7.55,
1977-09-20,6.7,7.04,7.36,7.58,
1977-09-21,6.71,7.05,7.36,7.58,
1977-09-22,6.85,7.08,7.39,7.61,
1977-09-23,6.86,7.09,7.39,7.62,
1977-09-26,6.89,7.14,7.42,7.62,
1977-09-27,6.8,7.07,7.38,7.6,
1977-09-28,6.81,7.08,7.38,7.6,
1977-09-29,6.79,7.1,7.39,7.61,
1977-09-30,6.82,7.11,7.41,7.61,
1977-10-03,6.84,7.13,7.41,7.62,
1977-10-04,6.84,7.15,7.4,7.62,
1977-10-05,6.86,7.16,7.4,7.62,
1977-10-06,6.89,7.23,7.44,7.63,
1977-10-07,6.96,7.25,7.48,7.66,
1977-10-10,,,,,
1977-10-11,7.06,7.3,7.54,7.69,
1977-10-12,7.14,7.34,7.54,7.72,
1977-10-13,7.19,7.34,7.54,7.74,
1977-10-14,7.17,7.31,7.54,7.7,
1977-10-17,7.22,7.33,7.55,7.73,
1977-10-18,7.23,7.36,7.55,7.73,
1977-10-19,7.22,7.35,7.54,7.73,
1977-10-20,7.2,7.36,7.54,7.71,
1977-10-21,7.22,7.39,7.55,7.73,
1977-10-24,7.2,7.39,7.56,7.74,
1977-10-25,7.2,7.41,7.58,7.75,
1977-10-26,7.17,7.4,7.57,7.74,
1977-10-27,7.14,7.38,7.56,7.74,
1977-10-28,7.14,7.38,7.56,7.74,
1977-10-31,7.23,7.44,7.62,7.76,
1977-11-01,7.23,7.47,7.63,7.8,
1977-11-02,7.24,7.47,7.69,7.82,
1977-11-03,7.22,7.45,7.68,7.83,
1977-11-04,7.2,7.42,7.64,7.83,
1977-11-07,7.17,7.4,7.62,7.82,
1977-11-08,,,,,
1977-11-09,7.16,7.35,7.6,7.8,
1977-11-10,7.15,7.34,7.59,7.79,
1977-11-11,,,,,
1977-11-14,7.1,7.24,7.56,7.72,
1977-11-15,7.11,7.26,7.56,7.74,
1977-11-16,7.12,7.28,7.55,7.74,
1977-11-17,7.1,7.28,7.54,7.74,
1977-11-18,7.11,7.28,7.54,7.74,
1977-11-21,7.12,7.3,7.56,7.74,
1977-11-22,7.14,7.3,7.54,7.74,
1977-11-23,7.11,7.3,7.52,7.72,
1977-11-24,,,,,
1977-11-25,7.1,7.31,7.52,7.72,
1977-11-28,7.11,7.31,7.53,7.72,
1977-11-29,7.11,7.32,7.55,7.74,
1977-11-30,7.11,7.36,7.55,7.75,
1977-12-01,7.13,7.38,7.58,7.76,
1977-12-02,7.15,7.4,7.59,7.77,
1977-12-05,7.15,7.4,7.6,7.79,
1977-12-06,7.15,7.44,7.63,7.8,
1977-12-07,7.16,7.45,7.63,7.83,
1977-12-08,7.16,7.46,7.64,7.82,
1977-12-09,7.15,7.45,7.63,7.81,
1977-12-12,7.16,7.46,7.64,7.82,
1977-12-13,7.16,7.46,7.65,7.83,
1977-12-14,7.16,7.46,7.66,7.84,
1977-12-15,7.14,7.46,7.67,7.86,
1977-12-16,7.13,7.44,7.67,7.86,
1977-12-19,7.13,7.48,7.69,7.88,
1977-12-20,7.14,7.5,7.74,7.92,
1977-12-21,7.16,7.48,7.72,7.92,
1977-12-22,7.26,7.52,7.75,7.93,
1977-12-23,7.24,7.55,7.75,7.94,
1977-12-26,,,,,
1977-12-27,7.25,7.57,7.77,7.97,
1977-12-28,7.25,7.57,7.78,7.99,
1977-12-29,7.26,7.58,7.82,8.0,
1977-12-30,7.22,7.54,7.78,7.98,
1978-01-02,,,,,
1978-01-03,7.24,7.58,7.83,8.0,
1978-01-04,7.24,7.58,7.82,8.0,
1978-01-05,7.26,7.58,7.83,8.0,
1978-01-06,7.28,7.6,7.85,8.02,
1978-01-09,7.58,7.86,8.01,8.17,
1978-01-10,7.58,7.85,8.02,8.18,
1978-01-11,7.6,7.87,8.03,8.18,
1978-01-12,7.6,7.87,8.02,8.2,
1978-01-13,7.57,7.82,7.98,8.16,
1978-01-16,7.55,7.82,7.98,8.17,
1978-01-17,7.54,7.81,7.98,8.17,
1978-01-18,7.54,7.81,7.98,8.16,
1978-01-19,7.55,7.81,7.97,8.16,
1978-01-20,7.55,7.81,7.97,8.16,
1978-01-23,7.53,7.78,7.97,8.15,
1978-01-24,7.53,7.8,7.99,8.17,
1978-01-25,7.53,7.82,8.0,8.19,
1978-01-26,7.51,7.78,7.98,8.18,
1978-01-27,7.48,7.77,7.97,8.18,
1978-01-30,7.47,7.75,7.96,8.17,
1978-01-31,7.47,7.72,7.94,8.16,
1978-02-01,7.47,7.74,7.96,8.18,
1978-02-02,7.48,7.75,7.96,8.17,
1978-02-03,7.48,7.75,7.97,8.18,
1978-02-06,7.5,7.78,7.99,8.2,
1978-02-07,7.52,7.77,7.99,8.19,
1978-02-08,7.52,7.79,8.0,8.19,
1978-02-09,7.52,7.8,8.01,8.2,
1978-02-10,7.53,7.81,8.02,8.21,
1978-02-13,,,,,
1978-02-14,7.57,7.84,8.05,8.22,
1978-02-15,7.59,7.87,8.08,8.24,
1978-02-16,7.64,7.9,8.1,8.27,
1978-02-17,7.63,7.88,8.09,8.25,
1978-02-20,,,,,
1978-02-21,7.65,7.89,8.1,8.26,
1978-02-22,7.65,7.91,8.1,8.26,
1978-02-23,7.65,7.9,8.08,8.24,
1978-02-24,7.61,7.88,8.04,8.22,
1978-02-27,7.59,7.86,8.02,8.2,
1978-02-28,7.57,7.86,8.04,8.21,
1978-03-01,7.59,7.87,8.05,8.22,
1978-03-02,7.59,7.87,8.04,8.22,
1978-03-03,7.59,7.87,8.04,8.22,
1978-03-06,7.58,7.87,8.05,8.23,
1978-03-07,7.56,7.85,8.03,8.21,
1978-03-08,7.54,7.85,8.03,8.21,
1978-03-09,7.56,7.85,8.02,8.2,
1978-03-10,7.54,7.82,8.0,8.18,
1978-03-13,7.54,7.82,7.99,8.17,
1978-03-14,7.54,7.81,7.99,8.17,
1978-03-15,7.54,7.81,8.0,8.17,
1978-03-16,7.54,7.82,8.0,8.17,
1978-03-17,7.55,7.81,8.0,8.17,
1978-03-20,7.53,7.78,7.97,8.15,
1978-03-21,7.53,7.79,7.97,8.15,
1978-03-22,7.54,7.81,7.98,8.16,
1978-03-23,7.56,7.86,8.01,8.2,
1978-03-24,,,,,
1978-03-27,7.61,7.91,8.12,8.26,
1978-03-28,7.64,7.94,8.12,8.25,
1978-03-29,7.64,7.94,8.11,8.26,
1978-03-30,7.64,7.95,8.12,8.26,
1978-03-31,7.7,7.97,8.15,8.31,
1978-04-03,7.69,7.96,8.13,8.3,
1978-04-04,7.69,7.95,8.12,8.29,
1978-04-05,7.72,7.97,8.14,8.3,
1978-04-06,7.73,7.98,8.16,8.32,
1978-04-07,7.72,7.97,8.14,8.32,
1978-04-10,7.72,7.98,8.15,8.33,
1978-04-11,7.71,7.97,8.16,8.34,
1978-04-12,7.69,7.97,8.16,8.34,
1978-04-13,7.67,7.95,8.15,8.34,
1978-04-14,7.61,7.9,8.12,8.31,
1978-04-17,7.6,7.88,8.08,8.27,
1978-04-18,7.62,7.89,8.08,8.27,
1978-04-19,7.77,7.99,8.13,8.3,
1978-04-20,7.79,8.01,8.14,8.32,
1978-04-21,7.81,8.02,8.16,8.33,
1978-04-24,7.82,8.03,8.18,8.35,
1978-04-25,7.8,8.02,8.18,8.34,
1978-04-26,7.85,8.05,8.22,8.36,
1978-04-27,7.89,8.07,8.24,8.38,
1978-04-28,7.97,8.09,8.24,8.37,
1978-05-01,7.91,8.08,8.24,8.37,
1978-05-02,7.91,8.09,8.25,8.38,
1978-05-03,7.91,8.08,8.28,8.4,
1978-05-04,7.9,8.07,8.27,8.39,
1978-05-05,7.96,8.15,8.34,8.45,
1978-05-08,7.98,8.17,8.35,8.45,
1978-05-09,7.98,8.16,8.34,8.44,
1978-05-10,7.98,8.16,8.34,8.43,
1978-05-11,8.0,8.17,8.34,8.43,
1978-05-12,8.0,8.2,8.36,8.45,
1978-05-15,7.98,8.17,8.35,8.44,
1978-05-16,7.97,8.15,8.34,8.43,
1978-05-17,7.98,8.14,8.33,8.42,
1978-05-18,8.04,8.19,8.37,8.46,
1978-05-19,8.07,8.22,8.38,8.46,
1978-05-22,8.07,8.22,8.38,8.46,
1978-05-23,8.07,8.22,8.37,8.45,
1978-05-24,8.1,8.24,8.39,8.47,
1978-05-25,8.1,8.26,8.4,8.48,
1978-05-26,8.1,8.27,8.42,8.51,
1978-05-29,,,,,
1978-05-30,,,,,
1978-05-31,8.12,8.28,8.42,8.5,
1978-06-01,8.12,8.27,8.41,8.5,
1978-06-02,8.09,8.27,8.39,8.48,
1978-06-05,8.07,8.25,8.38,8.47,
1978-06-06,8.07,8.24,8.37,8.47,
1978-06-07,8.07,8.24,8.37,8.46,
1978-06-08,8.07,8.25,8.38,8.47,
1978-06-09,8.09,8.27,8.41,8.48,
1978-06-12,8.11,8.28,8.4,8.48,
1978-06-13,8.11,8.28,8.41,8.47,
1978-06-14,8.12,8.28,8.41,8.46,
1978-06-15,8.12,8.28,8.41,8.47,
1978-06-16,8.19,8.32,8.43,8.49,
1978-06-19,8.25,8.34,8.45,8.5,
1978-06-20,8.27,8.42,8.47,8.52,
1978-06-21,8.41,8.46,8.5,8.56,
1978-06-22,8.41,8.45,8.5,8.56,
1978-06-23,8.44,8.47,8.55,8.59,
1978-06-26,8.48,8.5,8.59,8.64,
1978-06-27,8.44,8.5,8.58,8.62,
1978-06-28,8.44,8.48,8.57,8.61,
1978-06-29,8.42,8.46,8.57,8.62,
1978-06-30,8.48,8.5,8.62,8.67,
1978-07-03,8.44,8.48,8.59,8.65,
1978-07-04,,,,,
1978-07-05,8.44,8.5,8.62,8.67,
1978-07-06,8.44,8.5,8.62,8.67,
1978-07-07,8.48,8.52,8.66,8.72,
1978-07-10,8.5,8.56,8.68,8.72,
1978-07-11,8.48,8.56,8.68,8.72,
1978-07-12,8.48,8.56,8.67,8.72,
1978-07-13,8.5,8.57,8.68,8.73,
1978-07-14,8.51,8.57,8.68,8.71,
1978-07-17,8.48,8.55,8.65,8.69,
1978-07-18,8.46,8.54,8.63,8.68,
1978-07-19,8.46,8.54,8.62,8.68,
1978-07-20,8.5,8.57,8.66,8.71,
1978-07-21,8.59,8.58,8.67,8.71,
1978-07-24,8.57,8.59,8.67,8.72,
1978-07-25,8.55,8.59,8.67,8.72,
1978-07-26,8.52,8.56,8.66,8.7,
1978-07-27,8.47,8.48,8.58,8.62,
1978-07-28,8.45,8.45,8.55,8.58,
1978-07-31,8.47,8.46,8.56,8.59,
1978-08-01,8.45,8.44,8.54,8.57,
1978-08-02,8.4,8.35,8.44,8.46,
1978-08-03,8.26,8.3,8.39,8.41,
1978-08-04,8.26,8.26,8.38,8.41,
1978-08-07,8.18,8.24,8.36,8.4,
1978-08-08,8.19,8.24,8.35,8.4,
1978-08-09,8.17,8.2,8.34,8.37,
1978-08-10,8.24,8.3,8.45,8.45,
1978-08-11,8.25,8.28,8.44,8.44,
1978-08-14,8.29,8.29,8.45,8.5,
1978-08-15,8.29,8.3,8.46,8.51,
1978-08-16,8.5,8.44,8.55,8.59,
1978-08-17,8.48,8.4,8.48,8.5,
1978-08-18,8.5,8.4,8.46,8.5,
1978-08-21,8.47,8.39,8.41,8.45,
1978-08-22,8.47,8.38,8.41,8.45,
1978-08-23,8.42,8.31,8.32,8.38,
1978-08-24,8.41,8.33,8.35,8.41,
1978-08-25,8.41,8.32,8.34,8.41,
1978-08-28,8.41,8.3,8.35,8.41,
1978-08-29,8.44,8.37,8.37,8.42,
1978-08-30,8.48,8.42,8.42,8.44,
1978-08-31,8.46,8.42,8.39,8.43,
1978-09-01,8.5,8.42,8.38,8.44,
1978-09-04,,,,,
1978-09-05,8.46,8.38,8.34,8.4,
1978-09-06,8.44,8.38,8.35,8.39,
1978-09-07,8.44,8.36,8.34,8.39,
1978-09-08,8.46,8.37,8.34,8.39,
1978-09-11,8.43,8.33,8.31,8.37,
1978-09-12,8.45,8.35,8.29,8.34,
1978-09-13,8.45,8.34,8.3,8.35,
1978-09-14,8.45,8.36,8.32,8.37,
1978-09-15,8.49,8.39,8.35,8.38,
1978-09-18,8.52,8.41,8.37,8.4,
1978-09-19,8.54,8.44,8.38,8.43,
1978-09-20,8.6,8.46,8.46,8.5,
1978-09-21,8.69,8.48,8.51,8.53,
1978-09-22,8.73,8.5,8.56,8.6,
1978-09-25,8.75,8.54,8.56,8.61,
1978-09-26,8.75,8.51,8.53,8.6,
1978-09-27,8.74,8.52,8.54,8.61,
1978-09-28,8.72,8.51,8.54,8.61,
1978-09-29,8.7,8.5,8.56,8.63,
1978-10-02,8.71,8.53,8.58,8.65,
1978-10-03,8.69,8.52,8.57,8.64,
1978-10-04,8.69,8.53,8.59,8.65,
1978-10-05,8.69,8.53,8.6,8.65,
1978-10-06,8.69,8.51,8.58,8.62,
1978-10-09,,,,,
1978-10-10,8.7,8.5,8.58,8.62,
1978-10-11,8.7,8.51,8.56,8.62,
1978-10-12,8.69,8.47,8.51,8.6,
1978-10-13,8.69,8.47,8.52,8.6,
1978-10-16,8.73,8.57,8.59,8.65,
1978-10-17,8.77,8.57,8.6,8.66,
1978-10-18,8.83,8.58,8.62,8.67,
1978-10-19,8.84,8.6,8.64,8.68,
1978-10-20,8.85,8.62,8.66,8.7,
1978-10-23,8.84,8.62,8.66,8.72,
1978-10-24,8.85,8.6,8.64,8.7,
1978-10-25,8.96,8.62,8.65,8.71,
1978-10-26,9.05,8.69,8.72,8.74,
1978-10-27,9.12,8.78,8.78,8.78,
1978-10-30,9.35,8.93,8.88,8.88,
1978-10-31,9.49,9.16,8.96,8.9,
1978-11-01,9.44,8.77,8.66,8.72,
1978-11-02,9.42,8.78,8.73,8.72,
1978-11-03,9.49,8.8,8.86,8.79,
1978-11-06,9.45,8.85,8.85,8.8,
1978-11-07,,,,,
1978-11-08,9.49,8.87,8.86,8.8,
1978-11-09,9.5,8.88,8.87,8.81,
1978-11-10,9.46,8.85,8.86,8.79,
1978-11-13,9.4,8.86,8.83,8.77,
1978-11-14,9.41,8.84,8.82,8.75,
1978-11-15,9.34,8.76,8.76,8.69,
1978-11-16,9.21,8.71,8.72,8.68,
1978-11-17,9.19,8.72,8.72,8.69,
1978-11-20,9.19,8.74,8.72,8.69,
1978-11-21,9.23,8.77,8.77,8.7,
1978-11-22,9.37,8.77,8.77,8.71,
1978-11-23,,,,,
1978-11-24,9.6,8.94,8.86,8.78,
1978-11-27,9.6,8.96,8.86,8.77,
1978-11-28,9.6,8.96,8.86,8.77,
1978-11-29,9.55,8.93,8.86,8.8,
1978-11-30,9.55,8.94,8.86,8.8,
1978-12-01,9.5,8.81,8.8,8.77,
1978-12-04,9.51,8.85,8.82,8.78,
1978-12-05,9.5,8.87,8.85,8.79,
1978-12-06,9.5,8.88,8.85,8.77,
1978-12-07,9.5,8.92,8.89,8.79,
1978-12-08,9.51,8.93,8.9,8.8,
1978-12-11,9.52,8.93,8.9,8.8,
1978-12-12,9.52,8.92,8.92,8.83,
1978-12-13,9.54,8.98,8.98,8.88,
1978-12-14,9.54,8.98,8.96,8.88,
1978-12-15,9.58,9.05,9.0,8.88,
1978-12-18,9.86,9.17,9.13,8.98,
1978-12-19,9.91,9.17,9.14,8.99,
1978-12-20,9.96,9.26,9.16,9.03,
1978-12-21,9.98,9.35,9.16,9.02,
1978-12-22,9.96,9.32,9.11,9.0,
1978-12-25,,,,,
1978-12-26,9.98,9.32,9.13,8.98,
1978-12-27,9.98,9.31,9.12,8.97,
1978-12-28,9.98,9.34,9.16,9.01,
1978-12-29,9.98,9.32,9.15,8.99,
1979-01-01,,,,,
1979-01-02,10.0,9.33,9.18,9.0,
1979-01-03,9.98,9.33,9.16,9.01,
1979-01-04,9.88,9.27,9.11,8.97,
1979-01-05,9.87,9.28,9.1,8.98,
1979-01-08,9.92,9.31,9.14,8.98,
1979-01-09,9.92,9.3,9.16,9.01,
1979-01-10,9.94,9.3,9.16,9.02,
1979-01-11,9.92,9.3,9.15,9.02,
1979-01-12,9.92,9.28,9.14,9.01,
1979-01-15,9.91,9.27,9.15,9.01,
1979-01-16,9.92,9.26,9.16,9.02,
1979-01-17,9.91,9.28,9.18,9.03,
1979-01-18,9.92,9.27,9.18,9.04,
1979-01-19,9.91,9.24,9.15,9.03,
1979-01-22,9.86,9.2,9.12,9.0,
1979-01-23,9.85,9.16,9.1,9.0,
1979-01-24,9.85,9.16,9.08,8.98,
1979-01-25,9.78,9.01,8.98,8.9,
1979-01-26,9.67,8.98,8.93,8.88,
1979-01-29,9.67,9.0,8.96,8.9,
1979-01-30,9.68,8.98,8.95,8.9,
1979-01-31,9.64,8.95,8.95,8.9,
1979-02-01,9.61,8.95,8.94,8.89,
1979-02-02,9.48,8.84,8.89,8.86,
1979-02-05,9.53,8.92,8.95,8.91,
1979-02-06,9.58,9.0,9.0,8.94,
1979-02-07,9.67,9.11,9.09,9.03,
1979-02-08,9.7,9.11,9.09,9.04,
1979-02-09,9.7,9.12,9.11,9.06,
1979-02-12,,,,,
1979-02-13,9.69,9.12,9.11,9.04,
1979-02-14,9.67,9.13,9.12,9.04,
1979-02-15,9.68,9.13,9.12,9.04,
1979-02-16,9.68,9.14,9.11,9.04,
1979-02-19,,,,,
1979-02-20,9.69,9.17,9.12,9.05,
1979-02-21,9.71,9.2,9.15,9.07,
1979-02-22,9.9,9.29,9.2,9.12,
1979-02-23,9.92,9.31,9.21,9.13,
1979-02-26,9.91,9.28,9.2,9.12,
1979-02-27,9.89,9.3,9.19,9.12,
1979-02-28,9.89,9.29,9.17,9.12,
1979-03-01,9.87,9.28,9.17,9.14,
1979-03-02,9.87,9.26,9.16,9.12,
1979-03-05,9.83,9.22,9.11,9.09,
1979-03-06,9.83,9.2,9.14,9.09,
1979-03-07,9.81,9.18,9.1,9.06,
1979-03-08,9.76,9.18,9.1,9.06,
1979-03-09,9.79,9.2,9.11,9.08,
1979-03-12,9.81,9.18,9.11,9.07,
1979-03-13,9.8,9.2,9.11,9.06,
1979-03-14,9.82,9.21,9.12,9.08,
1979-03-15,9.82,9.21,9.14,9.08,
1979-03-16,9.84,9.22,9.12,9.08,
1979-03-19,9.81,9.21,9.12,9.07,
1979-03-20,9.79,9.21,9.13,9.09,
1979-03-21,9.79,9.21,9.13,9.08,
1979-03-22,9.77,9.2,9.12,9.07,
1979-03-23,9.77,9.2,9.12,9.08,
1979-03-26,9.76,9.2,9.12,9.06,
1979-03-27,9.73,9.18,9.11,9.06,
1979-03-28,9.71,9.16,9.07,9.04,
1979-03-29,9.67,9.15,9.06,9.03,
1979-03-30,9.72,9.19,9.11,9.07,
1979-04-02,9.74,9.2,9.11,9.08,
1979-04-03,9.73,9.19,9.1,9.05,
1979-04-04,9.71,9.18,9.09,9.04,
1979-04-05,9.68,9.15,9.07,9.02,
1979-04-06,9.75,9.19,9.1,9.06,
1979-04-09,9.81,9.23,9.14,9.08,
1979-04-10,9.81,9.27,9.17,9.09,
1979-04-11,9.85,9.3,9.2,9.12,
1979-04-12,9.85,9.3,9.2,9.13,
1979-04-13,,,,,
1979-04-16,9.86,9.29,9.19,9.14,
1979-04-17,9.77,9.24,9.16,9.12,
1979-04-18,9.71,9.22,9.15,9.1,
1979-04-19,9.68,9.2,9.15,9.1,
1979-04-20,9.73,9.26,9.19,9.12,
1979-04-23,9.73,9.26,9.21,9.17,
1979-04-24,9.75,9.29,9.24,9.18,
1979-04-25,9.77,9.26,9.23,9.18,
1979-04-26,9.8,9.28,9.27,9.21,
1979-04-27,9.93,9.33,9.32,9.24,
1979-04-30,9.91,9.35,9.35,9.26,
1979-05-01,9.91,9.35,9.36,9.25,
1979-05-02,9.91,9.34,9.34,9.27,
1979-05-03,9.93,9.36,9.38,9.29,
1979-05-04,9.93,9.38,9.39,9.32,
1979-05-07,9.91,9.36,9.39,9.32,
1979-05-08,9.91,9.36,9.38,9.31,
1979-05-09,9.9,9.35,9.36,9.3,
1979-05-10,9.92,9.37,9.36,9.31,
1979-05-11,9.9,9.33,9.34,9.28,
1979-05-14,9.87,9.3,9.3,9.24,
1979-05-15,9.87,9.32,9.32,9.25,
1979-05-16,9.84,9.3,9.31,9.24,
1979-05-17,9.72,9.22,9.24,9.22,
1979-05-18,9.71,9.2,9.23,9.19,
1979-05-21,9.75,9.22,9.24,9.2,
1979-05-22,9.69,9.14,9.15,9.16,
1979-05-23,9.65,9.05,9.07,9.09,
1979-05-24,9.58,9.02,9.06,9.07,
1979-05-25,9.5,8.98,9.01,9.04,
1979-05-28,,,,,
1979-05-29,9.5,8.99,9.01,9.03,
1979-05-30,,,,,
1979-05-31,9.56,9.04,9.06,9.08,
1979-06-01,9.56,9.01,9.05,9.07,
1979-06-04,9.56,9.01,9.06,9.07,
1979-06-05,9.5,8.97,9.02,9.05,
1979-06-06,9.43,8.91,8.97,9.01,
1979-06-07,9.29,8.82,8.89,8.88,
1979-06-08,9.25,8.84,8.9,8.89,
1979-06-11,9.27,8.87,8.94,8.92,
1979-06-12,9.05,8.71,8.79,8.84,
1979-06-13,9.08,8.75,8.83,8.86,
1979-06-14,9.12,8.79,8.87,8.88,
1979-06-15,9.24,8.9,8.96,8.93,
1979-06-18,9.26,8.86,8.95,8.93,
1979-06-19,9.24,8.88,8.95,8.93,
1979-06-20,9.25,8.87,8.94,8.93,
1979-06-21,9.25,8.88,8.93,8.92,
1979-06-22,9.27,8.94,8.98,8.92,
1979-06-25,9.2,8.89,8.93,8.89,
1979-06-26,8.97,8.76,8.82,8.81,
1979-06-27,8.92,8.72,8.8,8.79,
1979-06-28,8.95,8.71,8.8,8.8,
1979-06-29,8.97,8.74,8.81,8.82,
1979-07-02,8.93,8.7,8.76,8.77,
1979-07-03,8.95,8.71,8.77,8.79,
1979-07-04,,,,,
1979-07-05,8.98,8.73,8.8,8.79,
1979-07-06,9.0,8.78,8.82,8.8,
1979-07-09,9.04,8.82,8.86,8.82,
1979-07-10,9.04,8.85,8.92,8.88,
1979-07-11,9.04,8.88,8.97,8.9,
1979-07-12,9.01,8.88,8.95,8.9,
1979-07-13,9.01,8.88,8.94,8.91,
1979-07-16,9.08,8.92,8.99,8.95,
1979-07-17,9.1,8.93,9.01,8.97,
1979-07-18,9.1,8.93,9.03,8.97,
1979-07-19,9.14,8.96,9.04,8.98,
1979-07-20,9.24,8.96,8.98,8.97,
1979-07-23,9.28,8.98,9.03,8.98,
1979-07-24,9.33,9.01,9.06,9.0,
1979-07-25,9.36,8.98,8.99,8.97,
1979-07-26,9.25,8.94,8.97,8.96,
1979-07-27,9.38,9.01,9.02,8.99,
1979-07-30,9.32,9.01,9.03,9.0,
1979-07-31,9.31,8.99,9.01,8.98,
1979-08-01,9.23,8.96,8.99,8.97,
1979-08-02,9.2,8.9,8.91,8.92,
1979-08-03,9.27,8.92,8.92,8.93,
1979-08-06,9.27,8.9,8.91,8.91,
1979-08-07,9.22,8.9,8.91,8.9,
1979-08-08,9.25,8.92,8.93,8.91,
1979-08-09,9.27,8.96,8.97,8.94,
1979-08-10,9.33,8.99,9.0,8.96,
1979-08-13,9.34,9.0,9.0,8.97,
1979-08-14,9.32,8.98,8.98,8.94,
1979-08-15,9.41,9.02,9.0,8.95,
1979-08-16,9.39,9.02,9.0,8.94,
1979-08-17,9.44,9.03,9.01,8.94,
1979-08-20,9.45,9.05,9.02,8.94,
1979-08-21,9.51,9.09,9.04,8.95,
1979-08-22,9.55,9.11,9.04,8.97,
1979-08-23,9.63,9.11,9.05,8.98,
1979-08-24,9.72,9.19,9.14,9.02,
1979-08-27,9.68,9.18,9.12,9.01,
1979-08-28,9.73,9.23,9.15,9.02,
1979-08-29,9.73,9.25,9.14,9.01,
1979-08-30,9.77,9.32,9.21,9.07,
1979-08-31,9.84,9.36,9.24,9.1,
1979-09-03,,,,,
1979-09-04,10.0,9.42,9.32,9.16,
1979-09-05,10.02,9.42,9.32,9.18,
1979-09-06,10.03,9.42,9.35,9.19,
1979-09-07,10.1,9.41,9.34,9.2,
1979-09-10,10.13,9.42,9.36,9.23,
1979-09-11,10.0,9.27,9.25,9.16,
1979-09-12,10.04,9.36,9.3,9.19,
1979-09-13,10.1,9.41,9.34,9.2,
1979-09-14,10.02,9.36,9.29,9.18,
1979-09-17,10.13,9.44,9.37,9.22,
1979-09-18,10.14,9.45,9.36,9.22,
1979-09-19,10.08,9.38,9.31,9.2,
1979-09-20,10.03,9.38,9.29,9.18,
1979-09-21,10.0,9.38,9.26,9.15,
1979-09-24,10.01,9.41,9.34,9.21,
1979-09-25,10.01,9.4,9.32,9.21,
1979-09-26,10.02,9.45,9.36,9.23,
1979-09-27,10.11,9.5,9.44,9.32,
1979-09-28,10.1,9.48,9.44,9.31,
1979-10-01,10.14,9.55,9.51,9.34,
1979-10-02,10.14,9.54,9.47,9.35,
1979-10-03,10.14,9.55,9.5,9.37,
1979-10-04,10.34,9.67,9.58,9.4,
1979-10-05,10.39,9.74,9.6,9.44,
1979-10-08,,,,,
1979-10-09,11.12,10.29,9.93,9.73,
1979-10-10,11.4,10.48,10.09,9.83,
1979-10-11,11.26,10.45,10.17,9.89,
1979-10-12,11.17,10.45,10.15,9.93,
1979-10-15,11.39,10.6,10.31,10.0,
1979-10-16,11.39,10.56,10.27,9.98,
1979-10-17,11.4,10.51,10.2,9.92,
1979-10-18,11.75,10.74,10.41,10.06,
1979-10-19,12.15,11.09,10.68,10.23,
1979-10-22,12.43,11.4,10.96,10.44,
1979-10-23,12.63,11.48,11.02,10.44,
1979-10-24,12.52,11.36,10.83,10.37,
1979-10-25,12.59,11.5,10.98,10.49,
1979-10-26,12.05,11.11,10.67,10.34,
1979-10-29,12.19,11.27,10.78,10.4,
1979-10-30,12.12,11.27,10.75,10.39,
1979-10-31,12.06,11.2,10.72,10.4,
1979-11-01,12.08,11.26,10.79,10.49,
1979-11-02,12.19,11.24,10.84,10.53,
1979-11-05,12.15,11.25,10.85,10.53,
1979-11-06,,,,,
1979-11-07,12.36,11.35,11.0,10.67,
1979-11-08,12.29,11.28,10.96,10.61,
1979-11-09,11.78,10.96,10.68,10.43,
1979-11-12,,,,,
1979-11-13,11.64,10.86,10.63,10.39,
1979-11-14,11.82,10.98,10.75,10.46,
1979-11-15,11.68,10.86,10.62,10.36,
1979-11-16,11.97,11.08,10.77,10.46,
1979-11-19,12.08,11.19,10.8,10.49,
1979-11-20,12.12,11.22,10.78,10.47,
1979-11-21,12.17,11.17,10.73,10.45,
1979-11-22,,,,,
1979-11-23,11.69,10.76,10.51,10.27,
1979-11-26,11.44,10.52,10.37,10.13,
1979-11-27,11.11,10.28,10.24,10.02,
1979-11-28,11.23,10.46,10.37,10.11,
1979-11-29,11.23,10.42,10.34,10.09,
1979-11-30,11.33,10.44,10.38,10.1,
1979-12-03,11.42,10.48,10.44,10.17,
1979-12-04,11.3,10.4,10.32,10.08,
1979-12-05,11.21,10.31,10.27,10.05,
1979-12-06,11.08,10.2,10.13,9.98,
1979-12-07,11.21,10.29,10.3,10.08,
1979-12-10,11.25,10.29,10.27,10.07,
1979-12-11,11.6,10.47,10.46,10.25,
1979-12-12,11.85,10.6,10.58,10.31,
1979-12-13,11.67,10.51,10.51,10.31,
1979-12-14,11.47,10.4,10.45,10.2,
1979-12-17,11.45,10.39,10.42,10.25,
1979-12-18,11.31,10.33,10.34,10.2,
1979-12-19,11.38,10.33,10.33,10.17,
1979-12-20,11.4,10.4,10.38,10.2,
1979-12-21,11.42,10.48,10.39,10.23,
1979-12-24,11.44,10.49,10.45,10.24,
1979-12-25,,,,,
1979-12-26,11.43,10.52,10.48,10.25,
1979-12-27,11.39,10.54,10.46,10.24,
1979-12-28,11.3,10.5,10.41,10.22,
1979-12-31,11.23,10.38,10.33,10.16,
1980-01-01,,,,,
1980-01-02,11.39,10.52,10.5,10.23,
1980-01-03,11.45,10.54,10.6,10.37,
1980-01-04,11.47,10.62,10.66,10.42,
1980-01-07,11.35,10.56,10.63,10.41,
1980-01-08,11.26,10.52,10.57,10.33,
1980-01-09,11.24,10.53,10.58,10.35,
1980-01-10,11.18,10.47,10.51,10.29,
1980-01-11,11.33,10.61,10.68,10.39,
1980-01-14,11.35,10.61,10.7,10.44,
1980-01-15,11.32,10.61,10.65,10.48,
1980-01-16,11.3,10.6,10.65,10.47,
1980-01-17,11.37,10.62,10.71,10.55,
1980-01-18,11.52,10.74,10.82,10.66,
1980-01-21,11.58,10.86,10.96,10.87,
1980-01-22,11.56,10.8,10.85,10.77,
1980-01-23,11.53,10.76,10.82,10.74,
1980-01-24,11.68,10.9,11.01,10.93,
1980-01-25,11.82,11.04,11.1,11.01,
1980-01-28,11.79,11.08,11.15,11.08,
1980-01-29,11.88,11.14,11.21,11.2,
1980-01-30,11.84,11.12,11.16,11.22,
1980-01-31,11.75,11.11,11.13,11.16,
1980-02-01,12.04,11.3,11.29,11.3,
1980-02-04,12.12,11.38,11.4,11.41,
1980-02-05,12.49,11.8,11.73,11.75,
1980-02-06,12.42,11.86,11.92,11.92,
1980-02-07,12.21,11.61,11.71,11.76,
1980-02-08,12.31,11.76,11.8,11.76,
1980-02-11,12.6,11.91,12.01,12.0,
1980-02-12,,,,,
1980-02-13,12.52,11.86,11.86,11.9,
1980-02-14,12.6,11.93,11.97,11.91,
1980-02-15,13.13,12.26,12.2,12.18,
1980-02-18,,,,,
1980-02-19,13.96,12.88,12.85,12.74,
1980-02-20,14.03,13.1,12.84,12.72,
1980-02-21,14.51,13.5,13.22,12.99,
1980-02-22,14.52,13.38,13.06,12.7,
1980-02-25,14.62,13.7,13.27,12.85,
1980-02-26,14.91,14.12,13.65,12.97,
1980-02-27,14.82,14.08,13.46,12.82,
1980-02-28,14.41,13.42,12.92,12.18,
1980-02-29,14.73,13.48,12.72,12.12,
1980-03-03,14.83,13.53,12.79,12.38,
1980-03-04,14.86,13.61,12.91,12.42,
1980-03-05,14.99,13.68,13.03,12.62,
1980-03-06,15.27,13.8,13.13,12.9,
1980-03-07,15.2,13.64,12.86,12.75,
1980-03-10,14.71,13.37,12.63,12.38,
1980-03-11,14.43,13.03,12.41,12.24,
1980-03-12,14.74,13.27,12.62,12.46,
1980-03-13,14.69,13.2,12.5,12.45,
1980-03-14,14.8,13.21,12.52,12.29,
1980-03-17,14.82,13.22,12.58,12.4,
1980-03-18,14.42,13.01,12.4,12.24,
1980-03-19,14.33,13.0,12.35,12.01,
1980-03-20,15.03,13.32,12.62,12.37,
1980-03-21,15.02,13.51,12.75,12.41,
1980-03-24,15.36,14.03,13.17,12.86,
1980-03-25,15.19,14.0,13.1,12.89,
1980-03-26,15.26,13.87,13.03,12.72,
1980-03-27,15.11,13.75,12.97,12.69,
1980-03-28,14.89,13.5,12.72,12.4,
1980-03-31,14.63,13.31,12.64,12.44,
1980-04-01,14.59,13.39,12.69,12.47,
1980-04-02,14.52,13.27,12.63,12.4,
1980-04-03,14.51,13.19,12.52,12.39,
1980-04-04,,,,,
1980-04-07,13.85,12.7,12.13,11.91,
1980-04-08,13.89,12.64,12.21,11.86,
1980-04-09,13.54,12.59,12.06,11.8,
1980-04-10,13.57,12.61,12.06,11.8,
1980-04-11,13.22,12.3,11.79,11.47,
1980-04-14,12.96,12.15,11.62,11.4,
1980-04-15,12.72,12.02,11.57,11.41,
1980-04-16,11.97,11.43,10.9,10.9,
1980-04-17,11.97,11.52,11.13,10.98,
1980-04-18,11.76,11.24,11.05,10.98,
1980-04-21,11.56,11.1,10.9,10.95,
1980-04-22,11.43,10.97,10.82,10.93,
1980-04-23,11.38,11.03,10.89,11.01,
1980-04-24,11.42,11.15,10.96,11.13,
1980-04-25,11.39,11.14,10.95,11.18,
1980-04-28,10.74,10.73,10.63,10.88,
1980-04-29,10.74,10.73,10.67,10.92,
1980-04-30,10.81,10.82,10.76,10.92,
1980-05-01,10.7,10.72,10.57,10.73,
1980-05-02,10.04,10.17,10.24,10.44,
1980-05-05,9.85,10.08,10.18,10.44,
1980-05-06,9.4,9.71,9.8,10.21,
1980-05-07,9.41,9.85,9.96,10.16,
1980-05-08,9.48,9.97,10.18,10.34,
1980-05-09,9.85,10.08,10.3,10.45,
1980-05-12,9.52,9.99,10.3,10.5,
1980-05-13,9.38,9.79,10.13,10.43,
1980-05-14,9.27,9.84,10.14,10.37,
1980-05-15,9.48,9.97,10.31,10.55,
1980-05-16,9.76,10.09,10.37,10.62,
1980-05-19,9.78,10.2,10.53,10.78,
1980-05-20,9.26,9.89,10.22,10.57,
1980-05-21,9.14,9.85,10.08,10.44,
1980-05-22,9.13,9.89,10.1,10.46,
1980-05-23,8.73,9.61,9.85,10.24,
1980-05-26,,,,,
1980-05-27,8.82,9.63,9.96,10.24,
1980-05-28,9.04,9.78,10.1,10.33,
1980-05-29,9.16,9.88,10.24,10.46,
1980-05-30,9.25,9.87,10.25,10.46,
1980-06-02,9.34,9.97,10.31,10.55,
1980-06-03,9.2,9.66,10.16,10.43,
1980-06-04,9.06,9.55,10.07,10.31,
1980-06-05,8.97,9.46,10.02,10.19,
1980-06-06,8.72,9.25,9.81,9.98,
1980-06-09,8.61,9.17,9.73,9.81,
1980-06-10,8.79,9.27,9.83,9.95,
1980-06-11,8.65,9.17,9.7,9.86,
1980-06-12,8.46,8.93,9.53,9.7,
1980-06-13,8.39,8.86,9.51,9.56,
1980-06-16,8.38,8.87,9.47,9.56,
1980-06-17,8.36,8.86,9.49,9.57,
1980-06-18,8.58,8.96,9.56,9.65,
1980-06-19,8.68,8.96,9.56,9.62,
1980-06-20,8.43,8.86,9.49,9.56,
1980-06-23,8.59,9.02,9.63,9.71,
1980-06-24,8.64,9.13,9.68,9.75,
1980-06-25,8.73,9.23,9.79,9.84,
1980-06-26,8.8,9.33,9.87,9.95,
1980-06-27,8.94,9.45,10.04,10.04,
1980-06-30,8.97,9.48,10.09,10.08,
1980-07-01,9.01,9.55,10.13,10.21,
1980-07-02,9.01,9.49,10.19,10.22,
1980-07-03,8.77,9.36,10.01,10.09,
1980-07-04,,,,,
1980-07-07,8.94,9.49,10.2,10.28,
1980-07-08,8.8,9.37,10.09,10.13,
1980-07-09,8.83,9.41,10.14,10.21,
1980-07-10,8.9,9.47,10.21,10.29,
1980-07-11,8.97,9.56,10.28,10.38,
1980-07-14,9.16,9.56,10.33,10.44,
1980-07-15,8.98,9.45,10.17,10.29,
1980-07-16,8.79,9.34,10.07,10.16,
1980-07-17,8.89,9.43,10.21,10.28,
1980-07-18,8.93,9.42,10.2,10.29,
1980-07-21,8.93,9.38,10.13,10.21,
1980-07-22,9.02,9.41,10.18,10.27,
1980-07-23,8.95,9.4,10.12,10.25,
1980-07-24,9.05,9.51,10.24,10.34,
1980-07-25,9.15,9.59,10.35,10.39,
1980-07-28,9.24,9.77,10.46,10.5,
1980-07-29,9.28,9.77,10.45,10.49,
1980-07-30,9.33,9.81,10.53,10.59,
1980-07-31,9.72,10.09,10.76,10.8,
1980-08-01,9.78,10.16,10.76,10.8,
1980-08-04,9.66,10.04,10.69,10.71,
1980-08-05,9.67,10.06,10.7,10.71,
1980-08-06,9.69,10.19,10.8,10.8,
1980-08-07,9.67,10.1,10.71,10.75,
1980-08-08,9.81,10.22,10.87,10.92,
1980-08-11,10.07,10.47,11.03,11.1,
1980-08-12,10.03,10.48,10.98,11.04,
1980-08-13,10.03,10.46,10.89,10.95,
1980-08-14,10.07,10.48,10.9,10.91,
1980-08-15,10.12,10.48,10.86,10.87,
1980-08-18,10.77,10.99,11.13,11.06,
1980-08-19,10.91,11.11,11.24,11.2,
1980-08-20,11.11,11.29,11.22,11.21,
1980-08-21,11.27,11.39,11.3,11.22,
1980-08-22,11.09,11.26,11.13,11.08,
1980-08-25,11.34,11.55,11.4,11.28,
1980-08-26,11.34,11.55,11.42,11.3,
1980-08-27,11.52,11.76,11.67,11.46,
1980-08-28,11.77,11.92,11.89,11.61,
1980-08-29,11.36,11.66,11.55,11.42,
1980-09-01,,,,,
1980-09-02,11.05,11.45,11.32,11.23,
1980-09-03,10.73,11.13,11.08,11.05,
1980-09-04,10.77,11.15,11.16,11.11,
1980-09-05,10.89,11.19,11.21,11.16,
1980-09-08,11.11,11.3,11.29,11.27,
1980-09-09,11.13,11.27,11.19,11.2,
1980-09-10,11.03,11.19,11.14,11.16,
1980-09-11,11.27,11.37,11.32,11.27,
1980-09-12,11.4,11.41,11.37,11.3,
1980-09-15,11.79,11.75,11.62,11.54,
1980-09-16,11.68,11.63,11.52,11.48,
1980-09-17,11.79,11.73,11.57,11.54,
1980-09-18,11.84,11.75,11.53,11.49,
1980-09-19,11.59,11.53,11.33,11.35,
1980-09-22,12.0,11.92,11.69,11.72,
1980-09-23,12.0,11.97,11.76,11.66,
1980-09-24,11.98,11.96,11.75,11.65,
1980-09-25,12.11,12.04,11.91,11.79,
1980-09-26,12.4,12.17,11.99,11.94,
1980-09-29,12.38,12.19,12.07,12.08,
1980-09-30,12.13,11.88,11.86,11.84,
1980-10-01,12.02,11.77,11.78,11.83,
1980-10-02,12.06,11.83,11.83,11.83,
1980-10-03,11.51,11.35,11.4,11.47,
1980-10-06,11.41,11.35,11.35,11.42,
1980-10-07,11.44,11.4,11.43,11.47,
1980-10-08,11.69,11.55,11.51,11.58,
1980-10-09,11.6,11.45,11.39,11.41,
1980-10-10,11.64,11.55,11.44,11.41,
1980-10-13,,,,,
1980-10-14,11.67,11.5,11.37,11.31,
1980-10-15,11.58,11.44,11.29,11.26,
1980-10-16,11.69,11.55,11.47,11.42,
1980-10-17,11.91,11.69,11.62,11.59,
1980-10-20,12.0,11.72,11.64,11.61,
1980-10-21,12.11,11.81,11.7,11.7,
1980-10-22,12.31,12.07,11.88,11.91,
1980-10-23,12.31,11.95,11.82,11.87,
1980-10-24,12.25,11.89,11.74,11.8,
1980-10-27,12.73,12.32,12.13,12.15,
1980-10-28,12.91,12.56,12.32,12.3,
1980-10-29,12.98,12.75,12.48,12.38,
1980-10-30,13.04,12.71,12.48,12.43,
1980-10-31,13.08,12.74,12.46,12.38,
1980-11-03,13.23,12.74,12.46,12.37,
1980-11-04,,,,,
1980-11-05,13.38,12.95,12.61,12.51,
1980-11-06,13.57,13.19,13.04,12.74,
1980-11-07,13.36,12.87,12.66,12.63,
1980-11-10,13.29,12.88,12.78,12.75,
1980-11-11,,,,,
1980-11-12,12.86,12.39,12.47,12.3,
1980-11-13,12.89,12.38,12.49,12.27,
1980-11-14,13.25,12.7,12.79,12.49,
1980-11-17,13.71,12.95,12.95,12.65,
1980-11-18,13.47,12.67,12.62,12.32,
1980-11-19,13.37,12.6,12.51,12.22,
1980-11-20,13.53,12.68,12.59,12.28,
1980-11-21,13.83,12.97,12.8,12.45,
1980-11-24,13.88,13.0,12.76,12.39,
1980-11-25,13.99,13.07,12.74,12.37,
1980-11-26,14.0,13.01,12.65,12.33,
1980-11-27,,,,,
1980-11-28,14.13,13.14,12.72,12.38,
1980-12-01,14.25,13.35,12.92,12.55,
1980-12-02,14.25,13.37,12.95,12.54,
1980-12-03,14.04,13.42,12.92,12.45,
1980-12-04,14.15,13.43,12.91,12.47,
1980-12-05,14.34,13.45,12.85,12.39,
1980-12-08,14.45,13.51,12.91,12.43,
1980-12-09,14.54,13.61,13.1,12.75,
1980-12-10,14.59,13.63,13.15,12.85,
1980-12-11,14.97,14.04,13.57,13.26,
1980-12-12,14.74,13.63,13.21,12.99,
1980-12-15,14.83,13.75,13.25,13.0,
1980-12-16,15.12,14.04,13.51,13.13,
1980-12-17,14.98,13.87,13.28,12.87,
1980-12-18,14.89,13.79,13.22,12.72,
1980-12-19,14.05,13.02,12.64,12.31,
1980-12-22,13.24,12.34,12.14,11.86,
1980-12-23,13.04,12.5,12.35,12.04,
1980-12-24,13.37,12.61,12.42,12.08,
1980-12-25,,,,,
1980-12-26,12.95,12.53,12.25,11.97,
1980-12-29,12.87,12.41,12.2,11.93,
1980-12-30,12.97,12.55,12.39,12.07,
1980-12-31,13.06,12.59,12.43,12.09,
1981-01-01,,,,,
1981-01-02,13.1,12.61,12.42,12.11,
1981-01-05,12.28,12.29,12.15,11.77,
1981-01-06,12.42,12.21,12.11,11.82,
1981-01-07,12.92,12.61,12.38,12.02,
1981-01-08,13.09,12.68,12.35,12.03,
1981-01-09,13.53,12.88,12.57,12.26,
1981-01-12,13.17,12.71,12.45,12.23,
1981-01-13,13.3,12.68,12.53,12.22,
1981-01-14,12.95,12.61,12.53,12.24,
1981-01-15,13.25,12.77,12.62,12.4,
1981-01-16,13.08,12.66,12.53,12.28,
1981-01-19,13.62,12.92,12.64,12.39,
1981-01-20,13.48,12.77,12.5,12.27,
1981-01-21,13.79,13.08,12.77,12.51,
1981-01-22,13.83,13.16,12.87,12.65,
1981-01-23,13.74,13.1,12.84,12.57,
1981-01-26,13.4,12.89,12.7,12.44,
1981-01-27,13.4,12.92,12.73,12.46,
1981-01-28,13.48,12.94,12.77,12.47,
1981-01-29,13.42,12.89,12.8,12.56,
1981-01-30,13.26,12.8,12.68,12.46,
1981-02-02,13.51,13.02,12.86,12.55,
1981-02-03,13.7,13.2,12.98,12.76,
1981-02-04,13.63,13.09,12.86,12.68,
1981-02-05,13.63,13.1,12.95,12.75,
1981-02-06,13.89,13.23,13.09,12.86,
1981-02-09,13.97,13.35,13.21,12.95,
1981-02-10,14.1,13.5,13.27,13.1,
1981-02-11,14.34,13.66,13.42,13.16,
1981-02-12,,,,,
1981-02-13,14.45,13.84,13.65,13.4,
1981-02-16,,,,,
1981-02-17,13.97,13.46,13.33,13.14,
1981-02-18,13.98,13.45,13.3,13.08,
1981-02-19,13.72,13.25,13.09,12.91,
1981-02-20,13.55,13.1,12.9,12.74,
1981-02-23,13.92,13.49,13.19,13.01,
1981-02-24,14.0,13.51,13.21,13.01,
1981-02-25,14.0,13.61,13.29,13.07,
1981-02-26,14.1,13.8,13.47,13.23,
1981-02-27,14.08,13.76,13.43,13.18,
1981-03-02,14.4,13.92,13.62,13.37,
1981-03-03,14.13,13.78,13.43,13.21,
1981-03-04,14.21,13.82,13.45,13.25,
1981-03-05,14.17,13.78,13.43,13.22,
1981-03-06,13.91,13.49,13.2,12.98,
1981-03-09,13.84,13.39,13.09,12.89,
1981-03-10,13.74,13.37,13.08,12.94,
1981-03-11,13.79,13.4,13.12,12.95,
1981-03-12,13.7,13.33,13.03,12.86,
1981-03-13,13.45,13.18,12.86,12.69,
1981-03-16,13.3,13.15,12.85,12.61,
1981-03-17,13.2,12.97,12.68,12.55,
1981-03-18,12.75,12.8,12.58,12.42,
1981-03-19,12.84,12.95,12.67,12.51,
1981-03-20,12.88,13.01,12.77,12.61,
1981-03-23,13.36,13.38,13.13,12.96,
1981-03-24,13.55,13.57,13.3,13.08,
1981-03-25,13.51,13.51,13.21,13.05,
1981-03-26,13.62,13.63,13.34,13.23,
1981-03-27,13.67,13.68,13.36,13.21,
1981-03-30,13.32,13.48,13.22,13.08,
1981-03-31,13.17,13.39,13.13,12.95,
1981-04-01,13.19,13.36,13.14,12.94,
1981-04-02,13.4,13.46,13.25,13.06,
1981-04-03,13.57,13.62,13.4,13.22,
1981-04-06,14.13,14.01,13.74,13.53,
1981-04-07,13.7,13.74,13.41,13.27,
1981-04-08,13.89,13.85,13.61,13.38,
1981-04-09,13.87,13.77,13.45,13.28,
1981-04-10,13.9,13.84,13.59,13.44,
1981-04-13,14.05,14.01,13.68,13.52,
1981-04-14,13.92,13.89,13.58,13.39,
1981-04-15,14.19,14.05,13.74,13.57,
1981-04-16,14.23,14.08,13.79,13.58,
1981-04-17,,,,,
1981-04-20,14.33,14.1,13.69,13.45,
1981-04-21,14.34,14.07,13.73,13.44,
1981-04-22,14.41,14.13,13.78,13.51,
1981-04-23,14.51,14.18,13.8,13.54,
1981-04-24,14.66,14.24,13.88,13.61,
1981-04-27,14.73,14.31,13.92,13.64,
1981-04-28,14.65,14.28,13.93,13.64,
1981-04-29,14.67,14.37,14.05,13.77,
1981-04-30,14.84,14.45,14.11,13.87,
1981-05-01,14.72,14.37,14.05,13.84,
1981-05-04,15.37,14.83,14.47,14.19,
1981-05-05,15.94,15.35,14.69,14.38,
1981-05-06,15.83,15.02,14.56,14.2,
1981-05-07,15.69,14.83,14.33,14.03,
1981-05-08,15.69,14.66,14.23,13.96,
1981-05-11,15.74,14.87,14.34,14.07,
1981-05-12,15.93,15.06,14.46,14.13,
1981-05-13,15.94,15.05,14.49,14.17,
1981-05-14,15.8,14.84,14.24,13.89,
1981-05-15,15.55,14.59,14.07,13.79,
1981-05-18,15.19,14.22,13.8,13.5,
1981-05-19,15.47,14.59,13.95,13.66,
1981-05-20,15.63,14.71,14.0,13.69,
1981-05-21,15.75,14.77,14.05,13.72,
1981-05-22,15.48,14.39,13.82,13.62,
1981-05-25,,,,,
1981-05-26,15.09,14.13,13.67,13.41,
1981-05-27,15.14,14.24,13.71,13.5,
1981-05-28,14.79,13.99,13.56,13.35,
1981-05-29,14.4,13.99,13.5,13.31,
1981-06-01,14.47,13.99,13.46,13.22,
1981-06-02,14.66,14.07,13.58,13.32,
1981-06-03,14.65,14.05,13.55,13.3,
1981-06-04,14.76,14.1,13.51,13.28,
1981-06-05,14.73,14.1,13.56,13.27,
1981-06-08,14.31,13.78,13.36,13.08,
1981-06-09,14.41,13.87,13.37,13.11,
1981-06-10,14.31,13.78,13.31,13.03,
1981-06-11,14.4,13.84,13.32,13.05,
1981-06-12,14.44,13.87,13.35,13.05,
1981-06-15,14.03,13.57,13.09,12.84,
1981-06-16,14.11,13.58,13.08,12.85,
1981-06-17,14.37,13.71,13.23,12.96,
1981-06-18,14.66,14.1,13.57,13.23,
1981-06-19,14.65,14.07,13.46,13.15,
1981-06-22,14.49,13.96,13.44,13.13,
1981-06-23,14.59,14.0,13.56,13.22,
1981-06-24,14.71,14.1,13.66,13.38,
1981-06-25,14.65,14.08,13.7,13.41,
1981-06-26,14.59,14.09,13.69,13.44,
1981-06-29,14.48,14.01,13.68,13.41,
1981-06-30,14.66,14.25,13.86,13.59,
1981-07-01,14.94,14.47,14.04,13.78,
1981-07-02,14.87,14.38,13.95,13.66,
1981-07-03,,,,,
1981-07-06,14.68,14.27,13.81,13.48,
1981-07-07,14.92,14.49,14.04,13.71,
1981-07-08,15.02,14.57,14.11,13.75,
1981-07-09,15.14,14.6,14.12,13.77,
1981-07-10,14.88,14.45,13.94,13.57,
1981-07-13,14.83,14.41,13.99,13.65,
1981-07-14,15.07,14.55,14.15,13.81,
1981-07-15,15.03,14.55,14.07,13.68,
1981-07-16,15.11,14.59,14.11,13.77,
1981-07-17,15.07,14.53,14.09,13.73,
1981-07-20,15.96,15.25,14.59,14.21,
1981-07-21,16.0,15.23,14.61,14.21,
1981-07-22,15.95,15.24,14.63,14.24,
1981-07-23,15.85,15.17,14.57,14.19,
1981-07-24,15.64,14.96,14.41,13.97,
1981-07-27,15.57,14.87,14.43,14.07,
1981-07-28,15.78,15.04,14.53,14.17,
1981-07-29,15.76,15.21,14.61,14.3,
1981-07-30,15.88,15.31,14.71,14.31,
1981-07-31,15.84,15.24,14.67,14.31,
1981-08-03,16.16,15.62,14.95,14.62,
1981-08-04,16.16,15.6,14.95,14.54,
1981-08-05,16.07,15.4,14.91,14.52,
1981-08-06,16.03,15.31,14.86,14.44,
1981-08-07,16.05,15.34,14.83,14.43,
1981-08-10,15.83,15.08,14.65,14.19,
1981-08-11,15.67,14.87,14.4,13.98,
1981-08-12,16.02,15.12,14.61,14.12,
1981-08-13,16.13,15.26,14.65,14.14,
1981-08-14,16.19,15.34,14.74,14.27,
1981-08-17,16.22,15.39,14.71,14.22,
1981-08-18,16.3,15.45,14.79,14.31,
1981-08-19,16.32,15.48,14.77,14.27,
1981-08-20,16.25,15.63,14.89,14.43,
1981-08-21,16.31,15.62,14.97,14.46,
1981-08-24,16.86,16.0,15.32,14.95,
1981-08-25,16.67,16.07,15.35,15.06,
1981-08-26,16.69,15.99,15.31,15.0,
1981-08-27,16.75,16.15,15.36,15.05,
1981-08-28,16.57,16.01,15.25,14.87,
1981-08-31,16.73,16.11,15.41,15.15,
1981-09-01,16.78,16.12,15.41,15.09,17.01
1981-09-02,16.78,16.09,15.4,15.11,16.65
1981-09-03,16.9,16.14,15.48,15.21,16.96
1981-09-04,16.89,16.17,15.51,15.24,16.64
1981-09-07,,,,,
1981-09-08,16.95,16.23,15.59,15.36,16.54
1981-09-09,16.95,16.22,15.53,15.23,16.39
1981-09-10,16.72,16.01,15.3,15.03,15.9
1981-09-11,16.47,15.81,15.05,14.86,15.76
1981-09-14,16.43,15.93,15.2,14.92,15.27
1981-09-15,16.13,15.71,15.08,14.8,15.16
1981-09-16,16.09,15.75,15.11,14.82,15.1
1981-09-17,16.01,15.55,14.95,14.68,15.18
1981-09-18,16.02,15.55,14.91,14.57,15.07
1981-09-21,15.79,15.31,14.78,14.45,14.98
1981-09-22,16.04,15.61,15.03,14.68,15.51
1981-09-23,16.11,15.79,15.23,14.93,14.94
1981-09-24,16.17,15.83,15.31,15.05,14.94
1981-09-25,16.53,16.13,15.68,15.53,15.02
1981-09-28,16.57,16.13,15.65,15.45,14.82
1981-09-29,16.59,16.18,15.76,15.63,14.86
1981-09-30,16.69,16.27,15.84,15.78,15.05
1981-10-01,16.57,16.13,15.75,15.62,15.33
1981-10-02,16.34,15.83,15.41,15.28,15.4
1981-10-05,15.87,15.55,15.19,15.09,14.98
1981-10-06,15.85,15.53,15.14,15.1,14.61
1981-10-07,15.73,15.43,15.04,15.03,14.54
1981-10-08,15.79,15.41,15.0,14.95,14.38
1981-10-09,15.2,15.03,14.73,14.72,13.96
1981-10-12,,,,,
1981-10-13,15.25,15.12,14.83,14.9,14.17
1981-10-14,15.35,15.13,14.87,14.95,13.97
1981-10-15,15.31,15.12,14.88,14.86,14.0
1981-10-16,15.46,15.2,14.94,14.98,14.18
1981-10-19,15.48,15.29,14.95,14.94,14.2
1981-10-20,15.48,15.37,15.09,15.05,14.13
1981-10-21,15.55,15.55,15.34,15.32,14.17
1981-10-22,15.56,15.57,15.38,15.33,13.98
1981-10-23,15.41,15.46,15.3,15.26,13.87
1981-10-26,15.56,15.68,15.6,15.59,13.96
1981-10-27,15.56,15.62,15.54,15.47,14.02
1981-10-28,15.42,15.54,15.44,15.42,13.93
1981-10-29,15.07,15.2,15.06,15.13,13.74
1981-10-30,14.59,14.78,14.63,14.75,13.33
1981-11-02,14.44,14.61,14.57,14.74,13.34
1981-11-03,,,,,
1981-11-04,14.11,14.32,14.18,14.34,12.87
1981-11-05,14.2,14.43,14.19,14.39,12.73
1981-11-06,13.86,14.07,13.94,14.18,12.21
1981-11-09,13.17,13.54,13.39,13.78,11.72
1981-11-10,13.22,13.63,13.4,13.72,11.74
1981-11-11,,,,,
1981-11-12,12.77,13.23,13.19,13.49,11.07
1981-11-13,12.83,13.31,13.18,13.45,11.32
1981-11-16,12.69,13.21,13.07,13.31,11.11
1981-11-17,12.71,13.21,13.18,13.45,11.08
1981-11-18,12.19,13.11,13.0,13.24,10.46
1981-11-19,12.22,13.04,13.04,13.2,10.63
1981-11-20,12.21,13.01,13.14,13.23,10.51
1981-11-23,12.5,13.31,13.44,13.44,10.91
1981-11-24,12.15,12.75,13.13,13.14,10.6
1981-11-25,12.13,12.61,12.98,12.98,10.56
1981-11-26,,,,,
1981-11-27,12.11,12.58,12.92,12.92,10.58
1981-11-30,12.36,12.79,13.13,13.13,10.78
1981-12-01,12.71,13.11,13.37,13.37,10.81
1981-12-02,12.89,13.25,13.49,13.49,10.82
1981-12-03,12.88,13.21,13.45,13.45,10.95
1981-12-04,12.23,12.8,13.15,13.15,10.29
1981-12-07,12.58,13.22,13.5,13.5,10.66
1981-12-08,12.65,13.23,13.5,13.5,10.68
1981-12-09,12.87,13.4,13.64,13.64,
1981-12-10,13.16,13.77,13.8,13.8,11.13
1981-12-11,13.35,13.73,13.84,13.84,11.33
1981-12-14,13.39,13.55,13.62,13.62,11.4
1981-12-15,13.1,13.35,13.55,13.55,11.35
1981-12-16,13.04,13.36,13.53,13.53,11.38
1981-12-17,13.37,13.55,13.71,13.71,11.62
1981-12-18,13.19,13.4,13.51,13.51,11.33
1981-12-21,13.61,13.87,13.83,13.83,11.56
1981-12-22,13.77,14.03,14.02,14.02,11.51
1981-12-23,14.12,14.2,14.14,14.14,11.94
1981-12-24,13.95,14.03,14.01,14.01,11.57
1981-12-25,,,,,
1981-12-28,14.02,14.01,14.01,14.01,11.75
1981-12-29,13.98,14.11,14.12,14.12,12.22
1981-12-30,13.9,14.06,14.17,14.26,11.86
1981-12-31,13.63,13.97,13.98,14.04,11.54
1982-01-01,,,,,
1982-01-04,13.87,14.15,14.19,14.24,11.87
1982-01-05,14.09,14.41,14.44,14.52,12.2
1982-01-06,14.19,14.6,14.59,14.67,12.16
1982-01-07,14.33,14.66,14.63,14.71,12.17
1982-01-08,14.11,14.47,14.48,14.52,11.98
1982-01-11,14.55,14.83,14.81,14.8,12.49
1982-01-12,14.49,14.7,14.62,14.64,12.52
1982-01-13,14.78,14.86,14.83,14.85,12.7
1982-01-14,14.71,14.69,14.7,14.65,13.17
1982-01-15,14.81,14.86,14.82,14.76,12.74
1982-01-18,14.83,14.77,14.75,14.6,13.41
1982-01-19,14.79,14.79,14.8,14.74,13.13
1982-01-20,15.02,14.9,14.81,14.68,13.51
1982-01-21,14.96,14.75,14.62,14.54,13.65
1982-01-22,15.06,14.85,14.69,14.55,13.63
1982-01-25,14.93,14.8,14.62,14.51,14.06
1982-01-26,14.7,14.63,14.54,14.44,13.65
1982-01-27,14.57,14.62,14.51,14.45,13.4
1982-01-28,14.33,14.33,14.29,14.25,12.84
1982-01-29,14.24,14.24,14.14,14.21,13.08
1982-02-01,15.04,14.79,14.58,14.61,14.77
1982-02-02,14.85,14.61,14.47,14.53,14.49
1982-02-03,14.93,14.73,14.69,14.67,14.64
1982-02-04,14.96,14.82,14.76,14.81,14.38
1982-02-05,14.89,14.72,14.65,14.71,14.63
1982-02-08,15.09,14.94,14.88,15.0,15.04
1982-02-09,15.15,15.02,14.95,15.06,14.91
1982-02-10,15.08,14.89,14.81,14.95,14.88
1982-02-11,15.07,14.8,14.71,14.8,15.06
1982-02-12,,,,,
1982-02-15,,,,,
1982-02-16,15.04,14.68,14.53,14.6,15.49
1982-02-17,15.18,14.73,14.5,14.55,15.31
1982-02-18,14.99,14.45,14.28,14.32,14.58
1982-02-19,14.94,14.44,14.24,14.29,14.17
1982-02-22,14.35,13.97,13.87,13.89,13.13
1982-02-23,14.33,14.03,13.93,13.99,12.93
1982-02-24,14.24,13.98,13.87,13.86,12.83
1982-02-25,14.25,14.01,13.91,13.96,12.79
1982-02-26,14.44,14.12,14.03,14.09,13.0
1982-03-01,14.25,13.97,13.85,13.87,12.81
1982-03-02,14.14,13.87,13.74,13.69,13.22
1982-03-03,14.09,13.77,13.69,13.62,12.85
1982-03-04,13.9,13.61,13.61,13.55,12.85
1982-03-05,13.79,13.57,13.59,13.56,12.86
1982-03-08,13.71,13.57,13.67,13.69,12.68
1982-03-09,13.93,13.72,13.69,13.69,12.93
1982-03-10,13.97,13.75,13.73,13.71,13.0
1982-03-11,14.25,14.03,13.95,13.86,13.24
1982-03-12,14.35,14.04,13.97,13.88,13.4
1982-03-15,14.43,14.11,13.96,13.79,13.47
1982-03-16,14.35,14.04,13.91,13.77,13.33
1982-03-17,14.15,14.0,13.88,13.72,13.36
1982-03-18,14.24,14.01,13.87,13.72,13.45
1982-03-19,14.35,14.06,13.89,13.79,13.69
1982-03-22,14.09,13.91,13.74,13.59,13.26
1982-03-23,14.07,13.89,13.72,13.53,13.11
1982-03-24,14.14,14.1,13.91,13.72,13.39
1982-03-25,14.24,14.09,13.9,13.73,13.35
1982-03-26,14.35,14.18,14.01,13.88,13.69
1982-03-29,14.53,14.39,14.16,14.02,14.16
1982-03-30,14.63,14.41,14.19,14.05,14.15
1982-03-31,14.52,14.39,14.18,13.89,13.99
1982-04-01,14.42,14.26,14.1,13.82,13.87
1982-04-02,14.44,14.26,14.1,13.84,13.95
1982-04-05,14.37,14.28,14.16,13.93,13.76
1982-04-06,14.42,14.3,14.18,13.94,13.77
1982-04-07,14.54,14.3,14.18,13.93,13.8
1982-04-08,14.28,14.11,13.98,13.7,13.74
1982-04-09,,,,,
1982-04-12,14.22,14.01,13.83,13.55,13.43
1982-04-13,14.17,13.99,13.83,13.5,13.33
1982-04-14,14.35,14.12,13.95,13.62,13.44
1982-04-15,14.39,14.05,13.91,13.51,13.47
1982-04-16,14.24,13.83,13.71,13.36,13.21
1982-04-19,14.18,13.83,13.66,13.31,13.04
1982-04-20,14.14,13.89,13.72,13.41,13.07
1982-04-21,14.04,13.81,13.69,13.44,12.73
1982-04-22,14.06,13.87,13.71,13.43,12.99
1982-04-23,14.02,13.84,13.69,13.37,12.99
1982-04-26,14.02,13.81,13.7,13.34,13.17
1982-04-27,13.95,13.8,13.7,13.37,13.04
1982-04-28,13.99,13.87,13.77,13.47,13.09
1982-04-29,14.02,13.95,13.87,13.58,13.2
1982-04-30,13.99,13.9,13.87,13.57,13.15
1982-05-03,14.13,14.02,13.95,13.64,13.46
1982-05-04,14.17,14.02,13.87,13.55,13.6
1982-05-05,14.04,13.95,13.8,13.54,13.39
1982-05-06,13.78,13.71,13.54,13.33,13.08
1982-05-07,13.67,13.64,13.48,13.26,13.02
1982-05-10,13.71,13.59,13.49,13.34,13.21
1982-05-11,13.73,13.64,13.46,13.31,12.97
1982-05-12,13.8,13.75,13.59,13.43,13.05
1982-05-13,13.95,13.84,13.62,13.44,13.09
1982-05-14,13.86,13.64,13.48,13.34,12.92
1982-05-17,13.85,13.71,13.57,13.52,13.02
1982-05-18,13.85,13.76,13.6,13.49,12.88
1982-05-19,13.78,13.81,13.64,13.53,12.47
1982-05-20,13.48,13.64,13.53,13.43,12.0
1982-05-21,13.57,13.66,13.52,13.41,11.99
1982-05-24,13.62,13.68,13.58,13.44,11.99
1982-05-25,13.68,13.73,13.62,13.45,12.07
1982-05-26,13.62,13.74,13.68,13.52,12.04
1982-05-27,13.63,13.79,13.72,13.6,12.06
1982-05-28,13.62,13.76,13.71,13.63,11.97
1982-05-31,,,,,
1982-06-01,13.92,13.98,13.93,13.9,12.55
1982-06-02,13.95,13.96,13.86,13.88,12.69
1982-06-03,13.9,13.94,13.9,13.89,12.63
1982-06-04,14.03,14.03,13.98,14.01,12.78
1982-06-07,13.97,14.0,13.94,13.91,12.71
1982-06-08,14.04,14.04,13.98,13.96,12.79
1982-06-09,14.11,14.06,13.99,13.94,12.62
1982-06-10,14.12,14.08,14.02,13.97,12.52
1982-06-11,14.08,14.0,13.93,13.86,12.55
1982-06-14,14.37,14.31,14.21,14.17,12.88
1982-06-15,14.41,14.31,14.21,14.15,12.93
1982-06-16,14.45,14.39,14.26,14.18,13.03
1982-06-17,14.79,14.61,14.48,14.36,13.15
1982-06-18,14.96,14.8,14.62,14.46,13.31
1982-06-21,14.92,14.85,14.63,14.43,13.11
1982-06-22,14.9,14.84,14.66,14.47,13.37
1982-06-23,14.97,14.95,14.74,14.52,13.67
1982-06-24,14.95,14.94,14.71,14.51,13.6
1982-06-25,14.98,14.93,14.76,14.49,13.87
1982-06-28,14.93,14.91,14.73,14.45,13.81
1982-06-29,14.83,14.8,14.61,14.36,13.8
1982-06-30,14.66,14.65,14.44,14.18,13.36
1982-07-01,14.6,14.62,14.4,14.15,13.14
1982-07-02,14.71,14.69,14.5,14.26,13.36
1982-07-05,,,,,
1982-07-06,14.72,14.69,14.48,14.26,13.18
1982-07-07,14.68,14.69,14.49,14.28,13.31
1982-07-08,14.26,14.33,14.19,13.92,12.48
1982-07-09,14.05,14.19,14.03,13.78,12.29
1982-07-12,13.86,14.01,13.87,13.64,12.22
1982-07-13,14.13,14.19,14.02,13.79,12.48
1982-07-14,14.23,14.27,14.1,13.9,12.53
1982-07-15,14.07,14.16,13.96,13.76,12.14
1982-07-16,13.71,13.86,13.7,13.54,11.68
1982-07-19,13.52,13.8,13.68,13.53,11.52
1982-07-20,13.27,13.65,13.53,13.43,11.11
1982-07-21,13.13,13.7,13.6,13.46,11.19
1982-07-22,13.04,13.55,13.51,13.38,10.83
1982-07-23,13.04,13.58,13.56,13.41,10.73
1982-07-26,13.33,13.92,13.91,13.67,10.87
1982-07-27,13.35,13.89,13.86,13.64,11.12
1982-07-28,13.45,14.0,13.97,13.79,11.41
1982-07-29,13.42,13.89,13.83,13.72,10.97
1982-07-30,13.17,13.73,13.68,13.63,10.57
1982-08-02,12.82,13.46,13.41,13.37,9.72
1982-08-03,12.9,13.52,13.51,13.45,10.18
1982-08-04,12.93,13.6,13.68,13.47,10.12
1982-08-05,13.08,13.68,13.7,13.5,10.19
1982-08-06,13.24,13.86,13.85,13.62,10.71
1982-08-09,13.08,13.72,13.7,13.52,10.25
1982-08-10,13.15,13.74,13.69,13.45,10.42
1982-08-11,13.15,13.74,13.71,13.46,10.37
1982-08-12,12.93,13.5,13.55,13.35,9.74
1982-08-13,12.75,13.24,13.2,13.12,9.6
1982-08-16,12.36,13.0,13.09,12.95,8.98
1982-08-17,11.83,12.61,12.65,12.52,8.33
1982-08-18,11.76,12.45,12.57,12.4,8.35
1982-08-19,11.61,12.42,12.47,12.41,7.76
1982-08-20,11.2,12.15,12.24,12.21,7.31
1982-08-23,11.57,12.39,12.47,12.39,7.75
1982-08-24,11.5,12.29,12.35,12.27,7.86
1982-08-25,11.66,12.26,12.43,12.31,7.67
1982-08-26,11.67,12.32,12.55,12.4,7.37
1982-08-27,11.93,12.65,12.77,12.65,8.1
1982-08-30,12.01,12.71,12.81,12.65,8.44
1982-08-31,11.99,12.65,12.81,12.59,8.72
1982-09-01,12.0,12.58,12.76,12.52,8.73
1982-09-02,11.95,12.52,12.6,12.41,8.66
1982-09-03,11.69,12.26,12.47,12.23,8.46
1982-09-06,,,,,
1982-09-07,11.8,12.36,12.53,12.29,8.68
1982-09-08,11.87,12.4,12.51,12.31,8.6
1982-09-09,11.87,12.41,12.53,12.35,8.57
1982-09-10,12.06,12.56,12.73,12.6,8.66
1982-09-13,11.93,12.52,12.63,12.47,8.41
1982-09-14,11.88,12.38,12.56,12.4,8.16
1982-09-15,12.16,12.56,12.6,12.44,8.44
1982-09-16,12.14,12.52,12.6,12.44,8.31
1982-09-17,11.96,12.39,12.51,12.37,8.23
1982-09-20,11.98,12.43,12.47,12.29,8.04
1982-09-21,11.68,12.13,12.18,12.02,7.88
1982-09-22,11.61,12.04,12.04,11.92,7.58
1982-09-23,11.5,11.92,11.94,11.71,7.52
1982-09-24,11.65,12.05,12.09,11.82,7.85
1982-09-27,11.69,11.95,11.99,11.77,7.83
1982-09-28,11.42,11.78,11.85,11.67,7.72
1982-09-29,11.38,11.76,11.8,11.67,7.84
1982-09-30,11.23,11.69,11.73,11.65,7.88
1982-10-01,11.13,11.5,11.51,11.47,7.6
1982-10-04,11.51,11.73,11.72,11.67,8.21
1982-10-05,11.42,11.7,11.69,11.64,8.44
1982-10-06,11.21,11.52,11.5,11.48,8.33
1982-10-07,10.46,10.81,10.91,11.0,8.04
1982-10-08,10.15,10.71,10.83,10.96,8.0
1982-10-11,,,,,
1982-10-12,9.69,10.4,10.53,10.59,7.61
1982-10-13,9.68,10.28,10.39,10.47,7.67
1982-10-14,9.84,10.52,10.61,10.62,7.79
1982-10-15,10.0,10.64,10.75,10.79,7.8
1982-10-18,9.8,10.42,10.58,10.67,7.66
1982-10-19,9.82,10.38,10.56,10.66,7.73
1982-10-20,9.72,10.52,10.69,10.8,7.8
1982-10-21,9.79,10.54,10.69,10.79,7.81
1982-10-22,9.87,10.66,10.81,10.92,7.88
1982-10-25,10.09,10.97,11.11,11.14,8.12
1982-10-26,9.89,10.74,10.87,11.02,8.24
1982-10-27,9.94,10.76,10.9,11.01,8.28
1982-10-28,9.89,10.61,10.77,10.9,8.17
1982-10-29,9.85,10.58,10.71,10.79,8.17
1982-11-01,9.68,10.41,10.56,10.6,8.06
1982-11-02,,,,,
1982-11-03,9.65,10.3,10.46,10.53,8.06
1982-11-04,9.64,10.28,10.42,10.48,7.99
1982-11-05,9.73,10.36,10.48,10.58,8.04
1982-11-08,9.81,10.46,10.55,10.67,8.18
1982-11-09,9.74,10.41,10.51,10.5,8.28
1982-11-10,9.77,10.38,10.48,10.48,8.36
1982-11-11,,,,,
1982-11-12,9.87,10.5,10.58,10.57,8.56
1982-11-15,9.91,10.6,10.65,10.65,8.8
1982-11-16,9.9,10.63,10.67,10.67,8.7
1982-11-17,9.9,10.55,10.59,10.6,8.65
1982-11-18,9.81,10.42,10.46,10.46,8.55
1982-11-19,9.79,10.36,10.42,10.42,8.38
1982-11-22,9.73,10.25,10.43,10.43,8.26
1982-11-23,9.73,10.19,10.53,10.53,8.22
1982-11-24,9.8,10.2,10.59,10.59,8.2
1982-11-25,,,,,
1982-11-26,9.76,10.19,10.51,10.51,8.19
1982-11-29,9.94,10.39,10.78,10.77,8.54
1982-11-30,9.96,10.37,10.79,10.79,8.56
1982-12-01,9.96,10.34,10.74,10.73,8.55
1982-12-02,9.89,10.29,10.68,10.68,8.32
1982-12-03,9.72,10.16,10.47,10.46,8.1
1982-12-06,9.73,10.17,10.46,10.45,8.13
1982-12-07,9.72,10.21,10.48,10.48,8.19
1982-12-08,9.85,10.25,10.62,10.62,8.24
1982-12-09,9.83,10.3,10.58,10.59,8.23
1982-12-10,9.87,10.37,10.66,10.65,8.31
1982-12-13,9.84,10.34,10.61,10.61,8.27
1982-12-14,9.54,10.13,10.46,10.46,7.93
1982-12-15,9.49,10.15,10.5,10.49,7.88
1982-12-16,9.59,10.24,10.59,10.59,8.1
1982-12-17,9.66,10.28,10.64,10.64,8.13
1982-12-20,9.67,10.31,10.7,10.7,8.14
1982-12-21,9.54,10.21,10.54,10.69,8.17
1982-12-22,9.55,10.22,10.53,10.74,8.18
1982-12-23,9.52,10.15,10.47,10.7,8.18
1982-12-24,,,,,
1982-12-27,9.54,10.15,10.44,10.66,8.16
1982-12-28,9.52,10.15,10.44,10.66,8.33
1982-12-29,9.54,10.19,10.47,10.69,8.43
1982-12-30,9.52,10.19,10.44,10.67,8.29
1982-12-31,9.48,10.09,10.36,10.62,8.2
1983-01-03,9.29,10.02,10.32,10.55,8.17
1983-01-04,9.43,10.07,10.37,10.62,8.28
1983-01-05,9.39,10.06,10.35,10.64,8.25
1983-01-06,9.39,10.05,10.39,10.68,8.2
1983-01-07,9.26,9.98,10.36,10.67,8.02
1983-01-10,9.24,9.96,10.38,10.7,7.96
1983-01-11,9.19,9.92,10.34,10.67,7.94
1983-01-12,9.22,9.92,10.32,10.64,7.94
1983-01-13,9.11,9.81,10.27,10.62,7.92
1983-01-14,9.09,9.78,10.28,10.64,7.79
1983-01-17,9.17,9.78,10.28,10.63,7.85
1983-01-18,9.14,9.79,10.3,10.69,7.9
1983-01-19,9.2,9.89,10.41,10.79,7.94
1983-01-20,9.26,9.94,10.43,10.77,8.04
1983-01-21,9.46,10.18,10.61,10.92,8.29
1983-01-24,9.54,10.26,10.7,11.0,8.37
1983-01-25,9.44,10.18,10.62,10.95,8.32
1983-01-26,9.52,10.23,10.69,11.05,8.36
1983-01-27,9.49,10.2,10.67,11.01,8.3
1983-01-28,9.47,10.21,10.71,11.03,8.26
1983-01-31,9.58,10.31,10.8,11.14,8.36
1983-02-01,9.6,10.34,10.78,11.12,8.45
1983-02-02,9.71,10.37,10.88,11.11,8.45
1983-02-03,9.71,10.39,10.93,11.18,8.43
1983-02-04,9.82,10.51,10.99,11.27,8.52
1983-02-07,9.8,10.49,10.96,11.24,8.5
1983-02-08,9.83,10.5,10.99,11.27,8.57
1983-02-09,9.89,10.58,11.0,11.31,8.55
1983-02-10,9.74,10.38,10.83,11.13,8.45
1983-02-11,9.7,10.31,10.8,11.12,8.42
1983-02-14,9.78,10.37,10.8,11.11,8.53
1983-02-15,9.77,10.37,10.84,11.16,8.6
1983-02-16,9.69,10.29,10.81,11.1,8.48
1983-02-17,9.65,10.24,10.71,11.03,8.38
1983-02-18,9.56,10.13,10.6,10.9,8.26
1983-02-21,,,,,
1983-02-22,9.41,10.01,10.46,10.74,8.17
1983-02-23,9.44,10.0,10.44,10.75,8.24
1983-02-24,9.4,9.96,10.42,10.74,8.2
1983-02-25,9.28,9.82,10.26,10.61,8.08
1983-02-28,9.31,9.83,10.27,10.62,8.21
1983-03-01,9.26,9.74,10.22,10.57,8.26
1983-03-02,9.3,9.76,10.26,10.61,8.3
1983-03-03,9.24,9.72,10.23,10.59,8.25
1983-03-04,9.25,9.75,10.27,10.62,8.29
1983-03-07,9.46,9.92,10.43,10.75,8.48
1983-03-08,9.62,10.01,10.52,10.83,8.61
1983-03-09,9.62,10.02,10.48,10.82,8.57
1983-03-10,9.67,10.08,10.55,10.85,8.55
1983-03-11,9.66,10.12,10.59,10.93,8.56
1983-03-14,9.58,10.02,10.48,10.84,8.51
1983-03-15,9.57,9.99,10.46,10.82,8.55
1983-03-16,9.65,10.09,10.53,10.84,8.61
1983-03-17,9.71,10.14,10.56,10.87,8.63
1983-03-18,9.78,10.15,10.58,10.88,8.74
1983-03-21,9.79,10.2,10.6,10.87,8.8
1983-03-22,9.84,10.29,10.62,10.87,8.93
1983-03-23,9.81,10.23,10.58,10.82,8.78
1983-03-24,9.82,10.24,10.58,10.81,8.83
1983-03-25,9.91,10.32,10.64,10.85,9.0
1983-03-28,9.92,10.33,10.66,10.87,9.01
1983-03-29,9.88,10.28,10.6,10.82,8.97
1983-03-30,9.88,10.25,10.59,10.81,8.98
1983-03-31,9.87,10.27,10.62,10.84,8.96
1983-04-01,,,,,
1983-04-04,9.87,10.25,10.6,10.82,8.97
1983-04-05,9.72,10.11,10.49,10.74,8.8
1983-04-06,9.69,10.11,10.49,10.71,8.72
1983-04-07,9.67,10.09,10.51,10.71,8.68
1983-04-08,9.67,10.11,10.51,10.72,8.63
1983-04-11,9.53,9.99,10.41,10.62,8.45
1983-04-12,9.58,10.01,10.42,10.63,8.49
1983-04-13,9.57,10.01,10.39,10.62,8.48
1983-04-14,9.49,9.93,10.29,10.54,8.42
1983-04-15,9.53,9.98,10.33,10.55,8.43
1983-04-18,9.49,9.95,10.29,10.52,8.36
1983-04-19,9.58,10.04,10.39,10.61,8.47
1983-04-20,9.58,10.01,10.39,10.62,8.4
1983-04-21,9.61,10.07,10.43,10.68,8.44
1983-04-22,9.58,10.03,10.42,10.65,8.44
1983-04-25,9.52,10.01,10.4,10.64,8.44
1983-04-26,9.49,10.02,10.37,10.61,8.45
1983-04-27,9.42,9.92,10.29,10.56,8.41
1983-04-28,9.42,9.91,10.31,10.54,8.41
1983-04-29,9.35,9.88,10.27,10.52,8.38
1983-05-02,9.29,9.82,10.26,10.51,8.33
1983-05-03,9.27,9.81,10.26,10.5,8.33
1983-05-04,9.19,9.73,10.12,10.39,8.3
1983-05-05,9.25,9.76,10.16,10.42,8.34
1983-05-06,9.17,9.74,10.13,10.41,8.26
1983-05-09,9.33,9.86,10.25,10.49,8.43
1983-05-10,9.24,9.81,10.16,10.42,8.3
1983-05-11,9.22,9.82,10.18,10.45,8.25
1983-05-12,9.29,9.87,10.23,10.53,8.35
1983-05-13,9.27,9.86,10.22,10.5,8.3
1983-05-16,9.47,10.02,10.37,10.7,8.45
1983-05-17,9.48,10.03,10.41,10.71,8.44
1983-05-18,9.49,10.06,10.43,10.76,8.42
1983-05-19,9.61,10.17,10.49,10.83,8.46
1983-05-20,9.64,10.2,10.54,10.9,8.48
1983-05-23,9.74,10.27,10.57,10.88,8.73
1983-05-24,9.75,10.3,10.56,10.86,8.8
1983-05-25,9.76,10.29,10.58,10.88,8.82
1983-05-26,9.89,10.38,10.63,10.93,8.85
1983-05-27,9.9,10.37,10.62,10.94,8.8
1983-05-30,,,,,
1983-05-31,10.02,10.55,10.81,11.12,8.97
1983-06-01,9.97,10.48,10.77,11.06,8.92
1983-06-02,9.96,10.46,10.78,11.1,8.84
1983-06-03,10.01,10.53,10.79,11.09,8.87
1983-06-06,10.09,10.54,10.79,11.06,8.96
1983-06-07,10.18,10.61,10.85,11.14,9.17
1983-06-08,10.2,10.64,10.92,11.2,9.18
1983-06-09,10.12,10.63,10.88,11.13,9.08
1983-06-10,10.2,10.64,10.89,11.14,9.11
1983-06-13,10.11,10.5,10.75,11.01,9.03
1983-06-14,10.09,10.53,10.77,11.04,9.06
1983-06-15,10.06,10.48,10.72,10.99,9.06
1983-06-16,10.05,10.46,10.64,10.91,8.99
1983-06-17,10.07,10.47,10.68,10.94,9.01
1983-06-20,10.26,10.62,10.8,11.05,9.32
1983-06-21,10.27,10.64,10.79,11.06,9.32
1983-06-22,10.31,10.71,10.83,11.09,9.35
1983-06-23,10.33,10.76,10.9,11.14,9.31
1983-06-24,10.43,10.83,11.02,11.28,9.42
1983-06-27,10.44,10.92,11.11,11.37,9.38
1983-06-28,10.35,10.85,11.04,11.3,9.34
1983-06-29,10.27,10.76,10.99,11.25,9.2
1983-06-30,10.23,10.76,10.96,11.2,9.15
1983-07-01,10.17,10.72,10.93,11.17,9.05
1983-07-04,,,,,
1983-07-05,10.52,11.03,11.21,11.45,9.36
1983-07-06,10.49,10.98,11.16,11.43,9.38
1983-07-07,10.59,11.12,11.29,11.51,9.49
1983-07-08,10.69,11.16,11.33,11.57,9.48
1983-07-11,10.56,11.09,11.28,11.49,9.42
1983-07-12,10.74,11.24,11.42,11.63,9.52
1983-07-13,10.71,11.21,11.4,11.62,9.47
1983-07-14,10.72,11.21,11.38,11.58,9.46
1983-07-15,10.82,11.36,11.51,11.66,9.59
1983-07-18,10.76,11.3,11.41,11.56,9.47
1983-07-19,10.69,11.23,11.36,11.52,9.51
1983-07-20,10.64,11.14,11.28,11.47,9.44
1983-07-21,10.66,11.16,11.32,11.51,9.44
1983-07-22,10.77,11.26,11.43,11.67,9.45
1983-07-25,10.74,11.26,11.41,11.61,9.43
1983-07-26,10.77,11.33,11.49,11.7,9.47
1983-07-27,10.77,11.32,11.51,11.72,9.43
1983-07-28,10.86,11.47,11.66,11.87,9.54
1983-07-29,11.03,11.59,11.76,12.01,9.59
1983-08-01,11.09,11.63,11.8,12.05,9.63
1983-08-02,11.14,11.68,11.82,12.02,9.89
1983-08-03,11.13,11.68,11.92,12.02,9.78
1983-08-04,11.27,11.84,12.12,12.24,9.86
1983-08-05,11.27,11.85,12.1,12.18,9.83
1983-08-08,11.37,11.95,12.2,12.27,9.89
1983-08-09,11.33,11.88,12.13,12.21,9.94
1983-08-10,11.41,11.94,12.17,12.27,9.97
1983-08-11,11.32,11.87,12.04,12.15,9.98
1983-08-12,11.27,11.82,11.96,12.01,9.9
1983-08-15,11.08,11.58,11.76,11.83,9.83
1983-08-16,10.97,11.52,11.71,11.81,9.83
1983-08-17,10.86,11.41,11.65,11.73,9.73
1983-08-18,10.85,11.44,11.7,11.81,9.68
1983-08-19,10.9,11.5,11.72,11.86,9.7
1983-08-22,10.75,11.3,11.54,11.65,9.54
1983-08-23,10.79,11.37,11.57,11.71,9.56
1983-08-24,10.76,11.3,11.54,11.68,9.49
1983-08-25,10.83,11.35,11.62,11.73,9.48
1983-08-26,10.88,11.4,11.65,11.78,9.54
1983-08-29,11.09,11.63,11.86,11.99,9.62
1983-08-30,11.08,11.67,11.9,12.04,9.69
1983-08-31,11.18,11.79,11.98,12.15,9.64
1983-09-01,11.16,11.76,11.97,12.12,9.58
1983-09-02,11.18,11.81,12.01,12.15,9.63
1983-09-05,,,,,
1983-09-06,11.03,11.63,11.85,12.0,9.59
1983-09-07,10.88,11.52,11.7,11.87,9.49
1983-09-08,10.95,11.57,11.77,11.92,9.48
1983-09-09,10.93,11.53,11.73,11.88,9.54
1983-09-12,10.71,11.35,11.56,11.73,9.39
1983-09-13,10.77,11.38,11.63,11.79,9.46
1983-09-14,10.88,11.51,11.76,11.93,9.47
1983-09-15,10.95,11.61,11.82,11.98,9.46
1983-09-16,10.83,11.43,11.68,11.84,9.43
1983-09-19,10.72,11.42,11.66,11.83,9.34
1983-09-20,10.7,11.33,11.57,11.76,9.32
1983-09-21,10.73,11.4,11.64,11.8,9.33
1983-09-22,10.74,11.4,11.6,11.82,9.33
1983-09-23,10.61,11.29,11.49,11.68,9.22
1983-09-26,10.49,11.18,11.41,11.6,9.05
1983-09-27,10.57,11.21,11.45,11.64,9.08
1983-09-28,10.59,11.24,11.49,11.67,9.12
1983-09-29,10.64,11.26,11.5,11.67,9.24
1983-09-30,10.53,11.2,11.44,11.64,9.04
1983-10-03,10.55,11.22,11.47,11.67,9.13
1983-10-04,10.56,11.22,11.46,11.67,9.0
1983-10-05,10.45,11.11,11.35,11.56,9.01
1983-10-06,10.42,11.1,11.31,11.55,8.97
1983-10-07,10.45,11.12,11.33,11.56,8.94
1983-10-10,,,,,
1983-10-11,10.68,11.36,11.57,11.82,9.16
1983-10-12,10.65,11.35,11.59,11.84,9.14
1983-10-13,10.71,11.4,11.65,11.9,9.16
1983-10-14,10.65,11.31,11.58,11.82,9.12
1983-10-17,10.49,11.21,11.47,11.71,8.88
1983-10-18,10.48,11.2,11.49,11.75,8.85
1983-10-19,10.55,11.2,11.49,11.72,8.84
1983-10-20,10.54,11.22,11.47,11.72,8.88
1983-10-21,10.48,11.18,11.43,11.67,8.87
1983-10-24,10.68,11.39,11.66,11.9,9.03
1983-10-25,10.63,11.4,11.7,11.92,9.0
1983-10-26,10.63,11.4,11.72,11.91,9.0
1983-10-27,10.6,11.39,11.66,11.9,8.99
1983-10-28,10.61,11.39,11.68,11.89,8.96
1983-10-31,10.61,11.39,11.74,11.93,8.83
1983-11-01,10.64,11.38,11.69,11.92,8.8
1983-11-02,10.62,11.39,11.7,11.95,8.82
1983-11-03,10.63,11.41,11.75,12.01,8.97
1983-11-04,10.76,11.53,11.85,12.07,9.14
1983-11-07,10.79,11.56,11.85,12.06,9.14
1983-11-08,,,,,
1983-11-09,10.74,11.54,11.84,12.04,9.13
1983-11-10,10.63,11.4,11.71,11.93,9.09
1983-11-11,,,,,
1983-11-14,10.6,11.38,11.68,11.89,9.12
1983-11-15,10.66,11.4,11.7,11.91,9.13
1983-11-16,10.66,11.4,11.7,11.93,9.14
1983-11-17,10.68,11.44,11.72,11.96,9.2
1983-11-18,10.68,11.46,11.72,11.97,9.2
1983-11-21,10.65,11.38,11.65,11.89,9.12
1983-11-22,10.6,11.34,11.57,11.82,9.12
1983-11-23,10.64,11.37,11.59,11.81,9.16
1983-11-24,,,,,
1983-11-25,10.63,11.31,11.55,11.78,9.12
1983-11-28,10.69,11.41,11.63,11.85,9.25
1983-11-29,10.65,11.31,11.58,11.8,9.22
1983-11-30,10.67,11.36,11.63,11.83,9.24
1983-12-01,10.66,11.37,11.63,11.83,9.27
1983-12-02,10.77,11.47,11.75,11.94,9.28
1983-12-05,10.8,11.5,11.78,11.97,9.29
1983-12-06,10.74,11.46,11.76,11.98,9.3
1983-12-07,10.75,11.49,11.79,11.99,9.31
1983-12-08,10.83,11.57,11.89,12.1,9.38
1983-12-09,10.85,11.58,11.9,12.11,9.34
1983-12-12,10.82,11.54,11.87,12.1,9.31
1983-12-13,10.93,11.65,11.95,12.15,9.46
1983-12-14,10.92,11.68,11.97,12.17,9.48
1983-12-15,10.93,11.66,11.96,12.09,9.53
1983-12-16,10.87,11.59,11.88,12.03,9.47
1983-12-19,10.87,11.59,11.87,12.05,9.45
1983-12-20,10.87,11.56,11.86,12.05,9.41
1983-12-21,10.88,11.54,11.83,12.05,9.36
1983-12-22,10.83,11.51,11.77,11.98,9.25
1983-12-23,10.86,11.53,11.79,12.0,9.32
1983-12-26,,,,,
1983-12-27,10.85,11.5,11.75,11.93,9.29
1983-12-28,10.85,11.56,11.81,11.99,9.34
1983-12-29,10.84,11.52,11.79,11.96,9.34
1983-12-30,10.85,11.57,11.82,11.98,9.33
1984-01-02,,,,,
1984-01-03,10.87,11.59,11.86,12.05,9.35
1984-01-04,10.77,11.5,11.78,11.94,9.34
1984-01-05,10.75,11.47,11.77,11.95,9.29
1984-01-06,10.68,11.43,11.73,11.92,9.22
1984-01-09,10.73,11.47,11.75,11.93,9.25
1984-01-10,10.66,11.44,11.71,11.85,9.27
1984-01-11,10.72,11.46,11.76,11.89,9.3
1984-01-12,10.71,11.48,11.76,11.88,9.29
1984-01-13,10.5,11.26,11.59,11.73,9.08
1984-01-16,10.52,11.25,11.54,11.7,9.11
1984-01-17,10.55,11.28,11.57,11.72,9.24
1984-01-18,10.58,11.3,11.61,11.75,9.27
1984-01-19,10.57,11.29,11.6,11.75,9.25
1984-01-20,10.6,11.32,11.64,11.76,9.32
1984-01-23,10.61,11.31,11.63,11.75,9.3
1984-01-24,10.63,11.31,11.63,11.75,9.29
1984-01-25,10.65,11.31,11.64,11.76,9.3
1984-01-26,10.62,11.31,11.63,11.76,9.29
1984-01-27,10.62,11.31,11.63,11.77,9.28
1984-01-30,10.57,11.31,11.66,11.81,9.24
1984-01-31,10.58,11.34,11.67,11.82,9.26
1984-02-01,10.56,11.31,11.64,11.8,9.25
1984-02-02,10.54,11.28,11.6,11.75,9.27
1984-02-03,10.53,11.31,11.6,11.78,9.32
1984-02-06,10.67,11.4,11.7,11.87,9.5
1984-02-07,10.66,11.4,11.71,11.87,9.43
1984-02-08,10.65,11.41,11.72,11.88,9.47
1984-02-09,10.66,11.43,11.73,11.9,9.4
1984-02-10,10.73,11.52,11.83,12.0,9.43
1984-02-13,,,,,
1984-02-14,10.78,11.54,11.85,12.02,9.43
1984-02-15,10.73,11.5,11.81,11.99,9.44
1984-02-16,10.75,11.51,11.83,11.99,9.44
1984-02-17,10.87,11.63,11.92,12.06,9.53
1984-02-20,,,,,
1984-02-21,10.85,11.62,11.91,12.06,9.5
1984-02-22,10.92,11.61,11.93,12.09,9.51
1984-02-23,11.03,11.76,12.05,12.21,9.64
1984-02-24,10.94,11.69,11.99,12.13,9.54
1984-02-27,11.02,11.77,12.05,12.21,9.55
1984-02-28,11.04,11.8,12.09,12.25,9.59
1984-02-29,10.99,11.74,12.04,12.21,9.49
1984-03-01,11.05,11.77,12.07,12.22,9.54
1984-03-02,10.92,11.68,11.99,12.14,9.5
1984-03-05,11.01,11.76,12.07,12.23,9.54
1984-03-06,11.01,11.77,12.09,12.27,9.59
1984-03-07,11.08,11.87,12.22,12.39,9.67
1984-03-08,11.15,11.9,12.24,12.41,9.7
1984-03-09,11.19,11.95,12.28,12.43,9.77
1984-03-12,11.18,11.94,12.24,12.4,9.69
1984-03-13,11.22,11.97,12.27,12.44,9.74
1984-03-14,11.26,12.0,12.31,12.48,9.83
1984-03-15,11.28,11.99,12.31,12.47,9.86
1984-03-16,11.27,12.01,12.34,12.5,9.87
1984-03-19,11.39,12.11,12.45,12.62,10.0
1984-03-20,11.45,12.13,12.44,12.6,10.2
1984-03-21,11.57,12.17,12.45,12.59,10.2
1984-03-22,11.59,12.22,12.49,12.6,10.18
1984-03-23,11.59,12.23,12.48,12.59,10.15
1984-03-26,11.56,12.2,12.46,12.54,10.11
1984-03-27,11.58,12.21,12.46,12.56,10.17
1984-03-28,11.48,12.15,12.42,12.5,10.1
1984-03-29,11.49,12.16,12.41,12.43,10.07
1984-03-30,11.6,12.28,12.53,12.51,10.09
1984-04-02,11.61,12.29,12.56,12.5,10.05
1984-04-03,11.73,12.4,12.65,12.55,10.18
1984-04-04,11.76,12.44,12.67,12.58,10.18
1984-04-05,11.7,12.42,12.65,12.59,10.18
1984-04-06,11.55,12.24,12.51,12.47,10.05
1984-04-09,11.55,12.22,12.47,12.47,9.95
1984-04-10,11.54,12.26,12.52,12.54,10.01
1984-04-11,11.53,12.24,12.5,12.53,10.01
1984-04-12,11.49,12.16,12.4,12.45,10.02
1984-04-13,11.66,12.3,12.57,12.61,10.11
1984-04-16,11.7,12.35,12.61,12.68,10.17
1984-04-17,11.59,12.3,12.57,12.64,10.15
1984-04-18,11.69,12.4,12.7,12.76,10.14
1984-04-19,11.77,12.47,12.77,12.82,10.1
1984-04-20,,,,,
1984-04-23,11.78,12.49,12.8,12.83,10.01
1984-04-24,11.73,12.46,12.75,12.78,10.04
1984-04-25,11.79,12.45,12.69,12.74,10.02
1984-04-26,11.77,12.42,12.67,12.72,9.91
1984-04-27,11.89,12.55,12.79,12.84,10.08
1984-04-30,11.89,12.57,12.82,12.88,10.1
1984-05-01,11.88,12.57,12.82,12.88,10.08
1984-05-02,11.92,12.62,12.86,12.92,10.06
1984-05-03,11.96,12.64,12.89,12.94,10.05
1984-05-04,12.15,12.83,13.07,13.1,10.25
1984-05-07,12.24,12.9,13.13,13.19,10.35
1984-05-08,12.23,12.88,13.09,13.14,10.44
1984-05-09,12.32,12.97,13.21,13.24,10.4
1984-05-10,12.32,12.98,13.25,13.31,10.25
1984-05-11,12.55,13.2,13.46,13.51,10.4
1984-05-14,12.57,13.3,13.58,13.67,10.37
1984-05-15,12.51,13.23,13.48,13.52,10.52
1984-05-16,12.42,13.17,13.41,13.43,10.14
1984-05-17,12.51,13.27,13.54,13.54,10.16
1984-05-18,12.47,13.21,13.45,13.45,10.19
1984-05-21,12.48,13.18,13.43,13.45,10.07
1984-05-22,12.58,13.27,13.52,13.51,10.45
1984-05-23,12.67,13.3,13.54,13.54,10.33
1984-05-24,12.77,13.46,13.72,13.72,10.09
1984-05-25,12.77,13.52,13.75,13.77,9.94
1984-05-28,,,,,
1984-05-29,12.98,13.7,13.89,13.83,10.09
1984-05-30,13.04,13.84,13.99,13.92,10.15
1984-05-31,13.0,13.76,13.91,13.83,10.13
1984-06-01,12.72,13.46,13.63,13.57,10.18
1984-06-04,12.63,13.29,13.42,13.39,10.23
1984-06-05,12.6,13.24,13.37,13.38,10.14
1984-06-06,12.75,13.38,13.54,13.54,10.15
1984-06-07,12.81,13.43,13.54,13.55,10.23
1984-06-08,12.74,13.35,13.46,13.5,10.25
1984-06-11,13.0,13.57,13.58,13.6,10.43
1984-06-12,12.92,13.45,13.54,13.53,10.48
1984-06-13,12.83,13.37,13.44,13.46,10.28
1984-06-14,12.75,13.31,13.39,13.41,10.28
1984-06-15,12.63,13.12,13.21,13.23,10.27
1984-06-18,12.75,13.19,13.27,13.27,10.35
1984-06-19,12.79,13.3,13.38,13.35,10.31
1984-06-20,13.08,13.57,13.65,13.6,10.31
1984-06-21,13.14,13.67,13.72,13.65,10.33
1984-06-22,13.15,13.72,13.74,13.67,10.23
1984-06-25,13.12,13.7,13.75,13.67,10.14
1984-06-26,13.17,13.77,13.79,13.72,10.19
1984-06-27,13.12,13.7,13.76,13.69,10.14
1984-06-28,13.17,13.7,13.8,13.72,10.24
1984-06-29,13.17,13.72,13.84,13.77,10.31
1984-07-02,13.17,13.73,13.87,13.8,10.12
1984-07-03,13.12,13.67,13.8,13.7,10.38
1984-07-04,,,,,
1984-07-05,13.07,13.64,13.77,13.76,10.37
1984-07-06,13.13,13.65,13.75,13.77,10.4
1984-07-09,12.96,13.4,13.48,13.47,10.41
1984-07-10,13.0,13.46,13.53,13.47,10.54
1984-07-11,13.06,13.45,13.55,13.51,10.51
1984-07-12,12.96,13.39,13.42,13.39,10.44
1984-07-13,12.85,13.24,13.3,13.31,10.36
1984-07-16,12.89,13.24,13.32,13.3,10.4
1984-07-17,12.93,13.29,13.37,13.35,10.61
1984-07-18,12.89,13.22,13.32,13.29,10.52
1984-07-19,12.82,13.17,13.25,13.23,10.54
1984-07-20,12.85,13.24,13.36,13.36,10.59
1984-07-23,12.87,13.25,13.35,13.35,10.63
1984-07-24,12.85,13.24,13.31,13.32,10.69
1984-07-25,12.64,12.95,13.06,13.08,10.68
1984-07-26,12.55,12.8,12.89,12.99,10.67
1984-07-27,12.59,12.89,12.95,12.99,10.7
1984-07-30,12.66,13.0,13.05,13.08,10.76
1984-07-31,12.57,12.85,12.91,12.94,10.83
1984-08-01,12.48,12.74,12.81,12.85,10.86
1984-08-02,12.48,12.71,12.74,12.78,10.9
1984-08-03,12.3,12.55,12.61,12.68,10.9
1984-08-06,12.42,12.66,12.73,12.78,10.98
1984-08-07,12.41,12.64,12.69,12.75,10.97
1984-08-08,12.37,12.62,12.66,12.73,10.9
1984-08-09,12.33,12.59,12.61,12.67,10.85
1984-08-10,12.35,12.63,12.68,12.69,10.86
1984-08-13,12.45,12.71,12.74,12.78,10.88
1984-08-14,12.34,12.62,12.67,12.74,10.72
1984-08-15,12.39,12.68,12.74,12.81,10.62
1984-08-16,12.4,12.66,12.7,12.73,10.68
1984-08-17,12.4,12.67,12.7,12.68,10.75
1984-08-20,12.42,12.66,12.69,12.61,10.88
1984-08-21,12.41,12.64,12.62,12.57,10.85
1984-08-22,12.45,12.66,12.65,12.61,10.84
1984-08-23,12.44,12.68,12.69,12.63,10.88
1984-08-24,12.41,12.67,12.66,12.6,10.91
1984-08-27,12.54,12.8,12.81,12.78,11.12
1984-08-28,12.54,12.82,12.81,12.75,11.1
1984-08-29,12.56,12.78,12.83,12.77,11.11
1984-08-30,12.56,12.79,12.84,12.74,11.09
1984-08-31,12.54,12.77,12.79,12.7,11.06
1984-09-03,,,,,
1984-09-04,12.59,12.85,12.88,12.74,11.14
1984-09-05,12.63,12.92,12.92,12.77,11.08
1984-09-06,12.54,12.82,12.81,12.66,11.04
1984-09-07,12.45,12.75,12.7,12.62,10.99
1984-09-10,12.27,12.65,12.62,12.55,10.84
1984-09-11,12.26,12.59,12.54,12.47,10.82
1984-09-12,12.3,12.62,12.55,12.47,10.83
1984-09-13,12.21,12.47,12.44,12.36,10.75
1984-09-14,12.15,12.42,12.42,12.33,10.79
1984-09-17,12.16,12.42,12.4,12.28,10.81
1984-09-18,12.1,12.33,12.35,12.23,10.74
1984-09-19,11.94,12.26,12.25,12.15,10.69
1984-09-20,11.94,12.27,12.28,12.16,10.66
1984-09-21,12.06,12.44,12.45,12.34,10.67
1984-09-24,12.1,12.51,12.52,12.39,10.72
1984-09-25,12.12,12.53,12.56,12.44,10.71
1984-09-26,12.05,12.47,12.46,12.38,10.64
1984-09-27,11.95,12.31,12.31,12.23,10.57
1984-09-28,12.07,12.48,12.47,12.37,10.63
1984-10-01,12.09,12.51,12.54,12.43,10.65
1984-10-02,12.07,12.52,12.54,12.43,10.67
1984-10-03,12.06,12.49,12.54,12.43,10.59
1984-10-04,12.02,12.45,12.52,12.4,10.57
1984-10-05,11.93,12.35,12.39,12.29,10.55
1984-10-08,,,,,
1984-10-09,11.87,12.32,12.36,12.25,10.51
1984-10-10,11.89,12.32,12.36,12.21,10.48
1984-10-11,11.78,12.23,12.31,12.18,10.36
1984-10-12,11.72,12.17,12.28,12.12,10.3
1984-10-15,11.78,12.24,12.34,12.17,10.39
1984-10-16,11.77,12.25,12.32,12.18,10.35
1984-10-17,11.7,12.21,12.28,12.13,10.26
1984-10-18,11.53,11.98,12.09,11.93,10.1
1984-10-19,11.39,11.82,11.93,11.79,9.93
1984-10-22,11.35,11.82,11.9,11.71,9.92
1984-10-23,11.17,11.62,11.78,11.69,9.82
1984-10-24,11.1,11.55,11.74,11.69,9.51
1984-10-25,11.13,11.65,11.83,11.74,9.53
1984-10-26,11.33,11.83,11.99,11.87,9.71
1984-10-29,11.3,11.79,11.95,11.84,9.65
1984-10-30,11.13,11.63,11.75,11.67,9.54
1984-10-31,11.09,11.59,11.79,11.71,9.35
1984-11-01,10.93,11.45,11.66,11.6,9.36
1984-11-02,10.96,11.46,11.66,11.63,9.34
1984-11-05,10.79,11.4,11.6,11.58,8.99
1984-11-06,,,,,
1984-11-07,10.8,11.45,11.72,11.73,8.86
1984-11-08,10.95,11.55,11.81,11.86,9.08
1984-11-09,10.81,11.47,11.71,11.76,8.94
1984-11-12,,,,,
1984-11-13,10.89,11.55,11.78,11.85,9.04
1984-11-14,10.91,11.59,11.81,11.89,9.08
1984-11-15,10.78,11.52,11.73,11.82,8.98
1984-11-16,10.71,11.46,11.69,11.79,8.9
1984-11-19,10.67,11.41,11.61,11.71,8.93
1984-11-20,10.59,11.29,11.53,11.66,8.93
1984-11-21,10.39,11.14,11.39,11.54,8.85
1984-11-22,,,,,
1984-11-23,10.29,10.99,11.24,11.41,8.75
1984-11-26,10.33,11.05,11.28,11.44,8.79
1984-11-27,10.31,11.05,11.28,11.43,8.68
1984-11-28,10.35,11.03,11.38,11.54,8.68
1984-11-29,10.37,11.07,11.42,11.57,8.65
1984-11-30,10.5,11.25,11.58,11.71,8.74
1984-12-03,10.5,11.23,11.56,11.69,8.71
1984-12-04,10.44,11.16,11.52,11.65,8.8
1984-12-05,10.4,11.14,11.52,11.65,8.78
1984-12-06,10.49,11.23,11.61,11.74,8.78
1984-12-07,10.51,11.31,11.7,11.83,8.64
1984-12-10,10.47,11.26,11.66,11.79,8.65
1984-12-11,10.4,11.18,11.57,11.71,8.63
1984-12-12,10.35,11.14,11.54,11.67,8.56
1984-12-13,10.4,11.27,11.7,11.79,8.58
1984-12-14,10.2,11.08,11.56,11.67,8.39
1984-12-17,10.07,11.01,11.49,11.62,8.24
1984-12-18,9.85,10.83,11.29,11.46,8.08
1984-12-19,9.89,10.86,11.34,11.49,7.97
1984-12-20,9.94,10.89,11.37,11.52,8.07
1984-12-21,9.94,10.89,11.34,11.49,8.03
1984-12-24,9.83,10.85,11.31,11.46,7.9
1984-12-25,,,,,
1984-12-26,9.95,10.97,11.45,11.58,7.89
1984-12-27,9.96,10.98,11.45,11.6,7.93
1984-12-28,10.02,11.03,11.46,11.61,8.0
1984-12-31,10.02,11.08,11.55,11.7,8.12
1985-01-01,,,,,
1985-01-02,10.03,11.22,11.7,11.84,8.1
1985-01-03,10.06,11.13,11.62,11.8,8.07
1985-01-04,10.08,11.19,11.67,11.87,8.08
1985-01-07,10.01,11.09,11.5,11.71,8.06
1985-01-08,9.99,11.04,11.45,11.65,8.06
1985-01-09,9.95,11.03,11.47,11.66,7.95
1985-01-10,10.0,11.05,11.48,11.68,8.0
1985-01-11,10.08,11.14,11.59,11.79,8.02
1985-01-14,10.07,11.13,11.6,11.82,7.96
1985-01-15,10.0,11.01,11.49,11.73,7.99
1985-01-16,9.99,11.02,11.51,11.74,8.0
1985-01-17,9.98,10.99,11.48,11.72,8.0
1985-01-18,9.91,10.89,11.39,11.63,8.0
1985-01-21,,,,,
1985-01-22,9.83,10.79,11.27,11.48,7.96
1985-01-23,9.83,10.74,11.21,11.44,7.9
1985-01-24,9.74,10.61,11.06,11.26,7.88
1985-01-25,9.76,10.66,11.11,11.28,7.89
1985-01-28,9.79,10.7,11.11,11.28,7.98
1985-01-29,9.79,10.7,11.11,11.27,8.09
1985-01-30,9.76,10.68,11.08,11.24,8.1
1985-01-31,9.9,10.77,11.17,11.3,8.33
1985-02-01,10.04,10.93,11.29,11.44,8.47
1985-02-04,10.03,10.99,11.35,11.47,8.47
1985-02-05,9.99,10.93,11.3,11.42,8.43
1985-02-06,10.03,11.0,11.4,11.5,8.41
1985-02-07,10.06,11.04,11.41,11.57,8.46
1985-02-08,10.03,11.0,11.37,11.54,8.51
1985-02-11,10.06,11.05,11.42,11.6,8.5
1985-02-12,,,,,
1985-02-13,10.03,11.02,11.39,11.58,8.53
1985-02-14,9.98,10.93,11.29,11.49,8.48
1985-02-15,10.02,10.98,11.38,11.63,8.47
1985-02-18,,,,,
1985-02-19,10.01,10.95,11.37,11.61,8.46
1985-02-20,10.13,11.09,11.52,11.76,8.53
1985-02-21,10.29,11.29,11.64,11.86,8.73
1985-02-22,10.34,11.35,11.76,11.99,8.68
1985-02-25,10.36,11.4,11.75,12.0,8.69
1985-02-26,10.36,11.35,11.72,11.97,8.65
1985-02-27,10.56,11.51,11.89,12.11,8.75
1985-02-28,10.66,11.55,11.91,12.13,8.81
1985-03-01,10.73,11.52,11.86,12.08,8.98
1985-03-04,10.78,11.57,11.93,12.14,9.05
1985-03-05,10.71,11.49,11.86,12.05,9.0
1985-03-06,10.75,11.53,11.92,12.14,9.01
1985-03-07,10.83,11.61,11.94,12.17,9.12
1985-03-08,10.56,11.37,11.71,11.95,8.89
1985-03-11,10.56,11.38,11.72,11.98,8.79
1985-03-12,10.62,11.45,11.78,12.0,8.85
1985-03-13,10.79,11.59,11.9,12.09,8.91
1985-03-14,10.86,11.63,11.92,12.11,9.05
1985-03-15,10.82,11.63,11.93,12.13,8.71
1985-03-18,10.89,11.7,12.02,12.21,8.83
1985-03-19,10.85,11.67,11.99,12.19,8.86
1985-03-20,10.85,11.62,11.91,12.08,8.84
1985-03-21,10.69,11.48,11.82,12.02,8.75
1985-03-22,10.75,11.55,11.88,12.07,8.82
1985-03-25,10.71,11.53,11.86,12.03,8.74
1985-03-26,10.63,11.45,11.77,11.95,8.64
1985-03-27,10.63,11.49,11.84,11.98,8.63
1985-03-28,10.53,11.38,11.75,12.01,8.49
1985-03-29,10.43,11.29,11.65,11.89,8.47
1985-04-01,10.45,11.28,11.66,11.8,8.44
1985-04-02,10.48,11.33,11.7,11.92,8.51
1985-04-03,10.49,11.34,11.73,11.93,8.45
1985-04-04,10.53,11.35,11.75,11.95,8.41
1985-04-05,,,,,
1985-04-08,10.49,11.36,11.77,11.97,8.41
1985-04-09,10.38,11.28,11.66,11.89,8.37
1985-04-10,10.31,11.2,11.58,11.78,8.38
1985-04-11,10.12,11.05,11.42,11.65,8.32
1985-04-12,10.13,11.05,11.43,11.66,8.33
1985-04-15,10.09,11.02,11.37,11.61,8.35
1985-04-16,9.86,10.8,11.25,11.52,8.2
1985-04-17,9.93,10.86,11.29,11.56,8.06
1985-04-18,9.73,10.69,11.13,11.41,7.97
1985-04-19,9.81,10.69,11.16,11.46,8.06
1985-04-22,9.72,10.67,11.13,11.45,7.93
1985-04-23,9.88,10.79,11.25,11.56,8.05
1985-04-24,9.81,10.77,11.25,11.58,8.01
1985-04-25,9.9,10.87,11.37,11.67,8.1
1985-04-26,9.88,10.87,11.35,11.65,8.08
1985-04-29,9.97,10.96,11.47,11.77,8.11
1985-04-30,9.91,10.91,11.41,11.7,8.12
1985-05-01,9.82,10.81,11.27,11.56,8.01
1985-05-02,9.86,10.83,11.29,11.55,8.03
1985-05-03,9.71,10.74,11.21,11.5,7.99
1985-05-06,9.7,10.71,11.19,11.49,8.0
1985-05-07,9.66,10.68,11.17,11.49,8.03
1985-05-08,9.73,10.74,11.26,11.59,8.09
1985-05-09,9.67,10.68,11.2,11.52,8.01
1985-05-10,9.62,10.57,11.04,11.37,8.0
1985-05-13,9.64,10.56,11.04,11.36,7.97
1985-05-14,9.47,10.39,10.87,11.23,7.86
1985-05-15,9.4,10.39,10.89,11.24,7.68
1985-05-16,9.31,10.28,10.81,11.17,7.61
1985-05-17,9.37,10.32,10.84,11.18,7.64
1985-05-20,9.1,10.04,10.56,10.91,7.5
1985-05-21,9.11,10.07,10.6,10.94,7.54
1985-05-22,9.11,10.05,10.62,10.98,7.53
1985-05-23,9.21,10.11,10.64,11.01,7.49
1985-05-24,9.13,10.05,10.57,10.96,7.42
1985-05-27,,,,,
1985-05-28,9.05,9.95,10.43,10.83,7.45
1985-05-29,9.05,9.9,10.46,10.83,7.48
1985-05-30,9.03,9.84,10.39,10.78,7.42
1985-05-31,8.92,9.68,10.28,10.7,7.38
1985-06-03,8.72,9.5,10.05,10.49,7.24
1985-06-04,8.68,9.47,10.05,10.49,7.18
1985-06-05,8.42,9.26,9.83,10.35,7.14
1985-06-06,8.51,9.33,9.89,10.37,7.21
1985-06-07,8.82,9.67,10.19,10.62,7.39
1985-06-10,8.87,9.68,10.16,10.59,7.49
1985-06-11,8.78,9.63,10.08,10.5,7.38
1985-06-12,8.76,9.65,10.16,10.55,7.32
1985-06-13,8.76,9.67,10.21,10.61,7.2
1985-06-14,8.45,9.39,9.98,10.41,6.91
1985-06-17,8.48,9.45,9.97,10.38,6.99
1985-06-18,8.37,9.33,9.9,10.33,6.87
1985-06-19,8.5,9.46,10.04,10.48,6.95
1985-06-20,8.59,9.51,10.14,10.57,7.06
1985-06-21,8.8,9.75,10.34,10.73,7.27
1985-06-24,8.87,9.83,10.45,10.81,7.29
1985-06-25,8.96,9.95,10.5,10.86,7.32
1985-06-26,8.94,9.97,10.54,10.87,7.21
1985-06-27,8.81,9.83,10.39,10.7,7.13
1985-06-28,8.67,9.65,10.25,10.61,7.05
1985-07-01,8.66,9.58,10.19,10.58,7.09
1985-07-02,8.66,9.61,10.2,10.57,7.17
1985-07-03,8.66,9.62,10.23,10.59,7.24
1985-07-04,,,,,
1985-07-05,8.36,9.3,9.93,10.36,6.99
1985-07-08,8.52,9.41,10.05,10.45,7.14
1985-07-09,8.52,9.41,10.05,10.47,7.18
1985-07-10,8.55,9.45,10.07,10.47,7.16
1985-07-11,8.73,9.61,10.22,10.6,7.29
1985-07-12,8.78,9.63,10.23,10.6,7.32
1985-07-15,8.76,9.63,10.22,10.6,7.28
1985-07-16,8.67,9.59,10.15,10.55,7.23
1985-07-17,8.63,9.54,10.12,10.53,7.21
1985-07-18,8.76,9.71,10.3,10.7,7.39
1985-07-19,8.82,9.72,10.34,10.73,7.42
1985-07-22,8.95,9.87,10.46,10.82,7.49
1985-07-23,8.97,9.91,10.47,10.82,7.5
1985-07-24,8.99,9.92,10.51,10.85,7.48
1985-07-25,8.96,9.91,10.52,10.88,7.41
1985-07-26,8.98,9.96,10.59,10.97,7.43
1985-07-29,9.03,10.02,10.67,11.0,7.5
1985-07-30,9.04,10.02,10.66,10.99,7.52
1985-07-31,9.01,9.98,10.57,10.89,7.52
1985-08-01,9.04,9.95,10.51,10.81,7.52
1985-08-02,9.15,10.09,10.66,10.95,7.55
1985-08-05,9.13,10.06,10.64,10.93,7.52
1985-08-06,9.13,10.08,10.65,10.94,7.5
1985-08-07,9.08,10.01,10.55,10.88,7.41
1985-08-08,8.99,9.91,10.43,10.8,7.41
1985-08-09,8.95,9.86,10.37,10.77,7.4
1985-08-12,8.95,9.86,10.38,10.78,7.33
1985-08-13,8.96,9.92,10.46,10.87,7.37
1985-08-14,8.96,9.84,10.38,10.78,7.32
1985-08-15,8.96,9.83,10.36,10.79,7.43
1985-08-16,8.9,9.74,10.26,10.71,7.34
1985-08-19,8.89,9.74,10.23,10.67,7.36
1985-08-20,8.86,9.7,10.2,10.64,7.35
1985-08-21,8.82,9.63,10.12,10.58,7.27
1985-08-22,8.81,9.62,10.1,10.57,7.27
1985-08-23,8.87,9.67,10.14,10.59,7.27
1985-08-26,8.88,9.7,10.18,10.62,7.3
1985-08-27,8.81,9.65,10.12,10.56,7.28
1985-08-28,8.85,9.63,10.16,10.58,7.29
1985-08-29,8.81,9.58,10.12,10.54,7.28
1985-08-30,8.96,9.74,10.28,10.67,7.38
1985-09-02,,,,,
1985-09-03,8.95,9.71,10.24,10.65,7.35
1985-09-04,8.85,9.64,10.16,10.58,7.28
1985-09-05,8.92,9.71,10.27,10.68,7.36
1985-09-06,9.15,9.97,10.5,10.92,7.5
1985-09-09,9.13,9.97,10.49,10.91,7.5
1985-09-10,9.1,9.96,10.48,10.9,7.47
1985-09-11,9.13,9.98,10.51,10.92,7.48
1985-09-12,9.15,9.97,10.52,10.91,7.48
1985-09-13,9.03,9.87,10.4,10.8,7.45
1985-09-16,8.99,9.83,10.37,10.77,7.42
1985-09-17,9.05,9.85,10.41,10.83,7.44
1985-09-18,9.07,9.87,10.43,10.86,7.34
1985-09-19,9.13,9.89,10.43,10.86,7.32
1985-09-20,9.01,9.81,10.36,10.78,7.24
1985-09-23,8.89,9.74,10.39,10.83,7.12
1985-09-24,8.82,9.69,10.33,10.79,7.06
1985-09-25,8.71,9.59,10.27,10.75,7.09
1985-09-26,8.72,9.61,10.22,10.68,7.16
1985-09-27,,,,,
1985-09-30,8.88,9.73,10.31,10.75,7.27
1985-10-01,8.83,9.69,10.29,10.73,7.26
1985-10-02,8.84,9.69,10.3,10.74,7.25
1985-10-03,8.84,9.69,10.32,10.74,7.22
1985-10-04,8.84,9.73,10.36,10.77,7.22
1985-10-07,8.97,9.83,10.42,10.85,7.32
1985-10-08,8.96,9.81,10.36,10.81,7.39
1985-10-09,8.97,9.82,10.37,10.81,7.42
1985-10-10,8.96,9.82,10.35,10.78,7.46
1985-10-11,8.96,9.82,10.34,10.77,7.43
1985-10-14,,,,,
1985-10-15,8.94,9.79,10.3,10.72,7.48
1985-10-16,8.89,9.73,10.25,10.69,7.45
1985-10-17,8.85,9.67,10.21,10.64,7.43
1985-10-18,8.81,9.62,10.17,10.6,7.44
1985-10-21,8.83,9.63,10.18,10.6,7.46
1985-10-22,8.8,9.6,10.12,10.55,7.39
1985-10-23,8.84,9.62,10.14,10.55,7.46
1985-10-24,8.9,9.64,10.15,10.56,7.5
1985-10-25,8.88,9.67,10.21,10.63,7.48
1985-10-28,8.91,9.75,10.28,10.72,7.47
1985-10-29,8.82,9.61,10.11,10.56,7.45
1985-10-30,8.68,9.45,9.97,10.44,7.42
1985-10-31,8.7,9.47,10.01,10.45,7.42
1985-11-01,8.7,9.45,9.98,10.41,7.44
1985-11-04,8.71,9.44,9.98,10.4,7.48
1985-11-05,8.69,9.39,9.93,10.35,7.48
1985-11-06,8.67,9.38,9.93,10.36,7.49
1985-11-07,8.67,9.38,9.91,10.35,7.54
1985-11-08,8.57,9.3,9.84,10.3,7.46
1985-11-11,,,,,
1985-11-12,8.53,9.2,9.74,10.2,7.46
1985-11-13,8.58,9.28,9.78,10.24,7.52
1985-11-14,8.63,9.33,9.84,10.3,7.56
1985-11-15,8.66,9.39,9.92,10.35,7.59
1985-11-18,8.51,9.22,9.72,10.18,7.48
1985-11-19,8.52,9.2,9.73,10.15,7.45
1985-11-20,8.54,9.22,9.72,10.15,7.49
1985-11-21,8.51,9.17,9.58,10.08,7.47
1985-11-22,8.52,9.22,9.66,10.16,7.47
1985-11-25,8.52,9.23,9.68,10.19,7.44
1985-11-26,8.53,9.24,9.68,10.17,7.43
1985-11-27,8.52,9.12,9.64,10.12,7.41
1985-11-28,,,,,
1985-11-29,8.46,9.07,9.59,10.07,7.39
1985-12-02,8.54,9.14,9.69,10.17,7.5
1985-12-03,8.52,9.15,9.68,10.15,7.47
1985-12-04,8.49,9.1,9.63,10.1,7.46
1985-12-05,8.47,9.1,9.62,10.1,7.5
1985-12-06,8.47,9.12,9.65,10.11,7.48
1985-12-09,8.35,8.98,9.49,9.97,7.44
1985-12-10,8.23,8.83,9.36,9.84,7.41
1985-12-11,8.0,8.64,9.2,9.72,7.28
1985-12-12,8.07,8.72,9.27,9.78,7.31
1985-12-13,7.97,8.63,9.21,9.72,7.2
1985-12-16,8.0,8.62,9.16,9.64,7.25
1985-12-17,7.94,8.48,9.04,9.54,7.23
1985-12-18,8.04,8.57,9.11,9.6,7.36
1985-12-19,8.0,8.58,9.1,9.59,7.33
1985-12-20,8.01,8.52,9.04,9.54,7.27
1985-12-23,8.01,8.56,9.08,9.57,7.3
1985-12-24,8.02,8.56,9.07,9.55,7.28
1985-12-25,,,,,
1985-12-26,7.99,8.52,9.04,9.52,7.23
1985-12-27,7.99,8.5,8.99,9.49,7.18
1985-12-30,7.99,8.49,9.01,9.51,7.17
1985-12-31,7.98,8.49,9.0,9.5,7.28
1986-01-01,,,,,
1986-01-02,8.02,8.51,9.04,9.52,7.33
1986-01-03,8.03,8.52,9.05,9.54,7.29
1986-01-06,8.04,8.54,9.07,9.54,7.29
1986-01-07,7.97,8.44,8.94,9.42,7.26
1986-01-08,8.09,8.58,9.13,9.51,7.4
1986-01-09,8.27,8.78,9.27,9.62,7.41
1986-01-10,8.36,8.89,9.39,9.74,7.44
1986-01-13,8.38,9.0,9.49,9.86,7.48
1986-01-14,8.33,8.93,9.43,9.75,7.48
1986-01-15,8.24,8.82,9.31,9.64,7.42
1986-01-16,8.21,8.79,9.3,9.65,7.31
1986-01-17,8.19,8.74,9.24,9.61,7.33
1986-01-20,,,,,
1986-01-21,8.2,8.74,9.22,9.61,7.25
1986-01-22,8.19,8.77,9.28,9.67,7.23
1986-01-23,8.17,8.74,9.23,9.62,7.19
1986-01-24,8.13,8.74,9.23,9.65,7.19
1986-01-27,8.07,8.63,9.13,9.53,7.18
1986-01-28,8.02,8.53,9.05,9.43,7.14
1986-01-29,8.05,8.56,9.09,9.46,7.26
1986-01-30,8.04,8.57,9.1,9.48,7.27
1986-01-31,7.99,8.53,9.08,9.48,7.19
1986-02-03,7.97,8.5,9.02,9.42,7.22
1986-02-04,7.94,8.44,8.96,9.34,7.2
1986-02-05,7.99,8.51,8.97,9.4,7.24
1986-02-06,8.02,8.54,9.03,9.46,7.33
1986-02-07,8.15,8.62,9.11,9.54,7.44
1986-02-10,8.08,8.54,9.0,9.44,7.43
1986-02-11,8.04,8.47,8.93,9.36,7.34
1986-02-12,8.08,8.46,8.91,9.34,7.34
1986-02-13,8.06,8.43,8.85,9.28,7.33
1986-02-14,7.99,8.29,8.68,9.07,7.24
1986-02-17,,,,,
1986-02-18,7.96,8.28,8.64,9.04,7.24
1986-02-19,8.06,8.37,8.7,9.09,7.31
1986-02-20,8.05,8.39,8.67,9.05,7.34
1986-02-21,7.93,8.24,8.48,8.86,7.2
1986-02-24,7.86,8.2,8.39,8.71,7.24
1986-02-25,7.89,8.21,8.4,8.72,7.28
1986-02-26,7.88,8.07,8.36,8.63,7.3
1986-02-27,7.72,7.91,8.15,8.38,7.26
1986-02-28,7.71,7.91,8.13,8.34,7.24
1986-03-03,7.55,7.76,7.99,8.23,7.19
1986-03-04,7.38,7.55,7.93,8.17,7.06
1986-03-05,7.54,7.76,8.12,8.4,7.07
1986-03-06,7.38,7.68,8.04,8.4,6.9
1986-03-07,7.29,7.56,7.96,8.33,6.81
1986-03-10,7.16,7.41,7.76,8.13,6.81
1986-03-11,7.15,7.35,7.7,8.08,6.77
1986-03-12,7.17,7.37,7.68,8.05,6.83
1986-03-13,7.21,7.46,7.75,8.12,6.8
1986-03-14,7.18,7.4,7.72,8.09,6.74
1986-03-17,7.22,7.42,7.77,8.15,6.77
1986-03-18,7.23,7.48,7.83,8.2,6.74
1986-03-19,7.17,7.46,7.82,8.14,6.69
1986-03-20,7.17,7.45,7.78,8.1,6.64
1986-03-21,7.19,7.47,7.8,8.13,6.61
1986-03-24,7.11,7.4,7.7,8.03,6.61
1986-03-25,7.12,7.39,7.7,8.03,6.57
1986-03-26,7.11,7.36,7.64,7.94,6.61
1986-03-27,7.04,7.28,7.49,7.7,6.53
1986-03-28,,,,,
1986-03-31,6.92,7.19,7.39,7.46,6.53
1986-04-01,6.89,7.18,7.37,7.5,6.52
1986-04-02,6.9,7.21,7.33,7.49,6.53
1986-04-03,6.94,7.29,7.41,7.56,6.52
1986-04-04,6.85,7.22,7.45,7.67,6.41
1986-04-07,6.82,7.19,7.43,7.7,6.43
1986-04-08,6.7,7.07,7.31,7.5,6.31
1986-04-09,6.58,6.99,7.27,7.43,6.19
1986-04-10,6.58,6.95,7.23,7.42,6.2
1986-04-11,6.65,7.0,7.29,7.47,6.13
1986-04-14,6.53,6.89,7.19,7.39,6.09
1986-04-15,6.53,6.88,7.22,7.44,5.98
1986-04-16,6.39,6.68,6.98,7.25,5.94
1986-04-17,6.44,6.75,7.03,7.28,6.01
1986-04-18,6.44,6.78,7.09,7.31,6.04
1986-04-21,6.46,6.75,7.04,7.27,6.04
1986-04-22,6.58,6.93,7.25,7.47,6.12
1986-04-23,6.67,7.11,7.36,7.63,6.27
1986-04-24,6.89,7.31,7.51,7.72,6.29
1986-04-25,6.91,7.39,7.58,7.78,6.32
1986-04-28,6.86,7.27,7.48,7.66,6.29
1986-04-29,6.85,7.17,7.38,7.56,6.27
1986-04-30,6.83,7.17,7.38,7.55,6.28
1986-05-01,6.85,7.2,7.45,7.61,6.29
1986-05-02,6.88,7.23,7.51,7.74,6.33
1986-05-05,6.82,7.17,7.45,7.64,6.24
1986-05-06,6.82,7.16,7.46,7.64,6.23
1986-05-07,6.83,7.21,7.43,7.69,6.22
1986-05-08,6.78,7.17,7.4,7.64,6.22
1986-05-09,6.85,7.25,7.48,7.71,6.23
1986-05-12,6.98,7.41,7.67,7.85,6.32
1986-05-13,7.0,7.46,7.63,7.83,6.27
1986-05-14,7.0,7.48,7.66,7.84,6.27
1986-05-15,7.16,7.67,7.79,8.0,6.35
1986-05-16,7.32,7.89,7.99,8.1,6.4
1986-05-19,7.28,7.87,7.98,8.08,6.39
1986-05-20,7.23,7.8,7.88,7.98,6.42
1986-05-21,7.2,7.76,7.9,7.96,6.39
1986-05-22,7.2,7.76,7.88,7.91,6.39
1986-05-23,7.19,7.73,7.84,7.81,6.36
1986-05-26,,,,,
1986-05-27,7.14,7.65,7.73,7.67,6.35
1986-05-28,7.17,7.55,7.73,7.61,6.38
1986-05-29,7.35,7.78,7.99,7.81,6.49
1986-05-30,7.36,7.82,8.05,7.9,6.49
1986-06-02,7.5,8.05,8.32,8.12,6.56
1986-06-03,7.49,7.99,8.19,8.03,6.61
1986-06-04,7.63,8.17,8.39,8.17,6.72
1986-06-05,7.54,8.1,8.31,8.13,6.71
1986-06-06,7.27,7.78,7.95,7.8,6.51
1986-06-09,7.39,7.94,8.13,7.97,6.56
1986-06-10,7.38,7.92,8.07,7.92,6.47
1986-06-11,7.39,7.9,8.01,7.87,6.53
1986-06-12,7.31,7.83,7.98,7.85,6.47
1986-06-13,7.15,7.57,7.73,7.63,6.36
1986-06-16,7.1,7.47,7.63,7.53,6.31
1986-06-17,7.08,7.45,7.63,7.52,6.27
1986-06-18,7.01,7.41,7.57,7.51,6.27
1986-06-19,7.1,7.49,7.69,7.62,6.29
1986-06-20,7.06,7.45,7.6,7.54,6.28
1986-06-23,7.03,7.42,7.55,7.49,6.3
1986-06-24,6.98,7.35,7.47,7.43,6.26
1986-06-25,6.91,7.31,7.42,7.38,6.26
1986-06-26,6.91,7.29,7.42,7.39,6.26
1986-06-27,6.84,7.27,7.38,7.33,6.2
1986-06-30,6.81,7.23,7.35,7.3,6.13
1986-07-01,6.8,7.23,7.37,7.3,6.17
1986-07-02,6.81,7.23,7.37,7.3,6.18
1986-07-03,6.71,7.15,7.31,7.24,6.08
1986-07-04,,,,,
1986-07-07,6.7,7.14,7.31,7.24,6.04
1986-07-08,6.84,7.26,7.44,7.34,6.11
1986-07-09,6.73,7.14,7.31,7.23,6.05
1986-07-10,6.73,7.12,7.31,7.23,6.02
1986-07-11,6.6,7.0,7.3,7.25,5.92
1986-07-14,6.58,6.97,7.25,7.19,5.94
1986-07-15,6.56,6.91,7.16,7.14,5.94
1986-07-16,6.59,6.9,7.2,7.18,5.94
1986-07-17,6.61,6.91,7.18,7.19,5.92
1986-07-18,6.56,6.88,7.16,7.18,5.88
1986-07-21,6.56,6.88,7.14,7.16,5.89
1986-07-22,6.6,6.93,7.2,7.24,5.89
1986-07-23,6.63,7.04,7.29,7.33,5.98
1986-07-24,6.67,7.12,7.35,7.39,5.98
1986-07-25,6.67,7.09,7.33,7.38,5.98
1986-07-28,6.76,7.23,7.53,7.57,6.07
1986-07-29,6.71,7.13,7.41,7.47,6.03
1986-07-30,6.67,7.1,7.41,7.48,6.02
1986-07-31,6.57,7.02,7.34,7.42,5.96
1986-08-01,6.56,7.02,7.34,7.43,5.94
1986-08-04,6.56,7.01,7.33,7.41,5.88
1986-08-05,6.58,7.07,7.39,7.49,5.87
1986-08-06,6.61,7.13,7.47,7.54,5.88
1986-08-07,6.61,7.1,7.45,7.53,5.89
1986-08-08,6.54,6.97,7.3,7.38,5.86
1986-08-11,6.51,6.9,7.25,7.32,5.84
1986-08-12,6.46,6.89,7.23,7.31,5.77
1986-08-13,6.37,6.83,7.15,7.24,5.73
1986-08-14,6.39,6.89,7.16,7.27,5.75
1986-08-15,6.36,6.83,7.14,7.25,5.71
1986-08-18,6.37,6.83,7.14,7.24,5.77
1986-08-19,6.29,6.7,7.02,7.14,5.72
1986-08-20,6.17,6.65,7.0,7.13,5.66
1986-08-21,6.08,6.62,6.96,7.17,5.52
1986-08-22,6.14,6.68,7.07,7.22,5.51
1986-08-25,6.1,6.65,7.06,7.21,5.43
1986-08-26,6.02,6.63,6.97,7.14,5.44
1986-08-27,6.12,6.53,7.06,7.21,5.47
1986-08-28,6.07,6.52,7.04,7.19,5.44
1986-08-29,5.94,6.4,6.95,7.12,5.31
1986-09-01,,,,,
1986-09-02,5.99,6.45,7.03,7.17,5.33
1986-09-03,6.14,6.64,7.2,7.36,5.38
1986-09-04,6.11,6.63,7.15,7.32,5.33
1986-09-05,6.25,6.81,7.32,7.46,5.37
1986-09-08,6.3,6.89,7.38,7.51,5.39
1986-09-09,6.3,6.88,7.35,7.47,5.34
1986-09-10,6.27,6.85,7.35,7.47,5.3
1986-09-11,6.43,7.07,7.57,7.69,5.35
1986-09-12,6.43,7.09,7.63,7.7,5.31
1986-09-15,6.39,7.0,7.53,7.62,5.32
1986-09-16,6.38,6.99,7.53,7.63,5.27
1986-09-17,6.37,6.93,7.46,7.58,5.26
1986-09-18,6.47,7.02,7.62,7.7,5.37
1986-09-19,6.52,7.1,7.67,7.77,5.4
1986-09-22,6.49,7.06,7.62,7.73,5.4
1986-09-23,6.46,7.03,7.58,7.7,5.4
1986-09-24,6.37,6.94,7.48,7.59,5.38
1986-09-25,6.37,6.94,7.47,7.58,5.37
1986-09-26,6.39,6.96,7.47,7.58,5.38
1986-09-29,6.46,7.04,7.54,7.64,5.41
1986-09-30,6.38,6.98,7.45,7.55,5.34
1986-10-01,6.36,6.93,7.41,7.52,5.33
1986-10-02,6.38,6.95,7.45,7.56,5.33
1986-10-03,6.16,6.74,7.31,7.46,5.23
1986-10-06,6.14,6.71,7.28,7.45,5.19
1986-10-07,6.13,6.71,7.28,7.46,5.2
1986-10-08,6.11,6.71,7.31,7.5,5.18
1986-10-09,6.15,6.73,7.33,7.52,5.2
1986-10-10,6.16,6.73,7.36,7.56,5.2
1986-10-13,,,,,
1986-10-14,6.26,6.82,7.49,7.68,5.28
1986-10-15,6.27,6.87,7.51,7.69,5.32
1986-10-16,6.29,6.87,7.53,7.71,5.34
1986-10-17,6.38,6.94,7.57,7.75,5.42
1986-10-20,6.47,7.05,7.66,7.83,5.47
1986-10-21,6.4,6.96,7.57,7.75,5.46
1986-10-22,6.34,6.91,7.49,7.67,5.45
1986-10-23,6.31,6.82,7.43,7.62,5.41
1986-10-24,6.35,6.86,7.47,7.66,5.42
1986-10-27,6.32,6.82,7.42,7.61,5.34
1986-10-28,6.34,6.85,7.45,7.66,5.34
1986-10-29,6.32,6.82,7.41,7.62,5.34
1986-10-30,6.24,6.75,7.31,7.52,5.32
1986-10-31,6.26,6.76,7.34,7.54,5.34
1986-11-03,6.21,6.71,7.29,7.49,5.36
1986-11-04,6.23,6.71,7.31,7.51,5.4
1986-11-05,6.26,6.72,7.24,7.45,5.4
1986-11-06,6.29,6.79,7.32,7.46,5.41
1986-11-07,6.35,6.86,7.4,7.54,5.47
1986-11-10,6.42,6.89,7.38,7.54,5.58
1986-11-11,,,,,
1986-11-12,6.38,6.87,7.35,7.5,5.55
1986-11-13,6.35,6.83,7.33,7.49,5.55
1986-11-14,6.33,6.81,7.29,7.44,5.55
1986-11-17,6.32,6.77,7.22,7.39,5.56
1986-11-18,6.32,6.79,7.27,7.44,5.5
1986-11-19,6.21,6.73,7.19,7.36,5.48
1986-11-20,6.26,6.74,7.19,7.36,5.53
1986-11-21,6.21,6.72,7.17,7.34,5.51
1986-11-24,6.19,6.69,7.11,7.3,5.53
1986-11-25,6.23,6.66,7.15,7.33,5.54
1986-11-26,6.21,6.65,7.15,7.31,5.54
1986-11-27,,,,,
1986-11-28,6.21,6.65,7.15,7.3,5.54
1986-12-01,6.25,6.69,7.18,7.33,5.57
1986-12-02,6.22,6.61,7.08,7.25,5.56
1986-12-03,6.17,6.58,7.06,7.22,5.56
1986-12-04,6.15,6.53,7.01,7.19,5.55
1986-12-05,6.24,6.65,7.12,7.29,5.59
1986-12-08,6.24,6.61,7.1,7.26,5.66
1986-12-09,6.21,6.6,7.07,7.24,5.63
1986-12-10,6.19,6.58,7.05,7.22,5.64
1986-12-11,6.24,6.64,7.12,7.29,5.64
1986-12-12,6.24,6.66,7.13,7.29,5.64
1986-12-15,6.29,6.69,7.15,7.31,5.66
1986-12-16,6.29,6.67,7.12,7.29,5.74
1986-12-17,6.31,6.68,7.12,7.29,5.8
1986-12-18,6.31,6.69,7.11,7.28,5.76
1986-12-19,6.29,6.69,7.1,7.27,5.66
1986-12-22,6.3,6.69,7.1,7.26,5.69
1986-12-23,6.3,6.68,7.08,7.24,5.71
1986-12-24,6.3,6.68,7.07,7.24,5.73
1986-12-25,,,,,
1986-12-26,6.3,6.69,7.08,7.24,5.72
1986-12-29,6.37,6.78,7.17,7.32,5.83
1986-12-30,6.42,6.82,7.23,7.38,5.85
1986-12-31,6.35,6.81,7.23,7.39,5.83
1987-01-01,,,,,
1987-01-02,6.3,6.75,7.18,,5.7
1987-01-05,6.24,6.67,7.08,,5.71
1987-01-06,6.25,6.67,7.08,,5.67
1987-01-07,6.22,6.65,7.05,,5.58
1987-01-08,6.2,6.6,7.04,,5.58
1987-01-09,6.19,6.58,7.01,,5.53
1987-01-12,6.2,6.61,7.05,,5.52
1987-01-13,6.22,6.64,7.1,,5.51
1987-01-14,6.24,6.67,7.11,,5.5
1987-01-15,6.22,6.64,7.08,,5.51
1987-01-16,6.22,6.6,7.03,,5.47
1987-01-19,,,,,
1987-01-20,6.17,6.57,7.01,,5.45
1987-01-21,6.17,6.57,7.01,,5.46
1987-01-22,6.17,6.57,7.03,,5.53
1987-01-23,6.2,6.59,7.06,,5.55
1987-01-26,6.26,6.67,7.17,,5.64
1987-01-27,6.24,6.66,7.16,,5.64
1987-01-28,6.24,6.63,7.13,,5.62
1987-01-29,6.24,6.65,7.13,,5.63
1987-01-30,6.33,6.71,7.18,,5.76
1987-02-02,6.36,6.75,7.23,,5.77
1987-02-03,6.38,6.77,7.25,,5.75
1987-02-04,6.38,6.76,7.23,,5.79
1987-02-05,6.33,6.7,7.2,,5.75
1987-02-06,6.38,6.73,7.19,,5.82
1987-02-09,6.45,6.79,7.25,,5.88
1987-02-10,6.49,6.89,7.33,,5.99
1987-02-11,6.58,6.96,7.37,,6.03
1987-02-12,6.47,6.92,7.31,,5.88
1987-02-13,6.43,6.83,7.28,,5.81
1987-02-16,,,,,
1987-02-17,6.48,6.87,7.33,,5.88
1987-02-18,6.43,6.84,7.3,,5.76
1987-02-19,6.33,6.76,7.23,,5.6
1987-02-20,6.33,6.78,7.24,,5.58
1987-02-23,6.35,6.78,7.23,,5.59
1987-02-24,6.32,6.75,7.18,,5.59
1987-02-25,6.37,6.72,7.21,,5.6
1987-02-26,6.35,6.74,7.21,,5.6
1987-02-27,6.35,6.71,7.19,,5.6
1987-03-02,6.34,6.69,7.17,,5.63
1987-03-03,6.37,6.72,7.21,,5.71
1987-03-04,6.32,6.66,7.14,,5.68
1987-03-05,6.35,6.69,7.16,,5.69
1987-03-06,6.42,6.77,7.23,,5.82
1987-03-09,6.43,6.78,7.23,,5.82
1987-03-10,6.44,6.78,7.23,,5.86
1987-03-11,6.44,6.78,7.23,,5.86
1987-03-12,6.43,6.78,7.22,,5.85
1987-03-13,6.39,6.75,7.19,,5.79
1987-03-16,6.41,6.77,7.22,,5.83
1987-03-17,6.42,6.75,7.2,,5.74
1987-03-18,6.4,6.76,7.21,,5.69
1987-03-19,6.38,6.75,7.21,,5.67
1987-03-20,6.4,6.77,7.22,,5.69
1987-03-23,6.42,6.8,7.25,,5.8
1987-03-24,6.44,6.82,7.27,,5.79
1987-03-25,6.46,6.84,7.26,,5.74
1987-03-26,6.42,6.81,7.24,,5.74
1987-03-27,6.49,6.89,7.33,,5.81
1987-03-30,6.63,7.07,7.54,,5.85
1987-03-31,6.54,7.02,7.51,,5.79
1987-04-01,6.65,7.12,7.59,,5.71
1987-04-02,6.63,7.12,7.59,,5.68
1987-04-03,6.62,7.1,7.59,,5.67
1987-04-06,6.57,7.06,7.54,,5.65
1987-04-07,6.59,7.14,7.62,,5.68
1987-04-08,6.59,7.14,7.61,,5.67
1987-04-09,6.74,7.3,7.78,,5.93
1987-04-10,6.97,7.55,7.98,,6.04
1987-04-13,7.08,7.68,8.07,,6.22
1987-04-14,7.19,7.83,8.28,,6.11
1987-04-15,7.02,7.67,8.1,,5.86
1987-04-16,6.9,7.55,8.03,,5.73
1987-04-17,,,,,
1987-04-20,7.06,7.72,8.2,,5.74
1987-04-21,7.09,7.71,8.19,,5.67
1987-04-22,7.23,7.77,8.24,,5.59
1987-04-23,7.36,7.92,8.39,,5.66
1987-04-24,7.48,8.05,8.47,,5.94
1987-04-27,7.5,7.97,8.37,,5.98
1987-04-28,7.43,7.91,8.28,,6.01
1987-04-29,7.43,7.93,8.35,,5.89
1987-04-30,7.38,7.82,8.21,,5.7
1987-05-01,7.47,7.98,8.39,,5.78
1987-05-04,7.61,8.12,8.52,,5.87
1987-05-05,7.6,8.08,8.45,,5.99
1987-05-06,7.62,8.15,8.54,,5.67
1987-05-07,7.6,8.08,8.5,,5.7
1987-05-08,7.57,8.04,8.43,,5.71
1987-05-11,7.66,8.19,8.57,,5.84
1987-05-12,7.68,8.19,8.55,,5.78
1987-05-13,7.68,8.18,8.55,,5.7
1987-05-14,7.66,8.2,8.57,,5.91
1987-05-15,7.95,8.45,8.8,,6.15
1987-05-18,7.93,8.42,8.73,,6.09
1987-05-19,7.99,8.55,8.89,,5.96
1987-05-20,8.05,8.61,8.92,,5.87
1987-05-21,8.06,8.55,8.87,,5.71
1987-05-22,7.97,8.49,8.78,,5.74
1987-05-25,,,,,
1987-05-26,7.79,8.23,8.55,,5.83
1987-05-27,7.84,8.28,8.6,,5.94
1987-05-28,7.81,8.25,8.56,,5.82
1987-05-29,7.69,8.15,8.49,,5.87
1987-06-01,7.67,8.08,8.45,,5.92
1987-06-02,7.85,8.31,8.72,,5.94
1987-06-03,7.78,8.25,8.64,,5.87
1987-06-04,7.76,8.2,8.58,,5.84
1987-06-05,7.66,8.11,8.5,,5.87
1987-06-08,7.68,8.14,8.53,,5.85
1987-06-09,7.71,8.18,8.56,,5.68
1987-06-10,7.68,8.15,8.56,,5.65
1987-06-11,7.66,8.13,8.52,,5.72
1987-06-12,7.51,7.9,8.32,,5.73
1987-06-15,7.47,7.89,8.28,,5.85
1987-06-16,7.47,7.89,8.28,,5.81
1987-06-17,7.42,7.83,8.23,,5.83
1987-06-18,7.44,7.87,8.27,,5.83
1987-06-19,7.45,7.89,8.3,,5.84
1987-06-22,7.42,7.83,8.23,,5.86
1987-06-23,7.45,7.85,8.23,,5.9
1987-06-24,7.54,7.94,8.31,,6.02
1987-06-25,7.47,7.91,8.25,,6.03
1987-06-26,7.56,8.02,8.37,,5.97
1987-06-29,7.48,7.97,8.34,,5.88
1987-06-30,7.48,8.02,8.38,,5.91
1987-07-01,7.44,7.96,8.36,,5.82
1987-07-02,7.38,7.9,8.3,,5.84
1987-07-03,,,,,
1987-07-06,7.38,7.9,8.29,,5.85
1987-07-07,7.36,7.9,8.28,,5.78
1987-07-08,7.35,7.9,8.32,,5.74
1987-07-09,7.38,7.95,8.37,,5.78
1987-07-10,7.32,7.88,8.32,,5.76
1987-07-13,7.36,7.93,8.38,,5.78
1987-07-14,7.32,7.89,8.33,,5.72
1987-07-15,7.37,7.97,8.43,,5.75
1987-07-16,7.34,7.95,8.41,,5.75
1987-07-17,7.34,7.92,8.36,,5.73
1987-07-20,7.38,7.96,8.41,,5.72
1987-07-21,7.45,8.03,8.49,,5.87
1987-07-22,7.47,8.05,8.54,,5.85
1987-07-23,7.46,8.08,8.56,,5.87
1987-07-24,7.53,8.12,8.58,,5.96
1987-07-27,7.59,8.15,8.6,,6.03
1987-07-28,7.61,8.17,8.62,,6.09
1987-07-29,7.64,8.16,8.61,,6.11
1987-07-30,7.63,8.2,8.61,,6.27
1987-07-31,7.63,8.21,8.66,,6.27
1987-08-03,7.72,8.34,8.81,,6.25
1987-08-04,7.72,8.34,8.81,,6.04
1987-08-05,7.65,8.26,8.71,,6.04
1987-08-06,7.65,8.28,8.73,,5.93
1987-08-07,7.69,8.27,8.7,,6.04
1987-08-10,7.71,8.29,8.74,,6.11
1987-08-11,7.69,8.26,8.73,,6.13
1987-08-12,7.67,8.27,8.72,,6.14
1987-08-13,7.64,8.21,8.63,,6.15
1987-08-14,7.62,8.18,8.58,,6.15
1987-08-17,7.62,8.17,8.56,,6.17
1987-08-18,7.71,8.31,8.73,,6.21
1987-08-19,7.76,8.34,8.77,,6.24
1987-08-20,7.77,8.35,8.74,,6.31
1987-08-21,7.79,8.35,8.77,,6.3
1987-08-24,7.81,8.34,8.78,,6.38
1987-08-25,7.79,8.32,8.73,,6.38
1987-08-26,7.87,8.36,8.79,,6.46
1987-08-27,7.95,8.48,8.92,,6.5
1987-08-28,8.01,8.54,9.02,,6.52
1987-08-31,7.97,8.52,9.0,,6.45
1987-09-01,7.98,8.57,9.05,,6.32
1987-09-02,8.15,8.77,9.28,,6.29
1987-09-03,8.19,8.77,9.29,,6.39
1987-09-04,8.26,8.82,9.3,,6.59
1987-09-07,,,,,
1987-09-08,8.46,9.02,9.5,,6.66
1987-09-09,8.43,9.0,9.48,,6.65
1987-09-10,8.36,8.95,9.42,,6.54
1987-09-11,8.31,8.88,9.33,,6.56
1987-09-14,8.26,8.87,9.34,,6.56
1987-09-15,8.3,8.95,9.44,,6.55
1987-09-16,8.35,9.0,9.52,,6.55
1987-09-17,8.34,8.98,9.48,,6.59
1987-09-18,8.3,8.91,9.38,,6.63
1987-09-21,8.33,8.94,9.45,,6.74
1987-09-22,8.31,8.91,9.37,,6.73
1987-09-23,8.31,8.92,9.4,,6.71
1987-09-24,8.42,9.03,9.51,,6.67
1987-09-25,8.48,9.06,9.53,,6.76
1987-09-28,8.48,9.07,9.52,,6.81
1987-09-29,8.6,9.17,9.64,,6.92
1987-09-30,8.6,9.21,9.63,,6.83
1987-10-01,8.62,9.22,9.66,,6.86
1987-10-02,8.61,9.2,9.6,,6.89
1987-10-05,8.66,9.28,9.69,,6.92
1987-10-06,8.73,9.32,9.72,,6.77
1987-10-07,8.73,9.31,9.71,,6.78
1987-10-08,9.03,9.49,9.86,,6.93
1987-10-09,9.01,9.56,9.94,,7.0
1987-10-12,,,,,
1987-10-13,8.94,9.51,9.9,,7.03
1987-10-14,9.14,9.75,10.13,,7.45
1987-10-15,9.23,9.82,10.18,,7.33
1987-10-16,9.22,9.84,10.23,,7.19
1987-10-19,8.93,9.7,10.15,,6.67
1987-10-20,8.09,8.93,9.4,,6.05
1987-10-21,7.9,8.8,9.3,,5.78
1987-10-22,7.76,8.52,8.97,,5.53
1987-10-23,7.76,8.55,8.98,,5.47
1987-10-26,7.57,8.33,8.8,,5.44
1987-10-27,7.66,8.42,8.92,,5.39
1987-10-28,7.65,8.43,9.01,,5.25
1987-10-29,7.53,8.33,8.89,,5.19
1987-10-30,7.58,8.37,8.88,,5.45
1987-11-02,7.72,8.44,8.98,,5.85
1987-11-03,7.67,8.38,8.91,,5.81
1987-11-04,7.6,8.3,8.85,,5.71
1987-11-05,7.5,8.18,8.72,,5.76
1987-11-06,7.62,8.28,8.76,,5.92
1987-11-09,7.64,8.3,8.78,,5.92
1987-11-10,7.61,8.27,8.79,,5.85
1987-11-11,,,,,
1987-11-12,7.67,8.27,8.8,,6.02
1987-11-13,7.75,8.34,8.84,,6.11
1987-11-16,7.78,8.34,8.82,,6.1
1987-11-17,7.73,8.38,8.86,,6.07
1987-11-18,7.74,8.38,8.85,,5.95
1987-11-19,7.69,8.34,8.83,,5.85
1987-11-20,7.66,8.32,8.79,,5.92
1987-11-23,7.67,8.34,8.8,,6.0
1987-11-24,7.73,8.35,8.89,,5.95
1987-11-25,7.78,8.41,8.98,,5.88
1987-11-26,,,,,
1987-11-27,7.87,8.55,9.11,,5.82
1987-11-30,7.73,8.43,8.99,,5.42
1987-12-01,7.77,8.44,9.01,,5.72
1987-12-02,7.79,8.43,9.01,,5.66
1987-12-03,7.72,8.35,8.94,,5.52
1987-12-04,7.72,8.35,8.94,,5.61
1987-12-07,7.86,8.48,9.07,,6.05
1987-12-08,7.88,8.49,9.09,,6.05
1987-12-09,7.88,8.47,9.05,,6.02
1987-12-10,8.0,8.63,9.23,,6.11
1987-12-11,8.02,8.65,9.28,,6.05
1987-12-14,8.01,8.63,9.23,,6.08
1987-12-15,7.92,8.54,9.09,,6.12
1987-12-16,7.89,8.46,9.0,,6.13
1987-12-17,7.89,8.47,9.03,,6.12
1987-12-18,7.82,8.39,8.89,,6.06
1987-12-21,7.84,8.38,8.88,,6.1
1987-12-22,7.91,8.48,8.95,,6.12
1987-12-23,7.83,8.4,8.83,,5.96
1987-12-24,7.83,8.37,8.82,,5.92
1987-12-25,,,,,
1987-12-28,7.91,8.46,8.93,,5.93
1987-12-29,7.86,8.41,8.85,,6.03
1987-12-30,7.75,8.32,8.78,,5.89
1987-12-31,7.77,8.33,8.83,,5.86
1988-01-01,,,,,
1988-01-04,7.77,8.35,8.83,,6.09
1988-01-05,7.76,8.29,8.76,,6.12
1988-01-06,7.79,8.37,8.82,,6.03
1988-01-07,7.79,8.35,8.83,,5.96
1988-01-08,7.92,8.48,8.97,,6.06
1988-01-11,7.8,8.41,8.94,,5.91
1988-01-12,7.8,8.39,8.93,,5.99
1988-01-13,7.76,8.36,8.87,,5.97
1988-01-14,7.76,8.36,8.86,,6.07
1988-01-15,7.61,8.13,8.6,,6.07
1988-01-18,,,,,
1988-01-19,7.66,8.16,8.65,,6.18
1988-01-20,7.59,8.11,8.61,,5.99
1988-01-21,7.52,8.04,8.53,,6.0
1988-01-22,7.51,8.01,8.49,,6.0
1988-01-25,7.49,7.99,8.45,,6.04
1988-01-26,7.56,8.08,8.54,,6.01
1988-01-27,7.37,7.91,8.38,,5.92
1988-01-28,7.29,7.83,8.33,,5.86
1988-01-29,7.22,7.76,8.26,,5.82
1988-02-01,7.22,7.78,8.26,,5.86
1988-02-02,7.21,7.7,8.18,,5.89
1988-02-03,7.24,7.76,8.21,,5.89
1988-02-04,7.24,7.76,8.24,,5.83
1988-02-05,7.1,7.64,8.12,,5.81
1988-02-08,7.16,7.7,8.19,,5.83
1988-02-09,7.12,7.65,8.16,,5.78
1988-02-10,7.07,7.59,8.11,,5.79
1988-02-11,7.12,7.64,8.16,,5.81
1988-02-12,7.22,7.77,8.28,,5.93
1988-02-15,,,,,
1988-02-16,7.26,7.79,8.31,,5.95
1988-02-17,7.24,7.8,8.32,,5.92
1988-02-18,7.23,7.78,8.28,,5.87
1988-02-19,7.21,7.77,8.26,,5.86
1988-02-22,7.2,7.75,8.24,,5.85
1988-02-23,7.16,7.69,8.17,,5.81
1988-02-24,7.15,7.69,8.18,,5.8
1988-02-25,7.17,7.68,8.23,,5.81
1988-02-26,7.16,7.67,8.18,,5.76
1988-02-29,7.13,7.64,8.16,,5.8
1988-03-01,7.11,7.61,8.15,,5.78
1988-03-02,7.07,7.59,8.13,,5.77
1988-03-03,7.08,7.59,8.12,,5.76
1988-03-04,7.2,7.74,8.28,,5.88
1988-03-07,7.22,7.77,8.3,,5.9
1988-03-08,7.25,7.79,8.33,,5.91
1988-03-09,7.22,7.76,8.32,,5.89
1988-03-10,7.25,7.81,8.35,,5.92
1988-03-11,7.2,7.76,8.29,,5.9
1988-03-14,7.2,7.76,8.29,,5.87
1988-03-15,7.19,7.76,8.3,,5.77
1988-03-16,7.24,7.81,8.36,,5.77
1988-03-17,7.17,7.76,8.3,,5.76
1988-03-18,7.23,7.81,8.41,,5.82
1988-03-21,7.32,7.91,8.47,,5.91
1988-03-22,7.33,7.91,8.46,,5.95
1988-03-23,7.39,7.95,8.47,,6.0
1988-03-24,7.46,8.01,8.51,,5.96
1988-03-25,7.41,7.95,8.47,,5.87
1988-03-28,7.42,8.03,8.58,,5.92
1988-03-29,7.42,8.03,8.56,,5.91
1988-03-30,7.43,8.03,8.57,,5.92
1988-03-31,7.41,8.04,8.57,,5.87
1988-04-01,,,,,
1988-04-04,7.58,8.19,8.68,,6.04
1988-04-05,7.6,8.18,8.67,,6.18
1988-04-06,7.57,8.13,8.61,,6.23
1988-04-07,7.54,8.12,8.6,,6.23
1988-04-08,7.47,8.05,8.52,,6.2
1988-04-11,7.5,8.1,8.59,,6.23
1988-04-12,7.49,8.09,8.57,,6.1
1988-04-13,7.45,8.05,8.56,,6.03
1988-04-14,7.56,8.15,8.67,,5.9
1988-04-15,7.6,8.2,8.74,,6.05
1988-04-18,7.6,8.25,8.81,,6.04
1988-04-19,7.57,8.24,8.81,,5.98
1988-04-20,7.65,8.27,8.83,,6.01
1988-04-21,7.64,8.26,8.82,,6.0
1988-04-22,7.64,8.23,8.78,,6.0
1988-04-25,7.64,8.23,8.78,,6.04
1988-04-26,7.64,8.24,8.8,,6.07
1988-04-27,7.63,8.25,8.8,,6.04
1988-04-28,7.69,8.32,8.86,,6.13
1988-04-29,7.73,8.33,8.87,,6.16
1988-05-02,7.78,8.39,8.94,,6.29
1988-05-03,7.77,8.35,8.89,,6.31
1988-05-04,7.77,8.35,8.9,,6.32
1988-05-05,7.79,8.39,8.92,,6.37
1988-05-06,7.87,8.48,9.01,,6.48
1988-05-09,7.95,8.5,9.03,,6.52
1988-05-10,8.0,8.55,9.07,,6.53
1988-05-11,7.95,8.55,9.05,,6.45
1988-05-12,7.95,8.55,9.04,,6.4
1988-05-13,7.9,8.51,9.0,,6.37
1988-05-16,7.93,8.52,9.01,,6.4
1988-05-17,7.99,8.64,9.12,,6.49
1988-05-18,8.04,8.68,9.19,,6.4
1988-05-19,8.04,8.67,9.18,,6.34
1988-05-20,8.08,8.7,9.22,,6.44
1988-05-23,8.12,8.74,9.23,,6.47
1988-05-24,8.14,8.73,9.22,,6.5
1988-05-25,8.17,8.73,9.2,,6.52
1988-05-26,8.23,8.72,9.21,,6.62
1988-05-27,8.23,8.75,9.24,,6.65
1988-05-30,,,,,
1988-05-31,8.21,8.73,9.2,,6.67
1988-06-01,8.09,8.57,9.03,,6.67
1988-06-02,8.13,8.6,9.07,,6.64
1988-06-03,8.06,8.52,8.97,,6.66
1988-06-06,8.04,8.51,8.97,,6.68
1988-06-07,8.04,8.54,9.02,,6.63
1988-06-08,7.96,8.46,8.92,,6.59
1988-06-09,7.97,8.5,8.96,,6.64
1988-06-10,7.99,8.47,8.92,,6.65
1988-06-13,7.98,8.45,8.91,,6.65
1988-06-14,7.8,8.25,8.69,,6.54
1988-06-15,7.84,8.29,8.71,,6.53
1988-06-16,7.96,8.46,8.89,,6.49
1988-06-17,8.1,8.58,9.02,,6.57
1988-06-20,8.14,8.59,9.02,,6.6
1988-06-21,8.15,8.61,9.03,,6.76
1988-06-22,8.04,8.49,8.9,,6.72
1988-06-23,8.05,8.47,8.88,,6.73
1988-06-24,8.03,8.45,8.85,,6.72
1988-06-27,8.1,8.54,8.94,,6.78
1988-06-28,8.05,8.48,8.87,,6.81
1988-06-29,8.03,8.47,8.88,,6.78
1988-06-30,8.02,8.41,8.82,,6.77
1988-07-01,7.98,8.38,8.77,,6.76
1988-07-04,,,,,
1988-07-05,8.04,8.42,8.82,,6.77
1988-07-06,8.07,8.47,8.91,,6.73
1988-07-07,8.13,8.52,8.95,,6.76
1988-07-08,8.25,8.64,9.04,,6.88
1988-07-11,8.25,8.62,9.02,,6.84
1988-07-12,8.27,8.68,9.08,,6.94
1988-07-13,8.27,8.69,9.12,,6.93
1988-07-14,8.33,8.7,9.12,,6.95
1988-07-15,8.31,8.67,9.08,,6.94
1988-07-18,8.35,8.73,9.15,,6.9
1988-07-19,8.32,8.7,9.1,,6.9
1988-07-20,8.31,8.7,9.11,,6.92
1988-07-21,8.39,8.75,9.16,,7.0
1988-07-22,8.35,8.71,9.11,,6.96
1988-07-25,8.34,8.69,9.07,,7.04
1988-07-26,8.35,8.72,9.09,,7.11
1988-07-27,8.44,8.77,9.14,,7.23
1988-07-28,8.44,8.79,9.16,,7.22
1988-07-29,8.39,8.75,9.12,,7.18
1988-08-01,8.36,8.7,9.07,,7.15
1988-08-02,8.32,8.63,9.0,,7.12
1988-08-03,8.34,8.64,9.04,,7.12
1988-08-04,8.31,8.61,8.99,,7.06
1988-08-05,8.47,8.78,9.12,,7.15
1988-08-08,8.48,8.79,9.12,,7.09
1988-08-09,8.59,8.88,9.2,,7.29
1988-08-10,8.64,9.0,9.3,,7.21
1988-08-11,8.68,9.02,9.35,,7.24
1988-08-12,8.68,9.03,9.36,,7.25
1988-08-15,8.7,9.04,9.37,,7.25
1988-08-16,8.72,9.03,9.35,,7.29
1988-08-17,8.74,9.06,9.38,,7.26
1988-08-18,8.74,9.05,9.35,,7.26
1988-08-19,8.74,9.05,9.35,,7.3
1988-08-22,8.76,9.09,9.37,,7.33
1988-08-23,8.71,9.04,9.32,,7.39
1988-08-24,8.73,9.02,9.34,,7.42
1988-08-25,8.78,9.08,9.41,,7.49
1988-08-26,8.78,9.07,9.38,,7.57
1988-08-29,8.75,9.0,9.3,,7.57
1988-08-30,8.73,8.98,9.27,,7.54
1988-08-31,8.71,8.95,9.25,,7.54
1988-09-01,8.68,8.95,9.25,,7.52
1988-09-02,8.45,8.7,9.0,,7.45
1988-09-05,,,,,
1988-09-06,8.47,8.7,8.99,,7.51
1988-09-07,8.45,8.69,8.99,,7.57
1988-09-08,8.45,8.69,8.99,,7.56
1988-09-09,8.42,8.62,8.93,,7.52
1988-09-12,8.44,8.66,8.97,,7.48
1988-09-13,8.4,8.65,8.94,,7.4
1988-09-14,8.36,8.59,8.88,,7.39
1988-09-15,8.39,8.63,8.91,,7.4
1988-09-16,8.4,8.65,8.93,,7.38
1988-09-19,8.44,8.69,8.97,,7.38
1988-09-20,8.45,8.68,8.97,,7.44
1988-09-21,8.4,8.64,8.93,,7.42
1988-09-22,8.44,8.67,8.95,,7.43
1988-09-23,8.47,8.69,8.97,,7.47
1988-09-26,8.52,8.73,9.0,,7.55
1988-09-27,8.55,8.77,9.04,,7.57
1988-09-28,8.59,8.81,9.06,,7.58
1988-09-29,8.53,8.73,8.98,,7.53
1988-09-30,8.43,8.61,8.87,,7.49
1988-10-03,8.41,8.59,8.84,,7.5
1988-10-04,8.43,8.6,8.87,,7.47
1988-10-05,8.43,8.6,8.87,,7.46
1988-10-06,8.43,8.61,8.87,,7.55
1988-10-07,8.26,8.43,8.7,,7.51
1988-10-10,,,,,
1988-10-11,8.29,8.48,8.75,,7.55
1988-10-12,8.35,8.56,8.84,,7.52
1988-10-13,8.36,8.55,8.84,,7.58
1988-10-14,8.33,8.52,8.81,,7.56
1988-10-17,8.33,8.5,8.79,,7.58
1988-10-18,8.33,8.49,8.78,,7.6
1988-10-19,8.38,8.53,8.82,,7.68
1988-10-20,8.38,8.52,8.79,,7.7
1988-10-21,8.4,8.54,8.83,,7.69
1988-10-24,8.42,8.54,8.83,,7.77
1988-10-25,8.42,8.53,8.83,,7.69
1988-10-26,8.34,8.48,8.79,,7.66
1988-10-27,8.27,8.41,8.72,,7.63
1988-10-28,8.27,8.4,8.69,,7.62
1988-10-31,8.25,8.37,8.65,,7.62
1988-11-01,8.25,8.38,8.68,,7.58
1988-11-02,8.29,8.44,8.73,,7.61
1988-11-03,8.27,8.42,8.69,,7.65
1988-11-04,8.39,8.58,8.85,,7.7
1988-11-07,8.5,8.66,8.91,,7.75
1988-11-08,8.53,8.66,8.91,,7.85
1988-11-09,8.57,8.71,8.91,,7.82
1988-11-10,8.6,8.72,8.9,,7.9
1988-11-11,,,,,
1988-11-14,8.62,8.76,8.91,,8.06
1988-11-15,8.69,8.78,8.92,,8.23
1988-11-16,8.75,8.87,9.0,,8.22
1988-11-17,8.75,8.9,9.06,,8.2
1988-11-18,8.77,8.91,9.05,,8.21
1988-11-21,8.81,8.92,9.04,,8.27
1988-11-22,8.88,8.99,9.09,,8.28
1988-11-23,8.87,8.97,9.08,,8.29
1988-11-24,,,,,
1988-11-25,8.98,9.07,9.17,,8.31
1988-11-28,9.0,9.06,9.16,,8.27
1988-11-29,8.96,9.02,9.13,,8.27
1988-11-30,8.84,8.91,9.06,,8.1
1988-12-01,8.86,8.88,9.01,,8.12
1988-12-02,9.12,9.11,9.18,,8.34
1988-12-05,9.09,9.07,9.13,,8.3
1988-12-06,8.88,8.88,8.95,,8.23
1988-12-07,8.93,8.93,9.0,,8.27
1988-12-08,9.0,9.01,9.02,,8.26
1988-12-09,9.03,9.05,9.07,,8.14
1988-12-12,9.05,9.07,9.08,,8.19
1988-12-13,9.16,9.15,9.15,,8.38
1988-12-14,9.2,9.19,9.19,,8.41
1988-12-15,9.2,9.21,9.19,,8.48
1988-12-16,9.18,9.18,9.17,,8.44
1988-12-19,9.18,9.16,9.15,,8.48
1988-12-20,9.11,9.09,9.08,,8.47
1988-12-21,9.09,9.08,9.07,,8.38
1988-12-22,9.04,9.09,9.07,,8.33
1988-12-23,9.04,9.08,9.05,,8.32
1988-12-26,,,,,
1988-12-27,9.15,9.17,9.13,,8.45
1988-12-28,9.23,9.22,9.21,,8.55
1988-12-29,9.18,9.19,9.18,,8.41
1988-12-30,9.14,9.14,9.14,,8.37
1989-01-02,,,,,
1989-01-03,9.21,9.25,9.23,,8.43
1989-01-04,9.25,9.24,9.22,,8.54
1989-01-05,9.32,9.32,9.27,,8.56
1989-01-06,9.32,9.3,9.25,,8.58
1989-01-09,9.29,9.3,9.23,,8.58
1989-01-10,9.25,9.29,9.24,,8.6
1989-01-11,9.29,9.28,9.24,,8.53
1989-01-12,9.2,9.2,9.14,,8.55
1989-01-13,9.14,9.1,9.06,,8.49
1989-01-16,,,,,
1989-01-17,9.16,9.11,9.06,,8.54
1989-01-18,9.13,9.07,8.99,,8.55
1989-01-19,9.09,9.06,9.0,,8.52
1989-01-20,9.13,9.11,9.03,,8.52
1989-01-23,9.13,9.06,9.0,,8.56
1989-01-24,9.07,8.98,8.93,,8.5
1989-01-25,9.1,9.05,8.99,,8.59
1989-01-26,9.14,9.07,8.99,,8.64
1989-01-27,9.07,9.03,8.95,,8.62
1989-01-30,9.1,9.07,9.0,,8.58
1989-01-31,9.12,9.08,9.01,,8.69
1989-02-01,9.12,9.05,8.99,,8.67
1989-02-02,9.12,9.05,8.98,,8.68
1989-02-03,9.23,9.1,9.01,,8.78
1989-02-06,9.25,9.11,9.01,,8.83
1989-02-07,9.19,9.06,8.96,,8.84
1989-02-08,9.21,9.06,8.95,,8.84
1989-02-09,9.28,9.21,9.13,,8.78
1989-02-10,9.37,9.28,9.19,,8.85
1989-02-13,9.39,9.29,9.2,,8.86
1989-02-14,9.43,9.34,9.23,,8.87
1989-02-15,9.41,9.33,9.22,,8.8
1989-02-16,9.37,9.32,9.21,,8.81
1989-02-17,9.37,9.32,9.2,,8.78
1989-02-20,,,,,
1989-02-21,9.41,9.34,9.22,,8.77
1989-02-22,9.48,9.43,9.29,,8.84
1989-02-23,9.6,9.47,9.36,,8.92
1989-02-24,9.66,9.49,9.38,,8.96
1989-02-27,9.62,9.47,9.36,,8.99
1989-02-28,9.55,9.42,9.32,,9.03
1989-03-01,9.55,9.43,9.36,,8.98
1989-03-02,9.52,9.38,9.31,,8.98
1989-03-03,9.5,9.38,9.31,,8.94
1989-03-06,9.46,9.34,9.26,,8.89
1989-03-07,9.48,9.35,9.26,,8.93
1989-03-08,9.48,9.34,9.23,,8.92
1989-03-09,9.48,9.35,9.24,,8.98
1989-03-10,9.66,9.48,9.34,,9.06
1989-03-13,9.64,9.48,9.35,,9.09
1989-03-14,9.64,9.45,9.32,,9.02
1989-03-15,9.62,9.45,9.31,,8.99
1989-03-16,9.61,9.43,9.3,,9.02
1989-03-17,9.84,9.64,9.49,,9.18
1989-03-20,9.9,9.71,9.53,,9.33
1989-03-21,9.92,9.75,9.53,,9.43
1989-03-22,9.81,9.65,9.45,,9.35
1989-03-23,9.81,9.65,9.43,,9.37
1989-03-24,,,,,
1989-03-27,9.85,9.67,9.44,,9.45
1989-03-28,9.86,9.66,9.41,,9.41
1989-03-29,9.8,9.6,9.36,,9.29
1989-03-30,9.79,9.59,9.34,,9.29
1989-03-31,9.73,9.53,9.3,,9.23
1989-04-03,9.56,9.39,9.21,,9.15
1989-04-04,9.47,9.31,9.17,,9.14
1989-04-05,9.45,9.31,9.17,,9.15
1989-04-06,9.54,9.35,9.2,,9.17
1989-04-07,9.57,9.42,9.27,,9.12
1989-04-10,9.57,9.43,9.27,,9.05
1989-04-11,9.57,9.42,9.27,,9.0
1989-04-12,9.59,9.44,9.29,,8.98
1989-04-13,9.66,9.5,9.34,,9.09
1989-04-14,9.43,9.29,9.18,,8.92
1989-04-17,9.48,9.33,9.2,,8.93
1989-04-18,9.28,9.14,9.06,,8.73
1989-04-19,9.3,9.17,9.08,,8.73
1989-04-20,9.46,9.32,9.2,,8.95
1989-04-21,9.44,9.27,9.15,,8.95
1989-04-24,9.46,9.26,9.15,,8.99
1989-04-25,9.41,9.21,9.12,,8.94
1989-04-26,9.34,9.18,9.11,,8.84
1989-04-27,9.23,9.1,9.05,,8.71
1989-04-28,9.22,9.06,9.02,,8.71
1989-05-01,9.36,9.19,9.14,,8.94
1989-05-02,9.27,9.11,9.08,,8.89
1989-05-03,9.21,9.1,9.06,,8.84
1989-05-04,9.21,9.09,9.06,,8.84
1989-05-05,9.04,8.96,8.99,,8.73
1989-05-08,9.09,9.02,9.04,,8.8
1989-05-09,9.23,9.17,9.15,,8.81
1989-05-10,9.27,9.21,9.16,,8.83
1989-05-11,9.14,9.1,9.1,,8.72
1989-05-12,8.82,8.8,8.81,,8.5
1989-05-15,8.91,8.85,8.82,,8.54
1989-05-16,8.95,8.87,8.82,,8.52
1989-05-17,8.96,8.87,8.8,,8.57
1989-05-18,9.0,8.88,8.78,,8.68
1989-05-19,8.94,8.82,8.71,,8.65
1989-05-22,8.84,8.71,8.58,,8.62
1989-05-23,8.83,8.72,8.6,,8.57
1989-05-24,8.82,8.74,8.63,,8.67
1989-05-25,8.92,8.75,8.67,,8.85
1989-05-26,8.89,8.72,8.66,,8.82
1989-05-29,,,,,
1989-05-30,8.87,8.68,8.64,,8.88
1989-05-31,8.82,8.65,8.6,,8.92
1989-06-01,8.82,8.65,8.61,,8.92
1989-06-02,8.52,8.42,8.43,,8.65
1989-06-05,8.44,8.33,8.36,,8.54
1989-06-06,8.45,8.35,8.36,,8.45
1989-06-07,8.38,8.28,8.27,,8.43
1989-06-08,8.33,8.26,8.27,,8.4
1989-06-09,8.28,8.16,8.15,,8.5
1989-06-12,8.29,8.18,8.16,,8.46
1989-06-13,8.41,8.3,8.25,,8.45
1989-06-14,8.36,8.24,8.2,,8.41
1989-06-15,8.48,8.36,8.33,,8.37
1989-06-16,8.53,8.4,8.35,,8.42
1989-06-19,8.55,8.41,8.37,,8.42
1989-06-20,8.5,8.35,8.31,,8.44
1989-06-21,8.53,8.4,8.37,,8.42
1989-06-22,8.55,8.41,8.38,,8.44
1989-06-23,8.39,8.27,8.25,,8.33
1989-06-26,8.35,8.22,8.18,,8.38
1989-06-27,8.27,8.14,8.11,,8.33
1989-06-28,8.27,8.18,8.17,,8.32
1989-06-29,8.16,8.09,8.12,,8.22
1989-06-30,8.08,8.03,8.1,,8.26
1989-07-03,8.02,7.99,8.09,,8.23
1989-07-04,,,,,
1989-07-05,7.99,7.97,8.11,,8.05
1989-07-06,7.94,7.91,8.08,,8.03
1989-07-07,7.83,7.86,8.02,,7.98
1989-07-10,7.81,7.84,7.99,,8.0
1989-07-11,7.81,7.8,8.0,,8.03
1989-07-12,7.74,7.79,8.0,,7.99
1989-07-13,7.74,7.8,8.0,,8.03
1989-07-14,7.83,7.84,8.04,,8.1
1989-07-17,7.85,7.85,8.05,,8.18
1989-07-18,7.95,7.97,8.13,,8.18
1989-07-19,7.9,7.9,8.09,,8.2
1989-07-20,7.81,7.8,8.01,,8.24
1989-07-21,7.91,7.89,8.07,,8.39
1989-07-24,7.93,7.87,8.05,,8.37
1989-07-25,7.84,7.79,8.01,,8.31
1989-07-26,7.75,7.81,8.02,,8.3
1989-07-27,7.65,7.69,7.92,,8.17
1989-07-28,7.56,7.6,7.87,,8.12
1989-07-31,7.53,7.56,7.82,,8.04
1989-08-01,7.46,7.49,7.74,,7.89
1989-08-02,7.53,7.57,7.76,,7.89
1989-08-03,7.6,7.64,7.8,,7.9
1989-08-04,7.92,7.94,8.0,,8.13
1989-08-07,8.01,7.98,8.03,,8.21
1989-08-08,7.96,7.95,8.0,,8.22
1989-08-09,7.99,7.96,8.05,,8.18
1989-08-10,7.99,7.96,8.02,,8.13
1989-08-11,8.12,8.1,8.09,,8.22
1989-08-14,8.31,8.27,8.24,,8.32
1989-08-15,8.29,8.24,8.21,,8.31
1989-08-16,8.17,8.11,8.12,,8.22
1989-08-17,8.26,8.2,8.18,,8.15
1989-08-18,8.26,8.2,8.15,,8.13
1989-08-21,8.32,8.27,8.2,,8.2
1989-08-22,8.43,8.35,8.29,,8.33
1989-08-23,8.37,8.23,8.25,,8.28
1989-08-24,8.32,8.23,8.2,,8.24
1989-08-25,8.34,8.23,8.21,,8.23
1989-08-28,8.41,8.29,8.27,,8.26
1989-08-29,8.44,8.3,8.27,,8.17
1989-08-30,8.41,8.28,8.25,,8.14
1989-08-31,8.42,8.27,8.26,,8.16
1989-09-01,8.37,8.18,8.19,,8.12
1989-09-04,,,,,
1989-09-05,8.37,8.21,8.19,,8.15
1989-09-06,8.35,8.19,8.17,,8.09
1989-09-07,8.35,8.19,8.17,,8.07
1989-09-08,8.27,8.14,8.14,,8.04
1989-09-11,8.2,8.1,8.13,,7.95
1989-09-12,8.18,8.07,8.13,,7.88
1989-09-13,8.2,8.11,8.18,,7.85
1989-09-14,8.09,8.05,8.13,,7.83
1989-09-15,8.06,8.01,8.09,,7.78
1989-09-18,8.13,8.04,8.1,,7.87
1989-09-19,8.14,8.05,8.09,,7.92
1989-09-20,8.27,8.14,8.15,,8.08
1989-09-21,8.32,8.19,8.2,,8.1
1989-09-22,8.34,8.2,8.22,,8.02
1989-09-25,8.43,8.32,8.32,,8.09
1989-09-26,8.36,8.29,8.3,,8.03
1989-09-27,8.39,8.31,8.3,,8.1
1989-09-28,8.41,8.34,8.3,,8.14
1989-09-29,8.46,8.36,8.31,,8.18
1989-10-02,8.48,8.33,8.28,,8.17
1989-10-03,8.39,8.27,8.23,,8.05
1989-10-04,8.37,8.25,8.22,,8.05
1989-10-05,8.31,8.18,8.15,,8.03
1989-10-06,8.1,8.01,8.03,,7.83
1989-10-09,,,,,
1989-10-10,8.06,8.0,8.03,,7.89
1989-10-11,8.08,8.03,8.07,,7.96
1989-10-12,8.01,7.98,8.04,,7.96
1989-10-13,7.69,7.79,7.87,,7.87
1989-10-16,7.85,7.91,7.98,,7.7
1989-10-17,7.83,7.92,8.0,,7.68
1989-10-18,7.83,7.92,8.01,,7.75
1989-10-19,7.87,7.91,7.96,,7.83
1989-10-20,7.92,7.93,7.98,,7.8
1989-10-23,7.88,7.87,7.92,,7.83
1989-10-24,7.78,7.8,7.87,,7.75
1989-10-25,7.76,7.79,7.86,,7.81
1989-10-26,7.78,7.81,7.88,,7.86
1989-10-27,7.87,7.87,7.94,,8.02
1989-10-30,7.85,7.86,7.92,,8.01
1989-10-31,7.85,7.86,7.92,,8.04
1989-11-01,7.87,7.86,7.91,,8.05
1989-11-02,7.81,7.81,7.87,,7.99
1989-11-03,8.01,7.93,7.96,,8.1
1989-11-06,8.04,7.99,8.0,,8.13
1989-11-07,7.87,7.85,7.9,,8.0
1989-11-08,7.78,7.81,7.87,,7.94
1989-11-09,7.8,7.84,7.9,,7.96
1989-11-10,7.83,7.85,7.92,,7.97
1989-11-13,7.82,7.85,7.89,,7.95
1989-11-14,7.75,7.8,7.87,,7.92
1989-11-15,7.69,7.74,7.82,,7.9
1989-11-16,7.71,7.74,7.82,,7.92
1989-11-17,7.77,7.82,7.88,,7.93
1989-11-20,7.77,7.8,7.86,,7.93
1989-11-21,7.77,7.79,7.85,,7.89
1989-11-22,7.66,7.72,7.81,,7.84
1989-11-23,,,,,
1989-11-24,7.64,7.7,7.8,,7.76
1989-11-27,7.79,7.8,7.85,,7.91
1989-11-28,7.78,7.81,7.86,,7.97
1989-11-29,7.8,7.78,7.88,,7.92
1989-11-30,7.75,7.74,7.84,,7.84
1989-12-01,7.7,7.7,7.81,,7.78
1989-12-04,7.72,7.7,7.82,,7.79
1989-12-05,7.72,7.7,7.82,,7.81
1989-12-06,7.8,7.76,7.85,,7.9
1989-12-07,7.85,7.8,7.88,,7.95
1989-12-08,7.78,7.73,7.82,,7.86
1989-12-11,7.78,7.74,7.83,,7.88
1989-12-12,7.8,7.74,7.84,,7.92
1989-12-13,7.82,7.73,7.82,,7.95
1989-12-14,7.75,7.68,7.79,,7.88
1989-12-15,7.75,7.7,7.8,,7.87
1989-12-18,7.75,7.67,7.77,,7.85
1989-12-19,7.72,7.69,7.78,,7.93
1989-12-20,7.64,7.67,7.77,,7.82
1989-12-21,7.68,7.67,7.77,,7.81
1989-12-22,7.74,7.75,7.82,,7.84
1989-12-25,,,,,
1989-12-26,7.9,7.9,7.95,,8.02
1989-12-27,7.9,7.89,7.94,,7.99
1989-12-28,7.87,7.85,7.91,,7.94
1989-12-29,7.87,7.86,7.93,,7.8
1990-01-01,,,,,
1990-01-02,7.87,7.87,7.94,,7.83
1990-01-03,7.94,7.92,7.99,,7.89
1990-01-04,7.92,7.91,7.98,,7.84
1990-01-05,7.9,7.92,7.99,,7.79
1990-01-08,7.9,7.92,8.02,,7.79
1990-01-09,7.91,7.92,8.02,,7.8
1990-01-10,7.91,7.92,8.03,,7.75
1990-01-11,7.91,7.94,8.04,,7.8
1990-01-12,7.93,7.99,8.1,,7.74
1990-01-15,,,,,
1990-01-16,8.1,8.11,8.2,,7.89
1990-01-17,8.09,8.11,8.19,,7.97
1990-01-18,8.25,8.27,8.32,,8.04
1990-01-19,8.2,8.2,8.26,,8.0
1990-01-22,8.18,8.19,8.27,,7.99
1990-01-23,8.18,8.18,8.26,,7.93
1990-01-24,8.2,8.28,8.38,,7.93
1990-01-25,8.24,8.31,8.42,,7.95
1990-01-26,8.28,8.38,8.49,,7.93
1990-01-29,8.3,8.39,8.5,,8.0
1990-01-30,8.3,8.43,8.51,,8.0
1990-01-31,8.28,8.35,8.43,,8.0
1990-02-01,8.28,8.35,8.42,,8.02
1990-02-02,8.37,8.42,8.5,,8.07
1990-02-05,8.37,8.44,8.53,,8.08
1990-02-06,8.42,8.49,8.57,,8.09
1990-02-07,8.42,8.51,8.52,,8.08
1990-02-08,8.37,8.45,8.49,,8.08
1990-02-09,8.25,8.29,8.31,,8.02
1990-02-12,8.32,8.37,8.4,,7.99
1990-02-13,8.21,8.29,8.35,,7.84
1990-02-14,8.27,8.34,8.36,,7.87
1990-02-15,8.35,8.4,8.43,,7.97
1990-02-16,8.36,8.41,8.42,,7.94
1990-02-19,,,,,
1990-02-20,8.52,8.58,8.62,,8.06
1990-02-21,8.5,8.6,8.62,,8.01
1990-02-22,8.45,8.48,8.54,,7.99
1990-02-23,8.43,8.47,8.53,,7.93
1990-02-26,8.38,8.4,8.46,,7.97
1990-02-27,8.34,8.34,8.41,,7.99
1990-02-28,8.43,8.44,8.51,,8.04
1990-03-01,8.53,8.53,8.59,,8.08
1990-03-02,8.48,8.5,8.54,,8.02
1990-03-05,8.55,8.58,8.65,,8.09
1990-03-06,8.54,8.57,8.59,,8.17
1990-03-07,8.54,8.56,8.58,,8.18
1990-03-08,8.59,8.57,8.57,,8.18
1990-03-09,8.73,8.68,8.65,,8.26
1990-03-12,8.71,8.67,8.63,,8.26
1990-03-13,8.77,8.75,8.73,,8.26
1990-03-14,8.69,8.67,8.65,,8.23
1990-03-15,8.71,8.69,8.66,,8.21
1990-03-16,8.64,8.61,8.59,,8.19
1990-03-19,8.68,8.65,8.59,,8.22
1990-03-20,8.68,8.61,8.54,,8.25
1990-03-21,8.69,8.62,8.55,,8.23
1990-03-22,8.62,8.56,8.53,,8.17
1990-03-23,8.61,8.54,8.52,,8.15
1990-03-26,8.61,8.52,8.51,,8.13
1990-03-27,8.59,8.55,8.52,,8.17
1990-03-28,8.57,8.53,8.51,,8.12
1990-03-29,8.62,8.6,8.6,,8.1
1990-03-30,8.64,8.65,8.65,,8.07
1990-04-02,8.62,8.65,8.65,,8.05
1990-04-03,8.61,8.64,8.63,,8.09
1990-04-04,8.54,8.56,8.55,,8.01
1990-04-05,8.54,8.57,8.57,,8.02
1990-04-06,8.52,8.55,8.56,,8.02
1990-04-09,8.54,8.58,8.59,,8.09
1990-04-10,8.54,8.58,8.6,,8.05
1990-04-11,8.56,8.6,8.63,,8.03
1990-04-12,8.57,8.62,8.64,,8.02
1990-04-13,,,,,
1990-04-16,8.61,8.65,8.68,,8.01
1990-04-17,8.7,8.73,8.77,,8.03
1990-04-18,8.79,8.84,8.86,,8.08
1990-04-19,8.81,8.84,8.87,,8.06
1990-04-20,8.82,8.88,8.95,,7.95
1990-04-23,8.87,8.92,8.98,,8.0
1990-04-24,8.92,8.96,9.0,,8.03
1990-04-25,8.95,9.0,9.01,,8.06
1990-04-26,9.03,9.09,9.07,,8.09
1990-04-27,8.98,9.06,9.06,,8.05
1990-04-30,8.96,9.04,9.04,,8.07
1990-05-01,9.02,9.08,9.08,,8.19
1990-05-02,9.05,9.1,9.09,,8.17
1990-05-03,8.98,9.04,9.04,,8.15
1990-05-04,8.7,8.8,8.84,,8.02
1990-05-07,8.74,8.83,8.87,,8.09
1990-05-08,8.68,8.79,8.84,,8.06
1990-05-09,8.75,8.87,8.88,,8.01
1990-05-10,8.69,8.8,8.82,,7.97
1990-05-11,8.55,8.64,8.64,,7.88
1990-05-14,8.51,8.6,8.61,,7.89
1990-05-15,8.54,8.64,8.65,,7.91
1990-05-16,8.54,8.66,8.68,,7.93
1990-05-17,8.56,8.69,8.69,,7.93
1990-05-18,8.63,8.74,8.75,,8.01
1990-05-21,8.61,8.74,8.74,,8.02
1990-05-22,8.54,8.66,8.65,,7.99
1990-05-23,8.51,8.61,8.61,,7.91
1990-05-24,8.5,8.58,8.63,,7.95
1990-05-25,8.53,8.61,8.69,,8.01
1990-05-28,,,,,
1990-05-29,8.52,8.59,8.66,,8.02
1990-05-30,8.48,8.56,8.62,,8.03
1990-05-31,8.5,8.56,8.6,,8.01
1990-06-01,8.33,8.38,8.44,,7.94
1990-06-04,8.31,8.39,8.44,,7.96
1990-06-05,8.34,8.42,8.47,,7.96
1990-06-06,8.34,8.43,8.46,,7.96
1990-06-07,8.34,8.41,8.46,,7.96
1990-06-08,8.33,8.42,8.46,,7.96
1990-06-11,8.36,8.43,8.48,,7.99
1990-06-12,8.36,8.44,8.48,,7.99
1990-06-13,8.27,8.35,8.4,,7.93
1990-06-14,8.24,8.32,8.38,,7.92
1990-06-15,8.33,8.41,8.46,,7.95
1990-06-18,8.39,8.45,8.5,,7.93
1990-06-19,8.41,8.47,8.51,,8.0
1990-06-20,8.43,8.51,8.55,,8.03
1990-06-21,8.41,8.48,8.52,,8.03
1990-06-22,8.4,8.46,8.51,,8.04
1990-06-25,8.45,8.53,8.58,,8.05
1990-06-26,8.41,8.51,8.56,,8.07
1990-06-27,8.37,8.47,8.52,,8.05
1990-06-28,8.31,8.41,8.47,,8.0
1990-06-29,8.24,8.35,8.43,,8.0
1990-07-02,8.25,8.35,8.43,,8.0
1990-07-03,8.2,8.32,8.4,,7.96
1990-07-04,,,,,
1990-07-05,8.22,8.34,8.42,,7.92
1990-07-06,8.32,8.44,8.51,,8.01
1990-07-09,8.39,8.49,8.57,,8.06
1990-07-10,8.4,8.5,8.57,,8.07
1990-07-11,8.4,8.49,8.57,,8.05
1990-07-12,8.2,8.37,8.5,,7.94
1990-07-13,8.13,8.32,8.45,,7.85
1990-07-16,8.15,8.31,8.44,,7.86
1990-07-17,8.13,8.3,8.44,,7.87
1990-07-18,8.13,8.34,8.5,,7.8
1990-07-19,8.13,8.33,8.51,,7.79
1990-07-20,8.08,8.28,8.48,,7.79
1990-07-23,8.05,8.28,8.48,,7.73
1990-07-24,8.12,8.35,8.53,,7.78
1990-07-25,8.08,8.31,8.49,,7.81
1990-07-26,8.08,8.31,8.49,,7.83
1990-07-27,8.0,8.25,8.42,,7.77
1990-07-30,7.93,8.14,8.34,,7.74
1990-07-31,7.91,8.13,8.36,,7.74
1990-08-01,7.85,8.06,8.29,,7.67
1990-08-02,7.9,8.15,8.41,,7.68
1990-08-03,7.79,8.11,8.43,,7.52
1990-08-06,7.9,8.29,8.71,,7.54
1990-08-07,8.04,8.41,8.78,,7.61
1990-08-08,8.02,8.43,8.77,,7.62
1990-08-09,7.99,8.33,8.66,,7.66
1990-08-10,7.95,8.35,8.68,,7.64
1990-08-13,7.94,8.36,8.71,,7.66
1990-08-14,7.94,8.34,8.66,,7.68
1990-08-15,7.94,8.33,8.64,,7.7
1990-08-16,8.09,8.45,8.76,,7.73
1990-08-17,8.11,8.49,8.8,,7.72
1990-08-20,8.13,8.5,8.81,,7.77
1990-08-21,8.19,8.56,8.84,,7.83
1990-08-22,8.26,8.62,8.91,,7.85
1990-08-23,8.26,8.69,9.0,,7.79
1990-08-24,8.32,8.75,9.05,,7.74
1990-08-27,8.21,8.61,8.9,,7.78
1990-08-28,8.23,8.67,8.94,,7.73
1990-08-29,8.16,8.52,8.84,,7.72
1990-08-30,8.12,8.52,8.86,,7.7
1990-08-31,8.07,8.5,8.86,,7.63
1990-09-03,,,,,
1990-09-04,8.09,8.53,8.9,,7.64
1990-09-05,8.04,8.47,8.86,,7.61
1990-09-06,8.06,8.47,8.84,,7.62
1990-09-07,8.04,8.45,8.81,,7.63
1990-09-10,8.09,8.5,8.85,,7.68
1990-09-11,8.1,8.48,8.83,,7.67
1990-09-12,8.05,8.45,8.82,,7.61
1990-09-13,8.01,8.44,8.82,,7.59
1990-09-14,8.03,8.48,8.87,,7.59
1990-09-17,8.05,8.49,8.9,,7.61
1990-09-18,8.03,8.48,8.9,,7.61
1990-09-19,8.08,8.51,8.88,,7.64
1990-09-20,8.1,8.53,8.91,,7.63
1990-09-21,8.12,8.58,8.99,,7.6
1990-09-24,8.21,8.64,9.04,,7.63
1990-09-25,8.18,8.64,9.02,,7.59
1990-09-26,8.16,8.63,9.0,,7.57
1990-09-27,8.05,8.52,8.91,,7.47
1990-09-28,8.02,8.47,8.82,,7.37
1990-10-01,7.94,8.38,8.71,,7.37
1990-10-02,7.92,8.35,8.69,,7.41
1990-10-03,7.88,8.33,8.71,,7.38
1990-10-04,7.87,8.3,8.67,,7.36
1990-10-05,7.81,8.27,8.65,,7.27
1990-10-08,,,,,
1990-10-09,7.94,8.43,8.83,,7.41
1990-10-10,7.99,8.49,8.89,,7.44
1990-10-11,7.99,8.51,8.92,,7.35
1990-10-12,7.94,8.44,8.84,,7.37
1990-10-15,7.92,8.39,8.8,,7.4
1990-10-16,7.92,8.39,8.79,,7.39
1990-10-17,7.92,8.37,8.76,,7.44
1990-10-18,7.91,8.32,8.71,,7.49
1990-10-19,7.85,8.25,8.62,,7.48
1990-10-22,7.85,8.25,8.63,,7.47
1990-10-23,7.84,8.25,8.65,,7.45
1990-10-24,7.84,8.26,8.66,,7.46
1990-10-25,7.8,8.21,8.62,,7.41
1990-10-26,7.8,8.23,8.63,,7.36
1990-10-29,7.82,8.27,8.7,,7.38
1990-10-30,7.79,8.28,8.7,,7.37
1990-10-31,7.77,8.24,8.65,,7.34
1990-11-01,7.68,8.15,8.57,,7.28
1990-11-02,7.68,8.16,8.57,,7.31
1990-11-05,7.63,8.1,8.5,,7.31
1990-11-06,7.65,8.11,8.52,,7.31
1990-11-07,7.67,8.16,8.57,,7.32
1990-11-08,7.67,8.18,8.58,,7.32
1990-11-09,7.61,8.1,8.49,,7.27
1990-11-12,,,,,
1990-11-13,7.6,8.01,8.37,,7.27
1990-11-14,7.58,8.01,8.36,,7.3
1990-11-15,7.6,8.01,8.37,,7.32
1990-11-16,7.58,7.96,8.3,,7.31
1990-11-19,7.62,8.01,8.35,,7.33
1990-11-20,7.62,7.98,8.31,,7.32
1990-11-21,7.55,7.92,8.27,,7.27
1990-11-22,,,,,
1990-11-23,7.53,7.92,8.28,,7.25
1990-11-26,7.55,7.92,8.27,,7.26
1990-11-27,7.5,7.94,8.28,,7.27
1990-11-28,7.56,7.94,8.3,,7.29
1990-11-29,7.58,7.96,8.32,,7.26
1990-11-30,7.53,7.91,8.26,,7.24
1990-12-03,7.51,7.88,8.22,,7.28
1990-12-04,7.46,7.83,8.2,,7.24
1990-12-05,7.46,7.82,8.16,,7.23
1990-12-06,7.48,7.82,8.18,,7.22
1990-12-07,7.33,7.67,8.03,,7.1
1990-12-10,7.28,7.63,7.98,,7.07
1990-12-11,7.26,7.6,7.94,,7.06
1990-12-12,7.22,7.59,7.91,,7.0
1990-12-13,7.31,7.68,7.98,,7.05
1990-12-14,7.35,7.74,8.05,,7.06
1990-12-17,7.31,7.71,8.02,,7.02
1990-12-18,7.28,7.67,7.99,,6.94
1990-12-19,7.21,7.64,8.0,,6.83
1990-12-20,7.25,7.67,8.05,,6.75
1990-12-21,7.3,7.75,8.11,,6.79
1990-12-24,7.35,7.84,8.2,,6.73
1990-12-25,,,,,
1990-12-26,7.27,7.78,8.15,,6.68
1990-12-27,7.25,7.75,8.11,,6.67
1990-12-28,7.25,7.78,8.14,,6.64
1990-12-31,7.15,7.68,8.08,,6.63
1991-01-01,,,,,
1991-01-02,7.08,7.59,7.97,,6.66
1991-01-03,7.08,7.56,7.93,,6.64
1991-01-04,7.17,7.65,8.02,,6.73
1991-01-07,7.2,7.75,8.13,,6.71
1991-01-08,7.15,7.74,8.16,,6.64
1991-01-09,7.1,7.81,8.25,,6.44
1991-01-10,7.14,7.76,8.16,,6.4
1991-01-11,7.14,7.79,8.2,,6.34
1991-01-14,7.18,7.82,8.23,,6.24
1991-01-15,7.16,7.79,8.22,,6.23
1991-01-16,7.21,7.83,8.24,,6.22
1991-01-17,7.19,7.71,8.05,,6.3
1991-01-18,7.14,7.68,8.03,,6.24
1991-01-21,,,,,
1991-01-22,7.13,7.7,8.07,,6.24
1991-01-23,7.08,7.67,8.04,,6.32
1991-01-24,7.04,7.61,8.0,,6.31
1991-01-25,7.1,7.67,8.06,,6.35
1991-01-28,7.12,7.67,8.06,,6.44
1991-01-29,7.1,7.64,8.03,,6.41
1991-01-30,7.07,7.64,8.05,,6.39
1991-01-31,7.05,7.62,8.03,,6.37
1991-02-01,6.83,7.45,7.91,,6.17
1991-02-04,6.82,7.43,7.88,,6.15
1991-02-05,6.8,7.4,7.85,,6.15
1991-02-06,6.82,7.4,7.79,,6.08
1991-02-07,6.8,7.42,7.82,,6.11
1991-02-08,6.8,7.4,7.77,,6.09
1991-02-11,6.78,7.39,7.78,,6.05
1991-02-12,6.78,7.39,7.78,,6.02
1991-02-13,6.78,7.39,7.78,,6.03
1991-02-14,6.77,7.38,7.8,,6.02
1991-02-15,6.82,7.41,7.78,,6.08
1991-02-18,,,,,
1991-02-19,6.87,7.46,7.8,,6.13
1991-02-20,6.87,7.49,7.84,,6.11
1991-02-21,6.9,7.51,7.88,,6.09
1991-02-22,6.98,7.57,7.91,,6.12
1991-02-25,6.99,7.57,7.91,,6.16
1991-02-26,7.0,7.62,7.96,,6.22
1991-02-27,7.02,7.64,7.98,,6.21
1991-02-28,7.04,7.66,8.02,,6.22
1991-03-01,7.18,7.78,8.12,,6.27
1991-03-04,7.16,7.77,8.12,,6.24
1991-03-05,7.13,7.73,8.08,,6.25
1991-03-06,7.15,7.77,8.11,,6.28
1991-03-07,7.12,7.73,8.07,,6.27
1991-03-08,7.08,7.77,8.13,,6.16
1991-03-11,7.05,7.71,8.06,,6.08
1991-03-12,7.07,7.74,8.09,,6.05
1991-03-13,7.0,7.67,8.02,,6.02
1991-03-14,6.95,7.64,8.02,,5.94
1991-03-15,7.01,7.73,8.1,,5.98
1991-03-18,7.09,7.79,8.15,,6.03
1991-03-19,7.22,7.93,8.25,,6.08
1991-03-20,7.2,7.88,8.2,,6.07
1991-03-21,7.13,7.82,8.16,,6.06
1991-03-22,7.13,7.82,8.13,,6.06
1991-03-25,7.14,7.83,8.13,,6.07
1991-03-26,7.16,7.84,8.13,,6.05
1991-03-27,7.07,7.76,8.08,,5.99
1991-03-28,7.02,7.73,8.05,,5.92
1991-03-29,,,,,
1991-04-01,7.01,7.74,8.07,,5.94
1991-04-02,6.97,7.68,8.03,,5.95
1991-04-03,6.99,7.71,8.05,,5.95
1991-04-04,6.94,7.67,8.0,,5.92
1991-04-05,6.92,7.65,7.99,,5.89
1991-04-08,6.91,7.63,7.98,,5.83
1991-04-09,6.94,7.68,8.03,,5.79
1991-04-10,7.02,7.75,8.1,,5.79
1991-04-11,6.95,7.74,8.09,,5.74
1991-04-12,6.88,7.64,7.98,,5.68
1991-04-15,6.9,7.64,7.95,,5.77
1991-04-16,6.92,7.66,7.97,,5.79
1991-04-17,6.9,7.64,7.95,,5.73
1991-04-18,6.99,7.74,8.02,,5.84
1991-04-19,7.03,7.8,8.1,,5.93
1991-04-22,7.07,7.83,8.15,,5.87
1991-04-23,7.05,7.78,8.12,,5.89
1991-04-24,6.95,7.73,8.06,,5.84
1991-04-25,6.93,7.7,8.07,,5.78
1991-04-26,6.89,7.68,8.06,,5.79
1991-04-29,6.9,7.7,8.07,,5.77
1991-04-30,6.8,7.63,8.02,,5.68
1991-05-01,6.8,7.63,8.01,,5.71
1991-05-02,6.76,7.59,7.97,,5.63
1991-05-03,6.8,7.67,8.04,,5.64
1991-05-06,6.82,7.67,8.05,,5.64
1991-05-07,6.82,7.67,8.06,,5.67
1991-05-08,6.84,7.68,8.04,,5.67
1991-05-09,6.84,7.68,8.02,,5.65
1991-05-10,6.87,7.76,8.12,,5.65
1991-05-13,6.84,7.72,8.07,,5.65
1991-05-14,6.86,7.78,8.14,,5.66
1991-05-15,6.84,7.77,8.13,,5.62
1991-05-16,6.84,7.77,8.12,,5.57
1991-05-17,6.86,7.77,8.08,,5.57
1991-05-20,6.86,7.78,8.1,,5.63
1991-05-21,6.84,7.74,8.06,,5.67
1991-05-22,6.77,7.72,8.06,,5.63
1991-05-23,6.74,7.71,8.1,,5.57
1991-05-24,6.69,7.68,8.1,,5.57
1991-05-27,,,,,
1991-05-28,6.66,7.66,8.07,,5.59
1991-05-29,6.61,7.66,8.07,,5.62
1991-05-30,6.6,7.63,8.02,,5.62
1991-05-31,6.68,7.69,8.06,,5.71
1991-06-03,6.79,7.8,8.14,,5.79
1991-06-04,6.79,7.8,8.14,,5.74
1991-06-05,6.83,7.84,8.19,,5.76
1991-06-06,6.86,7.89,8.23,,5.74
1991-06-07,6.98,7.96,8.29,,5.74
1991-06-10,7.01,7.95,8.29,,5.77
1991-06-11,6.99,7.96,8.29,,5.74
1991-06-12,7.08,8.02,8.36,,5.73
1991-06-13,7.08,8.0,8.34,,5.76
1991-06-14,7.02,7.94,8.29,,5.77
1991-06-17,7.02,7.96,8.3,,5.78
1991-06-18,7.0,7.97,8.32,,5.8
1991-06-19,6.95,7.97,8.33,,5.74
1991-06-20,6.87,7.91,8.3,,5.74
1991-06-21,6.94,7.95,8.32,,5.75
1991-06-24,6.96,7.98,8.33,,5.75
1991-06-25,7.04,7.99,8.33,,5.75
1991-06-26,7.01,7.98,8.33,,5.73
1991-06-27,7.0,7.97,8.32,,5.73
1991-06-28,6.9,7.9,8.24,,5.71
1991-07-01,6.97,7.93,8.26,,5.76
1991-07-02,7.0,7.95,8.27,,5.75
1991-07-03,6.97,7.92,8.26,,5.73
1991-07-04,,,,,
1991-07-05,7.04,8.01,8.34,,5.76
1991-07-08,7.0,8.0,8.34,,5.75
1991-07-09,7.0,8.02,8.36,,5.76
1991-07-10,6.97,8.0,8.35,,5.75
1991-07-11,6.92,7.95,8.3,,5.74
1991-07-12,6.88,7.9,8.26,,5.72
1991-07-15,6.88,7.9,8.26,,5.75
1991-07-16,6.9,7.91,8.27,,5.76
1991-07-17,6.94,7.94,8.3,,5.79
1991-07-18,6.91,7.95,8.31,,5.77
1991-07-19,6.89,7.91,8.28,,5.76
1991-07-22,6.91,7.92,8.28,,5.76
1991-07-23,6.94,7.96,8.31,,5.76
1991-07-24,6.88,7.86,8.24,,5.75
1991-07-25,6.87,7.81,8.2,,5.76
1991-07-26,6.85,7.82,8.2,,5.76
1991-07-29,6.82,7.81,8.2,,5.75
1991-07-30,6.84,7.81,8.21,,5.73
1991-07-31,6.81,7.77,8.2,,5.7
1991-08-01,6.84,7.78,8.2,,5.72
1991-08-02,6.69,7.62,8.06,,5.63
1991-08-05,6.69,7.62,8.04,,5.68
1991-08-06,6.57,7.54,7.97,,5.58
1991-08-07,6.54,7.51,7.93,,5.55
1991-08-08,6.52,7.53,7.98,,5.54
1991-08-09,6.49,7.51,7.98,,5.48
1991-08-12,6.49,7.49,7.95,,5.48
1991-08-13,6.48,7.46,7.91,,5.45
1991-08-14,6.37,7.37,7.82,,5.45
1991-08-15,6.33,7.37,7.84,,5.46
1991-08-16,6.31,7.33,7.84,,5.42
1991-08-19,6.24,7.31,7.83,,5.27
1991-08-20,6.17,7.24,7.81,,5.26
1991-08-21,6.27,7.27,7.8,,5.44
1991-08-22,6.27,7.25,7.78,,5.47
1991-08-23,6.46,7.39,7.88,,5.56
1991-08-26,6.48,7.44,7.91,,5.58
1991-08-27,6.41,7.42,7.89,,5.55
1991-08-28,6.3,7.32,7.82,,5.46
1991-08-29,6.25,7.24,7.74,,5.43
1991-08-30,6.36,7.34,7.82,,5.49
1991-09-02,,,,,
1991-09-03,6.33,7.32,7.81,,5.51
1991-09-04,6.31,7.31,7.81,,5.49
1991-09-05,6.31,7.32,7.83,,5.48
1991-09-06,6.26,7.24,7.76,,5.45
1991-09-09,6.23,7.2,7.73,,5.44
1991-09-10,6.21,7.2,7.73,,5.4
1991-09-11,6.23,7.21,7.74,,5.42
1991-09-12,6.2,7.15,7.67,,5.38
1991-09-13,6.18,7.13,7.66,,5.31
1991-09-16,6.17,7.11,7.63,,5.34
1991-09-17,6.18,7.1,7.62,,5.35
1991-09-18,6.18,7.1,7.62,,5.34
1991-09-19,6.2,7.1,7.61,,5.36
1991-09-20,6.18,7.09,7.57,,5.35
1991-09-23,6.17,7.09,7.55,,5.37
1991-09-24,6.11,7.09,7.56,,5.33
1991-09-25,6.12,7.06,7.58,,5.33
1991-09-26,6.05,7.03,7.56,,5.28
1991-09-27,6.02,6.95,7.49,,5.28
1991-09-30,5.99,6.92,7.47,,5.26
1991-10-01,5.99,6.9,7.45,,5.25
1991-10-02,5.99,6.9,7.47,,5.24
1991-10-03,5.98,6.88,7.47,,5.19
1991-10-04,5.91,6.81,7.39,,5.17
1991-10-07,5.93,6.81,7.4,,5.18
1991-10-08,5.89,6.82,7.43,,5.17
1991-10-09,5.93,6.87,7.51,,5.16
1991-10-10,5.98,6.93,7.58,,5.18
1991-10-11,5.91,6.84,7.49,,5.14
1991-10-14,,,,,
1991-10-15,5.85,6.81,7.46,,5.13
1991-10-16,5.86,6.79,7.45,,5.12
1991-10-17,5.93,6.9,7.55,,5.18
1991-10-18,5.95,6.88,7.53,,5.18
1991-10-21,5.99,6.95,7.62,,5.19
1991-10-22,6.02,6.99,7.67,,5.21
1991-10-23,6.01,7.0,7.69,,5.19
1991-10-24,5.93,6.91,7.65,,5.12
1991-10-25,5.93,6.96,7.68,,5.11
1991-10-28,5.88,6.91,7.65,,5.09
1991-10-29,5.78,6.8,7.51,,5.03
1991-10-30,5.73,6.77,7.48,,4.98
1991-10-31,5.7,6.74,7.47,,4.96
1991-11-01,5.65,6.71,7.48,,4.89
1991-11-04,5.63,6.74,7.5,,4.88
1991-11-05,5.7,6.79,7.56,,4.9
1991-11-06,5.63,6.72,7.51,,4.76
1991-11-07,5.62,6.65,7.43,,4.76
1991-11-08,5.63,6.66,7.41,,4.75
1991-11-11,,,,,
1991-11-12,5.65,6.65,7.37,,4.77
1991-11-13,5.65,6.69,7.41,,4.76
1991-11-14,5.6,6.62,7.35,,4.76
1991-11-15,5.54,6.58,7.33,,4.72
1991-11-18,5.55,6.57,7.33,,4.71
1991-11-19,5.5,6.55,7.37,,4.66
1991-11-20,5.52,6.56,7.38,,4.62
1991-11-21,5.5,6.54,7.39,,4.56
1991-11-22,5.49,6.56,7.44,,4.55
1991-11-25,5.5,6.61,7.45,,4.55
1991-11-26,5.45,6.53,7.42,,4.52
1991-11-27,5.43,6.53,7.42,,4.51
1991-11-28,,,,,
1991-11-29,5.38,6.48,7.38,,4.47
1991-12-02,5.33,6.43,7.32,,4.51
1991-12-03,5.29,6.39,7.28,,4.48
1991-12-04,5.22,6.27,7.17,,4.43
1991-12-05,5.22,6.3,7.21,,4.43
1991-12-06,5.19,6.31,7.26,,4.36
1991-12-09,5.09,6.23,7.22,,4.28
1991-12-10,5.07,6.25,7.21,,4.32
1991-12-11,5.04,6.26,7.22,,4.26
1991-12-12,5.06,6.23,7.19,,4.26
1991-12-13,5.09,6.3,7.22,,4.26
1991-12-16,5.06,6.28,7.21,,4.25
1991-12-17,5.02,6.24,7.18,,4.22
1991-12-18,5.11,6.3,7.19,,4.23
1991-12-19,5.05,6.19,7.11,,4.15
1991-12-20,4.8,6.02,6.97,,3.84
1991-12-23,4.79,6.0,6.88,,3.87
1991-12-24,4.84,6.01,6.88,,3.91
1991-12-25,,,,,
1991-12-26,4.85,6.0,6.85,,3.92
1991-12-27,4.85,6.0,6.82,,3.96
1991-12-30,4.8,5.97,6.76,,3.97
1991-12-31,4.77,5.93,6.71,,3.96
1992-01-01,,,,,
1992-01-02,4.77,5.98,6.78,,3.96
1992-01-03,4.8,6.05,6.85,,3.95
1992-01-06,4.76,6.02,6.82,,3.92
1992-01-07,4.67,5.94,6.76,,3.85
1992-01-08,4.66,5.96,6.77,,3.82
1992-01-09,4.77,6.02,6.79,,3.87
1992-01-10,4.85,6.1,6.85,,3.92
1992-01-13,4.93,6.21,6.92,,3.92
1992-01-14,5.0,6.34,7.03,,3.92
1992-01-15,5.07,6.37,7.05,,3.94
1992-01-16,5.07,6.41,7.13,,3.89
1992-01-17,5.02,6.36,7.09,,3.89
1992-01-20,,,,,
1992-01-21,4.97,6.27,7.03,,3.86
1992-01-22,4.95,6.28,7.09,,3.85
1992-01-23,5.02,6.32,7.2,,3.87
1992-01-24,5.13,6.4,7.25,,3.91
1992-01-27,5.15,6.41,7.24,,3.93
1992-01-28,5.1,6.32,7.16,,3.93
1992-01-29,5.15,6.42,7.25,,3.96
1992-01-30,5.17,6.48,7.31,,3.93
1992-01-31,5.11,6.44,7.31,,3.94
1992-02-03,5.15,6.52,7.36,,3.96
1992-02-04,5.12,6.46,7.29,,3.94
1992-02-05,5.07,6.4,7.21,,3.94
1992-02-06,5.05,6.4,7.2,,3.91
1992-02-07,4.97,6.4,7.2,,3.84
1992-02-10,4.94,6.38,7.21,,3.83
1992-02-11,5.01,6.4,7.23,,3.85
1992-02-12,5.08,6.46,7.3,,3.85
1992-02-13,5.22,6.61,7.4,,3.89
1992-02-14,5.27,6.65,7.41,,3.89
1992-02-17,,,,,
1992-02-18,5.24,6.69,7.47,,3.93
1992-02-19,5.28,6.67,7.42,,3.95
1992-02-20,5.3,6.67,7.41,,3.98
1992-02-21,5.46,6.77,7.45,,4.03
1992-02-24,5.46,6.81,7.47,,4.07
1992-02-25,5.43,6.78,7.44,,4.07
1992-02-26,5.37,6.66,7.33,,4.05
1992-02-27,5.34,6.67,7.35,,4.04
1992-02-28,5.27,6.58,7.27,,4.03
1992-03-02,5.45,6.73,7.38,,4.14
1992-03-03,5.48,6.76,7.43,,4.14
1992-03-04,5.5,6.76,7.43,,4.13
1992-03-05,5.62,6.87,7.51,,4.14
1992-03-06,5.6,6.85,7.48,,4.14
1992-03-09,5.54,6.77,7.42,,4.1
1992-03-10,5.56,6.78,7.43,,4.11
1992-03-11,5.58,6.86,7.51,,4.11
1992-03-12,5.74,7.01,7.62,,4.12
1992-03-13,5.86,7.14,7.71,,4.16
1992-03-16,5.87,7.12,7.69,,4.18
1992-03-17,5.83,7.06,7.62,,4.16
1992-03-18,5.84,7.06,7.62,,4.15
1992-03-19,5.79,7.03,7.57,,4.15
1992-03-20,5.86,7.12,7.64,,4.16
1992-03-23,5.87,7.1,7.62,,4.17
1992-03-24,5.78,7.0,7.53,,4.15
1992-03-25,5.72,6.96,7.53,,4.11
1992-03-26,5.69,6.98,7.57,,4.11
1992-03-27,5.68,6.97,7.54,,4.11
1992-03-30,5.61,6.93,7.54,,4.16
1992-03-31,5.6,6.94,7.54,,4.15
1992-04-01,5.53,6.82,7.46,,4.11
1992-04-02,5.55,6.85,7.47,,4.12
1992-04-03,5.37,6.76,7.42,,4.06
1992-04-06,5.36,6.74,7.41,,4.03
1992-04-07,5.34,6.73,7.41,,3.96
1992-04-08,5.33,6.76,7.44,,3.96
1992-04-09,5.09,6.59,7.35,,3.75
1992-04-10,5.16,6.62,7.37,,3.74
1992-04-13,5.11,6.58,7.33,,3.7
1992-04-14,5.15,6.6,7.35,,3.7
1992-04-15,5.22,6.66,7.37,,3.7
1992-04-16,5.34,6.76,7.45,,3.73
1992-04-17,,,,,
1992-04-20,5.45,6.9,7.59,,3.79
1992-04-21,5.41,6.89,7.58,,3.77
1992-04-22,5.41,6.89,7.57,,3.77
1992-04-23,5.41,6.91,7.59,,3.76
1992-04-24,5.33,6.85,7.55,,3.76
1992-04-27,5.42,6.9,7.6,,3.82
1992-04-28,5.4,6.87,7.57,,3.8
1992-04-29,5.39,6.88,7.6,,3.8
1992-04-30,5.46,6.91,7.61,,3.79
1992-05-01,5.33,6.82,7.56,,3.72
1992-05-04,5.32,6.82,7.58,,3.71
1992-05-05,5.3,6.8,7.56,,3.72
1992-05-06,5.25,6.76,7.46,,3.7
1992-05-07,5.34,6.8,7.49,,3.71
1992-05-08,5.29,6.73,7.41,,3.72
1992-05-11,5.24,6.71,7.4,,3.74
1992-05-12,5.19,6.66,7.36,,3.7
1992-05-13,5.14,6.64,7.34,,3.67
1992-05-14,5.13,6.63,7.34,,3.65
1992-05-15,5.11,6.6,7.28,,3.66
1992-05-18,5.12,6.59,7.28,,3.69
1992-05-19,5.0,6.47,7.2,,3.62
1992-05-20,5.13,6.55,7.25,,3.65
1992-05-21,5.34,6.77,7.39,,3.76
1992-05-22,5.24,6.69,7.35,,3.77
1992-05-25,,,,,
1992-05-26,5.35,6.79,7.46,,3.84
1992-05-27,5.28,6.74,7.44,,3.79
1992-05-28,5.22,6.67,7.36,,3.77
1992-05-29,5.19,6.61,7.33,,3.79
1992-06-01,5.29,6.69,7.39,,3.82
1992-06-02,5.23,6.61,7.35,,3.83
1992-06-03,5.2,6.6,7.34,,3.8
1992-06-04,5.22,6.6,7.34,,3.78
1992-06-05,5.13,6.55,7.31,,3.77
1992-06-08,5.11,6.56,7.31,,3.78
1992-06-09,5.11,6.59,7.33,,3.77
1992-06-10,5.13,6.59,7.35,,3.77
1992-06-11,5.09,6.56,7.33,,3.75
1992-06-12,5.06,6.49,7.29,,3.75
1992-06-15,5.05,6.49,7.28,,3.75
1992-06-16,5.02,6.44,7.24,,3.72
1992-06-17,5.0,6.44,7.23,,3.7
1992-06-18,4.94,6.39,7.19,,3.69
1992-06-19,5.0,6.45,7.24,,3.74
1992-06-22,4.99,6.45,7.24,,3.75
1992-06-23,5.1,6.5,7.25,,3.77
1992-06-24,4.96,6.39,7.2,,3.72
1992-06-25,4.89,6.32,7.14,,3.71
1992-06-26,4.88,6.33,7.15,,3.71
1992-06-29,4.83,6.29,7.12,,3.66
1992-06-30,4.83,6.29,7.14,,3.65
1992-07-01,4.82,6.27,7.1,,3.63
1992-07-02,4.55,6.02,6.93,,3.31
1992-07-03,,,,,
1992-07-06,4.46,5.97,6.9,,3.29
1992-07-07,4.4,5.91,6.87,,3.28
1992-07-08,4.4,5.93,6.91,,3.29
1992-07-09,4.4,5.93,6.91,,3.28
1992-07-10,4.38,5.92,6.93,,3.29
1992-07-13,4.4,5.94,6.97,,3.29
1992-07-14,4.32,5.9,6.97,,3.28
1992-07-15,4.25,5.8,6.9,,3.25
1992-07-16,4.25,5.8,6.87,,3.24
1992-07-17,4.27,5.82,6.9,,3.23
1992-07-20,4.3,5.82,6.9,,3.26
1992-07-21,4.34,5.82,6.89,,3.26
1992-07-22,4.29,5.77,6.85,,3.24
1992-07-23,4.2,5.62,6.72,,3.23
1992-07-24,4.25,5.66,6.73,,3.23
1992-07-27,4.27,5.66,6.69,,3.26
1992-07-28,4.27,5.63,6.63,,3.26
1992-07-29,4.25,5.62,6.6,,3.25
1992-07-30,4.33,5.76,6.69,,3.25
1992-07-31,4.42,5.84,6.72,,3.25
1992-08-03,4.4,5.82,6.72,,3.25
1992-08-04,4.31,5.72,6.66,,3.24
1992-08-05,4.29,5.69,6.64,,3.24
1992-08-06,4.29,5.67,6.65,,3.23
1992-08-07,4.18,5.56,6.57,,3.21
1992-08-10,4.12,5.5,6.52,,3.2
1992-08-11,4.15,5.5,6.5,,3.2
1992-08-12,4.19,5.54,6.48,,3.19
1992-08-13,4.19,5.57,6.55,,3.16
1992-08-14,4.14,5.54,6.53,,3.13
1992-08-17,4.13,5.55,6.56,,3.16
1992-08-18,4.04,5.44,6.48,,3.14
1992-08-19,4.06,5.43,6.47,,3.15
1992-08-20,4.04,5.42,6.46,,3.15
1992-08-21,4.13,5.54,6.53,,3.14
1992-08-24,4.27,5.72,6.68,,3.23
1992-08-25,4.32,5.76,6.73,,3.24
1992-08-26,4.26,5.7,6.68,,3.23
1992-08-27,4.23,5.65,6.64,,3.23
1992-08-28,4.16,5.6,6.63,,3.23
1992-08-31,4.15,5.6,6.62,,3.23
1992-09-01,4.12,5.52,6.56,,3.22
1992-09-02,4.1,5.5,6.54,,3.21
1992-09-03,4.09,5.5,6.54,,3.21
1992-09-04,3.89,5.3,6.4,,2.98
1992-09-07,,,,,
1992-09-08,3.83,5.21,6.29,,2.96
1992-09-09,3.85,5.25,6.31,,2.97
1992-09-10,3.83,5.26,6.31,,2.97
1992-09-11,3.87,5.33,6.37,,2.98
1992-09-14,3.8,5.28,6.32,,2.95
1992-09-15,3.89,5.37,6.4,,2.98
1992-09-16,3.87,5.4,6.41,,2.96
1992-09-17,3.86,5.41,6.4,,2.94
1992-09-18,3.86,5.41,6.41,,2.94
1992-09-21,3.91,5.46,6.42,,2.97
1992-09-22,3.98,5.52,6.5,,2.98
1992-09-23,3.97,5.54,6.54,,2.98
1992-09-24,3.91,5.47,6.48,,2.95
1992-09-25,3.78,5.33,6.41,,2.86
1992-09-28,3.77,5.28,6.37,,2.79
1992-09-29,3.8,5.31,6.37,,2.79
1992-09-30,3.8,5.33,6.37,,2.75
1992-10-01,3.67,5.18,6.23,,2.67
1992-10-02,3.71,5.22,6.26,,2.69
1992-10-05,3.68,5.18,6.24,,2.75
1992-10-06,3.74,5.25,6.3,,2.79
1992-10-07,3.88,5.43,6.46,,2.89
1992-10-08,3.83,5.37,6.41,,2.85
1992-10-09,4.0,5.5,6.52,,2.89
1992-10-12,,,,,
1992-10-13,3.99,5.49,6.51,,2.95
1992-10-14,4.02,5.51,6.51,,2.99
1992-10-15,4.02,5.52,6.53,,2.98
1992-10-16,4.04,5.57,6.6,,2.97
1992-10-19,4.15,5.71,6.69,,3.04
1992-10-20,4.34,5.9,6.86,,3.09
1992-10-21,4.29,5.82,6.8,,2.99
1992-10-22,4.24,5.79,6.74,,2.98
1992-10-23,4.37,5.91,6.83,,3.0
1992-10-26,4.39,5.92,6.83,,3.02
1992-10-27,4.32,5.82,6.78,,3.0
1992-10-28,4.33,5.83,6.76,,3.0
1992-10-29,4.33,5.79,6.71,,3.02
1992-10-30,4.4,5.9,6.8,,3.03
1992-11-02,4.47,5.96,6.88,,3.08
1992-11-03,4.44,5.94,6.87,,3.1
1992-11-04,4.44,5.94,6.89,,3.09
1992-11-05,4.39,5.93,6.87,,3.08
1992-11-06,4.48,6.02,6.97,,3.13
1992-11-09,4.57,6.09,7.0,,3.17
1992-11-10,4.5,6.01,6.91,,3.15
1992-11-11,,,,,
1992-11-12,4.44,5.89,6.79,,3.13
1992-11-13,4.54,5.99,6.82,,3.15
1992-11-16,4.68,6.11,6.9,,3.22
1992-11-17,4.67,6.08,6.86,,3.24
1992-11-18,4.58,5.97,6.78,,3.22
1992-11-19,4.59,6.0,6.81,,3.22
1992-11-20,4.66,6.08,6.84,,3.28
1992-11-23,4.69,6.1,6.86,,3.34
1992-11-24,4.61,6.04,6.82,,3.29
1992-11-25,4.7,6.12,6.84,,3.31
1992-11-26,,,,,
1992-11-27,4.77,6.22,6.93,,3.33
1992-11-30,4.79,6.23,6.95,,3.38
1992-12-01,4.81,6.24,6.94,,3.4
1992-12-02,4.81,6.23,6.93,,3.42
1992-12-03,4.78,6.2,6.91,,3.37
1992-12-04,4.7,6.11,6.84,,3.32
1992-12-07,4.62,6.05,6.78,,3.35
1992-12-08,4.59,5.99,6.73,,3.33
1992-12-09,4.61,6.01,6.76,,3.3
1992-12-10,4.67,6.04,6.77,,3.29
1992-12-11,4.78,6.1,6.8,,3.32
1992-12-14,4.8,6.15,6.83,,3.33
1992-12-15,4.77,6.12,6.83,,3.29
1992-12-16,4.67,6.06,6.77,,3.28
1992-12-17,4.69,6.08,6.77,,3.27
1992-12-18,4.66,6.07,6.76,,3.23
1992-12-21,4.64,6.05,6.71,,3.25
1992-12-22,4.64,6.02,6.65,,3.27
1992-12-23,4.63,6.01,6.68,,3.25
1992-12-24,4.6,6.02,6.69,,3.23
1992-12-25,,,,,
1992-12-28,4.64,6.06,6.72,,3.3
1992-12-29,4.61,6.04,6.69,,3.27
1992-12-30,4.54,5.98,6.68,,3.19
1992-12-31,4.56,6.04,6.7,,3.15
1993-01-01,,,,,
1993-01-04,4.48,5.9,6.6,,3.19
1993-01-05,4.48,5.9,6.61,,3.18
1993-01-06,4.52,5.94,6.63,,3.17
1993-01-07,4.64,6.05,6.76,,3.19
1993-01-08,4.5,5.97,6.75,,3.13
1993-01-11,4.48,5.93,6.71,,3.12
1993-01-12,4.48,5.95,6.72,,3.09
1993-01-13,4.46,5.93,6.71,,3.06
1993-01-14,4.4,5.88,6.65,,3.04
1993-01-15,4.31,5.8,6.6,,3.0
1993-01-18,,,,,
1993-01-19,4.39,5.82,6.59,,3.1
1993-01-20,4.41,5.85,6.61,,3.08
1993-01-21,4.36,5.83,6.6,,3.05
1993-01-22,4.3,5.77,6.57,,3.03
1993-01-25,4.26,5.71,6.48,,3.02
1993-01-26,4.3,5.75,6.5,,3.01
1993-01-27,4.24,5.68,6.48,,2.97
1993-01-28,4.2,5.61,6.44,,2.96
1993-01-29,4.2,5.57,6.39,,2.96
1993-02-01,4.19,5.55,6.38,,3.01
1993-02-02,4.25,5.63,6.46,,3.02
1993-02-03,4.27,5.62,6.45,,2.99
1993-02-04,4.19,5.53,6.39,,2.96
1993-02-05,4.07,5.42,6.32,,2.96
1993-02-08,4.16,5.49,6.37,,3.0
1993-02-09,4.2,5.55,6.41,,2.99
1993-02-10,4.27,5.63,6.4,,3.0
1993-02-11,4.2,5.58,6.37,,2.98
1993-02-12,4.2,5.57,6.35,,2.99
1993-02-15,,,,,
1993-02-16,4.14,5.52,6.34,,3.0
1993-02-17,4.06,5.43,6.28,,2.97
1993-02-18,3.95,5.29,6.17,,2.95
1993-02-19,3.99,5.3,6.15,,2.99
1993-02-22,3.99,5.28,6.09,,3.01
1993-02-23,3.9,5.12,5.92,,3.0
1993-02-24,3.97,5.2,6.01,,3.02
1993-02-25,3.95,5.23,6.03,,3.01
1993-02-26,3.92,5.21,6.03,,3.01
1993-03-01,3.88,5.12,5.94,,3.03
1993-03-02,3.88,5.13,5.95,,3.03
1993-03-03,3.81,5.05,5.88,,3.0
1993-03-04,3.75,5.0,5.83,,2.97
1993-03-05,3.91,5.14,5.9,,3.07
1993-03-08,3.97,5.15,5.85,,3.05
1993-03-09,4.02,5.21,5.91,,3.05
1993-03-10,4.05,5.24,5.97,,3.04
1993-03-11,4.01,5.23,5.96,,3.03
1993-03-12,4.11,5.35,6.11,,3.04
1993-03-15,4.1,5.39,6.17,,3.06
1993-03-16,4.02,5.27,6.06,,3.04
1993-03-17,3.98,5.21,6.02,,3.04
1993-03-18,3.91,5.11,5.93,,3.01
1993-03-19,3.95,5.17,5.95,,3.03
1993-03-22,3.92,5.18,5.96,,2.99
1993-03-23,3.88,5.14,5.91,,2.98
1993-03-24,3.93,5.19,5.95,,2.98
1993-03-25,3.92,5.19,5.98,,2.97
1993-03-26,4.02,5.32,6.09,,3.0
1993-03-29,3.95,5.25,6.06,,3.0
1993-03-30,3.91,5.2,6.02,,2.97
1993-03-31,3.96,5.24,6.03,,2.95
1993-04-01,3.94,5.24,6.06,,2.96
1993-04-02,3.99,5.31,6.16,,2.97
1993-04-05,3.96,5.27,6.13,,2.97
1993-04-06,3.93,5.22,6.08,,2.98
1993-04-07,3.93,5.23,6.07,,2.98
1993-04-08,3.85,5.13,5.97,,2.96
1993-04-09,,,,,
1993-04-12,3.82,5.09,5.92,,2.94
1993-04-13,3.82,5.1,5.93,,2.91
1993-04-14,3.78,5.07,5.9,,2.88
1993-04-15,3.79,5.06,5.88,,2.9
1993-04-16,3.8,5.08,5.89,,2.9
1993-04-19,3.78,5.07,5.87,,2.87
1993-04-20,3.78,5.07,5.87,,2.85
1993-04-21,3.77,5.05,5.86,,2.86
1993-04-22,3.75,5.04,5.85,,2.88
1993-04-23,3.75,5.06,5.89,,2.9
1993-04-26,3.79,5.09,5.94,,2.95
1993-04-27,3.88,5.19,6.02,,2.97
1993-04-28,3.86,5.18,6.03,,2.98
1993-04-29,3.79,5.1,5.99,,2.96
1993-04-30,3.83,5.14,6.05,,2.97
1993-05-03,3.75,5.06,5.96,,2.93
1993-05-04,3.75,5.04,5.92,,2.93
1993-05-05,3.8,5.07,5.93,,2.95
1993-05-06,3.8,5.03,5.89,,2.92
1993-05-07,3.79,5.04,5.92,,2.93
1993-05-10,3.79,5.02,5.89,,2.95
1993-05-11,3.79,5.03,5.89,,2.95
1993-05-12,3.82,5.07,5.96,,2.96
1993-05-13,3.91,5.15,6.02,,2.99
1993-05-14,3.97,5.21,6.03,,3.03
1993-05-17,4.05,5.27,6.07,,3.08
1993-05-18,4.08,5.3,6.15,,3.08
1993-05-19,4.03,5.26,6.11,,3.03
1993-05-20,4.03,5.25,6.09,,3.03
1993-05-21,4.14,5.34,6.16,,3.07
1993-05-24,4.19,5.37,6.16,,3.15
1993-05-25,4.19,5.38,6.17,,3.14
1993-05-26,4.2,5.35,6.12,,3.12
1993-05-27,4.22,5.35,6.11,,3.13
1993-05-28,4.24,5.37,6.16,,3.13
1993-05-31,,,,,
1993-06-01,4.16,5.28,6.07,,3.14
1993-06-02,4.18,5.27,6.06,,3.14
1993-06-03,4.14,5.23,6.02,,3.1
1993-06-04,4.31,5.36,6.11,,3.18
1993-06-07,4.3,5.34,6.08,,3.2
1993-06-08,4.33,5.35,6.09,,3.2
1993-06-09,4.29,5.33,6.07,,3.18
1993-06-10,4.29,5.34,6.07,,3.18
1993-06-11,4.15,5.22,5.97,,3.12
1993-06-14,4.13,5.2,5.97,,3.13
1993-06-15,4.11,5.19,5.96,,3.12
1993-06-16,4.09,5.18,5.96,,3.11
1993-06-17,4.08,5.17,5.93,,3.1
1993-06-18,4.16,5.23,5.97,,3.13
1993-06-21,4.16,5.2,5.92,,3.17
1993-06-22,4.15,5.21,5.91,,3.16
1993-06-23,4.2,5.2,5.91,,3.19
1993-06-24,4.15,5.16,5.88,,3.17
1993-06-25,4.1,5.13,5.84,,3.15
1993-06-28,4.06,5.08,5.8,,3.11
1993-06-29,4.03,5.05,5.79,,3.1
1993-06-30,4.03,5.05,5.8,,3.1
1993-07-01,3.99,5.04,5.8,,3.06
1993-07-02,3.93,4.98,5.76,,3.02
1993-07-05,,,,,
1993-07-06,4.0,5.04,5.8,,3.12
1993-07-07,4.0,5.04,5.8,,3.11
1993-07-08,4.0,5.02,5.78,,3.09
1993-07-09,3.98,5.0,5.76,,3.09
1993-07-12,3.99,5.0,5.75,,3.1
1993-07-13,4.04,5.03,5.78,,3.11
1993-07-14,3.97,4.98,5.72,,3.08
1993-07-15,3.99,4.99,5.72,,3.08
1993-07-16,3.99,4.99,5.71,,3.08
1993-07-19,3.99,5.0,5.71,,3.12
1993-07-20,4.09,5.08,5.75,,3.13
1993-07-21,4.15,5.17,5.83,,3.14
1993-07-22,4.22,5.24,5.9,,3.16
1993-07-23,4.25,5.28,5.95,,3.16
1993-07-26,4.22,5.25,5.93,,3.17
1993-07-27,4.25,5.26,5.92,,3.17
1993-07-28,4.21,5.23,5.9,,3.15
1993-07-29,4.12,5.13,5.81,,3.09
1993-07-30,4.13,5.16,5.83,,3.1
1993-08-02,4.19,5.2,5.85,,3.17
1993-08-03,4.17,5.19,5.83,,3.15
1993-08-04,4.16,5.2,5.87,,3.15
1993-08-05,4.12,5.18,5.86,,3.12
1993-08-06,4.09,5.16,5.86,,3.11
1993-08-09,4.06,5.12,5.82,,3.11
1993-08-10,4.1,5.14,5.82,,3.1
1993-08-11,4.1,5.13,5.75,,3.09
1993-08-12,4.06,5.13,5.77,,3.08
1993-08-13,4.0,5.08,5.72,,3.09
1993-08-16,3.98,5.05,5.68,,3.1
1993-08-17,4.02,5.07,5.7,,3.08
1993-08-18,3.98,5.04,5.69,,3.05
1993-08-19,3.93,4.97,5.64,,3.05
1993-08-20,3.93,4.96,5.61,,3.06
1993-08-23,3.97,4.98,5.6,,3.08
1993-08-24,3.89,4.9,5.54,,3.05
1993-08-25,3.85,4.86,5.51,,3.04
1993-08-26,3.82,4.78,5.42,,3.06
1993-08-27,3.87,4.83,5.48,,3.09
1993-08-30,3.86,4.78,5.44,,3.08
1993-08-31,3.88,4.8,5.45,,3.08
1993-09-01,3.88,4.81,5.46,,3.08
1993-09-02,3.83,4.76,5.41,,3.05
1993-09-03,3.71,4.65,5.31,,3.0
1993-09-06,,,,,
1993-09-07,3.7,4.6,5.23,,3.01
1993-09-08,3.78,4.63,5.23,,3.02
1993-09-09,3.88,4.74,5.35,,3.04
1993-09-10,3.8,4.67,5.29,,3.02
1993-09-13,3.82,4.66,5.26,,3.04
1993-09-14,3.91,4.77,5.37,,3.05
1993-09-15,3.89,4.75,5.39,,3.02
1993-09-16,3.88,4.74,5.37,,3.01
1993-09-17,3.89,4.75,5.38,,3.01
1993-09-20,3.92,4.79,5.42,,3.0
1993-09-21,3.9,4.8,5.47,,2.98
1993-09-22,3.9,4.81,5.45,,2.98
1993-09-23,3.87,4.8,5.42,,2.99
1993-09-24,3.9,4.81,5.42,,2.99
1993-09-27,3.81,4.69,5.3,,2.96
1993-09-28,3.79,4.67,5.28,,2.96
1993-09-29,3.84,4.74,5.35,,2.99
1993-09-30,3.89,4.79,5.4,,2.98
1993-10-01,3.84,4.72,5.34,6.12,2.98
1993-10-04,3.85,4.71,5.34,6.1,3.02
1993-10-05,3.86,4.72,5.35,6.12,3.06
1993-10-06,3.85,4.7,5.35,6.12,3.04
1993-10-07,3.83,4.69,5.33,6.11,3.05
1993-10-08,3.78,4.61,5.26,6.02,3.05
1993-10-11,,,,,
1993-10-12,3.82,4.64,5.27,6.02,3.12
1993-10-13,3.84,4.64,5.27,6.03,3.1
1993-10-14,3.82,4.61,5.23,5.98,3.08
1993-10-15,3.81,4.57,5.19,5.91,3.08
1993-10-18,3.84,4.66,5.27,5.99,3.13
1993-10-19,3.86,4.66,5.27,5.98,3.13
1993-10-20,3.86,4.64,5.26,5.97,3.11
1993-10-21,3.89,4.72,5.35,6.06,3.12
1993-10-22,3.91,4.76,5.42,6.13,3.11
1993-10-25,3.95,4.82,5.47,6.17,3.14
1993-10-26,3.93,4.79,5.43,6.14,3.16
1993-10-27,3.99,4.82,5.44,6.15,3.15
1993-10-28,3.97,4.83,5.41,6.11,3.11
1993-10-29,3.99,4.83,5.43,6.12,3.1
1993-11-01,4.11,4.96,5.56,6.19,3.18
1993-11-02,4.16,5.02,5.63,6.28,3.19
1993-11-03,4.13,5.01,5.67,6.32,3.16
1993-11-04,4.13,5.03,5.67,6.34,3.15
1993-11-05,4.2,5.11,5.75,6.4,3.13
1993-11-08,4.13,5.04,5.7,6.38,3.17
1993-11-09,4.12,5.02,5.64,6.31,3.18
1993-11-10,4.17,5.08,5.72,6.38,3.19
1993-11-11,,,,,
1993-11-12,4.11,5.02,5.66,6.33,3.18
1993-11-15,4.11,5.02,5.69,6.36,3.18
1993-11-16,4.1,4.98,5.66,6.35,3.16
1993-11-17,4.09,4.99,5.65,6.35,3.16
1993-11-18,4.15,5.06,5.72,6.4,3.18
1993-11-19,4.22,5.16,5.84,6.5,3.2
1993-11-22,4.26,5.2,5.89,6.53,3.21
1993-11-23,4.19,5.14,5.82,6.46,3.19
1993-11-24,4.18,5.11,5.84,6.47,3.19
1993-11-25,,,,,
1993-11-26,4.16,5.08,5.78,6.43,3.18
1993-11-29,4.17,5.08,5.76,6.4,3.2
1993-11-30,4.22,5.15,5.83,6.46,3.21
1993-12-01,4.2,5.14,5.82,6.44,3.19
1993-12-02,4.22,5.16,5.81,6.42,3.18
1993-12-03,4.24,5.16,5.8,6.39,3.18
1993-12-06,4.19,5.09,5.72,6.31,3.18
1993-12-07,4.17,5.1,5.71,6.31,3.16
1993-12-08,4.18,5.09,5.71,6.31,3.15
1993-12-09,4.18,5.07,5.68,6.29,3.13
1993-12-10,4.21,5.13,5.73,6.34,3.12
1993-12-13,4.23,5.16,5.78,6.4,3.12
1993-12-14,4.25,5.2,5.82,6.46,3.11
1993-12-15,4.22,5.19,5.83,6.46,3.1
1993-12-16,4.23,5.2,5.84,6.47,3.1
1993-12-17,4.2,5.17,5.81,6.44,3.09
1993-12-20,4.22,5.2,5.83,6.45,3.15
1993-12-21,4.26,5.22,5.85,6.47,3.14
1993-12-22,4.19,5.13,5.74,6.37,3.13
1993-12-23,4.18,5.1,5.72,6.36,3.13
1993-12-24,,,,,
1993-12-27,4.2,5.09,5.72,6.36,3.13
1993-12-28,4.2,5.1,5.72,6.36,3.13
1993-12-29,4.2,5.12,5.74,6.38,3.08
1993-12-30,4.25,5.2,5.82,6.47,3.04
1993-12-31,4.25,5.21,5.83,6.48,3.07
1994-01-03,4.3,5.29,5.92,6.54,3.16
1994-01-04,4.29,5.26,5.88,6.51,3.15
1994-01-05,4.31,5.27,5.9,6.54,3.14
1994-01-06,4.24,5.21,5.84,6.48,3.12
1994-01-07,4.09,5.03,5.7,6.35,3.07
1994-01-10,4.08,5.01,5.67,6.35,3.06
1994-01-11,4.08,5.0,5.67,6.34,3.04
1994-01-12,4.05,4.95,5.6,6.26,3.02
1994-01-13,4.13,5.08,5.71,6.36,3.01
1994-01-14,4.17,5.12,5.78,6.41,3.03
1994-01-17,,,,,
1994-01-18,4.14,5.09,5.74,6.38,3.04
1994-01-19,4.12,5.08,5.76,6.4,3.03
1994-01-20,4.07,5.02,5.71,6.36,3.01
1994-01-21,4.09,5.05,5.73,6.36,3.01
1994-01-24,4.09,5.06,5.74,6.38,3.01
1994-01-25,4.11,5.08,5.78,6.4,2.99
1994-01-26,4.13,5.09,5.77,6.39,2.98
1994-01-27,4.11,5.04,5.73,6.33,2.98
1994-01-28,4.08,4.99,5.68,6.27,2.99
1994-01-31,4.12,5.02,5.7,6.29,3.05
1994-02-01,4.2,5.1,5.77,6.37,3.1
1994-02-02,4.2,5.11,5.77,6.36,3.13
1994-02-03,4.28,5.17,5.81,6.38,3.2
1994-02-04,4.42,5.32,5.94,6.49,3.3
1994-02-07,4.41,5.36,5.96,6.5,3.31
1994-02-08,4.44,5.38,6.01,6.55,3.32
1994-02-09,4.43,5.35,5.92,6.52,3.32
1994-02-10,4.45,5.36,5.91,6.53,3.33
1994-02-11,4.44,5.34,5.88,6.5,3.33
1994-02-14,4.44,5.36,5.9,6.53,3.34
1994-02-15,4.44,5.34,5.88,6.53,3.34
1994-02-16,4.44,5.35,5.89,6.53,3.34
1994-02-17,4.5,5.45,6.0,6.62,3.35
1994-02-18,4.57,5.52,6.09,6.7,3.36
1994-02-21,,,,,
1994-02-22,4.57,5.5,6.05,6.67,3.4
1994-02-23,4.67,5.59,6.13,6.73,3.46
1994-02-24,4.72,5.66,6.22,6.82,3.44
1994-02-25,4.72,5.65,6.21,6.8,3.44
1994-02-28,4.67,5.6,6.15,6.75,3.47
1994-03-01,4.81,5.74,6.28,6.86,3.58
1994-03-02,4.79,5.74,6.3,6.87,3.55
1994-03-03,4.83,5.79,6.35,6.92,3.56
1994-03-04,4.88,5.82,6.38,6.92,3.62
1994-03-07,4.87,5.77,6.32,6.87,3.61
1994-03-08,4.92,5.84,6.38,6.92,3.63
1994-03-09,4.96,5.84,6.38,6.93,3.61
1994-03-10,4.96,5.9,6.48,7.02,3.57
1994-03-11,4.95,5.89,6.46,6.99,3.58
1994-03-14,4.99,5.94,6.5,7.01,3.66
1994-03-15,4.99,5.91,6.47,6.99,3.66
1994-03-16,4.96,5.86,6.4,6.9,3.61
1994-03-17,4.94,5.88,6.4,6.91,3.55
1994-03-18,5.03,5.97,6.49,6.99,3.57
1994-03-21,5.09,6.03,6.55,7.03,3.7
1994-03-22,5.03,5.92,6.44,6.94,3.6
1994-03-23,5.0,5.92,6.44,6.95,3.54
1994-03-24,5.08,6.05,6.58,7.09,3.53
1994-03-25,5.1,6.08,6.61,7.1,3.57
1994-03-28,5.12,6.1,6.63,7.09,3.57
1994-03-29,5.19,6.19,6.71,7.17,3.59
1994-03-30,5.19,6.24,6.78,7.23,3.57
1994-03-31,5.21,6.23,6.77,7.23,3.56
1994-04-01,,,,,
1994-04-04,5.57,6.64,7.16,7.55,3.82
1994-04-05,5.45,6.47,6.97,7.41,3.75
1994-04-06,5.4,6.42,6.93,7.38,3.67
1994-04-07,5.37,6.38,6.86,7.33,3.61
1994-04-08,5.43,6.46,6.94,7.4,3.65
1994-04-11,5.43,6.46,6.92,7.37,3.68
1994-04-12,5.4,6.4,6.87,7.32,3.64
1994-04-13,5.43,6.47,6.93,7.39,3.64
1994-04-14,5.49,6.51,6.97,7.43,3.66
1994-04-15,5.51,6.5,6.97,7.42,3.68
1994-04-18,5.7,6.7,7.14,7.55,3.84
1994-04-19,5.7,6.68,7.1,7.5,3.83
1994-04-20,5.67,6.62,7.05,7.46,3.83
1994-04-21,5.59,6.49,6.91,7.33,3.83
1994-04-22,5.62,6.53,6.93,7.34,3.84
1994-04-25,5.61,6.48,6.86,7.26,3.94
1994-04-26,5.59,6.46,6.86,7.24,3.97
1994-04-27,,,,,
1994-04-28,5.75,6.65,7.04,7.41,3.98
1994-04-29,5.73,6.64,7.06,7.44,3.97
1994-05-02,5.81,6.69,7.09,7.45,4.1
1994-05-03,5.86,6.73,7.13,7.48,4.12
1994-05-04,5.89,6.74,7.14,7.49,4.15
1994-05-05,5.88,6.7,7.11,7.46,4.13
1994-05-06,6.12,6.95,7.35,7.67,4.3
1994-05-09,6.26,7.09,7.49,7.76,4.44
1994-05-10,6.13,6.93,7.33,7.62,4.35
1994-05-11,6.2,7.02,7.4,7.73,4.32
1994-05-12,6.13,6.97,7.36,7.69,4.24
1994-05-13,6.05,6.89,7.29,7.63,4.24
1994-05-16,6.03,6.85,7.24,7.58,4.31
1994-05-17,5.88,6.66,7.03,7.39,4.3
1994-05-18,5.83,6.61,7.03,7.41,4.29
1994-05-19,5.73,6.52,6.96,7.37,4.24
1994-05-20,5.8,6.59,7.02,7.44,4.26
1994-05-23,5.94,6.76,7.19,7.58,4.35
1994-05-24,5.94,6.75,7.17,7.54,4.32
1994-05-25,5.95,6.74,7.14,7.51,4.28
1994-05-26,5.92,6.69,7.09,7.51,4.27
1994-05-27,5.97,6.73,7.12,7.55,4.3
1994-05-30,,,,,
1994-05-31,6.01,6.77,7.17,7.58,4.31
1994-06-01,5.98,6.74,7.12,7.52,4.28
1994-06-02,5.93,6.68,7.07,7.49,4.24
1994-06-03,5.84,6.59,6.98,7.39,4.23
1994-06-06,5.78,6.49,6.91,7.34,4.25
1994-06-07,5.8,6.53,6.95,7.37,4.22
1994-06-08,5.78,6.53,6.96,7.39,4.21
1994-06-09,5.8,6.54,6.98,7.39,4.23
1994-06-10,5.85,6.6,7.03,7.44,4.22
1994-06-13,5.91,6.66,7.07,7.47,4.24
1994-06-14,5.81,6.58,7.0,7.41,4.21
1994-06-15,5.88,6.67,7.1,7.53,4.23
1994-06-16,5.83,6.65,7.07,7.49,4.22
1994-06-17,5.88,6.71,7.14,7.58,4.23
1994-06-20,5.92,6.74,7.16,7.58,4.28
1994-06-21,6.04,6.82,7.22,7.63,4.3
1994-06-22,5.97,6.75,7.13,7.52,4.28
1994-06-23,5.94,6.7,7.1,7.51,4.26
1994-06-24,6.06,6.81,7.22,7.63,4.28
1994-06-27,6.05,6.79,7.18,7.57,4.28
1994-06-28,6.13,6.88,7.26,7.65,4.28
1994-06-29,6.12,6.87,7.24,7.63,4.25
1994-06-30,6.19,6.97,7.34,7.75,4.26
1994-07-01,6.19,6.95,7.34,7.74,4.32
1994-07-04,,,,,
1994-07-05,6.14,6.93,7.31,7.71,4.42
1994-07-06,6.11,6.92,7.32,7.72,4.39
1994-07-07,6.11,6.89,7.3,7.71,4.36
1994-07-08,6.25,7.04,7.42,7.81,4.49
1994-07-11,6.29,7.09,7.47,7.84,4.61
1994-07-12,6.24,7.03,7.43,7.8,4.56
1994-07-13,6.22,7.02,7.41,7.79,4.52
1994-07-14,6.05,6.85,7.25,7.63,4.41
1994-07-15,6.04,6.84,7.25,7.64,4.38
1994-07-18,5.99,6.79,7.2,7.6,4.4
1994-07-19,5.94,6.73,7.15,7.56,4.37
1994-07-20,6.06,6.84,7.25,7.64,4.41
1994-07-21,6.11,6.89,7.27,7.64,4.44
1994-07-22,6.15,6.92,7.29,7.65,4.5
1994-07-25,6.13,6.9,7.27,7.61,4.53
1994-07-26,6.16,6.9,7.28,7.63,4.52
1994-07-27,6.22,6.99,7.34,7.69,4.57
1994-07-28,6.21,6.94,7.29,7.62,4.54
1994-07-29,5.99,6.73,7.12,7.46,4.39
1994-08-01,6.03,6.75,7.13,7.47,4.45
1994-08-02,5.98,6.73,7.11,7.46,4.44
1994-08-03,5.96,6.7,7.09,7.44,4.44
1994-08-04,5.98,6.72,7.12,7.47,4.43
1994-08-05,6.18,6.93,7.28,7.62,4.59
1994-08-08,6.22,6.93,7.28,7.61,4.59
1994-08-09,6.26,6.97,7.33,7.65,4.56
1994-08-10,6.21,6.95,7.3,7.66,4.49
1994-08-11,6.26,7.0,7.36,7.72,4.46
1994-08-12,6.22,6.94,7.27,7.66,4.51
1994-08-15,6.26,6.96,7.3,7.68,4.72
1994-08-16,6.21,6.86,7.19,7.56,4.74
1994-08-17,6.14,6.81,7.15,7.55,4.69
1994-08-18,6.23,6.93,7.28,7.67,4.71
1994-08-19,6.23,6.92,7.27,7.67,4.69
1994-08-22,6.27,6.97,7.31,7.73,4.73
1994-08-23,6.26,6.94,7.28,7.71,4.69
1994-08-24,6.18,6.87,7.22,7.63,4.66
1994-08-25,6.24,6.93,7.29,7.71,4.68
1994-08-26,6.21,6.87,7.24,7.65,4.68
1994-08-29,6.2,6.87,7.24,7.66,4.73
1994-08-30,6.18,6.83,7.2,7.62,4.71
1994-08-31,6.17,6.81,7.19,7.6,4.68
1994-09-01,6.15,6.81,7.19,7.6,4.67
1994-09-02,6.17,6.82,7.21,7.64,4.67
1994-09-05,,,,,
1994-09-06,6.22,6.88,7.27,7.71,4.69
1994-09-07,6.22,6.92,7.29,7.73,4.66
1994-09-08,6.22,6.92,7.3,7.73,4.67
1994-09-09,6.35,7.06,7.44,7.88,4.7
1994-09-12,6.37,7.08,7.46,7.89,4.75
1994-09-13,6.35,7.05,7.44,7.87,4.72
1994-09-14,6.33,7.02,7.41,7.83,4.7
1994-09-15,6.28,6.97,7.35,7.8,4.7
1994-09-16,6.42,7.13,7.52,7.95,4.73
1994-09-19,6.39,7.11,7.49,7.9,4.72
1994-09-20,6.44,7.15,7.53,7.93,4.74
1994-09-21,6.52,7.2,7.56,7.95,4.92
1994-09-22,6.5,7.2,7.56,7.94,4.92
1994-09-23,6.52,7.2,7.57,7.95,4.91
1994-09-26,6.54,7.21,7.57,7.95,4.92
1994-09-27,6.52,7.24,7.61,8.01,4.83
1994-09-28,6.51,7.21,7.57,7.97,4.66
1994-09-29,6.6,7.29,7.64,8.02,4.7
1994-09-30,6.62,7.28,7.62,7.98,4.8
1994-10-03,6.69,7.35,7.66,8.02,5.05
1994-10-04,6.68,7.37,7.7,8.06,5.09
1994-10-05,6.73,7.42,7.77,8.12,5.09
1994-10-06,6.71,7.43,7.78,8.12,5.11
1994-10-07,6.65,7.34,7.7,8.07,5.02
1994-10-10,,,,,
1994-10-11,6.63,7.3,7.65,8.02,5.06
1994-10-12,6.67,7.34,7.69,8.04,5.12
1994-10-13,6.63,7.3,7.64,7.99,5.05
1994-10-14,6.57,7.26,7.61,7.98,5.0
1994-10-17,6.61,7.28,7.62,7.97,5.04
1994-10-18,6.61,7.29,7.64,8.01,5.04
1994-10-19,6.66,7.34,7.68,8.04,5.05
1994-10-20,6.77,7.46,7.8,8.14,5.14
1994-10-21,6.8,7.46,7.81,8.12,5.15
1994-10-24,6.84,7.52,7.86,8.17,5.22
1994-10-25,6.87,7.54,7.88,8.18,5.2
1994-10-26,6.9,7.55,7.88,8.19,5.13
1994-10-27,6.89,7.55,7.88,8.17,5.12
1994-10-28,6.82,7.48,7.82,8.09,5.16
1994-10-31,6.84,7.48,7.81,8.09,5.2
1994-11-01,6.93,7.58,7.91,8.2,5.22
1994-11-02,6.96,7.63,7.96,8.22,5.23
1994-11-03,6.98,7.65,7.96,8.24,5.25
1994-11-04,7.05,7.72,8.04,8.3,5.33
1994-11-07,7.06,7.73,8.05,8.3,5.42
1994-11-08,7.02,7.69,8.01,8.24,5.37
1994-11-09,7.01,7.64,7.94,8.21,5.34
1994-11-10,7.06,7.69,7.98,8.27,5.38
1994-11-11,,,,,
1994-11-14,7.06,7.66,7.94,8.2,5.46
1994-11-15,7.1,7.69,7.92,8.15,5.53
1994-11-16,7.15,7.73,7.97,8.22,5.52
1994-11-17,7.21,7.79,8.03,8.27,5.51
1994-11-18,7.23,7.79,8.01,8.26,5.5
1994-11-21,7.3,7.83,8.03,8.26,5.53
1994-11-22,7.29,7.82,8.0,8.23,5.49
1994-11-23,7.18,7.64,7.81,8.06,5.44
1994-11-24,,,,,
1994-11-25,7.19,7.65,7.8,8.04,5.45
1994-11-28,7.35,7.77,7.88,8.1,5.6
1994-11-29,7.44,7.86,7.95,8.15,5.69
1994-11-30,7.4,7.79,7.91,8.1,5.72
1994-12-01,7.42,7.8,7.92,8.12,5.71
1994-12-02,7.44,7.71,7.81,8.01,5.79
1994-12-05,7.58,7.78,7.83,8.04,6.03
1994-12-06,7.44,7.65,7.73,7.93,5.94
1994-12-07,7.48,7.74,7.81,8.01,5.82
1994-12-08,7.51,7.77,7.79,7.99,5.83
1994-12-09,7.53,7.74,7.79,7.97,5.82
1994-12-12,7.62,7.82,7.85,8.04,5.93
1994-12-13,7.71,7.84,7.83,7.97,5.95
1994-12-14,7.59,7.74,7.8,8.0,5.84
1994-12-15,7.54,7.73,7.79,7.99,5.7
1994-12-16,7.59,7.76,7.81,7.98,5.71
1994-12-19,7.59,7.77,7.81,7.96,5.75
1994-12-20,7.56,7.76,7.81,7.98,5.63
1994-12-21,7.58,7.75,7.8,7.96,5.56
1994-12-22,7.7,7.83,7.84,7.99,5.61
1994-12-23,7.74,7.86,7.85,7.96,5.68
1994-12-26,,,,,
1994-12-27,7.67,7.78,7.76,7.87,5.74
1994-12-28,7.71,7.81,7.8,7.96,5.68
1994-12-29,7.69,7.83,7.82,7.99,5.66
1994-12-30,7.69,7.83,7.84,8.02,5.68
1995-01-02,,,,,
1995-01-03,7.73,7.88,7.88,8.07,5.95
1995-01-04,7.62,7.81,7.82,7.98,5.85
1995-01-05,7.66,7.87,7.88,8.03,5.88
1995-01-06,7.64,7.87,7.87,8.0,5.9
1995-01-09,7.68,7.9,7.89,8.03,6.0
1995-01-10,7.63,7.85,7.84,8.0,5.91
1995-01-11,7.58,7.8,7.79,7.98,5.79
1995-01-12,7.56,7.8,7.8,8.02,5.78
1995-01-13,7.39,7.64,7.69,7.93,5.72
1995-01-16,,,,,
1995-01-17,7.44,7.68,7.7,7.92,5.89
1995-01-18,7.48,7.71,7.71,7.91,5.87
1995-01-19,7.49,7.74,7.74,7.95,5.87
1995-01-20,7.5,7.8,7.82,8.02,5.91
1995-01-23,7.5,7.8,7.83,8.02,5.97
1995-01-24,7.57,7.82,7.86,8.05,5.98
1995-01-25,7.5,7.76,7.8,7.99,5.94
1995-01-26,7.39,7.7,7.76,7.95,5.94
1995-01-27,7.29,7.6,7.66,7.83,5.92
1995-01-30,7.23,7.55,7.65,7.86,5.96
1995-01-31,7.26,7.54,7.6,7.81,6.0
1995-02-01,7.33,7.56,7.66,7.85,6.07
1995-02-02,7.4,7.63,7.68,7.85,6.02
1995-02-03,7.14,7.4,7.49,7.7,5.96
1995-02-06,7.18,7.43,7.53,7.72,5.98
1995-02-07,7.19,7.44,7.52,7.73,5.98
1995-02-08,7.18,7.43,7.53,7.74,5.94
1995-02-09,7.23,7.5,7.58,7.78,5.95
1995-02-10,7.33,7.55,7.62,7.81,5.97
1995-02-13,7.32,7.54,7.61,7.8,5.98
1995-02-14,7.21,7.45,7.51,7.75,5.96
1995-02-15,7.12,7.37,7.45,7.7,5.94
1995-02-16,7.02,7.29,7.4,7.7,5.85
1995-02-17,7.07,7.33,7.43,7.71,5.86
1995-02-20,,,,,
1995-02-21,7.09,7.35,7.44,7.74,5.92
1995-02-22,6.92,7.2,7.34,7.67,5.85
1995-02-23,6.92,7.2,7.34,7.68,5.88
1995-02-24,6.89,7.16,7.33,7.66,5.88
1995-02-27,6.79,7.06,7.24,7.61,5.92
1995-02-28,6.79,7.06,7.22,7.58,5.94
1995-03-01,6.81,7.06,7.23,7.57,5.94
1995-03-02,6.88,7.15,7.3,7.62,5.93
1995-03-03,6.89,7.19,7.36,7.68,5.91
1995-03-06,6.96,7.24,7.41,7.73,5.94
1995-03-07,7.0,7.28,7.44,7.78,5.96
1995-03-08,6.93,7.2,7.36,7.69,5.95
1995-03-09,6.83,7.11,7.3,7.65,5.91
1995-03-10,6.83,7.07,7.23,7.57,5.96
1995-03-13,6.76,7.01,7.19,7.56,5.94
1995-03-14,6.69,6.93,7.09,7.45,5.93
1995-03-15,6.71,6.93,7.09,7.47,5.92
1995-03-16,6.68,6.89,7.05,7.45,5.92
1995-03-17,6.69,6.97,7.12,7.48,5.92
1995-03-20,6.69,6.98,7.12,7.52,5.93
1995-03-21,6.71,7.01,7.16,7.57,5.92
1995-03-22,6.75,7.05,7.21,7.58,5.91
1995-03-23,6.75,7.06,7.21,7.6,5.89
1995-03-24,6.64,6.93,7.09,7.5,5.85
1995-03-27,6.62,6.9,7.05,7.44,5.82
1995-03-28,6.73,7.02,7.16,7.52,5.89
1995-03-29,6.73,6.98,7.16,7.5,5.84
1995-03-30,6.76,7.05,7.18,7.54,5.88
1995-03-31,6.8,7.08,7.2,7.54,5.88
1995-04-03,6.75,7.0,7.14,7.49,5.94
1995-04-04,6.71,6.96,7.12,7.48,5.91
1995-04-05,6.7,6.97,7.12,7.48,5.88
1995-04-06,6.66,6.92,7.09,7.47,5.85
1995-04-07,6.65,6.93,7.11,7.5,5.86
1995-04-10,6.66,6.94,7.12,7.49,5.85
1995-04-11,6.65,6.92,7.09,7.47,5.84
1995-04-12,6.61,6.89,7.06,7.46,5.82
1995-04-13,6.51,6.82,7.03,7.42,5.75
1995-04-14,,,,,
1995-04-17,6.48,6.8,7.04,7.48,5.8
1995-04-18,6.44,6.77,7.04,7.49,5.79
1995-04-19,6.51,6.82,7.06,7.46,5.8
1995-04-20,6.43,6.76,7.02,7.43,5.77
1995-04-21,6.44,6.77,7.01,7.42,5.79
1995-04-24,6.46,6.77,7.01,7.39,5.83
1995-04-25,6.48,6.79,7.01,7.41,5.85
1995-04-26,6.5,6.79,7.01,7.4,5.85
1995-04-27,6.55,6.84,7.04,7.42,5.87
1995-04-28,6.6,6.88,7.07,7.42,5.87
1995-05-01,6.62,6.9,7.09,7.43,5.91
1995-05-02,6.55,6.83,7.04,7.41,5.89
1995-05-03,6.47,6.73,6.96,7.32,5.84
1995-05-04,6.35,6.63,6.85,7.22,5.78
1995-05-05,6.16,6.42,6.69,7.07,5.74
1995-05-08,6.18,6.44,6.7,7.08,5.81
1995-05-09,6.08,6.33,6.61,6.99,5.81
1995-05-10,6.11,6.39,6.66,7.04,5.82
1995-05-11,6.2,6.45,6.68,7.05,5.84
1995-05-12,6.2,6.46,6.67,7.05,5.87
1995-05-15,6.16,6.41,6.62,7.0,5.88
1995-05-16,6.11,6.36,6.57,6.92,5.87
1995-05-17,6.11,6.35,6.53,6.91,5.86
1995-05-18,6.18,6.44,6.61,6.96,5.87
1995-05-19,6.19,6.43,6.61,6.96,5.87
1995-05-22,6.19,6.46,6.63,6.98,5.91
1995-05-23,6.15,6.37,6.57,6.93,5.91
1995-05-24,6.01,6.2,6.44,6.81,5.87
1995-05-25,5.99,6.18,6.39,6.78,5.84
1995-05-26,5.97,6.18,6.4,6.8,5.84
1995-05-29,,,,,
1995-05-30,5.89,6.08,6.3,6.72,5.81
1995-05-31,5.89,6.08,6.3,6.72,5.81
1995-06-01,5.71,5.94,6.2,6.64,5.67
1995-06-02,5.54,5.8,6.1,6.55,5.58
1995-06-05,5.54,5.79,6.08,6.54,5.68
1995-06-06,5.57,5.83,6.08,6.54,5.69
1995-06-07,5.74,5.95,6.2,6.56,5.74
1995-06-08,5.82,6.02,6.22,6.59,5.76
1995-06-09,6.01,6.21,6.4,6.76,5.77
1995-06-12,5.96,6.16,6.37,6.76,5.73
1995-06-13,5.63,5.88,6.14,6.58,5.61
1995-06-14,5.67,5.88,6.15,6.59,5.61
1995-06-15,5.73,5.93,6.18,6.64,5.65
1995-06-16,5.77,5.96,6.21,6.64,5.66
1995-06-19,5.65,5.87,6.13,6.59,5.63
1995-06-20,5.72,5.92,6.16,6.58,5.65
1995-06-21,5.68,5.89,6.13,6.56,5.6
1995-06-22,5.61,5.8,6.04,6.47,5.54
1995-06-23,5.64,5.83,6.06,6.51,5.54
1995-06-26,5.71,5.9,6.11,6.55,5.52
1995-06-27,5.7,5.94,6.15,6.57,5.59
1995-06-28,5.67,5.88,6.1,6.53,5.57
1995-06-29,5.89,6.07,6.28,6.69,5.67
1995-06-30,5.79,5.98,6.21,6.64,5.6
1995-07-03,5.79,5.97,6.21,6.68,5.68
1995-07-04,,,,,
1995-07-05,5.78,5.95,6.19,6.64,5.68
1995-07-06,5.56,5.75,6.05,6.53,5.53
1995-07-07,5.54,5.74,6.04,6.52,5.54
1995-07-10,5.56,5.74,6.04,6.51,5.53
1995-07-11,5.59,5.8,6.09,6.57,5.56
1995-07-12,5.59,5.8,6.1,6.55,5.55
1995-07-13,5.61,5.8,6.09,6.56,5.55
1995-07-14,5.7,5.89,6.15,6.61,5.59
1995-07-17,5.77,5.97,6.22,6.69,5.63
1995-07-18,5.77,6.01,6.25,6.74,5.61
1995-07-19,5.89,6.15,6.43,6.9,5.58
1995-07-20,5.91,6.15,6.43,6.89,5.6
1995-07-21,5.95,6.26,6.53,6.98,5.61
1995-07-24,5.97,6.2,6.46,6.91,5.61
1995-07-25,5.94,6.19,6.43,6.86,5.62
1995-07-26,5.97,6.24,6.48,6.92,5.63
1995-07-27,5.91,6.18,6.43,6.86,5.58
1995-07-28,5.92,6.22,6.49,6.93,5.58
1995-07-31,5.88,6.16,6.45,6.88,5.6
1995-08-01,5.94,6.22,6.5,6.95,5.61
1995-08-02,5.86,6.15,6.44,6.88,5.59
1995-08-03,5.94,6.24,6.53,6.95,5.59
1995-08-04,5.91,6.2,6.5,6.92,5.58
1995-08-07,5.9,6.18,6.48,6.91,5.57
1995-08-08,5.9,6.17,6.47,6.9,5.55
1995-08-09,5.93,6.21,6.47,6.93,5.56
1995-08-10,5.95,6.25,6.51,6.97,5.57
1995-08-11,6.05,6.37,6.59,7.06,5.59
1995-08-14,6.05,6.36,6.59,7.06,5.6
1995-08-15,6.11,6.37,6.57,7.0,5.62
1995-08-16,6.07,6.32,6.54,6.97,5.6
1995-08-17,6.12,6.37,6.57,6.99,5.61
1995-08-18,6.13,6.36,6.57,7.0,5.61
1995-08-21,6.08,6.31,6.54,6.95,5.62
1995-08-22,6.1,6.35,6.57,6.98,5.63
1995-08-23,6.11,6.37,6.6,7.01,5.6
1995-08-24,6.0,6.26,6.5,6.92,5.52
1995-08-25,5.9,6.13,6.38,6.8,5.5
1995-08-28,5.85,6.1,6.34,6.77,5.48
1995-08-29,5.93,6.15,6.36,6.79,5.5
1995-08-30,5.88,6.1,6.33,6.77,5.46
1995-08-31,5.85,6.07,6.28,6.72,5.45
1995-09-01,5.78,6.0,6.22,6.67,5.45
1995-09-04,,,,,
1995-09-05,5.77,5.96,6.18,6.63,5.49
1995-09-06,5.76,5.95,6.17,6.63,5.48
1995-09-07,5.8,6.0,6.21,6.66,5.5
1995-09-08,5.85,6.04,6.24,6.66,5.52
1995-09-11,5.83,6.05,6.24,6.67,5.5
1995-09-12,5.77,5.96,6.16,6.6,5.47
1995-09-13,5.8,5.99,6.18,6.63,5.47
1995-09-14,5.68,5.87,6.08,6.56,5.44
1995-09-15,5.71,5.91,6.11,6.58,5.46
1995-09-18,5.77,5.97,6.17,6.64,5.41
1995-09-19,5.75,5.94,6.14,6.61,5.36
1995-09-20,5.73,5.92,6.1,6.57,5.34
1995-09-21,5.83,6.03,6.21,6.66,5.4
1995-09-22,5.85,6.06,6.25,6.7,5.35
1995-09-25,5.89,6.08,6.26,6.7,5.33
1995-09-26,5.88,6.11,6.28,6.71,5.45
1995-09-27,5.92,6.08,6.3,6.76,5.42
1995-09-28,5.92,6.1,6.28,6.71,5.44
1995-09-29,5.83,6.01,6.17,6.6,5.4
1995-10-02,5.82,5.98,6.15,6.61,5.53
1995-10-03,5.8,5.96,6.13,6.57,5.51
1995-10-04,5.75,5.91,6.12,6.54,5.47
1995-10-05,5.72,5.88,6.06,6.53,5.44
1995-10-06,5.73,5.89,6.06,6.51,5.47
1995-10-09,,,,,
1995-10-10,5.74,5.91,6.07,6.51,5.47
1995-10-11,5.75,5.91,6.09,6.5,5.47
1995-10-12,5.72,5.88,6.07,6.48,5.46
1995-10-13,5.67,5.8,5.97,6.37,5.45
1995-10-16,5.67,5.8,5.97,6.38,5.49
1995-10-17,5.65,5.8,5.97,6.36,5.43
1995-10-18,5.67,5.83,5.99,6.38,5.41
1995-10-19,5.67,5.83,5.98,6.37,5.41
1995-10-20,5.72,5.9,6.04,6.42,5.43
1995-10-23,5.76,5.92,6.07,6.44,5.38
1995-10-24,5.68,5.85,6.02,6.37,5.38
1995-10-25,5.64,5.8,6.0,6.37,5.39
1995-10-26,5.61,5.81,6.06,6.44,5.38
1995-10-27,5.64,5.83,6.05,6.4,5.41
1995-10-30,5.62,5.82,6.04,6.41,5.47
1995-10-31,5.61,5.81,6.03,6.4,5.48
1995-11-01,5.52,5.74,5.98,6.36,5.48
1995-11-02,5.46,5.68,5.92,6.31,5.47
1995-11-03,5.49,5.7,5.94,6.33,5.47
1995-11-06,5.51,5.73,5.96,6.34,5.52
1995-11-07,5.54,5.77,5.99,6.37,5.53
1995-11-08,5.47,5.69,5.92,6.3,5.52
1995-11-09,5.49,5.72,5.97,6.35,5.55
1995-11-10,5.52,5.76,6.0,6.39,5.58
1995-11-13,5.49,5.72,5.98,6.34,5.59
1995-11-14,5.47,5.71,5.97,6.36,5.55
1995-11-15,5.53,5.77,6.0,6.37,5.56
1995-11-16,5.46,5.68,5.93,6.32,5.52
1995-11-17,5.46,5.66,5.92,6.33,5.51
1995-11-20,5.46,5.66,5.93,6.33,5.5
1995-11-21,5.49,5.7,5.92,6.36,5.52
1995-11-22,5.51,5.72,5.93,6.37,5.52
1995-11-23,,,,,
1995-11-24,5.49,5.7,5.91,6.36,5.48
1995-11-27,5.46,5.67,5.88,6.31,5.5
1995-11-28,5.45,5.67,5.88,6.31,5.53
1995-11-29,5.42,5.6,5.85,6.29,5.5
1995-11-30,5.36,5.53,5.76,6.2,5.48
1995-12-01,5.32,5.49,5.71,6.16,5.45
1995-12-04,5.27,5.43,5.63,6.07,5.46
1995-12-05,5.29,5.45,5.65,6.09,5.47
1995-12-06,5.32,5.49,5.67,6.09,5.48
1995-12-07,5.39,5.54,5.72,6.13,5.5
1995-12-08,5.39,5.56,5.73,6.12,5.5
1995-12-11,5.38,5.53,5.71,6.11,5.45
1995-12-12,5.39,5.55,5.72,6.11,5.41
1995-12-13,5.39,5.56,5.74,6.12,5.42
1995-12-14,5.38,5.55,5.74,6.14,5.42
1995-12-15,5.36,5.55,5.75,6.15,5.35
1995-12-18,5.43,5.66,5.85,6.26,5.32
1995-12-19,5.36,5.58,5.81,6.21,5.24
1995-12-20,5.33,5.55,5.76,6.18,5.15
1995-12-21,5.33,5.53,5.77,6.19,5.05
1995-12-22,5.28,5.5,5.71,6.12,5.04
1995-12-25,,,,,
1995-12-26,5.27,5.48,5.69,6.1,5.05
1995-12-27,5.23,5.46,5.66,6.07,5.04
1995-12-28,5.2,5.43,5.63,6.04,4.98
1995-12-29,5.18,5.38,5.58,6.01,5.1
1996-01-01,,,,,
1996-01-02,5.18,5.39,5.6,6.03,5.2
1996-01-03,5.17,5.36,5.58,6.01,5.2
1996-01-04,5.17,5.39,5.65,6.08,5.19
1996-01-05,5.2,5.42,5.69,6.11,5.19
1996-01-08,5.2,5.41,5.68,6.1,5.18
1996-01-09,5.18,5.41,5.7,6.12,5.18
1996-01-10,5.22,5.5,5.8,6.23,5.19
1996-01-11,5.22,5.47,5.78,6.22,5.19
1996-01-12,5.17,5.4,5.75,6.22,5.18
1996-01-15,,,,,
1996-01-16,5.08,5.37,5.66,6.14,5.14
1996-01-17,5.05,5.29,5.58,6.05,5.14
1996-01-18,5.01,5.25,5.53,6.03,5.11
1996-01-19,5.03,5.27,5.54,6.02,5.1
1996-01-22,5.08,5.34,5.61,6.09,5.14
1996-01-23,5.09,5.37,5.66,6.14,5.12
1996-01-24,5.07,5.3,5.62,6.08,5.12
1996-01-25,5.11,5.41,5.7,6.16,5.12
1996-01-26,5.08,5.34,5.65,6.1,5.11
1996-01-29,5.1,5.37,5.69,6.14,5.17
1996-01-30,5.02,5.3,5.63,6.08,5.14
1996-01-31,4.93,5.25,5.6,6.07,5.05
1996-02-01,4.93,5.24,5.63,6.11,5.03
1996-02-02,4.9,5.24,5.66,6.16,4.99
1996-02-05,4.95,5.3,5.7,6.17,5.0
1996-02-06,4.93,5.28,5.68,6.15,4.98
1996-02-07,4.92,5.27,5.66,6.17,4.94
1996-02-08,4.9,5.27,5.66,6.17,4.92
1996-02-09,4.85,5.25,5.66,6.17,4.93
1996-02-12,4.83,5.17,5.61,6.1,4.93
1996-02-13,4.8,5.14,5.58,6.08,4.93
1996-02-14,4.82,5.17,5.62,6.13,4.94
1996-02-15,4.87,5.23,5.7,6.22,4.92
1996-02-16,4.9,5.29,5.76,6.27,4.89
1996-02-19,,,,,
1996-02-20,5.18,5.53,6.01,6.45,4.99
1996-02-21,5.16,5.56,5.98,6.47,4.96
1996-02-22,5.11,5.47,5.92,6.43,4.95
1996-02-23,5.13,5.53,5.97,6.5,4.97
1996-02-26,5.18,5.56,6.01,6.54,4.98
1996-02-27,5.28,5.63,6.06,6.56,5.01
1996-02-28,5.43,5.73,6.11,6.58,5.01
1996-02-29,5.44,5.73,6.13,6.57,5.02
1996-03-01,5.26,5.6,5.99,6.48,4.98
1996-03-04,5.21,5.52,5.92,6.43,5.02
1996-03-05,5.28,5.6,5.96,6.48,5.02
1996-03-06,5.36,5.68,6.05,6.54,5.03
1996-03-07,5.4,5.71,6.07,6.56,5.03
1996-03-08,5.73,6.05,6.41,6.84,5.01
1996-03-11,5.71,6.0,6.33,6.76,5.09
1996-03-12,5.78,6.04,6.36,6.79,5.09
1996-03-13,5.73,6.03,6.35,6.83,5.09
1996-03-14,5.7,6.03,6.36,6.83,5.11
1996-03-15,5.87,6.19,6.46,6.9,5.14
1996-03-18,5.89,6.16,6.43,6.86,5.17
1996-03-19,5.85,6.15,6.41,6.86,5.19
1996-03-20,5.76,6.05,6.34,6.81,5.16
1996-03-21,5.72,6.01,6.28,6.78,5.07
1996-03-22,5.74,6.05,6.32,6.8,5.1
1996-03-25,5.69,6.0,6.26,6.74,5.13
1996-03-26,5.72,6.0,6.25,6.73,5.13
1996-03-27,5.81,6.12,6.34,6.84,5.17
1996-03-28,5.88,6.2,6.41,6.9,5.19
1996-03-29,5.79,6.1,6.34,6.83,5.13
1996-04-01,5.79,6.09,6.31,6.82,5.2
1996-04-02,5.74,6.02,6.25,6.77,5.16
1996-04-03,5.77,6.06,6.27,6.8,5.15
1996-04-04,5.83,6.12,6.33,6.83,5.11
1996-04-05,6.09,6.4,6.57,7.01,5.15
1996-04-08,6.11,6.46,6.63,7.07,5.16
1996-04-09,6.06,6.37,6.56,7.04,5.1
1996-04-10,6.1,6.44,6.63,7.1,5.08
1996-04-11,6.12,6.5,6.68,7.15,5.08
1996-04-12,5.96,6.31,6.52,7.0,5.07
1996-04-15,5.93,6.27,6.47,6.98,4.97
1996-04-16,5.91,6.28,6.48,6.95,4.95
1996-04-17,5.96,6.33,6.52,6.99,4.96
1996-04-18,6.02,6.39,6.58,7.02,4.98
1996-04-19,5.95,6.32,6.53,7.0,5.01
1996-04-22,5.92,6.28,6.48,6.95,5.09
1996-04-23,5.93,6.31,6.52,6.97,5.1
1996-04-24,5.95,6.34,6.57,7.01,5.13
1996-04-25,5.99,6.31,6.56,7.01,5.09
1996-04-26,5.92,6.29,6.54,6.96,5.11
1996-04-29,5.98,6.33,6.59,7.0,5.14
1996-04-30,6.03,6.4,6.66,7.06,5.14
1996-05-01,6.03,6.39,6.68,7.08,5.11
1996-05-02,6.16,6.56,6.85,7.21,5.13
1996-05-03,6.2,6.61,6.9,7.29,5.14
1996-05-06,6.15,6.57,6.86,7.25,5.14
1996-05-07,6.2,6.6,6.87,7.27,5.14
1996-05-08,6.15,6.56,6.78,7.19,5.13
1996-05-09,6.14,6.57,6.84,7.21,5.13
1996-05-10,6.04,6.45,6.75,7.12,5.13
1996-05-13,6.06,6.45,6.72,7.09,5.16
1996-05-14,6.01,6.4,6.66,7.04,5.14
1996-05-15,6.01,6.39,6.65,7.03,5.13
1996-05-16,6.08,6.45,6.7,7.08,5.15
1996-05-17,6.04,6.41,6.65,7.03,5.15
1996-05-20,6.02,6.38,6.62,7.01,5.17
1996-05-21,6.03,6.41,6.65,7.04,5.18
1996-05-22,6.03,6.38,6.63,6.99,5.18
1996-05-23,6.05,6.44,6.68,7.05,5.18
1996-05-24,6.03,6.42,6.65,7.01,5.18
1996-05-27,,,,,
1996-05-28,6.05,6.44,6.67,7.02,5.17
1996-05-29,6.16,6.56,6.77,7.1,5.18
1996-05-30,6.18,6.55,6.78,7.08,5.18
1996-05-31,6.27,6.64,6.85,7.17,5.18
1996-06-03,6.26,6.64,6.87,7.19,5.23
1996-06-04,6.24,6.62,6.86,7.18,5.2
1996-06-05,6.24,6.6,6.82,7.14,5.22
1996-06-06,6.16,6.52,6.76,7.08,5.21
1996-06-07,6.4,6.75,6.93,7.22,5.26
1996-06-10,6.4,6.77,6.97,7.28,5.29
1996-06-11,6.37,6.77,6.99,7.31,5.27
1996-06-12,6.39,6.81,7.03,7.35,5.26
1996-06-13,6.36,6.8,7.01,7.32,5.24
1996-06-14,6.29,6.72,6.95,7.26,5.21
1996-06-17,6.27,6.68,6.9,7.22,5.19
1996-06-18,6.28,6.71,6.93,7.25,5.21
1996-06-19,6.31,6.74,6.96,7.27,5.23
1996-06-20,6.38,6.77,6.98,7.27,5.26
1996-06-21,6.35,6.74,6.96,7.25,5.26
1996-06-24,6.32,6.72,6.94,7.24,5.23
1996-06-25,6.3,6.7,6.91,7.2,5.24
1996-06-26,6.3,6.67,6.91,7.19,5.24
1996-06-27,6.21,6.59,6.83,7.13,5.2
1996-06-28,6.11,6.47,6.73,7.03,5.18
1996-07-01,6.15,6.49,6.74,7.03,5.27
1996-07-02,6.22,6.56,6.8,7.06,5.32
1996-07-03,6.2,6.53,6.78,7.06,5.24
1996-07-04,,,,,
1996-07-05,6.44,6.82,7.06,7.31,5.31
1996-07-08,6.43,6.81,7.05,7.32,5.35
1996-07-09,6.41,6.78,7.0,7.27,5.34
1996-07-10,6.34,6.71,6.95,7.22,5.29
1996-07-11,6.28,6.67,6.9,7.19,5.26
1996-07-12,6.26,6.65,6.85,7.15,5.28
1996-07-15,6.32,6.67,6.89,7.18,5.32
1996-07-16,6.23,6.61,6.84,7.14,5.27
1996-07-17,6.23,6.61,6.83,7.14,5.26
1996-07-18,6.16,6.5,6.72,7.02,5.25
1996-07-19,6.18,6.55,6.78,7.08,5.28
1996-07-22,6.23,6.62,6.84,7.12,5.3
1996-07-23,6.23,6.6,6.8,7.08,5.3
1996-07-24,6.26,6.63,6.87,7.15,5.31
1996-07-25,6.28,6.65,6.87,7.14,5.29
1996-07-26,6.25,6.62,6.85,7.12,5.29
1996-07-29,6.32,6.69,6.93,7.19,5.37
1996-07-30,6.3,6.65,6.89,7.14,5.34
1996-07-31,6.22,6.57,6.8,7.07,5.32
1996-08-01,6.08,6.41,6.65,6.94,5.25
1996-08-02,5.91,6.26,6.51,6.83,5.21
1996-08-05,5.93,6.28,6.53,6.84,5.2
1996-08-06,5.93,6.29,6.54,6.86,5.19
1996-08-07,5.97,6.3,6.55,6.87,5.18
1996-08-08,5.97,6.29,6.56,6.89,5.15
1996-08-09,5.93,6.25,6.5,6.83,5.15
1996-08-12,5.92,6.24,6.49,6.82,5.18
1996-08-13,5.97,6.32,6.57,6.92,5.17
1996-08-14,5.97,6.33,6.58,6.92,5.16
1996-08-15,6.0,6.37,6.62,6.95,5.19
1996-08-16,5.95,6.31,6.56,6.9,5.18
1996-08-19,5.97,6.34,6.59,6.94,5.2
1996-08-20,5.97,6.34,6.59,6.94,5.18
1996-08-21,5.99,6.35,6.61,6.97,5.14
1996-08-22,6.0,6.38,6.62,6.97,5.14
1996-08-23,6.09,6.48,6.72,7.06,5.15
1996-08-26,6.18,6.57,6.8,7.14,5.21
1996-08-27,6.17,6.55,6.78,7.12,5.2
1996-08-28,6.17,6.56,6.79,7.13,5.2
1996-08-29,6.23,6.61,6.86,7.19,5.24
1996-08-30,6.34,6.73,6.96,7.28,5.29
1996-09-02,,,,,
1996-09-03,6.35,6.71,6.92,7.22,5.32
1996-09-04,6.38,6.74,6.94,7.25,5.32
1996-09-05,6.38,6.76,6.98,7.3,5.34
1996-09-06,6.33,6.72,6.94,7.27,5.33
1996-09-09,6.32,6.67,6.9,7.23,5.29
1996-09-10,6.34,6.7,6.94,7.28,5.29
1996-09-11,6.34,6.7,6.94,7.27,5.31
1996-09-12,6.27,6.64,6.88,7.23,5.28
1996-09-13,6.1,6.48,6.74,7.1,5.21
1996-09-16,6.14,6.49,6.73,7.09,5.2
1996-09-17,6.22,6.57,6.81,7.15,5.31
1996-09-18,6.26,6.61,6.83,7.16,5.28
1996-09-19,6.29,6.65,6.87,7.19,5.25
1996-09-20,6.26,6.62,6.85,7.18,5.29
1996-09-23,6.24,6.6,6.83,7.16,5.31
1996-09-24,6.16,6.52,6.77,7.12,5.17
1996-09-25,6.08,6.46,6.71,7.05,5.07
1996-09-26,6.05,6.41,6.66,7.0,5.0
1996-09-27,6.07,6.43,6.68,7.03,5.04
1996-09-30,6.1,6.46,6.72,7.05,5.14
1996-10-01,6.03,6.39,6.65,6.99,5.1
1996-10-02,5.98,6.35,6.61,6.95,5.03
1996-10-03,6.0,6.35,6.61,6.95,5.04
1996-10-04,5.85,6.2,6.48,6.83,5.01
1996-10-07,5.89,6.25,6.53,6.88,5.11
1996-10-08,5.9,6.26,6.53,6.89,5.12
1996-10-09,5.96,6.31,6.55,6.93,5.12
1996-10-10,6.01,6.37,6.61,6.98,5.15
1996-10-11,5.92,6.29,6.55,6.93,5.13
1996-10-14,,,,,
1996-10-15,5.93,6.3,6.56,6.94,5.17
1996-10-16,5.94,6.31,6.57,6.96,5.14
1996-10-17,5.89,6.25,6.51,6.89,5.12
1996-10-18,5.89,6.25,6.5,6.88,5.12
1996-10-21,5.91,6.27,6.52,6.89,5.14
1996-10-22,5.95,6.31,6.56,6.93,5.16
1996-10-23,5.94,6.31,6.56,6.92,5.13
1996-10-24,5.94,6.29,6.57,6.94,5.14
1996-10-25,5.9,6.26,6.54,6.9,5.14
1996-10-28,5.92,6.29,6.56,6.91,5.19
1996-10-29,5.77,6.12,6.4,6.77,5.14
1996-10-30,5.79,6.12,6.4,6.77,5.14
1996-10-31,5.77,6.1,6.37,6.74,5.17
1996-11-01,5.79,6.11,6.38,6.75,5.17
1996-11-04,5.78,6.1,6.36,6.74,5.19
1996-11-05,5.74,6.03,6.28,6.66,5.17
1996-11-06,5.76,6.05,6.3,6.67,5.17
1996-11-07,5.75,6.01,6.26,6.61,5.16
1996-11-08,5.76,6.04,6.29,6.63,5.18
1996-11-11,,,,,
1996-11-12,5.73,5.98,6.19,6.56,5.18
1996-11-13,5.71,5.99,6.2,6.58,5.17
1996-11-14,5.66,5.93,6.15,6.53,5.17
1996-11-15,5.68,5.96,6.19,6.55,5.16
1996-11-18,5.7,5.97,6.2,6.56,5.18
1996-11-19,5.68,5.94,6.17,6.53,5.17
1996-11-20,5.65,5.92,6.14,6.5,5.17
1996-11-21,5.67,5.94,6.15,6.52,5.18
1996-11-22,5.69,5.94,6.15,6.54,5.18
1996-11-25,5.67,5.92,6.13,6.53,5.18
1996-11-26,5.66,5.91,6.13,6.52,5.16
1996-11-27,5.66,5.91,6.14,6.53,5.15
1996-11-28,,,,,
1996-11-29,5.59,5.84,6.06,6.45,5.13
1996-12-02,5.61,5.85,6.08,6.46,5.08
1996-12-03,5.61,5.84,6.06,6.44,5.05
1996-12-04,5.64,5.89,6.11,6.49,5.03
1996-12-05,5.71,5.99,6.22,6.6,5.04
1996-12-06,5.73,6.02,6.26,6.62,5.03
1996-12-09,5.7,5.97,6.21,6.58,4.96
1996-12-10,5.71,5.99,6.23,6.59,4.96
1996-12-11,5.82,6.14,6.38,6.71,4.96
1996-12-12,5.84,6.14,6.4,6.74,4.97
1996-12-13,5.77,6.06,6.33,6.68,4.92
1996-12-16,5.82,6.13,6.39,6.72,4.97
1996-12-17,5.87,6.17,6.42,6.76,5.0
1996-12-18,5.89,6.21,6.46,6.8,5.03
1996-12-19,5.83,6.13,6.36,6.69,5.01
1996-12-20,5.83,6.12,6.35,6.69,5.02
1996-12-23,5.85,6.12,6.34,6.67,5.1
1996-12-24,5.85,6.13,6.36,6.68,5.09
1996-12-25,,,,,
1996-12-26,5.85,6.13,6.35,6.68,5.1
1996-12-27,5.81,6.09,6.3,6.63,5.11
1996-12-30,5.8,6.1,6.31,6.63,5.21
1996-12-31,5.88,6.21,6.43,6.73,5.21
1997-01-01,,,,,
1997-01-02,5.97,6.3,6.54,6.85,5.19
1997-01-03,5.95,6.28,6.52,6.84,5.17
1997-01-06,5.97,6.3,6.54,6.86,5.17
1997-01-07,5.98,6.32,6.57,6.89,5.16
1997-01-08,6.01,6.34,6.6,6.92,5.16
1997-01-09,5.94,6.27,6.52,6.85,5.13
1997-01-10,6.06,6.4,6.63,6.94,5.17
1997-01-13,6.07,6.4,6.63,6.95,5.08
1997-01-14,5.98,6.3,6.53,6.86,5.19
1997-01-15,5.98,6.3,6.53,6.87,5.16
1997-01-16,6.0,6.33,6.57,6.91,5.16
1997-01-17,6.0,6.32,6.56,6.9,5.14
1997-01-20,,,,,
1997-01-21,5.99,6.29,6.52,6.86,5.18
1997-01-22,6.0,6.32,6.56,6.9,5.18
1997-01-23,6.06,6.35,6.6,6.93,5.18
1997-01-24,6.07,6.39,6.64,6.97,5.16
1997-01-27,6.11,6.42,6.69,7.01,5.21
1997-01-28,6.04,6.38,6.64,6.98,5.18
1997-01-29,6.04,6.38,6.63,6.97,5.18
1997-01-30,6.01,6.35,6.61,6.95,5.18
1997-01-31,5.94,6.26,6.53,6.86,5.15
1997-02-03,5.89,6.21,6.47,6.81,5.12
1997-02-04,5.88,6.19,6.45,6.78,5.1
1997-02-05,5.91,6.21,6.47,6.81,5.13
1997-02-06,5.91,6.22,6.49,6.83,5.14
1997-02-07,5.86,6.17,6.43,6.78,5.14
1997-02-10,5.87,6.16,6.43,6.77,5.17
1997-02-11,5.88,6.18,6.43,6.77,5.14
1997-02-12,5.9,6.19,6.39,6.78,5.16
1997-02-13,5.83,6.12,6.32,6.69,5.13
1997-02-14,5.79,6.07,6.28,6.64,5.1
1997-02-17,,,,,
1997-02-18,5.8,6.08,6.28,6.65,5.12
1997-02-19,5.82,6.1,6.3,6.67,5.11
1997-02-20,5.85,6.17,6.38,6.74,5.1
1997-02-21,5.85,6.16,6.36,6.74,5.09
1997-02-24,5.89,6.19,6.39,6.76,5.16
1997-02-25,5.9,6.2,6.4,6.76,5.13
1997-02-26,6.06,6.37,6.56,6.9,5.22
1997-02-27,6.09,6.4,6.58,6.92,5.22
1997-02-28,6.09,6.39,6.56,6.91,5.22
1997-03-03,6.11,6.41,6.58,6.94,5.24
1997-03-04,6.11,6.44,6.6,6.97,5.25
1997-03-05,6.13,6.43,6.6,6.96,5.21
1997-03-06,6.15,6.45,6.62,6.99,5.23
1997-03-07,6.1,6.39,6.57,6.93,5.22
1997-03-10,6.1,6.4,6.56,6.94,5.2
1997-03-11,6.09,6.4,6.57,6.96,5.18
1997-03-12,6.12,6.43,6.6,6.98,5.21
1997-03-13,6.21,6.55,6.72,7.09,5.26
1997-03-14,6.18,6.53,6.71,7.07,5.24
1997-03-17,6.22,6.55,6.72,7.08,5.25
1997-03-18,6.22,6.56,6.72,7.08,5.25
1997-03-19,6.24,6.58,6.74,7.1,5.29
1997-03-20,6.27,6.61,6.75,7.09,5.34
1997-03-21,6.29,6.61,6.74,7.08,5.41
1997-03-24,6.29,6.58,6.72,7.06,5.4
1997-03-25,6.33,6.63,6.75,7.07,5.44
1997-03-26,6.38,6.66,6.8,7.11,5.35
1997-03-27,6.45,6.76,6.9,7.2,5.37
1997-03-28,,,,,
1997-03-31,6.45,6.77,6.92,7.22,5.35
1997-04-01,6.42,6.74,6.9,7.21,5.32
1997-04-02,6.42,6.73,6.88,7.2,5.3
1997-04-03,6.4,6.72,6.86,7.19,5.27
1997-04-04,6.44,6.78,6.92,7.25,5.29
1997-04-07,6.41,6.73,6.87,7.2,5.26
1997-04-08,6.44,6.76,6.91,7.23,5.25
1997-04-09,6.44,6.77,6.91,7.22,5.24
1997-04-10,6.46,6.78,6.91,7.22,5.29
1997-04-11,6.53,6.85,6.98,7.29,5.31
1997-04-14,6.54,6.86,6.98,7.29,5.3
1997-04-15,6.45,6.76,6.88,7.21,5.31
1997-04-16,6.49,6.79,6.9,7.22,5.29
1997-04-17,6.44,6.75,6.86,7.18,5.29
1997-04-18,6.42,6.73,6.84,7.17,5.29
1997-04-21,6.46,6.76,6.87,7.2,5.36
1997-04-22,6.43,6.73,6.84,7.16,5.36
1997-04-23,6.47,6.78,6.89,7.2,5.37
1997-04-24,6.52,6.83,6.93,7.23,5.32
1997-04-25,6.54,6.83,6.94,7.25,5.31
1997-04-28,6.51,6.81,6.92,7.23,5.35
1997-04-29,6.34,6.64,6.77,7.09,5.34
1997-04-30,6.29,6.57,6.72,7.05,5.28
1997-05-01,6.27,6.55,6.69,7.02,5.24
1997-05-02,6.26,6.54,6.68,6.99,5.24
1997-05-05,6.28,6.54,6.67,6.99,5.22
1997-05-06,6.29,6.56,6.67,6.98,5.21
1997-05-07,6.36,6.63,6.76,7.05,5.22
1997-05-08,6.33,6.59,6.72,7.01,5.21
1997-05-09,6.24,6.51,6.67,6.97,5.19
1997-05-12,6.23,6.5,6.65,6.96,5.24
1997-05-13,6.3,6.6,6.71,7.01,5.24
1997-05-14,6.26,6.54,6.68,6.98,5.19
1997-05-15,6.25,6.52,6.67,6.96,5.13
1997-05-16,6.28,6.55,6.7,7.0,5.2
1997-05-19,6.28,6.57,6.71,7.0,5.38
1997-05-20,6.25,6.54,6.7,7.01,5.39
1997-05-21,6.25,6.57,6.74,7.06,5.12
1997-05-22,6.27,6.61,6.76,7.08,5.18
1997-05-23,6.25,6.59,6.74,7.07,5.18
1997-05-26,,,,,
1997-05-27,6.3,6.64,6.79,7.12,5.18
1997-05-28,6.34,6.65,6.8,7.11,5.18
1997-05-29,6.3,6.61,6.75,7.06,5.03
1997-05-30,6.22,6.51,6.67,6.99,4.96
1997-06-02,6.23,6.52,6.66,6.98,5.07
1997-06-03,6.2,6.49,6.63,6.94,5.05
1997-06-04,6.2,6.49,6.62,6.95,5.09
1997-06-05,6.2,6.49,6.62,6.95,5.11
1997-06-06,6.12,6.39,6.51,6.85,5.07
1997-06-09,6.15,6.44,6.55,6.9,5.06
1997-06-10,6.17,6.46,6.57,6.91,5.05
1997-06-11,6.19,6.45,6.56,6.9,4.98
1997-06-12,6.07,6.35,6.48,6.84,4.97
1997-06-13,6.03,6.3,6.43,6.79,5.0
1997-06-16,6.02,6.28,6.4,6.76,5.03
1997-06-17,6.05,6.31,6.43,6.78,5.05
1997-06-18,6.02,6.29,6.4,6.77,5.03
1997-06-19,6.04,6.29,6.4,6.76,5.08
1997-06-20,6.02,6.27,6.37,6.72,5.08
1997-06-23,6.04,6.3,6.4,6.76,5.06
1997-06-24,6.03,6.31,6.42,6.76,5.07
1997-06-25,6.05,6.34,6.45,6.8,5.07
1997-06-26,6.05,6.36,6.5,6.86,5.17
1997-06-27,6.03,6.35,6.46,6.82,5.15
1997-06-30,6.08,6.4,6.51,6.86,5.25
1997-07-01,6.02,6.33,6.45,6.8,5.18
1997-07-02,6.02,6.3,6.42,6.78,5.2
1997-07-03,5.93,6.2,6.31,6.67,5.14
1997-07-04,,,,,
1997-07-07,5.92,6.17,6.27,6.63,5.12
1997-07-08,5.92,6.17,6.27,6.63,5.12
1997-07-09,5.9,6.15,6.25,6.6,5.11
1997-07-10,5.91,6.15,6.26,6.61,5.15
1997-07-11,5.89,6.13,6.23,6.58,5.14
1997-07-14,5.94,6.16,6.26,6.61,5.22
1997-07-15,5.92,6.16,6.26,6.6,5.22
1997-07-16,5.87,6.11,6.2,6.54,5.17
1997-07-17,5.87,6.11,6.19,6.54,5.18
1997-07-18,5.91,6.16,6.24,6.58,5.24
1997-07-21,5.94,6.18,6.27,6.61,5.27
1997-07-22,5.9,6.07,6.15,6.5,5.18
1997-07-23,5.85,6.06,6.14,6.48,5.2
1997-07-24,5.87,6.06,6.16,6.49,5.23
1997-07-25,5.87,6.08,6.18,6.51,5.24
1997-07-28,5.86,6.06,6.16,6.49,5.24
1997-07-29,5.79,6.0,6.11,6.43,5.24
1997-07-30,5.76,5.95,6.05,6.39,5.24
1997-07-31,5.74,5.9,6.02,6.35,5.25
1997-08-01,5.89,6.08,6.2,6.52,5.28
1997-08-04,5.91,6.12,6.23,6.54,5.29
1997-08-05,5.93,6.13,6.23,6.55,5.29
1997-08-06,5.91,6.11,6.21,6.53,5.29
1997-08-07,5.93,6.14,6.24,6.58,5.3
1997-08-08,6.02,6.23,6.38,6.74,5.29
1997-08-11,5.99,6.2,6.36,6.72,5.31
1997-08-12,6.0,6.22,6.39,6.75,5.31
1997-08-13,5.95,6.19,6.36,6.72,5.32
1997-08-14,5.92,6.13,6.27,6.65,5.34
1997-08-15,5.87,6.1,6.27,6.65,5.29
1997-08-18,5.82,6.06,6.21,6.6,5.23
1997-08-19,5.85,6.07,6.21,6.59,5.25
1997-08-20,5.88,6.1,6.24,6.61,5.24
1997-08-21,5.95,6.15,6.3,6.68,5.27
1997-08-22,5.98,6.21,6.38,6.75,5.25
1997-08-25,6.01,6.25,6.39,6.75,5.28
1997-08-26,5.99,6.24,6.38,6.74,5.28
1997-08-27,6.01,6.23,6.38,6.74,5.28
1997-08-28,5.94,6.18,6.3,6.64,5.24
1997-08-29,5.97,6.22,6.34,6.69,5.24
1997-09-01,,,,,
1997-09-02,5.94,6.2,6.31,6.65,5.21
1997-09-03,5.96,6.21,6.33,6.67,5.14
1997-09-04,5.98,6.22,6.33,6.67,5.14
1997-09-05,5.98,6.24,6.37,6.72,5.17
1997-09-08,5.98,6.23,6.33,6.68,5.16
1997-09-09,5.98,6.24,6.34,6.7,5.16
1997-09-10,6.0,6.26,6.37,6.71,5.11
1997-09-11,6.0,6.27,6.39,6.75,5.13
1997-09-12,5.93,6.17,6.29,6.66,5.1
1997-09-15,5.93,6.17,6.28,6.65,5.08
1997-09-16,5.81,6.0,6.11,6.47,5.09
1997-09-17,5.79,5.99,6.1,6.45,5.1
1997-09-18,5.81,6.02,6.11,6.46,5.1
1997-09-19,5.81,6.01,6.09,6.44,5.06
1997-09-22,5.79,5.99,6.06,6.41,5.02
1997-09-23,5.8,6.02,6.1,6.44,5.02
1997-09-24,5.78,5.97,6.04,6.38,4.94
1997-09-25,5.85,6.04,6.13,6.47,4.93
1997-09-26,5.8,5.99,6.08,6.43,4.99
1997-09-29,5.8,5.99,6.1,6.44,5.07
1997-09-30,5.8,6.0,6.12,6.47,5.06
1997-10-01,5.75,5.93,6.04,6.38,5.1
1997-10-02,5.73,5.91,6.01,6.36,5.07
1997-10-03,5.72,5.89,6.01,6.35,5.03
1997-10-06,5.68,5.85,5.96,6.31,5.08
1997-10-07,5.67,5.82,5.94,6.29,5.06
1997-10-08,5.79,5.96,6.08,6.41,5.09
1997-10-09,5.8,5.98,6.09,6.43,5.14
1997-10-10,5.86,6.03,6.15,6.49,5.14
1997-10-13,,,,,
1997-10-14,5.81,5.97,6.07,6.42,5.08
1997-10-15,5.84,6.0,6.1,6.45,5.06
1997-10-16,5.84,6.0,6.09,6.45,5.07
1997-10-17,5.91,6.08,6.17,6.51,5.06
1997-10-20,5.9,6.07,6.15,6.49,5.09
1997-10-21,5.92,6.07,6.14,6.49,5.07
1997-10-22,5.91,6.06,6.12,6.48,5.16
1997-10-23,5.79,5.95,6.04,6.39,5.13
1997-10-24,5.79,5.94,6.01,6.35,5.15
1997-10-27,5.62,5.79,5.91,6.29,5.08
1997-10-28,5.74,5.89,5.98,6.33,5.25
1997-10-29,5.67,5.78,5.91,6.28,5.19
1997-10-30,5.61,5.73,5.84,6.23,5.17
1997-10-31,5.63,5.72,5.84,6.21,5.21
1997-11-03,5.69,5.79,5.91,6.27,5.26
1997-11-04,5.73,5.83,5.95,6.3,5.25
1997-11-05,5.73,5.84,5.95,6.3,5.27
1997-11-06,5.7,5.79,5.9,6.25,5.31
1997-11-07,5.71,5.81,5.9,6.25,5.31
1997-11-10,5.73,5.82,5.91,6.25,5.32
1997-11-11,,,,,
1997-11-12,5.7,5.81,5.89,6.23,5.3
1997-11-13,5.7,5.79,5.87,6.21,5.27
1997-11-14,5.7,5.8,5.86,6.19,5.27
1997-11-17,5.7,5.79,5.85,6.18,5.31
1997-11-18,5.71,5.8,5.85,6.18,5.31
1997-11-19,5.7,5.77,5.82,6.12,5.28
1997-11-20,5.73,5.8,5.84,6.14,5.28
1997-11-21,5.68,5.77,5.82,6.13,5.25
1997-11-24,5.71,5.81,5.86,6.17,5.29
1997-11-25,5.71,5.8,5.85,6.15,5.3
1997-11-26,5.74,5.82,5.86,6.14,5.26
1997-11-27,,,,,
1997-11-28,5.76,5.83,5.86,6.12,5.22
1997-12-01,5.78,5.83,5.86,6.13,5.27
1997-12-02,5.78,5.83,5.86,6.11,5.26
1997-12-03,5.74,5.8,5.83,6.1,5.26
1997-12-04,5.71,5.78,5.84,6.11,5.27
1997-12-05,5.8,5.87,5.92,6.16,5.3
1997-12-08,5.85,5.92,5.96,6.21,5.29
1997-12-09,5.81,5.9,5.95,6.21,5.27
1997-12-10,5.75,5.85,5.9,6.17,5.21
1997-12-11,5.68,5.77,5.82,6.11,5.2
1997-12-12,5.63,5.71,5.74,6.03,5.18
1997-12-15,5.68,5.74,5.78,6.06,5.23
1997-12-16,5.68,5.74,5.77,6.05,5.23
1997-12-17,5.7,5.77,5.81,6.08,5.25
1997-12-18,5.68,5.74,5.76,6.03,5.24
1997-12-19,5.66,5.7,5.72,6.0,5.33
1997-12-22,5.69,5.71,5.72,5.97,5.46
1997-12-23,5.69,5.71,5.73,5.98,5.46
1997-12-24,5.67,5.72,5.76,6.0,5.38
1997-12-25,,,,,
1997-12-26,5.69,5.72,5.75,5.99,5.35
1997-12-29,5.69,5.73,5.76,6.01,5.45
1997-12-30,5.71,5.76,5.8,6.06,5.45
1997-12-31,5.66,5.71,5.75,6.02,5.36
1998-01-01,,,,,
1998-01-02,5.59,5.63,5.67,5.94,5.32
1998-01-05,5.47,5.46,5.52,5.82,5.23
1998-01-06,5.39,5.41,5.49,5.8,5.22
1998-01-07,5.42,5.45,5.55,5.88,5.23
1998-01-08,5.31,5.34,5.49,5.82,5.13
1998-01-09,5.17,5.22,5.4,5.77,5.05
1998-01-12,5.2,5.24,5.39,5.76,5.12
1998-01-13,5.25,5.28,5.41,5.76,5.17
1998-01-14,5.29,5.33,5.45,5.79,5.18
1998-01-15,5.29,5.34,5.48,5.81,5.13
1998-01-16,5.35,5.42,5.54,5.87,5.15
1998-01-19,,,,,
1998-01-20,5.37,5.45,5.57,5.89,5.14
1998-01-21,5.33,5.41,5.54,5.87,5.13
1998-01-22,5.3,5.39,5.56,5.91,5.13
1998-01-23,5.42,5.53,5.7,6.04,5.17
1998-01-26,5.39,5.49,5.63,5.96,5.22
1998-01-27,5.46,5.57,5.7,6.02,5.24
1998-01-28,5.46,5.54,5.69,6.02,5.23
1998-01-29,5.36,5.43,5.58,5.92,5.2
1998-01-30,5.32,5.39,5.53,5.88,5.19
1998-02-02,5.36,5.43,5.57,5.93,5.26
1998-02-03,5.34,5.41,5.56,5.93,5.26
1998-02-04,5.32,5.41,5.57,5.94,5.11
1998-02-05,5.36,5.46,5.62,6.0,5.14
1998-02-06,5.38,5.48,5.62,5.99,5.17
1998-02-09,5.41,5.51,5.65,6.02,5.22
1998-02-10,5.41,5.49,5.64,6.0,5.21
1998-02-11,5.39,5.46,5.53,5.92,5.22
1998-02-12,5.39,5.46,5.52,5.94,5.22
1998-02-13,5.36,5.44,5.49,5.92,5.22
1998-02-16,,,,,
1998-02-17,5.34,5.41,5.44,5.86,5.2
1998-02-18,5.37,5.44,5.49,5.9,5.2
1998-02-19,5.39,5.47,5.51,5.91,5.21
1998-02-20,5.41,5.49,5.54,5.93,5.21
1998-02-23,5.46,5.53,5.58,5.97,5.28
1998-02-24,5.57,5.66,5.69,6.04,5.27
1998-02-25,5.55,5.6,5.63,5.99,5.31
1998-02-26,5.58,5.62,5.65,6.01,5.34
1998-02-27,5.55,5.59,5.62,5.99,5.32
1998-03-02,5.6,5.67,5.72,6.09,5.26
1998-03-03,5.64,5.72,5.77,6.14,5.23
1998-03-04,5.63,5.71,5.76,6.11,5.19
1998-03-05,5.62,5.71,5.78,6.14,5.18
1998-03-06,5.58,5.65,5.73,6.09,5.15
1998-03-09,5.57,5.61,5.67,6.04,5.11
1998-03-10,5.55,5.62,5.67,6.03,5.09
1998-03-11,5.53,5.57,5.63,6.0,5.09
1998-03-12,5.5,5.52,5.56,5.94,5.08
1998-03-13,5.5,5.54,5.58,5.95,5.09
1998-03-16,5.47,5.52,5.54,5.92,5.12
1998-03-17,5.5,5.53,5.56,5.95,5.14
1998-03-18,5.52,5.55,5.58,5.97,5.17
1998-03-19,5.52,5.56,5.58,5.97,5.18
1998-03-20,5.52,5.56,5.57,5.95,5.19
1998-03-23,5.52,5.56,5.57,5.95,5.17
1998-03-24,5.5,5.57,5.58,5.95,5.17
1998-03-25,5.58,5.62,5.64,6.0,5.18
1998-03-26,5.62,5.66,5.68,6.02,5.22
1998-03-27,5.63,5.67,5.68,6.03,5.21
1998-03-30,5.65,5.7,5.72,6.06,5.18
1998-03-31,5.6,5.64,5.67,6.02,5.16
1998-04-01,5.55,5.59,5.62,5.98,5.12
1998-04-02,5.52,5.54,5.56,5.92,5.1
1998-04-03,5.42,5.44,5.47,5.85,5.08
1998-04-06,5.45,5.49,5.51,5.89,5.1
1998-04-07,5.45,5.5,5.53,5.91,5.07
1998-04-08,5.49,5.54,5.58,5.96,5.06
1998-04-09,5.5,5.56,5.59,5.95,5.07
1998-04-10,,,,,
1998-04-13,5.59,5.64,5.66,6.01,5.19
1998-04-14,5.57,5.6,5.63,5.98,5.16
1998-04-15,5.55,5.59,5.6,5.96,5.08
1998-04-16,5.53,5.57,5.59,5.94,5.04
1998-04-17,5.54,5.57,5.59,5.95,5.05
1998-04-20,5.57,5.61,5.65,6.0,5.08
1998-04-21,5.6,5.66,5.68,6.03,5.07
1998-04-22,5.6,5.66,5.68,6.04,5.09
1998-04-23,5.61,5.66,5.69,6.05,5.09
1998-04-24,5.61,5.65,5.67,6.02,5.08
1998-04-27,5.71,5.77,5.8,6.15,5.08
1998-04-28,5.69,5.78,5.8,6.15,5.06
1998-04-29,5.71,5.78,5.81,6.15,5.07
1998-04-30,5.59,5.65,5.68,6.04,5.0
1998-05-01,5.59,5.63,5.67,6.02,5.02
1998-05-04,5.59,5.63,5.67,6.02,5.1
1998-05-05,5.61,5.66,5.7,6.05,5.11
1998-05-06,5.56,5.6,5.67,6.02,5.11
1998-05-07,5.56,5.6,5.67,6.02,5.12
1998-05-08,5.61,5.65,5.71,6.05,5.14
1998-05-11,5.66,5.72,5.79,6.12,5.14
1998-05-12,5.59,5.65,5.7,6.04,5.12
1998-05-13,5.59,5.63,5.64,6.02,5.12
1998-05-14,5.63,5.66,5.67,6.05,5.18
1998-05-15,5.63,5.67,5.68,6.05,5.18
1998-05-18,5.59,5.63,5.64,5.99,5.2
1998-05-19,5.59,5.63,5.65,6.02,5.23
1998-05-20,5.57,5.6,5.61,5.98,5.21
1998-05-21,5.63,5.66,5.65,6.01,5.24
1998-05-22,5.63,5.65,5.64,5.99,5.22
1998-05-25,,,,,
1998-05-26,5.61,5.6,5.59,5.94,5.17
1998-05-27,5.53,5.57,5.56,5.93,5.09
1998-05-28,5.57,5.56,5.58,5.93,5.07
1998-05-29,5.53,5.56,5.56,5.9,5.03
1998-06-01,5.52,5.53,5.53,5.87,5.08
1998-06-02,5.53,5.56,5.56,5.89,5.08
1998-06-03,5.55,5.57,5.57,5.89,5.13
1998-06-04,5.58,5.6,5.59,5.91,5.12
1998-06-05,5.58,5.6,5.58,5.89,5.12
1998-06-08,5.58,5.6,5.58,5.89,5.16
1998-06-09,5.6,5.61,5.59,5.89,5.17
1998-06-10,5.55,5.55,5.51,5.8,5.14
1998-06-11,5.45,5.46,5.44,5.74,5.11
1998-06-12,5.43,5.43,5.43,5.75,5.13
1998-06-15,5.43,5.42,5.38,5.7,5.16
1998-06-16,5.5,5.49,5.45,5.75,5.2
1998-06-17,5.55,5.57,5.54,5.84,5.23
1998-06-18,5.53,5.55,5.5,5.8,5.19
1998-06-19,5.52,5.52,5.47,5.78,5.17
1998-06-22,5.52,5.52,5.46,5.77,5.11
1998-06-23,5.49,5.51,5.45,5.74,5.1
1998-06-24,5.49,5.48,5.46,5.76,5.04
1998-06-25,5.53,5.5,5.46,5.76,5.02
1998-06-26,5.51,5.49,5.46,5.74,5.01
1998-06-29,5.51,5.5,5.47,5.75,5.16
1998-06-30,5.49,5.47,5.44,5.73,5.1
1998-07-01,5.46,5.43,5.44,5.73,5.09
1998-07-02,5.44,5.43,5.42,5.7,5.07
1998-07-03,,,,,
1998-07-06,5.43,5.4,5.39,5.68,5.09
1998-07-07,5.44,5.43,5.42,5.7,5.08
1998-07-08,5.44,5.43,5.43,5.73,5.09
1998-07-09,5.43,5.4,5.41,5.71,5.07
1998-07-10,5.41,5.4,5.42,5.73,5.06
1998-07-13,5.44,5.45,5.46,5.8,5.13
1998-07-14,5.46,5.47,5.49,5.82,5.16
1998-07-15,5.46,5.46,5.48,5.82,5.14
1998-07-16,5.46,5.48,5.5,5.83,5.17
1998-07-17,5.46,5.49,5.51,5.85,5.14
1998-07-20,5.46,5.47,5.48,5.83,5.09
1998-07-21,5.46,5.46,5.45,5.78,5.09
1998-07-22,5.48,5.47,5.46,5.79,5.07
1998-07-23,5.46,5.46,5.45,5.77,5.09
1998-07-24,5.48,5.48,5.45,5.79,5.08
1998-07-27,5.48,5.49,5.47,5.81,5.06
1998-07-28,5.46,5.49,5.5,5.84,5.07
1998-07-29,5.49,5.52,5.52,5.87,5.07
1998-07-30,5.49,5.52,5.5,5.82,5.07
1998-07-31,5.49,5.52,5.5,5.81,5.1
1998-08-03,5.46,5.46,5.46,5.75,5.13
1998-08-04,5.43,5.44,5.43,5.74,5.1
1998-08-05,5.39,5.43,5.43,5.74,5.08
1998-08-06,5.39,5.43,5.44,5.76,5.03
1998-08-07,5.34,5.39,5.4,5.72,4.99
1998-08-10,5.34,5.39,5.41,5.71,5.07
1998-08-11,5.31,5.33,5.37,5.68,5.03
1998-08-12,5.32,5.34,5.4,5.7,5.02
1998-08-13,5.37,5.38,5.44,5.73,5.04
1998-08-14,5.34,5.34,5.4,5.67,5.03
1998-08-17,5.34,5.33,5.4,5.69,5.07
1998-08-18,5.36,5.35,5.41,5.7,5.06
1998-08-19,5.34,5.35,5.42,5.71,5.07
1998-08-20,5.32,5.32,5.38,5.66,5.04
1998-08-21,5.25,5.24,5.32,5.62,5.01
1998-08-24,5.22,5.19,5.3,5.62,5.08
1998-08-25,5.18,5.13,5.25,5.59,5.09
1998-08-26,5.12,5.11,5.26,5.58,5.06
1998-08-27,4.98,4.97,5.12,5.53,4.99
1998-08-28,4.93,4.94,5.09,5.51,4.91
1998-08-31,4.91,4.91,5.05,5.45,4.96
1998-09-01,4.86,4.91,5.05,5.49,4.92
1998-09-02,4.96,4.96,5.1,5.5,4.91
1998-09-03,4.91,4.91,5.03,5.46,4.83
1998-09-04,4.91,4.9,5.02,5.44,4.86
1998-09-07,,,,,
1998-09-08,4.91,4.89,5.04,5.5,4.94
1998-09-09,4.79,4.79,4.95,5.43,4.88
1998-09-10,4.57,4.55,4.76,5.33,4.78
1998-09-11,4.68,4.65,4.85,5.37,4.87
1998-09-14,4.72,4.65,4.87,5.39,4.83
1998-09-15,4.73,4.68,4.9,5.41,4.79
1998-09-16,4.75,4.69,4.88,5.38,4.74
1998-09-17,4.7,4.6,4.8,5.37,4.7
1998-09-18,4.61,4.5,4.7,5.35,4.63
1998-09-21,4.63,4.51,4.69,5.35,4.82
1998-09-22,4.66,4.57,4.73,5.36,4.81
1998-09-23,4.52,4.48,4.69,5.34,4.67
1998-09-24,4.43,4.43,4.64,5.34,4.55
1998-09-25,4.43,4.4,4.6,5.3,4.52
1998-09-28,4.45,4.4,4.61,5.33,4.56
1998-09-29,4.47,4.4,4.59,5.29,4.54
1998-09-30,4.3,4.23,4.44,5.17,4.37
1998-10-01,4.17,4.1,4.33,5.09,4.23
1998-10-02,4.17,4.08,4.31,5.05,4.22
1998-10-05,4.04,3.95,4.16,4.93,4.23
1998-10-06,4.1,4.05,4.24,5.0,4.18
1998-10-07,4.12,4.13,4.34,5.09,4.15
1998-10-08,4.1,4.29,4.56,5.29,3.89
1998-10-09,4.19,4.46,4.77,5.5,3.88
1998-10-12,,,,,
1998-10-13,4.13,4.37,4.73,5.49,3.99
1998-10-14,4.08,4.23,4.58,5.38,4.02
1998-10-15,4.13,4.23,4.58,5.4,4.15
1998-10-16,3.86,4.04,4.44,5.3,3.65
1998-10-19,3.9,4.06,4.47,5.32,3.94
1998-10-20,3.98,4.14,4.57,5.42,3.95
1998-10-21,4.12,4.17,4.59,5.41,4.0
1998-10-22,4.16,4.19,4.62,5.46,3.98
1998-10-23,4.2,4.28,4.7,5.47,3.97
1998-10-26,4.23,4.32,4.73,5.38,4.06
1998-10-27,4.12,4.23,4.63,5.33,4.06
1998-10-28,4.01,4.18,4.6,5.34,4.28
1998-10-29,4.0,4.13,4.54,5.31,4.32
1998-10-30,4.12,4.24,4.64,5.38,4.33
1998-11-02,4.26,4.39,4.77,5.49,4.54
1998-11-03,4.25,4.33,4.78,5.46,4.5
1998-11-04,4.43,4.48,4.83,5.56,4.56
1998-11-05,4.47,4.48,4.82,5.55,4.58
1998-11-06,4.59,4.58,4.93,5.63,4.64
1998-11-09,4.57,4.55,4.88,5.51,4.58
1998-11-10,4.5,4.5,4.81,5.48,4.54
1998-11-11,,,,,
1998-11-12,4.47,4.47,4.77,5.46,4.48
1998-11-13,4.54,4.53,4.82,5.46,4.47
1998-11-16,4.56,4.55,4.85,5.47,4.52
1998-11-17,4.58,4.57,4.87,5.51,4.42
1998-11-18,4.63,4.58,4.85,5.44,4.44
1998-11-19,4.66,4.63,4.85,5.45,4.46
1998-11-20,4.66,4.6,4.82,5.44,4.46
1998-11-23,4.63,4.6,4.84,5.49,4.59
1998-11-24,4.64,4.63,4.85,5.47,4.62
1998-11-25,4.66,4.63,4.83,5.45,4.57
1998-11-26,,,,,
1998-11-27,4.62,4.6,4.81,5.42,4.55
1998-11-30,4.54,4.51,4.74,5.33,4.57
1998-12-01,4.44,4.43,4.67,5.32,4.49
1998-12-02,4.36,4.31,4.59,5.28,4.48
1998-12-03,4.36,4.31,4.58,5.29,4.45
1998-12-04,4.46,4.38,4.62,5.34,4.48
1998-12-07,4.54,4.47,4.69,5.36,4.46
1998-12-08,4.46,4.4,4.6,5.29,4.43
1998-12-09,4.42,4.37,4.56,5.25,4.43
1998-12-10,4.39,4.33,4.53,5.24,4.48
1998-12-11,4.46,4.39,4.61,5.31,4.5
1998-12-14,4.42,4.35,4.58,5.3,4.49
1998-12-15,4.47,4.39,4.62,5.34,4.49
1998-12-16,4.4,4.34,4.58,5.33,4.46
1998-12-17,4.42,4.34,4.58,5.32,4.46
1998-12-18,4.45,4.38,4.58,5.32,4.49
1998-12-21,4.56,4.45,4.64,5.38,4.51
1998-12-22,4.59,4.5,4.7,5.45,4.5
1998-12-23,4.73,4.65,4.81,5.51,4.58
1998-12-24,4.78,4.74,4.86,5.55,4.57
1998-12-25,,,,,
1998-12-28,4.73,4.66,4.78,5.47,4.56
1998-12-29,4.6,4.6,4.71,5.41,4.59
1998-12-30,4.56,4.55,4.65,5.4,4.55
1998-12-31,4.54,4.56,4.65,5.39,4.48
1999-01-01,,,,,
1999-01-04,4.58,4.57,4.69,5.42,4.49
1999-01-05,4.64,4.62,4.74,5.48,4.48
1999-01-06,4.62,4.61,4.73,5.42,4.47
1999-01-07,4.63,4.62,4.77,5.48,4.44
1999-01-08,4.71,4.72,4.86,5.57,4.48
1999-01-11,4.74,4.76,4.9,5.61,4.51
1999-01-12,4.68,4.68,4.82,5.55,4.48
1999-01-13,4.61,4.6,4.74,5.49,4.45
1999-01-14,4.47,4.48,4.63,5.39,4.44
1999-01-15,4.56,4.54,4.66,5.43,4.44
1999-01-18,,,,,
1999-01-19,4.62,4.6,4.71,5.46,4.41
1999-01-20,4.66,4.65,4.76,5.48,4.37
1999-01-21,4.63,4.6,4.7,5.43,4.32
1999-01-22,4.59,4.54,4.64,5.38,4.36
1999-01-25,4.59,4.55,4.67,5.4,4.44
1999-01-26,4.63,4.58,4.69,5.41,4.46
1999-01-27,4.57,4.57,4.68,5.4,4.47
1999-01-28,4.58,4.57,4.67,5.37,4.49
1999-01-29,4.58,4.55,4.66,5.35,4.48
1999-02-01,4.65,4.65,4.75,5.45,4.53
1999-02-02,4.7,4.7,4.79,5.51,4.53
1999-02-03,4.72,4.74,4.83,5.52,4.48
1999-02-04,4.77,4.82,4.89,5.57,4.49
1999-02-05,4.8,4.88,4.94,5.61,4.5
1999-02-08,4.8,4.86,4.94,5.61,4.54
1999-02-09,4.79,4.78,4.91,5.58,4.53
1999-02-10,4.77,4.79,4.9,5.58,4.48
1999-02-11,4.8,4.83,4.93,5.58,4.5
1999-02-12,4.91,4.96,5.06,5.76,4.54
1999-02-15,,,,,
1999-02-16,4.93,4.96,5.03,5.69,4.56
1999-02-17,4.89,4.91,4.98,5.65,4.52
1999-02-18,4.93,4.96,5.04,5.7,4.53
1999-02-19,4.95,4.99,5.07,5.71,4.56
1999-02-22,4.91,4.95,5.03,5.67,4.65
1999-02-23,5.0,5.04,5.1,5.74,4.66
1999-02-24,5.05,5.12,5.18,5.82,4.67
1999-02-25,5.15,5.23,5.32,5.9,4.62
1999-02-26,5.13,5.21,5.29,5.85,4.66
1999-03-01,5.2,5.32,5.4,5.94,4.71
1999-03-02,5.18,5.27,5.35,5.88,4.66
1999-03-03,5.19,5.29,5.39,5.95,4.62
1999-03-04,5.2,5.32,5.41,5.97,4.62
1999-03-05,5.14,5.24,5.34,5.91,4.63
1999-03-08,5.12,5.21,5.29,5.9,4.64
1999-03-09,5.02,5.11,5.18,5.84,4.6
1999-03-10,5.04,5.13,5.2,5.86,4.6
1999-03-11,5.05,5.13,5.21,5.87,4.62
1999-03-12,5.0,5.08,5.16,5.82,4.6
1999-03-15,4.99,5.07,5.15,5.79,4.61
1999-03-16,4.97,5.03,5.11,5.75,4.55
1999-03-17,5.01,5.05,5.14,5.78,4.53
1999-03-18,4.99,5.02,5.11,5.77,4.51
1999-03-19,5.04,5.07,5.17,5.82,4.51
1999-03-22,5.08,5.13,5.21,5.87,4.52
1999-03-23,5.03,5.11,5.2,5.87,4.5
1999-03-24,4.98,5.07,5.17,5.84,4.5
1999-03-25,5.02,5.12,5.21,5.88,4.51
1999-03-26,4.99,5.1,5.21,5.9,4.51
1999-03-29,5.02,5.15,5.28,5.94,4.51
1999-03-30,4.97,5.09,5.21,5.89,4.48
1999-03-31,4.99,5.12,5.25,5.92,4.49
1999-04-01,5.01,5.15,5.27,5.96,4.44
1999-04-02,4.96,5.07,5.2,5.88,4.43
1999-04-05,4.96,5.07,5.2,5.88,4.4
1999-04-06,4.93,5.01,5.13,5.8,4.42
1999-04-07,4.93,5.04,5.14,5.8,4.42
1999-04-08,4.86,4.94,5.03,5.71,4.4
1999-04-09,4.88,4.96,5.05,5.73,4.42
1999-04-12,4.93,4.98,5.06,5.72,4.32
1999-04-13,4.94,5.02,5.12,5.77,4.32
1999-04-14,4.95,5.04,5.13,5.77,4.3
1999-04-15,4.97,5.08,5.18,5.8,4.32
1999-04-16,5.02,5.13,5.23,5.85,4.34
1999-04-19,4.99,5.08,5.18,5.81,4.36
1999-04-20,4.95,5.06,5.16,5.79,4.38
1999-04-21,4.99,5.07,5.17,5.8,4.36
1999-04-22,5.05,5.15,5.25,5.89,4.4
1999-04-23,5.04,5.15,5.26,5.87,4.43
1999-04-26,5.04,5.14,5.23,5.84,4.47
1999-04-27,5.04,5.12,5.22,5.82,4.5
1999-04-28,5.02,5.16,5.27,5.84,4.51
1999-04-29,4.95,5.09,5.22,5.79,4.51
1999-04-30,5.08,5.24,5.36,5.94,4.55
1999-05-03,5.08,5.25,5.38,5.93,4.62
1999-05-04,5.12,5.3,5.42,6.0,4.63
1999-05-05,5.09,5.27,5.4,5.97,4.61
1999-05-06,5.19,5.39,5.52,6.07,4.62
1999-05-07,5.19,5.4,5.54,6.1,4.62
1999-05-10,5.15,5.38,5.54,6.07,4.6
1999-05-11,5.19,5.4,5.59,6.11,4.62
1999-05-12,5.19,5.39,5.51,6.09,4.6
1999-05-13,5.12,5.29,5.41,6.0,4.59
1999-05-14,5.3,5.48,5.62,6.16,4.64
1999-05-17,5.31,5.53,5.66,6.16,4.71
1999-05-18,5.38,5.58,5.68,6.15,4.66
1999-05-19,5.37,5.54,5.6,6.09,4.63
1999-05-20,5.35,5.53,5.6,6.13,4.61
1999-05-21,5.3,5.46,5.52,6.08,4.61
1999-05-24,5.28,5.43,5.5,6.08,4.64
1999-05-25,5.3,5.44,5.49,6.07,4.64
1999-05-26,5.33,5.49,5.55,6.12,4.66
1999-05-27,5.43,5.59,5.62,6.15,4.65
1999-05-28,5.42,5.6,5.64,6.15,4.66
1999-05-31,,,,,
1999-06-01,5.54,5.74,5.78,6.27,4.77
1999-06-02,5.55,5.75,5.8,6.26,4.74
1999-06-03,5.54,5.75,5.8,6.25,4.65
1999-06-04,5.56,5.75,5.82,6.28,4.57
1999-06-07,5.56,5.73,5.81,6.27,4.64
1999-06-08,5.57,5.74,5.83,6.3,4.62
1999-06-09,5.61,5.79,5.87,6.32,4.6
1999-06-10,5.66,5.85,5.92,6.37,4.67
1999-06-11,5.7,5.92,6.02,6.47,4.74
1999-06-14,5.66,5.89,5.98,6.43,4.76
1999-06-15,5.66,5.87,5.98,6.43,4.74
1999-06-16,5.61,5.84,5.94,6.4,4.67
1999-06-17,5.49,5.67,5.79,6.27,4.64
1999-06-18,5.56,5.75,5.84,6.3,4.69
1999-06-21,5.62,5.81,5.9,6.36,4.74
1999-06-22,5.65,5.84,5.94,6.41,4.73
1999-06-23,5.7,5.9,6.0,6.47,4.73
1999-06-24,5.75,5.93,6.05,6.51,4.74
1999-06-25,5.73,5.91,6.02,6.49,4.8
1999-06-28,5.68,5.86,5.96,6.42,4.88
1999-06-29,5.68,5.84,5.93,6.38,4.84
1999-06-30,5.53,5.67,5.81,6.29,4.78
1999-07-01,5.58,5.73,5.85,6.32,4.68
1999-07-02,5.58,5.7,5.82,6.3,4.69
1999-07-05,,,,,
1999-07-06,5.64,5.77,5.88,6.34,4.72
1999-07-07,5.64,5.79,5.92,6.36,4.67
1999-07-08,5.59,5.72,5.85,6.3,4.68
1999-07-09,5.61,5.72,5.84,6.3,4.69
1999-07-12,5.53,5.62,5.74,6.2,4.74
1999-07-13,5.5,5.6,5.71,6.19,4.71
1999-07-14,5.55,5.63,5.74,6.21,4.72
1999-07-15,5.53,5.63,5.72,6.2,4.7
1999-07-16,5.5,5.57,5.68,6.18,4.68
1999-07-19,5.46,5.56,5.66,6.19,4.67
1999-07-20,5.43,5.54,5.65,6.18,4.64
1999-07-21,5.45,5.55,5.66,6.2,4.59
1999-07-22,5.52,5.66,5.78,6.27,4.61
1999-07-23,5.58,5.72,5.84,6.32,4.65
1999-07-26,5.61,5.73,5.86,6.34,4.68
1999-07-27,5.56,5.7,5.82,6.31,4.7
1999-07-28,5.54,5.7,5.81,6.3,4.71
1999-07-29,5.62,5.79,5.88,6.37,4.72
1999-07-30,5.63,5.82,5.92,6.4,4.75
1999-08-02,5.65,5.85,5.92,6.4,4.85
1999-08-03,5.65,5.86,5.95,6.42,4.84
1999-08-04,5.64,5.86,5.96,6.41,4.78
1999-08-05,5.55,5.77,5.88,6.38,4.74
1999-08-06,5.69,5.94,6.02,6.48,4.8
1999-08-09,5.79,6.04,6.13,6.54,4.96
1999-08-10,5.79,6.0,6.16,6.55,4.95
1999-08-11,5.76,5.96,6.05,6.52,4.91
1999-08-12,5.78,5.97,6.08,6.56,4.79
1999-08-13,5.71,5.88,5.98,6.45,4.74
1999-08-16,5.75,5.88,5.98,6.48,4.84
1999-08-17,5.68,5.8,5.89,6.41,4.83
1999-08-18,5.66,5.79,5.88,6.41,4.76
1999-08-19,5.66,5.81,5.9,6.43,4.76
1999-08-20,5.65,5.79,5.88,6.41,4.84
1999-08-23,5.66,5.79,5.89,6.41,5.01
1999-08-24,5.65,5.73,5.85,6.38,4.99
1999-08-25,5.53,5.63,5.73,6.28,4.93
1999-08-26,5.56,5.67,5.75,6.29,4.93
1999-08-27,5.65,5.75,5.85,6.38,4.98
1999-08-30,5.73,5.86,5.95,6.48,5.01
1999-08-31,5.73,5.88,5.98,6.49,4.98
1999-09-01,5.74,5.88,5.99,6.5,4.97
1999-09-02,5.74,5.9,6.03,6.58,4.92
1999-09-03,5.64,5.78,5.89,6.45,4.92
1999-09-06,,,,,
1999-09-07,5.69,5.83,5.95,6.52,4.85
1999-09-08,5.67,5.82,5.93,6.5,4.83
1999-09-09,5.71,5.85,5.97,6.54,4.81
1999-09-10,5.64,5.78,5.89,6.48,4.76
1999-09-13,5.66,5.8,5.92,6.51,4.8
1999-09-14,5.71,5.85,5.96,6.57,4.83
1999-09-15,5.67,5.81,5.94,6.56,4.75
1999-09-16,5.63,5.77,5.9,6.51,4.7
1999-09-17,5.63,5.76,5.87,6.47,4.67
1999-09-20,5.67,5.81,5.91,6.5,4.81
1999-09-21,5.67,5.83,5.94,6.52,4.79
1999-09-22,5.67,5.81,5.92,6.5,4.83
1999-09-23,5.63,5.76,5.87,6.44,4.82
1999-09-24,5.55,5.65,5.75,6.36,4.78
1999-09-27,5.62,5.73,5.83,6.42,4.87
1999-09-28,5.65,5.78,5.89,6.47,4.85
1999-09-29,5.68,5.86,5.97,6.55,4.83
1999-09-30,5.63,5.78,5.9,6.47,4.88
1999-10-01,5.73,5.9,6.0,6.57,4.88
1999-10-04,5.7,5.85,5.95,6.51,4.87
1999-10-05,5.78,5.94,6.02,6.59,4.86
1999-10-06,5.81,5.98,6.04,6.6,4.81
1999-10-07,5.82,5.99,6.05,6.6,4.84
1999-10-08,5.8,5.97,6.04,6.61,4.82
1999-10-11,,,,,
1999-10-12,5.82,5.99,6.07,6.63,4.93
1999-10-13,5.87,6.04,6.12,6.69,4.98
1999-10-14,5.9,6.09,6.17,6.73,5.02
1999-10-15,5.82,5.99,6.09,6.66,5.04
1999-10-18,5.85,6.03,6.12,6.69,5.15
1999-10-19,5.92,6.09,6.18,6.74,5.15
1999-10-20,5.94,6.11,6.19,6.74,5.15
1999-10-21,5.93,6.11,6.2,6.76,5.14
1999-10-22,5.96,6.13,6.21,6.76,5.07
1999-10-25,5.98,6.14,6.22,6.75,5.14
1999-10-26,6.02,6.17,6.24,6.77,5.15
1999-10-27,5.94,6.13,6.19,6.71,5.14
1999-10-28,5.87,6.05,6.12,6.63,5.11
1999-10-29,5.79,5.97,6.02,6.52,5.12
1999-11-01,5.83,6.0,6.06,6.55,5.16
1999-11-02,5.81,5.98,6.04,6.51,5.14
1999-11-03,5.79,5.97,6.01,6.49,5.12
1999-11-04,5.74,5.91,5.95,6.45,5.1
1999-11-05,5.72,5.88,5.92,6.41,5.14
1999-11-08,5.74,5.9,5.95,6.42,5.2
1999-11-09,5.77,5.87,5.97,6.43,5.19
1999-11-10,5.81,5.9,6.0,6.45,5.2
1999-11-11,,,,,
1999-11-12,5.78,5.85,5.93,6.37,5.23
1999-11-15,5.79,5.87,5.94,6.37,5.29
1999-11-16,5.85,5.91,5.97,6.4,5.29
1999-11-17,5.9,5.98,6.04,6.46,5.24
1999-11-18,5.9,5.99,6.06,6.49,5.23
1999-11-19,5.92,6.0,6.07,6.48,5.23
1999-11-22,5.95,6.02,6.09,6.51,5.27
1999-11-23,5.93,6.02,6.08,6.51,5.27
1999-11-24,5.97,6.02,6.09,6.53,5.29
1999-11-25,,,,,
1999-11-26,5.99,6.06,6.12,6.57,5.3
1999-11-29,6.04,6.14,6.21,6.66,5.36
1999-11-30,6.01,6.11,6.18,6.62,5.3
1999-12-01,6.04,6.14,6.21,6.65,5.27
1999-12-02,6.06,6.16,6.24,6.67,5.25
1999-12-03,5.99,6.08,6.17,6.6,5.25
1999-12-06,5.98,6.07,6.16,6.58,5.22
1999-12-07,5.95,6.03,6.11,6.54,5.22
1999-12-08,5.98,6.06,6.15,6.57,5.22
1999-12-09,5.96,6.03,6.14,6.55,5.25
1999-12-10,5.93,5.98,6.08,6.48,5.3
1999-12-13,5.96,6.01,6.11,6.52,5.39
1999-12-14,6.07,6.12,6.22,6.64,5.39
1999-12-15,6.1,6.14,6.25,6.68,5.35
1999-12-16,6.15,6.2,6.31,6.75,5.39
1999-12-17,6.15,6.22,6.3,6.74,5.44
1999-12-20,6.21,6.28,6.36,6.81,5.63
1999-12-21,6.21,6.29,6.38,6.83,5.59
1999-12-22,6.24,6.31,6.39,6.82,5.56
1999-12-23,6.24,6.33,6.41,6.83,5.47
1999-12-24,,,,,
1999-12-27,6.21,6.32,6.4,6.8,5.47
1999-12-28,6.23,6.35,6.43,6.82,5.41
1999-12-29,6.21,6.32,6.4,6.79,5.23
1999-12-30,6.19,6.3,6.39,6.78,5.22
1999-12-31,6.24,6.36,6.45,6.83,5.33
2000-01-03,6.38,6.5,6.58,6.94,5.48
2000-01-04,6.3,6.4,6.49,6.84,5.43
2000-01-05,6.38,6.51,6.62,6.95,5.44
2000-01-06,6.35,6.46,6.57,6.86,5.41
2000-01-07,6.31,6.42,6.52,6.82,5.38
2000-01-10,6.38,6.49,6.57,6.86,5.42
2000-01-11,6.45,6.57,6.67,6.94,5.43
2000-01-12,6.49,6.63,6.72,6.97,5.45
2000-01-13,6.4,6.54,6.63,6.88,5.41
2000-01-14,6.44,6.59,6.69,6.91,5.41
2000-01-17,,,,,
2000-01-18,6.47,6.65,6.75,6.94,5.56
2000-01-19,6.46,6.62,6.73,6.91,5.51
2000-01-20,6.49,6.67,6.79,6.93,5.48
2000-01-21,6.48,6.67,6.79,6.91,5.47
2000-01-24,6.43,6.59,6.69,6.86,5.55
2000-01-25,6.44,6.6,6.7,6.84,5.57
2000-01-26,6.45,6.62,6.69,6.79,5.58
2000-01-27,6.51,6.67,6.68,6.73,5.59
2000-01-28,6.58,6.68,6.66,6.65,5.65
2000-01-31,6.61,6.71,6.68,6.72,5.76
2000-02-01,6.6,6.68,6.62,6.66,5.71
2000-02-02,6.63,6.69,6.6,6.61,5.66
2000-02-03,6.56,6.56,6.49,6.52,5.63
2000-02-04,6.63,6.64,6.53,6.54,5.67
2000-02-07,6.68,6.76,6.64,6.62,5.72
2000-02-08,6.69,6.74,6.59,6.51,5.69
2000-02-09,6.69,6.77,6.56,6.6,5.66
2000-02-10,6.67,6.78,6.67,6.67,5.67
2000-02-11,6.65,6.77,6.63,6.62,5.66
2000-02-14,6.62,6.72,6.56,6.55,5.68
2000-02-15,6.66,6.74,6.56,6.59,5.75
2000-02-16,6.63,6.75,6.56,6.6,5.73
2000-02-17,6.69,6.76,6.58,6.55,5.74
2000-02-18,6.66,6.72,6.49,6.47,5.75
2000-02-21,,,,,
2000-02-22,6.57,6.62,6.36,6.39,5.82
2000-02-23,6.61,6.66,6.44,6.45,5.82
2000-02-24,6.52,6.56,6.36,6.43,5.81
2000-02-25,6.45,6.5,6.36,6.47,5.79
2000-02-28,6.47,6.53,6.37,6.47,5.8
2000-02-29,6.53,6.61,6.42,6.46,5.78
2000-03-01,6.52,6.59,6.39,6.48,5.76
2000-03-02,6.52,6.59,6.4,6.45,5.76
2000-03-03,6.5,6.6,6.39,6.41,5.79
2000-03-06,6.55,6.64,6.42,6.46,5.85
2000-03-07,6.48,6.6,6.39,6.46,5.83
2000-03-08,6.5,6.59,6.38,6.48,5.83
2000-03-09,6.48,6.56,6.35,6.47,5.82
2000-03-10,6.55,6.61,6.39,6.52,5.87
2000-03-13,6.52,6.57,6.36,6.5,5.89
2000-03-14,6.48,6.52,6.31,6.43,5.87
2000-03-15,6.5,6.5,6.29,6.39,5.85
2000-03-16,6.5,6.47,6.26,6.37,5.87
2000-03-17,6.5,6.45,6.2,6.33,5.89
2000-03-20,6.52,6.45,6.18,6.31,5.95
2000-03-21,6.5,6.44,6.13,6.28,5.91
2000-03-22,6.5,6.41,6.13,6.3,5.91
2000-03-23,6.52,6.39,6.08,6.25,5.9
2000-03-24,6.64,6.51,6.2,6.36,5.91
2000-03-27,6.66,6.51,6.21,6.35,5.88
2000-03-28,6.6,6.46,6.17,6.34,5.88
2000-03-29,6.59,6.46,6.18,6.35,5.89
2000-03-30,6.52,6.35,6.06,6.26,5.88
2000-03-31,6.5,6.32,6.03,6.2,5.88
2000-04-03,6.45,6.3,6.0,6.19,5.87
2000-04-04,6.35,6.16,5.9,6.12,5.83
2000-04-05,6.35,6.17,5.9,6.14,5.86
2000-04-06,6.38,6.2,5.93,6.12,5.88
2000-04-07,6.38,6.18,5.86,6.04,5.9
2000-04-10,6.31,6.11,5.8,6.04,5.85
2000-04-11,6.36,6.19,5.89,6.13,5.83
2000-04-12,6.4,6.27,5.97,6.19,5.83
2000-04-13,6.4,6.24,5.94,6.16,5.81
2000-04-14,6.27,6.11,5.85,6.12,5.81
2000-04-17,6.33,6.23,6.01,6.26,5.82
2000-04-18,6.33,6.27,6.05,6.26,5.81
2000-04-19,6.33,6.23,5.99,6.18,5.81
2000-04-20,6.38,6.24,5.99,6.16,5.79
2000-04-21,,,,,
2000-04-24,6.36,6.23,6.0,6.2,5.8
2000-04-25,6.48,6.39,6.14,6.27,5.79
2000-04-26,6.5,6.4,6.14,6.28,5.75
2000-04-27,6.63,6.51,6.23,6.34,5.75
2000-04-28,6.68,6.56,6.23,6.31,5.82
2000-05-01,6.73,6.59,6.29,6.33,6.0
2000-05-02,6.72,6.6,6.32,6.39,5.92
2000-05-03,6.73,6.66,6.4,6.49,5.91
2000-05-04,6.77,6.7,6.46,6.59,5.9
2000-05-05,6.84,6.77,6.51,6.61,5.97
2000-05-08,6.87,6.83,6.57,6.69,6.19
2000-05-09,6.86,6.75,6.53,6.64,6.14
2000-05-10,6.84,6.69,6.47,6.56,6.14
2000-05-11,6.82,6.67,6.43,6.54,6.14
2000-05-12,6.91,6.76,6.51,6.62,6.14
2000-05-15,6.88,6.73,6.47,6.56,6.25
2000-05-16,6.89,6.72,6.43,6.52,6.2
2000-05-17,6.9,6.74,6.48,6.58,6.05
2000-05-18,6.93,6.79,6.56,6.66,5.92
2000-05-19,6.86,6.71,6.51,6.64,5.89
2000-05-22,6.81,6.66,6.44,6.58,6.01
2000-05-23,6.83,6.68,6.45,6.58,6.01
2000-05-24,6.79,6.71,6.47,6.61,5.92
2000-05-25,6.71,6.64,6.39,6.5,5.85
2000-05-26,6.69,6.57,6.33,6.45,5.83
2000-05-29,,,,,
2000-05-30,6.74,6.62,6.38,6.5,5.87
2000-05-31,6.69,6.54,6.29,6.42,5.63
2000-06-01,6.61,6.44,6.2,6.33,5.74
2000-06-02,6.52,6.37,6.15,6.31,5.87
2000-06-05,6.49,6.33,6.12,6.28,5.98
2000-06-06,6.51,6.35,6.14,6.28,5.99
2000-06-07,6.52,6.35,6.13,6.26,5.92
2000-06-08,6.56,6.37,6.13,6.25,5.91
2000-06-09,6.56,6.36,6.13,6.26,5.92
2000-06-12,6.52,6.33,6.09,6.23,5.93
2000-06-13,6.49,6.32,6.11,6.3,5.88
2000-06-14,6.44,6.26,6.06,6.25,5.82
2000-06-15,6.44,6.26,6.05,6.26,5.84
2000-06-16,6.38,6.19,5.99,6.21,5.83
2000-06-19,6.4,6.2,6.0,6.24,5.84
2000-06-20,6.43,6.23,6.03,6.25,5.79
2000-06-21,6.5,6.32,6.11,6.32,5.81
2000-06-22,6.5,6.32,6.12,6.33,5.84
2000-06-23,6.55,6.37,6.19,6.38,5.86
2000-06-26,6.5,6.29,6.11,6.34,5.82
2000-06-27,6.5,6.29,6.1,6.31,5.83
2000-06-28,6.43,6.28,6.11,6.33,5.81
2000-06-29,6.37,6.21,6.04,6.24,5.85
2000-06-30,6.38,6.18,6.03,6.26,5.88
2000-07-03,6.31,6.12,6.0,6.22,6.0
2000-07-04,,,,,
2000-07-05,6.29,6.12,5.99,6.21,5.99
2000-07-06,6.34,6.16,6.05,6.27,6.02
2000-07-07,6.29,6.11,6.01,6.23,6.04
2000-07-10,6.31,6.13,6.04,6.23,6.1
2000-07-11,6.32,6.16,6.06,6.23,6.1
2000-07-12,6.34,6.2,6.09,6.23,6.17
2000-07-13,6.31,6.15,6.01,6.15,6.18
2000-07-14,6.41,6.25,6.1,6.24,6.17
2000-07-17,6.46,6.31,6.17,6.3,6.15
2000-07-18,6.44,6.3,6.16,6.29,6.16
2000-07-19,6.46,6.31,6.16,6.29,6.18
2000-07-20,6.32,6.15,6.01,6.15,6.18
2000-07-21,6.32,6.14,6.01,6.12,6.13
2000-07-24,6.35,6.18,6.04,6.15,6.21
2000-07-25,6.35,6.17,6.04,6.14,6.2
2000-07-26,6.29,6.16,6.04,6.14,6.18
2000-07-27,6.27,6.14,6.02,6.1,6.22
2000-07-28,6.3,6.16,6.04,6.12,6.2
2000-07-31,6.3,6.16,6.04,6.13,6.27
2000-08-01,6.27,6.12,6.0,6.09,6.25
2000-08-02,6.23,6.09,5.98,6.09,6.25
2000-08-03,6.22,6.07,5.95,6.05,6.23
2000-08-04,6.15,6.02,5.91,6.03,6.23
2000-08-07,6.2,6.07,5.97,6.06,6.28
2000-08-08,6.16,6.03,5.93,6.03,6.26
2000-08-09,6.18,6.03,5.81,6.02,6.25
2000-08-10,6.16,6.0,5.76,6.0,6.25
2000-08-11,6.25,6.07,5.79,6.04,6.29
2000-08-14,6.25,6.07,5.78,6.0,6.27
2000-08-15,6.28,6.11,5.81,6.02,6.28
2000-08-16,6.3,6.13,5.83,6.05,6.27
2000-08-17,6.3,6.13,5.81,6.02,6.27
2000-08-18,6.27,6.09,5.78,6.0,6.27
2000-08-21,6.28,6.1,5.79,6.02,6.3
2000-08-22,6.27,6.07,5.78,6.01,6.28
2000-08-23,6.2,6.02,5.73,5.97,6.29
2000-08-24,6.19,6.0,5.73,5.96,6.29
2000-08-25,6.19,6.0,5.73,5.96,6.31
2000-08-28,6.23,6.05,5.78,6.01,6.32
2000-08-29,6.26,6.08,5.81,6.04,6.31
2000-08-30,6.24,6.07,5.81,6.03,6.32
2000-08-31,6.18,5.98,5.73,5.96,6.31
2000-09-01,6.09,5.92,5.68,5.95,6.27
2000-09-04,,,,,
2000-09-05,6.09,5.92,5.69,5.94,6.27
2000-09-06,6.11,5.95,5.72,5.99,6.21
2000-09-07,6.14,5.97,5.76,6.02,6.2
2000-09-08,6.11,5.95,5.73,5.99,6.14
2000-09-11,6.12,5.97,5.77,6.02,6.11
2000-09-12,6.12,5.97,5.78,6.04,6.09
2000-09-13,6.09,5.94,5.74,6.01,6.09
2000-09-14,6.11,5.96,5.79,6.09,6.14
2000-09-15,6.07,5.93,5.84,6.16,6.14
2000-09-18,6.04,5.93,5.88,6.2,6.15
2000-09-19,6.05,5.93,5.86,6.18,6.17
2000-09-20,6.11,5.98,5.91,6.23,6.16
2000-09-21,6.11,5.96,5.88,6.18,6.16
2000-09-22,6.09,5.93,5.85,6.18,6.16
2000-09-25,6.11,5.94,5.84,6.16,6.18
2000-09-26,6.07,5.9,5.81,6.12,6.18
2000-09-27,6.0,5.89,5.83,6.15,6.2
2000-09-28,6.02,5.9,5.82,6.14,6.25
2000-09-29,5.98,5.85,5.8,6.13,6.23
2000-10-02,5.98,5.86,5.83,6.18,6.27
2000-10-03,6.0,5.88,5.87,6.2,6.24
2000-10-04,6.03,5.94,5.9,6.21,6.24
2000-10-05,6.02,5.92,5.87,6.17,6.25
2000-10-06,5.98,5.88,5.82,6.11,6.24
2000-10-09,,,,,
2000-10-10,5.98,5.86,5.8,6.08,6.27
2000-10-11,5.93,5.82,5.77,6.06,6.23
2000-10-12,5.86,5.74,5.73,6.05,6.19
2000-10-13,5.84,5.73,5.73,6.05,6.19
2000-10-16,5.89,5.77,5.74,6.06,6.28
2000-10-17,5.83,5.68,5.68,6.0,6.3
2000-10-18,5.82,5.68,5.66,6.0,6.3
2000-10-19,5.86,5.69,5.66,5.98,6.32
2000-10-20,5.84,5.69,5.64,5.95,6.31
2000-10-23,5.82,5.66,5.59,5.89,6.34
2000-10-24,5.86,5.7,5.63,5.93,6.35
2000-10-25,5.87,5.74,5.67,5.97,6.39
2000-10-26,5.9,5.75,5.69,5.96,6.36
2000-10-27,5.94,5.79,5.72,5.96,6.35
2000-10-30,5.97,5.83,5.74,5.98,6.39
2000-10-31,5.94,5.83,5.77,6.02,6.38
2000-11-01,5.88,5.79,5.74,6.0,6.37
2000-11-02,5.87,5.78,5.74,6.01,6.37
2000-11-03,5.94,5.86,5.83,6.09,6.38
2000-11-06,5.99,5.91,5.87,6.12,6.42
2000-11-07,5.99,5.84,5.87,6.12,6.42
2000-11-08,5.99,5.83,5.87,6.09,6.41
2000-11-09,5.94,5.76,5.82,6.06,6.4
2000-11-10,5.92,5.76,5.82,6.07,6.37
2000-11-13,5.9,5.72,5.77,6.04,6.39
2000-11-14,5.92,5.72,5.76,6.01,6.37
2000-11-15,5.9,5.69,5.72,5.97,6.38
2000-11-16,5.87,5.66,5.68,5.94,6.35
2000-11-17,5.88,5.67,5.71,5.97,6.35
2000-11-20,5.87,5.65,5.68,5.96,6.36
2000-11-21,5.86,5.65,5.67,5.93,6.36
2000-11-22,5.85,5.6,5.62,5.87,6.36
2000-11-23,,,,,
2000-11-24,5.86,5.63,5.63,5.86,6.36
2000-11-27,5.86,5.63,5.64,5.89,6.33
2000-11-28,5.79,5.57,5.59,5.86,6.28
2000-11-29,5.69,5.51,5.55,5.84,6.24
2000-11-30,5.61,5.42,5.48,5.78,6.21
2000-12-01,5.62,5.46,5.52,5.82,6.23
2000-12-04,5.59,5.45,5.53,5.84,6.15
2000-12-05,5.49,5.36,5.43,5.76,6.08
2000-12-06,5.42,5.26,5.32,5.68,6.09
2000-12-07,5.45,5.26,5.32,5.67,6.11
2000-12-08,5.5,5.32,5.35,5.71,6.09
2000-12-11,5.52,5.33,5.37,5.71,6.08
2000-12-12,5.54,5.33,5.36,5.7,6.06
2000-12-13,5.45,5.24,5.29,5.64,6.06
2000-12-14,5.43,5.19,5.23,5.6,6.06
2000-12-15,5.38,5.15,5.2,5.59,6.02
2000-12-18,5.33,5.1,5.17,5.59,5.95
2000-12-19,5.35,5.12,5.19,5.61,5.93
2000-12-20,5.24,5.0,5.08,5.55,5.82
2000-12-21,5.14,4.94,5.03,5.53,5.38
2000-12-22,5.1,4.93,5.02,5.52,5.27
2000-12-25,,,,,
2000-12-26,5.1,4.92,5.04,5.54,5.85
2000-12-27,5.1,4.99,5.11,5.58,5.75
2000-12-28,5.18,5.02,5.13,5.59,5.87
2000-12-29,5.11,4.99,5.12,5.59,5.89
2001-01-01,,,,,
2001-01-02,4.87,4.76,4.92,5.46,5.87
2001-01-03,4.92,4.94,5.14,5.62,5.69
2001-01-04,4.77,4.82,5.03,5.56,5.37
2001-01-05,4.56,4.66,4.93,5.5,5.12
2001-01-08,4.54,4.65,4.94,5.52,5.19
2001-01-09,4.64,4.73,4.98,5.53,5.24
2001-01-10,4.76,4.83,5.1,5.6,5.29
2001-01-11,4.77,4.85,5.14,5.67,5.31
2001-01-12,4.9,4.97,5.25,5.74,5.33
2001-01-15,,,,,
2001-01-16,4.89,4.96,5.24,5.71,5.38
2001-01-17,4.84,4.87,5.19,5.64,5.36
2001-01-18,4.72,4.74,5.12,5.57,5.28
2001-01-19,4.75,4.84,5.19,5.67,5.24
2001-01-22,4.75,4.87,5.25,5.71,5.23
2001-01-23,4.82,4.96,5.3,5.76,5.24
2001-01-24,4.81,4.98,5.33,5.78,5.28
2001-01-25,4.78,4.94,5.29,5.73,5.28
2001-01-26,4.78,4.93,5.29,5.75,5.17
2001-01-29,4.77,4.97,5.32,5.78,5.11
2001-01-30,4.7,4.91,5.24,5.68,5.02
2001-01-31,4.62,4.85,5.19,5.65,4.99
2001-02-01,4.55,4.78,5.1,5.55,5.0
2001-02-02,4.65,4.86,5.17,5.6,5.06
2001-02-05,4.68,4.88,5.18,5.58,5.06
2001-02-06,4.72,4.92,5.22,5.61,5.07
2001-02-07,4.7,4.91,5.1,5.61,5.07
2001-02-08,4.73,4.93,5.1,5.62,5.08
2001-02-09,4.67,4.85,5.03,5.55,5.06
2001-02-12,4.67,4.86,5.05,5.6,5.04
2001-02-13,4.75,4.9,5.07,5.62,5.05
2001-02-14,4.84,4.99,5.13,5.64,5.07
2001-02-15,4.89,5.06,5.19,5.71,5.08
2001-02-16,4.75,4.94,5.11,5.67,5.02
2001-02-19,,,,,
2001-02-20,4.73,4.94,5.11,5.66,5.04
2001-02-21,4.68,4.96,5.14,5.7,5.02
2001-02-22,4.63,4.94,5.15,5.72,5.01
2001-02-23,4.53,4.86,5.1,5.66,4.89
2001-02-26,4.46,4.81,5.05,5.62,4.81
2001-02-27,4.44,4.75,4.96,5.51,4.82
2001-02-28,4.41,4.7,4.92,5.51,4.85
2001-03-01,4.41,4.67,4.87,5.45,4.84
2001-03-02,4.48,4.75,4.95,5.55,4.84
2001-03-05,4.49,4.78,4.98,5.55,4.82
2001-03-06,4.49,4.78,4.99,5.56,4.79
2001-03-07,4.43,4.72,4.92,5.49,4.69
2001-03-08,4.43,4.7,4.89,5.48,4.68
2001-03-09,4.47,4.75,4.95,5.5,4.72
2001-03-12,4.46,4.72,4.92,5.48,4.66
2001-03-13,4.46,4.75,4.95,5.5,4.66
2001-03-14,4.32,4.62,4.84,5.43,4.54
2001-03-15,4.22,4.55,4.81,5.43,4.52
2001-03-16,4.26,4.54,4.78,5.41,4.54
2001-03-19,4.32,4.58,4.82,5.44,4.53
2001-03-20,4.24,4.52,4.78,5.41,4.49
2001-03-21,4.21,4.49,4.77,5.42,4.31
2001-03-22,4.17,4.44,4.73,5.38,4.26
2001-03-23,4.24,4.52,4.8,5.43,4.29
2001-03-26,4.27,4.56,4.85,5.5,4.29
2001-03-27,4.41,4.73,5.0,5.61,4.35
2001-03-28,4.3,4.68,4.97,5.61,4.34
2001-03-29,4.27,4.67,4.98,5.63,4.32
2001-03-30,4.18,4.62,4.93,5.6,4.3
2001-04-02,4.22,4.66,4.98,5.64,4.22
2001-04-03,4.15,4.6,4.94,5.62,4.15
2001-04-04,4.12,4.58,4.94,5.62,4.1
2001-04-05,4.19,4.63,4.98,5.66,4.11
2001-04-06,4.07,4.52,4.89,5.57,3.94
2001-04-09,4.1,4.56,4.93,5.61,3.93
2001-04-10,4.24,4.7,5.09,5.76,3.94
2001-04-11,4.29,4.75,5.12,5.75,4.08
2001-04-12,4.36,4.83,5.17,5.77,4.01
2001-04-13,,,,,
2001-04-16,4.49,4.94,5.28,5.86,4.15
2001-04-17,4.41,4.87,5.21,5.8,4.12
2001-04-18,4.26,4.75,5.14,5.79,3.91
2001-04-19,4.29,4.86,5.27,5.91,3.87
2001-04-20,4.26,4.88,5.29,5.92,3.77
2001-04-23,4.15,4.78,5.2,5.84,3.75
2001-04-24,4.16,4.78,5.22,5.87,3.8
2001-04-25,4.2,4.88,5.28,5.91,3.84
2001-04-26,4.14,4.79,5.2,5.82,3.83
2001-04-27,4.28,4.94,5.34,5.94,3.85
2001-04-30,4.3,4.97,5.35,5.92,3.95
2001-05-01,4.23,4.94,5.3,5.87,3.92
2001-05-02,4.27,4.95,5.31,5.83,3.89
2001-05-03,4.22,4.87,5.22,5.75,3.84
2001-05-04,4.14,4.83,5.21,5.77,3.74
2001-05-07,4.12,4.82,5.21,5.78,3.74
2001-05-08,4.1,4.68,5.24,5.81,3.7
2001-05-09,4.07,4.65,5.2,5.76,3.72
2001-05-10,4.17,4.76,5.31,5.86,3.74
2001-05-11,4.36,4.99,5.51,6.02,3.78
2001-05-14,4.29,4.94,5.46,5.99,3.71
2001-05-15,4.28,4.95,5.5,6.03,3.63
2001-05-16,4.25,4.95,5.48,6.01,3.57
2001-05-17,4.33,4.99,5.46,5.96,3.57
2001-05-18,4.37,4.99,5.41,5.93,3.61
2001-05-21,4.37,4.99,5.41,5.92,3.65
2001-05-22,4.34,4.99,5.42,5.95,3.64
2001-05-23,4.29,4.96,5.41,5.95,3.64
2001-05-24,4.32,5.05,5.52,6.04,3.7
2001-05-25,4.31,5.04,5.52,6.04,3.66
2001-05-28,,,,,
2001-05-29,4.33,5.06,5.54,6.05,3.71
2001-05-30,4.34,5.07,5.54,6.04,3.68
2001-05-31,4.22,4.94,5.43,5.95,3.63
2001-06-01,4.22,4.94,5.39,5.89,3.67
2001-06-04,4.19,4.93,5.35,5.87,3.68
2001-06-05,4.12,4.84,5.29,5.85,3.63
2001-06-06,4.12,4.83,5.27,5.83,3.62
2001-06-07,4.14,4.88,5.33,5.89,3.63
2001-06-08,4.17,4.93,5.38,5.9,3.64
2001-06-11,4.11,4.87,5.32,5.85,3.6
2001-06-12,4.09,4.82,5.27,5.81,3.56
2001-06-13,4.08,4.81,5.28,5.81,3.55
2001-06-14,4.04,4.76,5.26,5.8,3.56
2001-06-15,4.01,4.74,5.27,5.83,3.52
2001-06-18,3.98,4.73,5.27,5.84,3.52
2001-06-19,3.99,4.72,5.26,5.82,3.51
2001-06-20,3.98,4.72,5.24,5.8,3.49
2001-06-21,3.99,4.7,5.22,5.77,3.51
2001-06-22,3.93,4.63,5.14,5.7,3.45
2001-06-25,3.96,4.65,5.16,5.72,3.46
2001-06-26,4.03,4.74,5.24,5.78,3.46
2001-06-27,4.06,4.82,5.26,5.77,3.52
2001-06-28,4.22,4.92,5.35,5.85,3.64
2001-06-29,4.25,4.97,5.42,5.91,3.65
2001-07-02,4.21,4.88,5.37,5.86,3.67
2001-07-03,4.24,4.91,5.41,5.9,3.66
2001-07-04,,,,,
2001-07-05,4.24,4.95,5.44,5.94,3.65
2001-07-06,4.16,4.9,5.41,5.92,3.63
2001-07-09,4.15,4.88,5.37,5.87,3.65
2001-07-10,4.08,4.82,5.32,5.83,3.63
2001-07-11,4.07,4.81,5.31,5.84,3.58
2001-07-12,4.07,4.8,5.27,5.8,3.6
2001-07-13,4.12,4.82,5.27,5.79,3.62
2001-07-16,4.07,4.76,5.21,5.74,3.64
2001-07-17,4.09,4.78,5.22,5.74,3.61
2001-07-18,3.96,4.66,5.12,5.65,3.54
2001-07-19,3.98,4.69,5.13,5.66,3.55
2001-07-20,3.98,4.7,5.15,5.67,3.53
2001-07-23,3.98,4.68,5.13,5.66,3.56
2001-07-24,3.97,4.67,5.13,5.64,3.56
2001-07-25,3.98,4.74,5.2,5.7,3.56
2001-07-26,3.94,4.71,5.19,5.71,3.56
2001-07-27,3.87,4.64,5.13,5.65,3.55
2001-07-30,3.86,4.63,5.11,5.63,3.57
2001-07-31,3.79,4.57,5.07,5.61,3.54
2001-08-01,3.83,4.62,5.11,5.63,3.53
2001-08-02,3.89,4.69,5.17,5.68,3.53
2001-08-03,3.91,4.72,5.2,5.7,3.52
2001-08-06,3.88,4.71,5.19,5.7,3.52
2001-08-07,3.9,4.72,5.2,5.71,3.52
2001-08-08,3.77,4.61,4.99,5.61,3.49
2001-08-09,3.77,4.66,5.04,5.64,3.45
2001-08-10,3.73,4.61,4.99,5.61,3.43
2001-08-13,3.7,4.57,4.97,5.6,3.45
2001-08-14,3.74,4.59,4.97,5.61,3.43
2001-08-15,3.8,4.62,5.0,5.62,3.43
2001-08-16,3.75,4.58,4.95,5.58,3.39
2001-08-17,3.67,4.49,4.84,5.51,3.36
2001-08-20,3.74,4.55,4.91,5.55,3.42
2001-08-21,3.69,4.5,4.87,5.54,3.39
2001-08-22,3.76,4.53,4.91,5.53,3.38
2001-08-23,3.72,4.52,4.89,5.5,3.4
2001-08-24,3.76,4.55,4.93,5.54,3.42
2001-08-27,3.78,4.57,4.94,5.56,3.45
2001-08-28,3.71,4.48,4.85,5.49,3.41
2001-08-29,3.67,4.43,4.78,5.44,3.42
2001-08-30,3.61,4.42,4.79,5.45,3.36
2001-08-31,3.64,4.46,4.85,5.47,3.37
2001-09-03,,,,,
2001-09-04,3.83,4.63,4.99,5.59,3.44
2001-09-05,3.79,4.61,4.97,5.57,3.41
2001-09-06,3.65,4.48,4.86,5.5,3.34
2001-09-07,3.53,4.39,4.8,5.45,3.27
2001-09-10,3.53,4.41,4.84,5.5,3.26
2001-09-11,,,,,
2001-09-12,,,,,
2001-09-13,2.99,4.03,4.64,5.41,2.74
2001-09-14,2.87,3.92,4.57,5.38,2.64
2001-09-17,2.96,3.99,4.63,5.44,2.59
2001-09-18,2.96,4.01,4.72,5.59,2.48
2001-09-19,2.81,3.9,4.69,5.59,2.19
2001-09-20,2.91,3.97,4.75,5.67,2.22
2001-09-21,2.91,3.94,4.7,5.62,2.25
2001-09-24,2.94,4.0,4.73,5.61,2.38
2001-09-25,2.88,3.97,4.72,5.6,2.4
2001-09-26,2.82,3.91,4.65,5.52,2.38
2001-09-27,2.78,3.87,4.58,5.46,2.38
2001-09-28,2.86,3.93,4.6,5.45,2.4
2001-10-01,2.82,3.9,4.55,5.39,2.37
2001-10-02,2.77,3.87,4.53,5.36,2.26
2001-10-03,2.77,3.86,4.5,5.34,2.23
2001-10-04,2.75,3.88,4.53,5.33,2.21
2001-10-05,2.71,3.87,4.52,5.34,2.19
2001-10-08,,,,,
2001-10-09,2.74,3.96,4.62,5.42,2.22
2001-10-10,2.78,3.96,4.61,5.38,2.22
2001-10-11,2.88,4.03,4.69,5.45,2.27
2001-10-12,2.81,4.01,4.68,5.45,2.25
2001-10-15,2.78,3.97,4.62,5.4,2.25
2001-10-16,2.77,3.93,4.59,5.38,2.22
2001-10-17,2.8,3.93,4.59,5.35,2.22
2001-10-18,2.77,3.93,4.58,5.34,2.19
2001-10-19,2.77,3.96,4.63,5.39,2.19
2001-10-22,2.79,3.98,4.63,5.38,2.22
2001-10-23,2.81,4.01,4.66,5.4,2.2
2001-10-24,2.72,3.96,4.61,5.32,2.17
2001-10-25,2.63,3.89,4.56,5.28,2.14
2001-10-26,2.63,3.88,4.53,5.27,2.14
2001-10-29,2.55,3.82,4.5,5.24,2.09
2001-10-30,2.48,3.76,4.44,5.21,2.05
2001-10-31,2.44,3.66,4.3,5.05,2.05
2001-11-01,2.49,3.66,4.24,5.0,2.06
2001-11-02,2.48,3.77,4.37,5.14,2.01
2001-11-05,2.46,3.71,4.31,5.06,2.01
2001-11-06,2.37,3.54,4.3,5.05,1.85
2001-11-07,2.32,3.47,4.22,4.95,1.8
2001-11-08,2.42,3.58,4.32,5.03,1.84
2001-11-09,2.45,3.62,4.34,5.05,1.83
2001-11-12,,,,,
2001-11-13,2.54,3.69,4.41,5.1,1.84
2001-11-14,2.7,3.83,4.54,5.2,1.87
2001-11-15,2.98,4.1,4.79,5.41,1.92
2001-11-16,3.09,4.24,4.91,5.52,1.95
2001-11-19,2.92,4.12,4.8,5.42,1.94
2001-11-20,2.96,4.17,4.88,5.5,1.95
2001-11-21,3.11,4.31,4.98,5.59,1.96
2001-11-22,,,,,
2001-11-23,3.2,4.4,5.04,5.65,1.95
2001-11-26,3.22,4.41,5.05,5.66,1.98
2001-11-27,3.11,4.32,4.98,5.64,1.92
2001-11-28,3.12,4.33,4.98,5.63,1.87
2001-11-29,2.87,4.1,4.79,5.52,1.8
2001-11-30,2.84,4.08,4.78,5.54,1.78
2001-12-03,2.82,4.04,4.75,5.49,1.78
2001-12-04,2.81,3.99,4.7,5.43,1.74
2001-12-05,3.07,4.24,4.92,5.61,1.77
2001-12-06,3.19,4.38,5.04,5.72,1.75
2001-12-07,3.19,4.5,5.2,5.9,1.69
2001-12-10,3.1,4.46,5.17,5.86,1.71
2001-12-11,3.03,4.38,5.13,5.83,1.66
2001-12-12,2.97,4.29,5.02,5.74,1.67
2001-12-13,3.09,4.4,5.13,5.81,1.69
2001-12-14,3.2,4.52,5.24,5.89,1.73
2001-12-17,3.21,4.54,5.26,5.91,1.74
2001-12-18,3.13,4.46,5.16,5.81,1.71
2001-12-19,3.11,4.38,5.08,5.73,1.69
2001-12-20,3.15,4.42,5.08,5.73,1.69
2001-12-21,3.17,4.45,5.12,5.76,1.71
2001-12-24,3.22,4.49,5.18,5.81,1.72
2001-12-25,,,,,
2001-12-26,3.26,4.55,5.22,5.84,1.75
2001-12-27,3.19,4.46,5.13,5.78,1.74
2001-12-28,3.16,4.46,5.15,5.82,1.72
2001-12-31,3.07,4.38,5.07,5.74,1.74
2002-01-01,,,,,
2002-01-02,3.22,4.52,5.2,5.86,1.74
2002-01-03,3.19,4.48,5.16,5.83,1.73
2002-01-04,3.19,4.5,5.18,5.87,1.72
2002-01-07,3.08,4.39,5.09,5.76,1.68
2002-01-08,3.07,4.39,5.1,5.77,1.68
2002-01-09,3.03,4.38,5.1,5.76,1.68
2002-01-10,2.94,4.27,5.0,5.64,1.68
2002-01-11,2.76,4.14,4.92,5.6,1.58
2002-01-14,2.79,4.15,4.91,5.62,1.58
2002-01-15,2.79,4.14,4.88,5.56,1.6
2002-01-16,2.84,4.16,4.88,5.58,1.61
2002-01-17,2.96,4.28,4.98,5.65,1.64
2002-01-18,2.91,4.23,4.94,5.59,1.62
2002-01-21,,,,,
2002-01-22,2.97,4.27,4.96,5.62,1.7
2002-01-23,3.07,4.36,5.05,5.73,1.71
2002-01-24,3.15,4.4,5.07,5.71,1.72
2002-01-25,3.17,4.46,5.1,5.72,1.72
2002-01-28,3.19,4.48,5.12,5.72,1.76
2002-01-29,3.05,4.35,5.02,5.63,1.72
2002-01-30,3.06,4.37,5.02,5.64,1.75
2002-01-31,3.16,4.42,5.07,5.68,1.76
2002-02-01,3.08,4.37,5.02,5.63,1.76
2002-02-04,2.99,4.29,4.94,5.57,1.77
2002-02-05,2.99,4.29,4.92,5.56,1.76
2002-02-06,2.98,4.3,4.92,5.61,1.74
2002-02-07,2.99,4.33,4.93,5.64,1.73
2002-02-08,2.95,4.28,4.9,5.6,1.73
2002-02-11,2.95,4.29,4.91,5.63,1.75
2002-02-12,3.04,4.36,4.97,5.69,1.75
2002-02-13,3.09,4.4,5.01,5.72,1.76
2002-02-14,3.07,4.35,4.95,5.64,1.75
2002-02-15,2.97,4.27,4.86,5.58,1.74
2002-02-18,,,,,
2002-02-19,2.98,4.28,4.88,5.61,1.76
2002-02-20,3.0,4.28,4.88,5.6,1.76
2002-02-21,3.0,4.27,4.88,5.58,1.76
2002-02-22,2.97,4.23,4.84,5.55,1.76
2002-02-25,3.01,4.26,4.86,5.56,1.77
2002-02-26,3.08,4.33,4.93,5.63,1.77
2002-02-27,3.09,4.22,4.84,5.56,1.77
2002-02-28,3.06,4.27,4.88,5.61,1.79
2002-03-01,3.18,4.43,4.98,5.7,1.77
2002-03-04,3.24,4.43,5.02,5.71,1.81
2002-03-05,3.25,4.44,5.02,5.7,1.8
2002-03-06,3.26,4.45,5.06,5.74,1.78
2002-03-07,3.36,4.65,5.22,5.88,1.78
2002-03-08,3.6,4.77,5.33,5.95,1.81
2002-03-11,3.59,4.77,5.33,5.96,1.86
2002-03-12,3.56,4.75,5.32,5.96,1.84
2002-03-13,3.49,4.69,5.28,5.95,1.82
2002-03-14,3.63,4.83,5.4,6.05,1.86
2002-03-15,3.63,4.8,5.35,5.98,1.86
2002-03-18,3.67,4.79,5.32,5.95,1.88
2002-03-19,3.64,4.78,5.33,5.96,1.85
2002-03-20,3.71,4.87,5.4,6.04,1.84
2002-03-21,3.73,4.88,5.39,6.02,1.84
2002-03-22,3.77,4.9,5.4,6.04,1.84
2002-03-25,3.78,4.92,5.41,6.03,1.85
2002-03-26,3.68,4.85,5.35,5.96,1.81
2002-03-27,3.66,4.85,5.35,5.96,1.81
2002-03-28,3.72,4.91,5.42,6.03,1.79
2002-03-29,,,,,
2002-04-01,3.74,4.93,5.44,6.04,1.79
2002-04-02,3.63,4.84,5.36,5.96,1.8
2002-04-03,3.55,4.76,5.3,5.92,1.79
2002-04-04,3.57,4.76,5.28,5.89,1.78
2002-04-05,3.49,4.68,5.22,5.84,1.76
2002-04-08,3.51,4.7,5.25,5.89,1.75
2002-04-09,3.48,4.67,5.22,5.84,1.73
2002-04-10,3.48,4.68,5.24,5.88,1.71
2002-04-11,3.47,4.66,5.22,5.85,1.72
2002-04-12,3.41,4.6,5.18,5.81,1.71
2002-04-15,3.38,4.57,5.15,5.78,1.72
2002-04-16,3.43,4.62,5.2,5.83,1.74
2002-04-17,3.41,4.64,5.24,5.9,1.73
2002-04-18,3.38,4.64,5.23,5.88,1.72
2002-04-19,3.36,4.62,5.21,5.85,1.73
2002-04-22,3.37,4.62,5.19,5.85,1.72
2002-04-23,3.39,4.62,5.18,5.83,1.73
2002-04-24,3.28,4.53,5.11,5.77,1.72
2002-04-25,3.25,4.52,5.1,5.77,1.74
2002-04-26,3.22,4.49,5.08,5.73,1.75
2002-04-29,3.26,4.55,5.13,5.77,1.78
2002-04-30,3.24,4.53,5.11,5.74,1.77
2002-05-01,3.21,4.49,5.08,5.71,1.77
2002-05-02,3.25,4.54,5.13,5.74,1.77
2002-05-03,3.17,4.48,5.08,5.7,1.76
2002-05-06,3.19,4.5,5.1,5.71,1.78
2002-05-07,3.14,4.43,5.09,5.71,1.76
2002-05-08,3.32,4.58,5.24,5.84,1.76
2002-05-09,3.27,4.53,5.2,5.8,1.77
2002-05-10,3.19,4.46,5.15,5.77,1.77
2002-05-13,3.28,4.54,5.23,5.86,1.79
2002-05-14,3.4,4.64,5.32,5.94,1.78
2002-05-15,3.37,4.59,5.28,5.92,1.76
2002-05-16,3.28,4.52,5.2,5.87,1.75
2002-05-17,3.41,4.6,5.27,5.94,1.76
2002-05-20,3.33,4.53,5.21,5.88,1.77
2002-05-21,3.28,4.49,5.18,5.84,1.75
2002-05-22,3.23,4.43,5.13,5.8,1.74
2002-05-23,3.28,4.46,5.16,5.83,1.74
2002-05-24,3.28,4.47,5.16,5.83,1.74
2002-05-27,,,,,
2002-05-28,3.3,4.46,5.16,5.83,1.77
2002-05-29,3.24,4.41,5.11,5.79,1.75
2002-05-30,3.17,4.36,5.06,5.74,1.75
2002-05-31,3.22,4.37,5.08,5.77,1.74
2002-06-03,3.19,4.36,5.06,5.76,1.77
2002-06-04,3.13,4.31,5.04,5.75,1.76
2002-06-05,3.16,4.35,5.08,5.79,1.75
2002-06-06,3.13,4.3,5.04,5.75,1.74
2002-06-07,3.16,4.36,5.1,5.81,1.74
2002-06-10,3.15,4.34,5.07,5.76,1.76
2002-06-11,3.09,4.29,5.02,5.71,1.75
2002-06-12,3.05,4.24,4.98,5.68,1.74
2002-06-13,3.0,4.2,4.94,5.65,1.72
2002-06-14,2.92,4.1,4.83,5.54,1.71
2002-06-17,2.96,4.14,4.89,5.61,1.74
2002-06-18,2.93,4.13,4.88,5.6,1.73
2002-06-19,2.81,4.01,4.76,5.51,1.71
2002-06-20,2.93,4.11,4.85,5.59,1.73
2002-06-21,2.88,4.06,4.79,5.54,1.72
2002-06-24,2.93,4.13,4.87,5.6,1.74
2002-06-25,2.92,4.13,4.88,5.62,1.73
2002-06-26,2.77,3.99,4.75,5.53,1.7
2002-06-27,2.85,4.08,4.84,5.63,1.7
2002-06-28,2.9,4.09,4.86,5.65,1.7
2002-07-01,2.88,4.08,4.85,5.64,1.72
2002-07-02,2.78,3.99,4.77,5.56,1.72
2002-07-03,2.78,4.0,4.78,5.57,1.72
2002-07-04,,,,,
2002-07-05,2.9,4.13,4.9,5.67,1.72
2002-07-08,2.84,4.07,4.84,5.63,1.73
2002-07-09,2.74,3.98,4.78,5.57,1.72
2002-07-10,2.61,3.85,4.66,5.48,1.72
2002-07-11,2.61,3.86,4.66,5.47,1.72
2002-07-12,2.56,3.82,4.63,5.45,1.71
2002-07-15,2.55,3.85,4.66,5.49,1.72
2002-07-16,2.66,3.93,4.75,5.58,1.72
2002-07-17,2.63,3.89,4.71,5.54,1.72
2002-07-18,2.55,3.82,4.66,5.52,1.72
2002-07-19,2.48,3.76,4.61,5.47,1.71
2002-07-22,2.4,3.65,4.51,5.4,1.7
2002-07-23,2.34,3.59,4.47,5.39,1.7
2002-07-24,2.38,3.6,4.49,5.42,1.69
2002-07-25,2.28,3.51,4.43,5.39,1.7
2002-07-26,2.2,3.46,4.43,5.42,1.69
2002-07-29,2.41,3.68,4.62,5.54,1.72
2002-07-30,2.44,3.71,4.65,5.54,1.72
2002-07-31,2.23,3.53,4.51,5.41,1.71
2002-08-01,2.15,3.46,4.47,5.41,1.68
2002-08-02,1.99,3.27,4.33,5.29,1.63
2002-08-05,1.93,3.21,4.29,5.26,1.64
2002-08-06,2.11,3.36,4.42,5.35,1.65
2002-08-07,1.98,3.24,4.35,5.31,1.59
2002-08-08,2.1,3.35,4.4,5.34,1.62
2002-08-09,2.1,3.28,4.27,5.22,1.62
2002-08-12,2.1,3.24,4.22,5.16,1.68
2002-08-13,2.0,3.15,4.12,5.09,1.63
2002-08-14,2.12,3.19,4.06,5.03,1.64
2002-08-15,2.22,3.28,4.17,5.12,1.62
2002-08-16,2.28,3.41,4.32,5.24,1.62
2002-08-19,2.25,3.4,4.29,5.21,1.67
2002-08-20,2.12,3.25,4.17,5.12,1.62
2002-08-21,2.12,3.28,4.2,5.14,1.63
2002-08-22,2.22,3.37,4.3,5.22,1.65
2002-08-23,2.19,3.31,4.25,5.15,1.65
2002-08-26,2.19,3.29,4.22,5.12,1.68
2002-08-27,2.26,3.37,4.29,5.2,1.68
2002-08-28,2.23,3.31,4.22,5.14,1.67
2002-08-29,2.14,3.24,4.16,5.08,1.68
2002-08-30,2.14,3.22,4.14,5.06,1.69
2002-09-02,,,,,
2002-09-03,2.01,3.04,3.98,4.92,1.64
2002-09-04,2.02,3.02,3.96,4.91,1.63
2002-09-05,1.95,2.95,3.91,4.88,1.61
2002-09-06,2.08,3.1,4.05,5.0,1.66
2002-09-09,2.13,3.11,4.05,4.99,1.69
2002-09-10,2.12,3.08,4.0,4.96,1.68
2002-09-11,2.18,3.15,4.07,5.01,1.69
2002-09-12,2.12,3.07,3.98,4.93,1.69
2002-09-13,2.07,3.0,3.92,4.87,1.69
2002-09-16,2.07,3.0,3.9,4.85,1.71
2002-09-17,2.06,2.97,3.87,4.83,1.7
2002-09-18,2.04,2.96,3.86,4.85,1.68
2002-09-19,1.93,2.87,3.79,4.8,1.65
2002-09-20,1.94,2.86,3.79,4.82,1.65
2002-09-23,1.93,2.76,3.7,4.75,1.65
2002-09-24,1.93,2.76,3.69,4.74,1.65
2002-09-25,2.0,2.83,3.77,4.83,1.66
2002-09-26,1.97,2.86,3.79,4.85,1.65
2002-09-27,1.82,2.74,3.69,4.78,1.63
2002-09-30,1.72,2.63,3.63,4.75,1.57
2002-10-01,1.8,2.75,3.72,4.81,1.59
2002-10-02,1.75,2.74,3.71,4.78,1.58
2002-10-03,1.75,2.74,3.7,4.79,1.57
2002-10-04,1.78,2.73,3.69,4.77,1.61
2002-10-07,1.77,2.67,3.64,4.75,1.63
2002-10-08,1.8,2.7,3.65,4.75,1.61
2002-10-09,1.72,2.65,3.61,4.72,1.57
2002-10-10,1.75,2.68,3.68,4.78,1.58
2002-10-11,1.85,2.83,3.83,4.91,1.58
2002-10-14,,,,,
2002-10-15,2.08,3.11,4.07,5.09,1.68
2002-10-16,2.02,3.11,4.06,5.1,1.66
2002-10-17,2.1,3.2,4.16,5.18,1.67
2002-10-18,2.09,3.17,4.14,5.17,1.67
2002-10-21,2.23,3.28,4.24,5.23,1.71
2002-10-22,2.21,3.29,4.27,5.26,1.69
2002-10-23,2.2,3.26,4.26,5.26,1.68
2002-10-24,2.09,3.18,4.16,5.2,1.65
2002-10-25,1.98,3.1,4.12,5.16,1.64
2002-10-28,1.88,3.03,4.1,5.15,1.59
2002-10-29,1.79,2.89,3.97,5.05,1.51
2002-10-30,1.74,2.87,3.99,5.07,1.51
2002-10-31,1.68,2.81,3.93,5.03,1.44
2002-11-01,1.76,2.92,4.01,5.07,1.43
2002-11-04,1.79,3.0,4.07,5.11,1.43
2002-11-05,1.82,3.0,4.1,5.13,1.42
2002-11-06,1.87,3.01,4.09,5.12,1.23
2002-11-07,1.86,2.86,3.88,4.94,1.22
2002-11-08,1.87,2.87,3.85,4.87,1.22
2002-11-11,,,,,
2002-11-12,1.79,2.83,3.84,4.87,1.22
2002-11-13,1.76,2.82,3.84,4.86,1.21
2002-11-14,1.89,3.01,4.03,5.01,1.22
2002-11-15,1.91,3.05,4.05,5.02,1.22
2002-11-18,1.91,3.04,4.02,4.98,1.23
2002-11-19,1.91,3.02,3.99,4.94,1.21
2002-11-20,1.98,3.13,4.08,5.04,1.22
2002-11-21,2.05,3.2,4.14,5.1,1.22
2002-11-22,2.1,3.26,4.18,5.12,1.23
2002-11-25,2.09,3.26,4.19,5.13,1.24
2002-11-26,1.97,3.14,4.08,5.03,1.22
2002-11-27,2.13,3.34,4.26,5.23,1.23
2002-11-28,,,,,
2002-11-29,2.08,3.28,4.22,5.18,1.22
2002-12-02,2.07,3.31,4.22,5.17,1.24
2002-12-03,2.08,3.33,4.24,5.18,1.23
2002-12-04,2.02,3.25,4.18,5.14,1.22
2002-12-05,1.97,3.19,4.13,5.09,1.22
2002-12-06,1.89,3.13,4.09,5.08,1.21
2002-12-09,1.88,3.08,4.06,5.05,1.23
2002-12-10,1.9,3.07,4.06,5.02,1.21
2002-12-11,1.85,3.02,4.01,4.97,1.21
2002-12-12,1.85,3.03,4.01,4.97,1.21
2002-12-13,1.87,3.08,4.07,5.03,1.21
2002-12-16,1.94,3.14,4.15,5.11,1.23
2002-12-17,1.89,3.11,4.13,5.11,1.22
2002-12-18,1.81,3.03,4.06,5.05,1.21
2002-12-19,1.74,2.91,3.96,4.97,1.21
2002-12-20,1.76,2.93,3.97,4.97,1.21
2002-12-23,1.79,2.95,3.98,4.98,1.19
2002-12-24,1.73,2.92,3.95,4.93,1.19
2002-12-25,,,,,
2002-12-26,1.7,2.89,3.93,4.91,1.18
2002-12-27,1.6,2.79,3.83,4.83,1.16
2002-12-30,1.61,2.76,3.82,4.82,1.22
2002-12-31,1.61,2.78,3.83,4.83,1.22
2003-01-01,,,,,
2003-01-02,1.8,3.05,4.07,5.05,1.22
2003-01-03,1.79,3.03,4.05,5.03,1.22
2003-01-06,1.84,3.1,4.09,5.05,1.21
2003-01-07,1.77,3.04,4.04,5.03,1.19
2003-01-08,1.71,3.01,4.0,5.0,1.19
2003-01-09,1.87,3.23,4.19,5.17,1.2
2003-01-10,1.79,3.2,4.16,5.14,1.2
2003-01-13,1.81,3.17,4.15,5.13,1.21
2003-01-14,1.76,3.1,4.1,5.09,1.19
2003-01-15,1.75,3.1,4.1,5.07,1.2
2003-01-16,1.75,3.11,4.1,5.06,1.18
2003-01-17,1.7,3.05,4.05,5.0,1.18
2003-01-20,,,,,
2003-01-21,1.67,3.0,4.01,4.98,1.19
2003-01-22,1.66,2.94,3.95,4.94,1.17
2003-01-23,1.69,2.97,3.98,4.98,1.17
2003-01-24,1.66,2.93,3.94,4.92,1.16
2003-01-27,1.7,2.97,3.98,4.96,1.17
2003-01-28,1.7,2.99,4.0,4.96,1.18
2003-01-29,1.77,3.07,4.06,5.01,1.18
2003-01-30,1.7,3.02,4.0,4.96,1.18
2003-01-31,1.72,3.02,4.0,4.93,1.18
2003-02-03,1.72,3.05,4.01,4.93,1.18
2003-02-04,1.68,2.99,3.96,4.89,1.16
2003-02-05,1.73,3.07,4.02,4.97,1.18
2003-02-06,1.68,3.02,3.97,4.91,1.17
2003-02-07,1.63,2.97,3.96,4.88,1.17
2003-02-10,1.68,3.03,3.99,4.94,1.17
2003-02-11,1.65,3.0,3.98,4.93,1.18
2003-02-12,1.62,2.92,3.93,4.9,1.18
2003-02-13,1.57,2.85,3.89,4.86,1.17
2003-02-14,1.62,2.91,3.95,4.94,1.18
2003-02-17,,,,,
2003-02-18,1.66,2.92,3.94,4.92,1.19
2003-02-19,1.61,2.87,3.88,4.86,1.18
2003-02-20,1.59,2.82,3.85,4.84,1.19
2003-02-21,1.63,2.86,3.9,4.88,1.19
2003-02-24,1.6,2.82,3.86,4.85,1.21
2003-02-25,1.58,2.77,3.81,4.81,1.2
2003-02-26,1.57,2.75,3.78,4.77,1.21
2003-02-27,1.58,2.75,3.76,4.75,1.21
2003-02-28,1.53,2.69,3.71,4.7,1.2
2003-03-03,1.52,2.66,3.68,4.69,1.2
2003-03-04,1.49,2.62,3.65,4.68,1.19
2003-03-05,1.46,2.58,3.63,4.67,1.18
2003-03-06,1.47,2.63,3.67,4.7,1.18
2003-03-07,1.39,2.56,3.63,4.67,1.12
2003-03-10,1.35,2.51,3.59,4.64,1.08
2003-03-11,1.38,2.54,3.6,4.64,1.1
2003-03-12,1.45,2.57,3.6,4.62,1.1
2003-03-13,1.59,2.75,3.74,4.75,1.12
2003-03-14,1.56,2.72,3.72,4.73,1.13
2003-03-17,1.63,2.82,3.82,4.82,1.15
2003-03-18,1.72,2.93,3.91,4.89,1.14
2003-03-19,1.72,2.98,3.98,4.94,1.16
2003-03-20,1.75,3.02,4.01,4.99,1.17
2003-03-21,1.8,3.12,4.11,5.08,1.18
2003-03-24,1.71,2.98,3.98,4.97,1.17
2003-03-25,1.69,2.97,3.97,4.97,1.18
2003-03-26,1.68,2.94,3.96,4.96,1.18
2003-03-27,1.62,2.92,3.95,4.96,1.16
2003-03-28,1.56,2.86,3.92,4.93,1.14
2003-03-31,1.51,2.78,3.83,4.84,1.14
2003-04-01,1.5,2.78,3.84,4.85,1.12
2003-04-02,1.6,2.89,3.94,4.94,1.13
2003-04-03,1.55,2.87,3.93,4.95,1.11
2003-04-04,1.55,2.88,3.96,4.97,1.11
2003-04-07,1.65,2.99,4.03,5.01,1.17
2003-04-08,1.59,2.91,3.95,4.93,1.15
2003-04-09,1.55,2.87,3.93,4.92,1.13
2003-04-10,1.6,2.89,3.95,4.94,1.14
2003-04-11,1.65,2.95,4.0,4.96,1.17
2003-04-14,1.74,3.02,4.04,4.99,1.2
2003-04-15,1.69,2.96,3.98,4.93,1.18
2003-04-16,1.67,2.95,3.96,4.92,1.17
2003-04-17,1.71,2.99,3.98,4.91,1.18
2003-04-18,,,,,
2003-04-21,1.71,3.03,4.0,4.92,1.18
2003-04-22,1.7,3.01,4.01,4.94,1.18
2003-04-23,1.7,3.02,4.02,4.92,1.17
2003-04-24,1.62,2.92,3.93,4.84,1.15
2003-04-25,1.57,2.88,3.91,4.83,1.14
2003-04-28,1.59,2.9,3.92,4.83,1.14
2003-04-29,1.62,2.94,3.96,4.86,1.15
2003-04-30,1.51,2.85,3.89,4.79,1.13
2003-05-01,1.5,2.82,3.88,4.8,1.1
2003-05-02,1.56,2.9,3.94,4.84,1.12
2003-05-05,1.55,2.87,3.92,4.8,1.13
2003-05-06,1.45,2.76,3.84,4.76,1.1
2003-05-07,1.45,2.64,3.72,4.67,1.11
2003-05-08,1.49,2.62,3.7,4.65,1.09
2003-05-09,1.45,2.61,3.69,4.64,1.11
2003-05-12,1.46,2.58,3.64,4.6,1.1
2003-05-13,1.47,2.58,3.63,4.58,1.09
2003-05-14,1.41,2.47,3.53,4.47,1.06
2003-05-15,1.46,2.52,3.53,4.48,1.06
2003-05-16,1.38,2.43,3.46,4.44,1.05
2003-05-19,1.35,2.41,3.46,4.44,1.05
2003-05-20,1.31,2.34,3.38,4.36,1.04
2003-05-21,1.38,2.37,3.39,4.33,1.06
2003-05-22,1.36,2.32,3.34,4.29,1.08
2003-05-23,1.38,2.33,3.34,4.28,1.08
2003-05-26,,,,,
2003-05-27,1.33,2.34,3.41,4.39,1.09
2003-05-28,1.35,2.35,3.44,4.42,1.12
2003-05-29,1.3,2.27,3.34,4.35,1.1
2003-05-30,1.33,2.3,3.37,4.36,1.11
2003-06-02,1.33,2.37,3.43,4.43,1.14
2003-06-03,1.2,2.25,3.34,4.35,1.08
2003-06-04,1.2,2.19,3.3,4.32,1.05
2003-06-05,1.25,2.25,3.34,4.37,1.04
2003-06-06,1.27,2.29,3.37,4.37,1.05
2003-06-09,1.19,2.2,3.29,4.31,1.03
2003-06-10,1.13,2.12,3.2,4.22,0.97
2003-06-11,1.16,2.16,3.21,4.23,0.94
2003-06-12,1.13,2.1,3.18,4.18,0.92
2003-06-13,1.1,2.08,3.13,4.13,0.86
2003-06-16,1.18,2.14,3.18,4.18,0.87
2003-06-17,1.25,2.26,3.27,4.26,0.9
2003-06-18,1.27,2.34,3.37,4.35,0.89
2003-06-19,1.17,2.28,3.35,4.37,0.81
2003-06-20,1.22,2.31,3.4,4.41,0.83
2003-06-23,1.17,2.24,3.32,4.35,0.85
2003-06-24,1.14,2.21,3.29,4.31,0.83
2003-06-25,1.3,2.32,3.38,4.4,0.92
2003-06-26,1.41,2.49,3.55,4.52,0.91
2003-06-27,1.38,2.52,3.58,4.57,0.87
2003-06-30,1.32,2.46,3.54,4.52,0.9
2003-07-01,1.3,2.48,3.56,4.54,0.89
2003-07-02,1.3,2.47,3.56,4.54,0.87
2003-07-03,1.32,2.55,3.67,4.64,0.87
2003-07-04,,,,,
2003-07-07,1.36,2.63,3.74,4.69,0.92
2003-07-08,1.39,2.65,3.75,4.71,0.92
2003-07-09,1.37,2.63,3.73,4.69,0.9
2003-07-10,1.33,2.59,3.7,4.68,0.89
2003-07-11,1.29,2.52,3.66,4.65,0.89
2003-07-14,1.35,2.6,3.74,4.74,0.91
2003-07-15,1.45,2.81,3.94,4.91,0.92
2003-07-16,1.49,2.87,3.97,4.91,0.91
2003-07-17,1.47,2.88,3.98,4.92,0.9
2003-07-18,1.51,2.93,4.0,4.93,0.91
2003-07-21,1.61,3.1,4.19,5.09,0.93
2003-07-22,1.57,3.07,4.17,5.07,0.93
2003-07-23,1.54,3.04,4.12,5.04,0.93
2003-07-24,1.54,3.08,4.2,5.12,0.93
2003-07-25,1.52,3.1,4.22,5.15,0.93
2003-07-28,1.61,3.21,4.31,5.23,0.97
2003-07-29,1.67,3.33,4.42,5.33,0.99
2003-07-30,1.64,3.27,4.34,5.27,0.98
2003-07-31,1.8,3.38,4.49,5.43,0.96
2003-08-01,1.85,3.37,4.44,5.42,0.95
2003-08-04,1.71,3.24,4.35,5.36,0.97
2003-08-05,1.88,3.37,4.47,5.48,0.96
2003-08-06,1.78,3.25,4.32,5.31,0.95
2003-08-07,1.74,3.19,4.3,5.27,0.95
2003-08-08,1.72,3.17,4.27,5.29,0.96
2003-08-11,1.81,3.26,4.38,5.36,0.96
2003-08-12,1.71,3.23,4.37,5.36,0.95
2003-08-13,1.86,3.43,4.58,5.55,0.96
2003-08-14,1.86,3.42,4.55,5.49,0.96
2003-08-15,1.85,3.42,4.55,5.49,0.95
2003-08-18,1.87,3.37,4.49,5.45,0.96
2003-08-19,1.81,3.27,4.38,5.33,0.96
2003-08-20,1.84,3.35,4.45,5.39,0.96
2003-08-21,1.98,3.51,4.53,5.43,0.97
2003-08-22,1.97,3.47,4.48,5.37,0.98
2003-08-25,2.02,3.52,4.53,5.43,1.02
2003-08-26,1.96,3.5,4.5,5.39,1.01
2003-08-27,2.05,3.55,4.54,5.43,1.0
2003-08-28,1.93,3.42,4.42,5.31,0.99
2003-08-29,1.95,3.46,4.45,5.33,0.98
2003-09-01,,,,,
2003-09-02,2.04,3.63,4.61,5.48,0.98
2003-09-03,2.02,3.61,4.6,5.49,0.97
2003-09-04,1.91,3.5,4.52,5.43,0.97
2003-09-05,1.72,3.28,4.35,5.29,0.96
2003-09-08,1.75,3.32,4.41,5.33,0.97
2003-09-09,1.71,3.28,4.37,5.31,0.96
2003-09-10,1.64,3.18,4.28,5.22,0.96
2003-09-11,1.71,3.24,4.35,5.27,0.96
2003-09-12,1.66,3.15,4.27,5.22,0.96
2003-09-15,1.63,3.12,4.28,5.24,0.96
2003-09-16,1.63,3.12,4.29,5.26,0.93
2003-09-17,1.63,3.06,4.2,5.15,0.95
2003-09-18,1.68,3.09,4.19,5.15,0.96
2003-09-19,1.7,3.11,4.17,5.12,0.95
2003-09-22,1.7,3.16,4.26,5.2,0.95
2003-09-23,1.68,3.13,4.24,5.16,0.93
2003-09-24,1.66,3.07,4.16,5.09,0.95
2003-09-25,1.65,3.05,4.12,5.04,0.94
2003-09-26,1.6,2.95,4.04,4.98,0.94
2003-09-29,1.61,2.98,4.09,5.03,0.96
2003-09-30,1.5,2.85,3.96,4.91,0.95
2003-10-01,1.47,2.84,3.96,4.92,0.95
2003-10-02,1.48,2.9,4.03,4.97,0.94
2003-10-03,1.65,3.12,4.21,5.15,0.94
2003-10-06,1.6,3.06,4.17,5.1,0.94
2003-10-07,1.67,3.15,4.27,5.21,0.92
2003-10-08,1.65,3.14,4.27,5.22,0.91
2003-10-09,1.69,3.17,4.32,5.27,0.91
2003-10-10,1.65,3.15,4.29,5.23,0.92
2003-10-13,,,,,
2003-10-14,1.73,3.23,4.37,5.32,0.93
2003-10-15,1.79,3.3,4.43,5.36,0.93
2003-10-16,1.96,3.4,4.47,5.38,0.93
2003-10-17,1.9,3.33,4.41,5.32,0.93
2003-10-20,1.88,3.33,4.41,5.3,0.95
2003-10-21,1.89,3.31,4.38,5.28,0.93
2003-10-22,1.8,3.21,4.29,5.19,0.96
2003-10-23,1.84,3.24,4.34,5.25,0.96
2003-10-24,1.76,3.13,4.24,5.14,0.95
2003-10-27,1.83,3.21,4.3,5.19,0.98
2003-10-28,1.71,3.11,4.23,5.14,0.96
2003-10-29,1.79,3.2,4.31,5.21,0.96
2003-10-30,1.86,3.29,4.36,5.25,0.96
2003-10-31,1.85,3.27,4.33,5.2,0.96
2003-11-03,1.9,3.34,4.4,5.25,0.96
2003-11-04,1.86,3.28,4.33,5.19,0.95
2003-11-05,1.94,3.35,4.38,5.24,0.96
2003-11-06,2.01,3.43,4.45,5.32,0.96
2003-11-07,2.04,3.47,4.48,5.33,0.96
2003-11-10,2.06,3.49,4.49,5.34,0.97
2003-11-11,,,,,
2003-11-12,2.05,3.45,4.44,5.29,0.95
2003-11-13,1.92,3.29,4.3,5.16,0.94
2003-11-14,1.84,3.19,4.22,5.1,0.95
2003-11-17,1.8,3.14,4.18,5.07,0.96
2003-11-18,1.83,3.14,4.17,5.05,0.96
2003-11-19,1.9,3.22,4.24,5.12,0.95
2003-11-20,1.83,3.14,4.16,5.06,0.95
2003-11-21,1.84,3.15,4.15,5.05,0.94
2003-11-24,1.94,3.24,4.23,5.11,0.96
2003-11-25,1.89,3.2,4.19,5.07,0.95
2003-11-26,1.97,3.27,4.25,5.12,0.94
2003-11-27,,,,,
2003-11-28,2.06,3.38,4.34,5.2,0.93
2003-12-01,2.12,3.46,4.4,5.23,0.95
2003-12-02,2.07,3.43,4.38,5.22,0.94
2003-12-03,2.09,3.46,4.41,5.25,0.94
2003-12-04,2.06,3.42,4.38,5.22,0.93
2003-12-05,1.88,3.23,4.23,5.09,0.92
2003-12-08,1.94,3.28,4.29,5.15,0.93
2003-12-09,1.97,3.33,4.32,5.18,0.93
2003-12-10,1.94,3.28,4.3,5.16,0.93
2003-12-11,1.83,3.21,4.27,5.14,0.9
2003-12-12,1.84,3.23,4.26,5.12,0.91
2003-12-15,1.88,3.26,4.28,5.13,0.9
2003-12-16,1.83,3.21,4.24,5.1,0.91
2003-12-17,1.83,3.18,4.19,5.05,0.9
2003-12-18,1.85,3.17,4.16,4.99,0.89
2003-12-19,1.82,3.16,4.15,4.99,0.88
2003-12-22,1.84,3.19,4.18,5.02,0.9
2003-12-23,1.96,3.3,4.28,5.09,0.9
2003-12-24,1.83,3.2,4.2,5.02,0.9
2003-12-25,,,,,
2003-12-26,1.82,3.17,4.17,4.99,0.87
2003-12-29,1.86,3.23,4.24,5.07,0.9
2003-12-30,1.86,3.26,4.29,5.12,0.94
2003-12-31,1.84,3.25,4.27,5.1,0.95
2004-01-01,,,,,
2004-01-02,1.94,3.36,4.38,5.21,0.93
2004-01-05,1.95,3.39,4.41,5.23,0.91
2004-01-06,1.84,3.26,4.29,5.13,0.91
2004-01-07,1.84,3.25,4.27,5.11,0.91
2004-01-08,1.85,3.24,4.27,5.12,0.88
2004-01-09,1.68,3.05,4.11,4.98,0.87
2004-01-12,1.68,3.04,4.11,4.99,0.89
2004-01-13,1.63,2.98,4.05,4.95,0.89
2004-01-14,1.65,2.96,4.01,4.9,0.88
2004-01-15,1.67,2.97,3.99,4.87,0.88
2004-01-16,1.7,3.03,4.04,4.9,0.89
2004-01-19,,,,,
2004-01-20,1.69,3.05,4.08,4.93,0.89
2004-01-21,1.69,3.02,4.05,4.92,0.89
2004-01-22,1.66,2.96,3.99,4.86,0.88
2004-01-23,1.71,3.06,4.09,4.95,0.9
2004-01-26,1.75,3.13,4.16,5.01,0.9
2004-01-27,1.7,3.07,4.11,4.96,0.91
2004-01-28,1.87,3.22,4.22,5.06,0.94
2004-01-29,1.88,3.22,4.22,5.05,0.94
2004-01-30,1.84,3.17,4.16,5.0,0.92
2004-02-02,1.83,3.18,4.18,5.02,0.94
2004-02-03,1.78,3.12,4.13,4.98,0.94
2004-02-04,1.8,3.15,4.15,5.0,0.94
2004-02-05,1.85,3.21,4.2,5.02,0.94
2004-02-06,1.77,3.12,4.12,4.95,0.93
2004-02-09,1.76,3.08,4.09,4.93,0.94
2004-02-10,1.82,3.13,4.13,4.97,0.95
2004-02-11,1.73,3.03,4.05,4.9,0.93
2004-02-12,1.75,3.07,4.1,4.94,0.93
2004-02-13,1.7,3.01,4.05,4.92,0.92
2004-02-16,,,,,
2004-02-17,1.7,3.02,4.05,4.91,0.95
2004-02-18,1.72,3.03,4.05,4.91,0.94
2004-02-19,1.7,3.02,4.05,4.91,0.94
2004-02-20,1.75,3.08,4.1,4.96,0.94
2004-02-23,1.69,3.03,4.05,4.92,0.97
2004-02-24,1.69,3.01,4.04,4.9,0.97
2004-02-25,1.67,2.98,4.02,4.89,0.96
2004-02-26,1.69,3.01,4.05,4.92,0.96
2004-02-27,1.66,3.01,3.99,4.85,0.96
2004-03-01,1.67,2.98,4.0,4.86,0.97
2004-03-02,1.74,3.04,4.05,4.9,0.97
2004-03-03,1.74,3.06,4.07,4.92,0.97
2004-03-04,1.73,3.02,4.04,4.89,0.96
2004-03-05,1.57,2.81,3.85,4.73,0.94
2004-03-08,1.52,2.74,3.78,4.69,0.96
2004-03-09,1.51,2.68,3.73,4.64,0.96
2004-03-10,1.54,2.71,3.74,4.65,0.96
2004-03-11,1.52,2.72,3.74,4.66,0.97
2004-03-12,1.54,2.73,3.78,4.68,0.96
2004-03-15,1.56,2.74,3.78,4.67,0.96
2004-03-16,1.51,2.65,3.7,4.61,0.96
2004-03-17,1.53,2.66,3.71,4.62,0.93
2004-03-18,1.55,2.72,3.76,4.66,0.93
2004-03-19,1.56,2.75,3.8,4.68,0.94
2004-03-22,1.52,2.69,3.74,4.63,0.95
2004-03-23,1.52,2.69,3.73,4.62,0.95
2004-03-24,1.5,2.68,3.73,4.62,0.93
2004-03-25,1.51,2.7,3.75,4.65,0.94
2004-03-26,1.59,2.81,3.85,4.75,0.95
2004-03-29,1.63,2.86,3.91,4.8,0.96
2004-03-30,1.63,2.86,3.91,4.8,0.96
2004-03-31,1.6,2.8,3.86,4.77,0.95
2004-04-01,1.65,2.87,3.91,4.77,0.93
2004-04-02,1.86,3.15,4.15,4.97,0.95
2004-04-05,1.91,3.24,4.24,5.05,0.94
2004-04-06,1.86,3.19,4.19,5.01,0.94
2004-04-07,1.87,3.19,4.19,5.02,0.95
2004-04-08,1.88,3.22,4.21,5.04,0.93
2004-04-09,,,,,
2004-04-12,1.91,3.26,4.25,5.08,0.94
2004-04-13,2.01,3.37,4.35,5.17,0.94
2004-04-14,2.13,3.44,4.4,5.21,0.95
2004-04-15,2.1,3.45,4.42,5.22,0.95
2004-04-16,2.03,3.39,4.37,5.2,0.94
2004-04-19,2.07,3.42,4.39,5.22,0.96
2004-04-20,2.11,3.45,4.43,5.24,0.97
2004-04-21,2.22,3.52,4.45,5.25,0.99
2004-04-22,2.15,3.46,4.4,5.2,0.97
2004-04-23,2.29,3.58,4.48,5.27,0.98
2004-04-26,2.28,3.57,4.46,5.25,0.99
2004-04-27,2.21,3.52,4.43,5.22,0.98
2004-04-28,2.3,3.6,4.5,5.28,0.97
2004-04-29,2.34,3.66,4.55,5.33,0.97
2004-04-30,2.31,3.63,4.53,5.31,0.98
2004-05-03,2.34,3.63,4.53,5.3,1.0
2004-05-04,2.32,3.66,4.56,5.34,1.0
2004-05-05,2.34,3.71,4.61,5.38,0.99
2004-05-06,2.39,3.72,4.63,5.41,1.0
2004-05-07,2.64,3.96,4.79,5.53,1.07
2004-05-10,2.61,3.95,4.81,5.54,1.08
2004-05-11,2.61,3.94,4.79,5.53,1.05
2004-05-12,2.62,3.96,4.83,5.57,1.04
2004-05-13,2.67,4.01,4.85,5.61,1.0
2004-05-14,2.59,3.92,4.79,5.54,0.99
2004-05-17,2.51,3.83,4.7,5.47,1.06
2004-05-18,2.58,3.87,4.74,5.48,1.05
2004-05-19,2.61,3.93,4.79,5.54,1.04
2004-05-20,2.55,3.86,4.72,5.47,1.03
2004-05-21,2.6,3.91,4.76,5.5,1.03
2004-05-24,2.59,3.9,4.75,5.48,1.07
2004-05-25,2.58,3.89,4.73,5.45,1.07
2004-05-26,2.52,3.81,4.67,5.41,1.08
2004-05-27,2.46,3.74,4.6,5.34,1.06
2004-05-28,2.54,3.81,4.66,5.39,1.08
2004-05-31,,,,,
2004-06-01,2.6,3.86,4.71,5.45,1.17
2004-06-02,2.65,3.91,4.74,5.47,1.17
2004-06-03,2.63,3.89,4.71,5.46,1.17
2004-06-04,2.7,3.97,4.78,5.51,1.21
2004-06-07,2.67,3.95,4.78,5.51,1.24
2004-06-08,2.73,3.96,4.78,5.5,1.27
2004-06-09,2.79,4.01,4.82,5.54,1.27
2004-06-10,2.81,4.0,4.81,5.52,1.3
2004-06-11,,,,,
2004-06-14,2.97,4.1,4.89,5.59,1.41
2004-06-15,2.77,3.9,4.69,5.41,1.34
2004-06-16,2.84,3.96,4.74,5.46,1.3
2004-06-17,2.81,3.93,4.71,5.42,1.28
2004-06-18,2.81,3.94,4.72,5.43,1.29
2004-06-21,2.8,3.91,4.7,5.42,1.33
2004-06-22,2.8,3.92,4.72,5.43,1.32
2004-06-23,2.78,3.9,4.71,5.41,1.29
2004-06-24,2.74,3.85,4.66,5.36,1.29
2004-06-25,2.74,3.85,4.66,5.37,1.31
2004-06-28,2.86,3.97,4.76,5.46,1.38
2004-06-29,2.83,3.92,4.7,5.41,1.38
2004-06-30,2.7,3.81,4.62,5.33,1.33
2004-07-01,2.64,3.74,4.57,5.31,1.22
2004-07-02,2.54,3.62,4.48,5.22,1.3
2004-07-05,,,,,
2004-07-06,2.56,3.65,4.49,5.24,1.34
2004-07-07,2.56,3.67,4.5,5.24,1.3
2004-07-08,2.55,3.65,4.49,5.24,1.27
2004-07-09,2.55,3.64,4.49,5.23,1.28
2004-07-12,2.53,3.62,4.46,5.22,1.34
2004-07-13,2.58,3.66,4.5,5.25,1.34
2004-07-14,2.62,3.68,4.5,5.24,1.34
2004-07-15,2.64,3.69,4.5,5.24,1.35
2004-07-16,2.54,3.56,4.38,5.14,1.35
2004-07-19,2.56,3.57,4.38,5.14,1.35
2004-07-20,2.67,3.68,4.47,5.21,1.36
2004-07-21,2.71,3.72,4.5,5.24,1.35
2004-07-22,2.69,3.71,4.48,5.22,1.37
2004-07-23,2.69,3.69,4.45,5.2,1.38
2004-07-26,2.75,3.73,4.49,5.23,1.45
2004-07-27,2.82,3.85,4.62,5.35,1.46
2004-07-28,2.78,3.82,4.61,5.35,1.46
2004-07-29,2.75,3.8,4.6,5.34,1.45
2004-07-30,2.68,3.71,4.5,5.24,1.45
2004-08-02,2.66,3.68,4.48,5.22,1.5
2004-08-03,2.66,3.67,4.45,5.2,1.48
2004-08-04,2.66,3.66,4.45,5.2,1.49
2004-08-05,2.64,3.64,4.43,5.18,1.48
2004-08-06,2.4,3.4,4.24,5.04,1.44
2004-08-09,2.45,3.45,4.28,5.06,1.51
2004-08-10,2.55,3.52,4.32,5.08,1.5
2004-08-11,2.54,3.51,4.3,5.07,1.44
2004-08-12,2.52,3.47,4.27,5.05,1.43
2004-08-13,2.47,3.42,4.22,5.02,1.44
2004-08-16,2.51,3.45,4.26,5.06,1.49
2004-08-17,2.44,3.39,4.21,5.02,1.48
2004-08-18,2.44,3.41,4.23,5.04,1.49
2004-08-19,2.43,3.39,4.22,5.03,1.48
2004-08-20,2.46,3.42,4.24,5.03,1.49
2004-08-23,2.5,3.46,4.28,5.08,1.54
2004-08-24,2.5,3.46,4.28,5.08,1.54
2004-08-25,2.51,3.46,4.26,5.06,1.54
2004-08-26,2.48,3.42,4.22,5.03,1.55
2004-08-27,2.48,3.43,4.23,5.02,1.56
2004-08-30,2.47,3.4,4.19,4.99,1.61
2004-08-31,2.41,3.33,4.13,4.93,1.59
2004-09-01,2.41,3.32,4.13,4.93,1.58
2004-09-02,2.46,3.4,4.2,4.99,1.6
2004-09-03,2.61,3.52,4.3,5.07,1.65
2004-09-06,,,,,
2004-09-07,2.58,3.48,4.26,5.03,1.66
2004-09-08,2.5,3.4,4.18,4.96,1.65
2004-09-09,2.5,3.41,4.22,4.99,1.64
2004-09-10,2.5,3.4,4.19,4.97,1.66
2004-09-13,2.5,3.38,4.16,4.94,1.66
2004-09-14,2.47,3.35,4.15,4.93,1.66
2004-09-15,2.51,3.39,4.18,4.96,1.67
2004-09-16,2.44,3.29,4.08,4.86,1.67
2004-09-17,2.53,3.35,4.14,4.91,1.71
2004-09-20,2.46,3.28,4.07,4.85,1.73
2004-09-21,2.49,3.28,4.05,4.82,1.72
2004-09-22,2.5,3.26,4.0,4.75,1.71
2004-09-23,2.57,3.3,4.02,4.78,1.72
2004-09-24,2.62,3.33,4.04,4.78,1.73
2004-09-27,2.59,3.29,4.01,4.75,1.74
2004-09-28,2.55,3.28,4.02,4.78,1.72
2004-09-29,2.61,3.37,4.1,4.85,1.72
2004-09-30,2.63,3.38,4.14,4.89,1.71
2004-10-01,2.63,3.44,4.21,4.95,1.71
2004-10-04,2.65,3.44,4.19,4.93,1.71
2004-10-05,2.65,3.44,4.18,4.93,1.71
2004-10-06,2.7,3.51,4.23,4.97,1.71
2004-10-07,2.72,3.53,4.26,5.0,1.7
2004-10-08,2.61,3.39,4.15,4.91,1.71
2004-10-11,,,,,
2004-10-12,2.56,3.35,4.12,4.88,1.72
2004-10-13,2.53,3.32,4.09,4.86,1.72
2004-10-14,2.48,3.26,4.03,4.81,1.74
2004-10-15,2.53,3.31,4.07,4.84,1.76
2004-10-18,2.55,3.31,4.07,4.84,1.81
2004-10-19,2.57,3.32,4.07,4.83,1.82
2004-10-20,2.53,3.26,4.01,4.77,1.82
2004-10-21,2.57,3.29,4.01,4.76,1.85
2004-10-22,2.55,3.26,4.0,4.75,1.85
2004-10-25,2.54,3.25,3.99,4.74,1.9
2004-10-26,2.54,3.26,4.01,4.75,1.91
2004-10-27,2.63,3.37,4.11,4.85,1.92
2004-10-28,2.59,3.34,4.09,4.83,1.91
2004-10-29,2.56,3.3,4.05,4.79,1.91
2004-11-01,2.61,3.36,4.11,4.84,1.99
2004-11-02,2.6,3.34,4.1,4.84,1.97
2004-11-03,2.6,3.35,4.09,4.83,1.96
2004-11-04,2.63,3.37,4.1,4.82,1.98
2004-11-05,2.8,3.51,4.21,4.92,2.03
2004-11-08,2.8,3.51,4.22,4.95,2.07
2004-11-09,2.8,3.53,4.22,4.95,2.08
2004-11-10,2.82,3.56,4.25,4.97,2.08
2004-11-11,,,,,
2004-11-12,2.86,3.53,4.2,4.91,2.08
2004-11-15,2.89,3.53,4.2,4.91,2.12
2004-11-16,2.91,3.56,4.21,4.92,2.14
2004-11-17,2.85,3.47,4.14,4.85,2.13
2004-11-18,2.86,3.48,4.12,4.82,2.13
2004-11-19,2.95,3.57,4.2,4.89,2.15
2004-11-22,2.95,3.56,4.18,4.85,2.2
2004-11-23,2.98,3.58,4.19,4.85,2.19
2004-11-24,3.01,3.61,4.2,4.85,2.18
2004-11-25,,,,,
2004-11-26,3.03,3.64,4.24,4.9,2.21
2004-11-29,3.07,3.72,4.34,4.99,2.23
2004-11-30,3.02,3.72,4.36,5.03,2.23
2004-12-01,3.01,3.72,4.38,5.04,2.22
2004-12-02,3.04,3.75,4.4,5.07,2.22
2004-12-03,2.94,3.61,4.27,4.95,2.21
2004-12-06,2.93,3.59,4.24,4.92,2.25
2004-12-07,2.95,3.6,4.23,4.91,2.25
2004-12-08,2.91,3.53,4.14,4.8,2.24
2004-12-09,2.93,3.54,4.19,4.84,2.24
2004-12-10,2.95,3.52,4.16,4.83,2.25
2004-12-13,2.98,3.54,4.16,4.81,2.24
2004-12-14,2.99,3.53,4.14,4.79,2.21
2004-12-15,2.97,3.48,4.09,4.72,2.21
2004-12-16,3.01,3.58,4.19,4.84,2.2
2004-12-17,3.03,3.59,4.21,4.85,2.2
2004-12-20,3.06,3.59,4.21,4.84,2.22
2004-12-21,3.05,3.57,4.18,4.82,2.2
2004-12-22,3.04,3.57,4.21,4.85,2.18
2004-12-23,3.02,3.58,4.23,4.86,2.19
2004-12-24,,,,,
2004-12-27,3.07,3.65,4.3,4.95,2.26
2004-12-28,3.08,3.66,4.31,4.94,2.25
2004-12-29,3.12,3.69,4.33,4.96,2.22
2004-12-30,3.1,3.64,4.27,4.92,2.22
2004-12-31,3.08,3.63,4.24,4.85,2.22
2005-01-03,3.1,3.64,4.23,4.84,2.32
2005-01-04,3.2,3.72,4.29,4.91,2.33
2005-01-05,3.22,3.73,4.29,4.88,2.33
2005-01-06,3.18,3.71,4.29,4.88,2.31
2005-01-07,3.2,3.73,4.29,4.88,2.32
2005-01-10,3.23,3.75,4.29,4.86,2.36
2005-01-11,3.24,3.73,4.26,4.83,2.34
2005-01-12,3.22,3.72,4.25,4.81,2.34
2005-01-13,3.21,3.68,4.2,4.75,2.35
2005-01-14,3.24,3.71,4.23,4.76,2.37
2005-01-17,,,,,
2005-01-18,3.26,3.72,4.21,4.73,2.39
2005-01-19,3.26,3.73,4.2,4.71,2.37
2005-01-20,3.21,3.68,4.17,4.7,2.35
2005-01-21,3.16,3.65,4.16,4.69,2.36
2005-01-24,3.2,3.65,4.14,4.65,2.37
2005-01-25,3.23,3.71,4.2,4.72,2.39
2005-01-26,3.27,3.73,4.21,4.72,2.41
2005-01-27,3.28,3.75,4.22,4.73,2.44
2005-01-28,3.25,3.69,4.16,4.66,2.46
2005-01-31,3.29,3.71,4.14,4.64,2.51
2005-02-01,3.29,3.71,4.15,4.65,2.51
2005-02-02,3.32,3.73,4.15,4.63,2.51
2005-02-03,3.34,3.76,4.18,4.64,2.48
2005-02-04,3.29,3.68,4.09,4.54,2.47
2005-02-07,3.31,3.67,4.07,4.49,2.51
2005-02-08,3.33,3.68,4.05,4.46,2.49
2005-02-09,3.24,3.58,4.0,4.43,2.51
2005-02-10,3.29,3.65,4.07,4.52,2.51
2005-02-11,3.34,3.7,4.1,4.55,2.55
2005-02-14,3.38,3.7,4.08,4.51,2.59
2005-02-15,3.37,3.71,4.1,4.55,2.59
2005-02-16,3.41,3.78,4.16,4.6,2.57
2005-02-17,3.38,3.78,4.19,4.65,2.58
2005-02-18,3.45,3.86,4.27,4.72,2.61
2005-02-21,,,,,
2005-02-22,3.46,3.88,4.29,4.75,2.67
2005-02-23,3.46,3.87,4.27,4.73,2.67
2005-02-24,3.52,3.91,4.29,4.74,2.69
2005-02-25,3.54,3.91,4.27,4.72,2.74
2005-02-28,3.59,4.0,4.36,4.79,2.76
2005-03-01,3.59,4.02,4.38,4.8,2.75
2005-03-02,3.57,4.0,4.38,4.82,2.74
2005-03-03,3.59,4.02,4.39,4.82,2.76
2005-03-04,3.57,3.97,4.32,4.73,2.76
2005-03-07,3.61,3.99,4.31,4.7,2.76
2005-03-08,3.62,4.05,4.38,4.78,2.75
2005-03-09,3.66,4.16,4.52,4.92,2.76
2005-03-10,3.68,4.13,4.48,4.85,2.75
2005-03-11,3.73,4.22,4.56,4.93,2.76
2005-03-14,3.75,4.2,4.52,4.9,2.8
2005-03-15,3.75,4.22,4.54,4.93,2.81
2005-03-16,3.72,4.18,4.52,4.91,2.8
2005-03-17,3.7,4.14,4.47,4.87,2.79
2005-03-18,3.72,4.18,4.51,4.92,2.81
2005-03-21,3.72,4.18,4.53,4.94,2.85
2005-03-22,3.86,4.31,4.63,5.01,2.89
2005-03-23,3.84,4.3,4.61,4.99,2.83
2005-03-24,3.88,4.3,4.6,4.97,2.84
2005-03-25,,,,,
2005-03-28,3.9,4.33,4.64,5.01,2.84
2005-03-29,3.87,4.3,4.6,4.98,2.84
2005-03-30,3.86,4.26,4.56,4.93,2.83
2005-03-31,3.8,4.18,4.5,4.88,2.79
2005-04-01,3.75,4.13,4.46,4.85,2.8
2005-04-04,3.74,4.13,4.47,4.84,2.8
2005-04-05,3.75,4.15,4.48,4.87,2.79
2005-04-06,3.7,4.09,4.44,4.85,2.76
2005-04-07,3.72,4.13,4.49,4.9,2.77
2005-04-08,3.77,4.17,4.5,4.88,2.79
2005-04-11,3.75,4.13,4.45,4.84,2.76
2005-04-12,3.71,4.05,4.38,4.78,2.76
2005-04-13,3.66,4.03,4.38,4.8,2.77
2005-04-14,3.6,3.99,4.37,4.8,2.78
2005-04-15,3.54,3.9,4.27,4.73,2.79
2005-04-18,3.55,3.9,4.27,4.7,2.9
2005-04-19,3.5,3.85,4.21,4.64,2.91
2005-04-20,3.52,3.86,4.22,4.66,2.87
2005-04-21,3.65,3.97,4.32,4.73,2.88
2005-04-22,3.62,3.92,4.26,4.68,2.93
2005-04-25,3.64,3.94,4.26,4.65,2.93
2005-04-26,3.67,3.96,4.28,4.67,2.91
2005-04-27,3.64,3.92,4.25,4.65,2.89
2005-04-28,3.59,3.85,4.19,4.6,2.88
2005-04-29,3.66,3.9,4.21,4.61,2.9
2005-05-02,3.64,3.88,4.21,4.61,2.93
2005-05-03,3.68,3.9,4.21,4.6,2.91
2005-05-04,3.63,3.87,4.2,4.64,2.87
2005-05-05,3.58,3.82,4.19,4.64,2.81
2005-05-06,3.73,3.95,4.28,4.69,2.87
2005-05-09,3.76,3.99,4.29,4.69,2.91
2005-05-10,3.69,3.93,4.23,4.65,2.9
2005-05-11,3.68,3.91,4.21,4.61,2.87
2005-05-12,3.66,3.87,4.18,4.59,2.88
2005-05-13,3.61,3.83,4.12,4.56,2.83
2005-05-16,3.61,3.83,4.13,4.56,2.89
2005-05-17,3.61,3.82,4.12,4.54,2.88
2005-05-18,3.56,3.77,4.07,4.49,2.86
2005-05-19,3.64,3.84,4.11,4.52,2.87
2005-05-20,3.69,3.88,4.13,4.52,2.9
2005-05-23,3.65,3.83,4.07,4.46,2.97
2005-05-24,3.61,3.78,4.04,4.43,2.94
2005-05-25,3.61,3.81,4.08,4.48,2.95
2005-05-26,3.64,3.82,4.08,4.49,2.94
2005-05-27,3.64,3.82,4.08,4.49,2.97
2005-05-30,,,,,
2005-05-31,3.6,3.76,4.0,4.4,2.99
2005-06-01,3.5,3.63,3.91,4.31,2.97
2005-06-02,3.52,3.65,3.89,4.28,2.97
2005-06-03,3.57,3.73,3.98,4.34,3.01
2005-06-06,3.59,3.73,3.96,4.31,3.02
2005-06-07,3.57,3.7,3.92,4.26,3.02
2005-06-08,3.6,3.73,3.95,4.29,3.02
2005-06-09,3.64,3.76,3.98,4.31,2.99
2005-06-10,3.71,3.84,4.05,4.39,3.01
2005-06-13,3.71,3.87,4.09,4.44,3.03
2005-06-14,3.71,3.89,4.13,4.49,3.01
2005-06-15,3.72,3.9,4.12,4.49,3.0
2005-06-16,3.7,3.87,4.09,4.45,2.98
2005-06-17,3.72,3.88,4.09,4.44,2.99
2005-06-20,3.72,3.88,4.11,4.46,3.02
2005-06-21,3.71,3.84,4.06,4.4,3.02
2005-06-22,3.62,3.72,3.95,4.31,3.03
2005-06-23,3.63,3.74,3.96,4.32,3.07
2005-06-24,3.59,3.69,3.92,4.28,3.09
2005-06-27,3.6,3.69,3.9,4.25,3.15
2005-06-28,3.65,3.76,3.97,4.3,3.14
2005-06-29,3.65,3.77,3.99,4.33,3.13
2005-06-30,3.66,3.72,3.94,4.28,3.13
2005-07-01,3.76,3.84,4.06,4.37,3.17
2005-07-04,,,,,
2005-07-05,3.79,3.9,4.11,4.43,3.22
2005-07-06,3.77,3.86,4.08,4.4,3.19
2005-07-07,3.71,3.83,4.05,4.37,3.15
2005-07-08,3.78,3.89,4.11,4.42,3.17
2005-07-11,3.81,3.91,4.11,4.42,3.19
2005-07-12,3.82,3.94,4.15,4.46,3.21
2005-07-13,3.84,3.96,4.17,4.47,3.22
2005-07-14,3.86,3.98,4.19,4.49,3.23
2005-07-15,3.86,3.98,4.18,4.47,3.26
2005-07-18,3.89,4.01,4.22,4.53,3.3
2005-07-19,3.88,3.99,4.2,4.5,3.31
2005-07-20,3.9,3.99,4.17,4.47,3.3
2005-07-21,3.96,4.09,4.28,4.58,3.35
2005-07-22,3.92,4.04,4.23,4.52,3.38
2005-07-25,3.95,4.06,4.25,4.53,3.44
2005-07-26,3.95,4.06,4.24,4.53,3.43
2005-07-27,3.99,4.09,4.27,4.55,3.4
2005-07-28,3.96,4.04,4.2,4.48,3.41
2005-07-29,4.02,4.12,4.28,4.56,3.42
2005-08-01,4.04,4.16,4.32,4.59,3.48
2005-08-02,4.06,4.17,4.34,4.62,3.49
2005-08-03,4.02,4.13,4.3,4.58,3.46
2005-08-04,4.04,4.15,4.32,4.6,3.47
2005-08-05,4.11,4.24,4.4,4.66,3.52
2005-08-08,4.16,4.28,4.42,4.68,3.54
2005-08-09,4.13,4.25,4.41,4.66,3.52
2005-08-10,4.13,4.24,4.4,4.65,3.51
2005-08-11,4.1,4.18,4.32,4.6,3.51
2005-08-12,4.05,4.11,4.24,4.52,3.52
2005-08-15,4.08,4.15,4.27,4.53,3.54
2005-08-16,4.03,4.1,4.23,4.49,3.54
2005-08-17,4.07,4.15,4.28,4.53,3.52
2005-08-18,4.01,4.08,4.21,4.48,3.5
2005-08-19,4.03,4.08,4.21,4.47,3.52
2005-08-22,4.03,4.08,4.22,4.48,3.53
2005-08-23,4.01,4.07,4.2,4.46,3.53
2005-08-24,3.99,4.06,4.19,4.46,3.53
2005-08-25,4.0,4.06,4.18,4.45,3.54
2005-08-26,4.06,4.09,4.2,4.46,3.55
2005-08-29,4.06,4.08,4.2,4.45,3.54
2005-08-30,3.97,4.03,4.16,4.43,3.54
2005-08-31,3.84,3.87,4.02,4.3,3.52
2005-09-01,3.72,3.85,4.02,4.31,3.48
2005-09-02,3.75,3.85,4.03,4.33,3.46
2005-09-05,,,,,
2005-09-06,3.8,3.89,4.09,4.39,3.52
2005-09-07,3.87,3.93,4.15,4.46,3.49
2005-09-08,3.87,3.94,4.15,4.45,3.48
2005-09-09,3.88,3.94,4.14,4.45,3.49
2005-09-12,3.92,3.98,4.18,4.5,3.51
2005-09-13,3.88,3.93,4.14,4.47,3.47
2005-09-14,3.9,3.96,4.17,4.5,3.42
2005-09-15,3.9,3.99,4.22,4.56,3.45
2005-09-16,3.97,4.05,4.26,4.61,3.5
2005-09-19,3.93,4.02,4.25,4.6,3.58
2005-09-20,4.0,4.06,4.26,4.59,3.61
2005-09-21,3.96,4.01,4.19,4.52,3.41
2005-09-22,3.95,3.99,4.19,4.52,3.47
2005-09-23,4.02,4.07,4.25,4.57,3.48
2005-09-26,4.07,4.11,4.3,4.6,3.52
2005-09-27,4.08,4.13,4.3,4.6,3.49
2005-09-28,4.09,4.11,4.26,4.55,3.46
2005-09-29,4.13,4.14,4.29,4.59,3.54
2005-09-30,4.18,4.18,4.34,4.62,3.55
2005-10-03,4.21,4.25,4.39,4.67,3.61
2005-10-04,4.22,4.24,4.38,4.66,3.63
2005-10-05,4.21,4.23,4.36,4.63,3.58
2005-10-06,4.2,4.23,4.37,4.64,3.61
2005-10-07,4.18,4.23,4.35,4.62,3.63
2005-10-10,,,,,
2005-10-11,4.22,4.27,4.39,4.65,3.73
2005-10-12,4.24,4.32,4.45,4.71,3.7
2005-10-13,4.24,4.32,4.48,4.77,3.75
2005-10-14,4.27,4.34,4.48,4.76,3.78
2005-10-17,4.29,4.36,4.5,4.77,3.86
2005-10-18,4.27,4.34,4.49,4.78,3.85
2005-10-19,4.25,4.32,4.47,4.76,3.86
2005-10-20,4.27,4.33,4.46,4.75,3.85
2005-10-21,4.22,4.26,4.39,4.68,3.87
2005-10-24,4.25,4.32,4.45,4.74,3.92
2005-10-25,4.34,4.41,4.54,4.8,3.93
2005-10-26,4.38,4.46,4.6,4.87,3.9
2005-10-27,4.36,4.43,4.57,4.84,3.88
2005-10-28,4.4,4.46,4.58,4.84,3.93
2005-10-31,4.4,4.45,4.57,4.84,3.98
2005-11-01,4.42,4.47,4.58,4.85,3.96
2005-11-02,4.43,4.5,4.61,4.88,3.94
2005-11-03,4.47,4.55,4.65,4.94,3.94
2005-11-04,4.47,4.56,4.66,4.95,3.98
2005-11-07,4.47,4.55,4.65,4.93,3.96
2005-11-08,4.43,4.49,4.57,4.86,3.96
2005-11-09,4.49,4.55,4.64,4.93,3.99
2005-11-10,4.44,4.49,4.55,4.85,3.97
2005-11-11,,,,,
2005-11-14,4.5,4.54,4.61,4.9,4.02
2005-11-15,4.47,4.51,4.56,4.83,4.01
2005-11-16,4.42,4.43,4.49,4.77,4.0
2005-11-17,4.37,4.39,4.46,4.75,4.01
2005-11-18,4.4,4.43,4.5,4.79,4.01
2005-11-21,4.39,4.39,4.46,4.76,4.0
2005-11-22,4.32,4.34,4.43,4.76,3.93
2005-11-23,4.36,4.38,4.47,4.8,3.95
2005-11-24,,,,,
2005-11-25,4.33,4.34,4.43,4.76,3.95
2005-11-28,4.33,4.32,4.41,4.71,3.98
2005-11-29,4.4,4.4,4.48,4.78,3.98
2005-11-30,4.42,4.42,4.49,4.81,3.95
2005-12-01,4.45,4.45,4.52,4.83,3.97
2005-12-02,4.43,4.45,4.52,4.81,3.99
2005-12-05,4.47,4.5,4.57,4.85,4.04
2005-12-06,4.42,4.42,4.49,4.79,4.04
2005-12-07,4.42,4.43,4.52,4.8,4.03
2005-12-08,4.37,4.36,4.47,4.75,3.94
2005-12-09,4.43,4.44,4.54,4.83,3.94
2005-12-12,4.45,4.46,4.56,4.82,3.9
2005-12-13,4.43,4.44,4.54,4.81,3.91
2005-12-14,4.37,4.36,4.45,4.73,3.89
2005-12-15,4.37,4.38,4.47,4.75,3.93
2005-12-16,4.37,4.36,4.45,4.72,3.93
2005-12-19,4.38,4.37,4.45,4.72,3.96
2005-12-20,4.42,4.4,4.47,4.74,3.95
2005-12-21,4.43,4.42,4.49,4.75,3.98
2005-12-22,4.4,4.38,4.44,4.69,3.98
2005-12-23,4.37,4.32,4.38,4.63,3.99
2005-12-26,,,,,
2005-12-27,4.35,4.3,4.34,4.58,3.98
2005-12-28,4.37,4.32,4.38,4.62,3.95
2005-12-29,4.38,4.33,4.37,4.6,4.01
2005-12-30,4.41,4.35,4.39,4.61,4.08
2006-01-02,,,,,
2006-01-03,4.34,4.3,4.37,4.62,4.16
2006-01-04,4.31,4.28,4.36,4.6,4.19
2006-01-05,4.32,4.29,4.36,4.61,4.2
2006-01-06,4.36,4.32,4.38,4.63,4.22
2006-01-09,4.36,4.32,4.38,4.63,4.23
2006-01-10,4.41,4.36,4.43,4.68,4.29
2006-01-11,4.44,4.39,4.46,4.7,4.3
2006-01-12,4.39,4.35,4.42,4.66,4.32
2006-01-13,4.34,4.28,4.36,4.59,4.33
2006-01-16,,,,,
2006-01-17,4.33,4.27,4.34,4.57,4.38
2006-01-18,4.33,4.28,4.34,4.58,4.35
2006-01-19,4.37,4.31,4.38,4.61,4.35
2006-01-20,4.37,4.31,4.37,4.59,4.35
2006-01-23,4.35,4.3,4.36,4.59,4.38
2006-01-24,4.37,4.32,4.4,4.63,4.4
2006-01-25,4.46,4.41,4.49,4.72,4.42
2006-01-26,4.49,4.44,4.53,4.76,4.45
2006-01-27,4.51,4.45,4.52,4.75,4.45
2006-01-30,4.52,4.46,4.54,4.77,4.48
2006-01-31,4.54,4.47,4.53,4.74,4.47
2006-02-01,4.59,4.51,4.57,4.77,4.47
2006-02-02,4.59,4.51,4.57,4.76,4.48
2006-02-03,4.59,4.5,4.54,4.7,4.48
2006-02-06,4.62,4.51,4.55,4.69,4.48
2006-02-07,4.61,4.52,4.57,4.73,4.49
2006-02-08,4.64,4.55,4.56,4.75,4.5
2006-02-09,4.66,4.55,4.54,4.72,4.52
2006-02-10,4.69,4.59,4.59,4.76,4.53
2006-02-13,4.68,4.58,4.58,4.76,4.55
2006-02-14,4.69,4.61,4.62,4.8,4.55
2006-02-15,4.71,4.6,4.61,4.78,4.55
2006-02-16,4.69,4.59,4.59,4.77,4.55
2006-02-17,4.66,4.55,4.54,4.71,4.54
2006-02-20,,,,,
2006-02-21,4.71,4.59,4.57,4.72,4.56
2006-02-22,4.68,4.57,4.53,4.68,4.57
2006-02-23,4.72,4.63,4.56,4.7,4.59
2006-02-24,4.74,4.64,4.58,4.71,4.6
2006-02-27,4.74,4.66,4.59,4.74,4.62
2006-02-28,4.69,4.61,4.55,4.7,4.62
2006-03-01,4.71,4.63,4.59,4.74,4.6
2006-03-02,4.72,4.68,4.64,4.8,4.62
2006-03-03,4.76,4.71,4.68,4.84,4.62
2006-03-06,4.77,4.76,4.74,4.91,4.6
2006-03-07,4.77,4.76,4.74,4.91,4.6
2006-03-08,4.72,4.75,4.73,4.91,4.58
2006-03-09,4.72,4.75,4.74,4.91,4.6
2006-03-10,4.74,4.77,4.76,4.93,4.62
2006-03-13,4.74,4.78,4.77,4.95,4.61
2006-03-14,4.66,4.68,4.71,4.89,4.59
2006-03-15,4.69,4.69,4.73,4.93,4.63
2006-03-16,4.62,4.6,4.65,4.86,4.62
2006-03-17,4.65,4.62,4.68,4.89,4.64
2006-03-20,4.65,4.61,4.66,4.87,4.66
2006-03-21,4.72,4.68,4.71,4.91,4.69
2006-03-22,4.74,4.69,4.7,4.91,4.69
2006-03-23,4.77,4.73,4.73,4.93,4.67
2006-03-24,4.72,4.66,4.67,4.87,4.65
2006-03-27,4.72,4.69,4.7,4.91,4.63
2006-03-28,4.81,4.79,4.79,4.98,4.65
2006-03-29,4.82,4.79,4.81,5.02,4.63
2006-03-30,4.84,4.83,4.86,5.07,4.61
2006-03-31,4.82,4.82,4.86,5.07,4.63
2006-04-03,4.86,4.85,4.88,5.08,4.67
2006-04-04,4.84,4.82,4.87,5.09,4.68
2006-04-05,4.81,4.79,4.84,5.07,4.67
2006-04-06,4.84,4.84,4.9,5.13,4.68
2006-04-07,4.89,4.89,4.97,5.2,4.69
2006-04-10,4.89,4.89,4.97,5.21,4.69
2006-04-11,4.88,4.86,4.93,5.17,4.7
2006-04-12,4.91,4.91,4.98,5.22,4.7
2006-04-13,4.96,4.97,5.05,5.28,4.7
2006-04-14,,,,,
2006-04-17,4.91,4.93,5.01,5.25,4.72
2006-04-18,4.84,4.87,4.99,5.23,4.72
2006-04-19,4.86,4.91,5.04,5.29,4.73
2006-04-20,4.89,4.92,5.04,5.29,4.73
2006-04-21,4.9,4.92,5.01,5.25,4.75
2006-04-24,4.89,4.9,4.99,5.22,4.75
2006-04-25,4.95,4.98,5.07,5.31,4.79
2006-04-26,4.99,5.02,5.12,5.34,4.79
2006-04-27,4.91,4.95,5.09,5.32,4.78
2006-04-28,4.87,4.92,5.07,5.31,4.77
2006-05-01,4.94,4.99,5.14,5.38,4.82
2006-05-02,4.92,4.98,5.12,5.35,4.81
2006-05-03,4.94,5.01,5.15,5.38,4.82
2006-05-04,4.97,5.03,5.16,5.38,4.8
2006-05-05,4.94,4.99,5.12,5.35,4.83
2006-05-08,4.97,5.01,5.12,5.34,4.87
2006-05-09,4.97,5.01,5.13,5.35,4.88
2006-05-10,5.01,5.03,5.13,5.34,4.88
2006-05-11,4.99,5.04,5.14,5.38,4.82
2006-05-12,5.01,5.08,5.19,5.44,4.85
2006-05-15,4.99,5.04,5.15,5.41,4.86
2006-05-16,4.96,4.99,5.1,5.36,4.83
2006-05-17,4.97,5.03,5.16,5.42,4.83
2006-05-18,4.94,4.96,5.08,5.32,4.83
2006-05-19,4.96,4.96,5.05,5.28,4.82
2006-05-22,4.94,4.94,5.04,5.28,4.83
2006-05-23,4.97,4.98,5.07,5.3,4.84
2006-05-24,4.94,4.93,5.03,5.27,4.82
2006-05-25,4.98,4.97,5.07,5.31,4.82
2006-05-26,4.96,4.95,5.06,5.3,4.84
2006-05-29,,,,,
2006-05-30,4.99,4.99,5.09,5.33,4.84
2006-05-31,5.04,5.04,5.12,5.35,4.86
2006-06-01,5.04,5.03,5.11,5.34,4.83
2006-06-02,4.92,4.9,5.0,5.24,4.81
2006-06-05,4.99,4.95,5.02,5.24,4.85
2006-06-06,4.99,4.95,5.01,5.22,4.86
2006-06-07,5.02,4.97,5.02,5.23,4.86
2006-06-08,5.01,4.95,5.0,5.2,4.87
2006-06-09,5.01,4.95,4.98,5.17,4.88
2006-06-12,5.02,4.95,4.99,5.17,4.93
2006-06-13,5.02,4.93,4.97,5.15,4.89
2006-06-14,5.11,5.03,5.05,5.23,4.9
2006-06-15,5.14,5.08,5.1,5.27,4.85
2006-06-16,5.16,5.1,5.13,5.31,4.88
2006-06-19,5.19,5.12,5.14,5.32,4.93
2006-06-20,5.19,5.13,5.15,5.33,4.92
2006-06-21,5.2,5.14,5.16,5.32,4.92
2006-06-22,5.23,5.18,5.2,5.37,4.92
2006-06-23,5.27,5.21,5.23,5.4,4.98
2006-06-26,5.27,5.22,5.25,5.42,5.03
2006-06-27,5.24,5.19,5.21,5.38,5.05
2006-06-28,5.29,5.23,5.25,5.42,5.01
2006-06-29,5.21,5.17,5.22,5.39,5.01
2006-06-30,5.16,5.1,5.15,5.31,5.01
2006-07-03,5.17,5.11,5.15,5.33,5.08
2006-07-04,,,,,
2006-07-05,5.24,5.19,5.23,5.39,5.01
2006-07-06,5.22,5.15,5.19,5.35,5.0
2006-07-07,5.17,5.1,5.14,5.29,5.02
2006-07-10,5.17,5.1,5.13,5.29,5.06
2006-07-11,5.17,5.07,5.1,5.26,5.05
2006-07-12,5.17,5.08,5.1,5.26,5.06
2006-07-13,5.12,5.04,5.08,5.23,5.05
2006-07-14,5.08,5.02,5.07,5.23,5.06
2006-07-17,5.12,5.04,5.07,5.23,5.11
2006-07-18,5.19,5.1,5.13,5.29,5.13
2006-07-19,5.12,5.02,5.06,5.22,5.11
2006-07-20,5.06,4.98,5.03,5.2,5.08
2006-07-21,5.08,4.99,5.05,5.21,5.1
2006-07-24,5.1,4.99,5.05,5.22,5.1
2006-07-25,5.11,5.02,5.07,5.24,5.13
2006-07-26,5.06,4.99,5.04,5.22,5.11
2006-07-27,5.07,4.98,5.07,5.22,5.1
2006-07-28,4.98,4.92,5.0,5.17,5.07
2006-07-31,4.97,4.91,4.99,5.17,5.1
2006-08-01,4.97,4.9,4.99,5.17,5.12
2006-08-02,4.97,4.88,4.96,5.14,5.1
2006-08-03,4.98,4.9,4.96,5.13,5.11
2006-08-04,4.91,4.84,4.91,5.09,5.09
2006-08-07,4.96,4.86,4.93,5.09,5.12
2006-08-08,4.91,4.85,4.93,5.11,5.1
2006-08-09,4.91,4.86,4.92,5.13,5.07
2006-08-10,4.93,4.86,4.93,5.15,5.05
2006-08-11,4.96,4.91,4.97,5.18,5.07
2006-08-14,5.01,4.95,5.0,5.21,5.12
2006-08-15,4.94,4.88,4.93,5.13,5.1
2006-08-16,4.87,4.81,4.87,5.08,5.07
2006-08-17,4.89,4.82,4.87,5.08,5.09
2006-08-18,4.87,4.78,4.84,5.05,5.1
2006-08-21,4.85,4.77,4.82,5.04,5.11
2006-08-22,4.87,4.77,4.82,5.03,5.1
2006-08-23,4.87,4.77,4.82,5.03,5.09
2006-08-24,4.88,4.78,4.81,5.02,5.09
2006-08-25,4.86,4.76,4.79,5.01,5.11
2006-08-28,4.88,4.77,4.8,5.01,5.1
2006-08-29,4.87,4.77,4.79,5.0,5.07
2006-08-30,4.83,4.72,4.76,4.98,5.05
2006-08-31,4.79,4.7,4.74,4.95,5.05
2006-09-01,4.77,4.68,4.73,4.95,5.02
2006-09-04,,,,,
2006-09-05,4.8,4.73,4.78,5.01,5.0
2006-09-06,4.82,4.75,4.8,5.02,4.97
2006-09-07,4.82,4.74,4.8,5.01,4.97
2006-09-08,4.8,4.71,4.78,4.99,4.93
2006-09-11,4.83,4.74,4.8,5.02,4.93
2006-09-12,4.82,4.71,4.78,4.98,4.9
2006-09-13,4.8,4.7,4.77,4.97,4.91
2006-09-14,4.83,4.74,4.79,4.99,4.95
2006-09-15,4.87,4.76,4.8,5.0,4.96
2006-09-18,4.88,4.77,4.81,5.01,4.94
2006-09-19,4.79,4.69,4.74,4.94,4.94
2006-09-20,4.81,4.7,4.73,4.93,4.93
2006-09-21,4.71,4.6,4.65,4.86,4.92
2006-09-22,4.67,4.55,4.6,4.82,4.93
2006-09-25,4.63,4.51,4.56,4.77,4.88
2006-09-26,4.68,4.55,4.59,4.79,4.88
2006-09-27,4.66,4.56,4.6,4.81,4.88
2006-09-28,4.68,4.57,4.63,4.84,4.87
2006-09-29,4.71,4.59,4.64,4.84,4.89
2006-10-02,4.66,4.56,4.62,4.83,4.88
2006-10-03,4.67,4.56,4.62,4.83,4.9
2006-10-04,4.6,4.5,4.57,4.79,4.93
2006-10-05,4.65,4.55,4.61,4.84,4.94
2006-10-06,4.74,4.64,4.7,4.92,4.95
2006-10-09,,,,,
2006-10-10,4.82,4.71,4.75,4.96,5.0
2006-10-11,4.85,4.75,4.78,4.99,5.02
2006-10-12,4.85,4.74,4.79,4.99,5.06
2006-10-13,4.87,4.77,4.81,5.02,5.05
2006-10-16,4.85,4.76,4.79,5.0,5.09
2006-10-17,4.83,4.73,4.78,4.99,5.09
2006-10-18,4.85,4.74,4.77,4.97,5.09
2006-10-19,4.85,4.75,4.79,4.99,5.1
2006-10-20,4.87,4.76,4.79,4.99,5.09
2006-10-23,4.9,4.8,4.83,5.03,5.12
2006-10-24,4.91,4.81,4.83,5.03,5.13
2006-10-25,4.88,4.75,4.78,4.98,5.12
2006-10-26,4.81,4.69,4.73,4.93,5.12
2006-10-27,4.76,4.64,4.68,4.88,5.11
2006-10-30,4.78,4.64,4.68,4.88,5.1
2006-10-31,4.71,4.57,4.61,4.81,5.08
2006-11-01,4.66,4.52,4.57,4.77,5.07
2006-11-02,4.67,4.55,4.6,4.8,5.07
2006-11-03,4.82,4.7,4.72,4.9,5.09
2006-11-06,4.82,4.69,4.71,4.89,5.09
2006-11-07,4.77,4.63,4.66,4.85,5.08
2006-11-08,4.75,4.61,4.64,4.82,5.1
2006-11-09,4.75,4.6,4.62,4.82,5.09
2006-11-10,4.73,4.57,4.59,4.78,5.1
2006-11-13,4.76,4.6,4.61,4.8,5.09
2006-11-14,4.74,4.57,4.57,4.76,5.09
2006-11-15,4.8,4.62,4.61,4.8,5.09
2006-11-16,4.85,4.67,4.66,4.84,5.09
2006-11-17,4.76,4.6,4.61,4.79,5.09
2006-11-20,4.76,4.6,4.6,4.78,5.08
2006-11-21,4.75,4.58,4.58,4.76,5.07
2006-11-22,4.74,4.57,4.57,4.76,5.05
2006-11-23,,,,,
2006-11-24,4.73,4.55,4.55,4.74,5.04
2006-11-27,4.71,4.54,4.54,4.73,5.05
2006-11-28,4.67,4.5,4.51,4.7,5.04
2006-11-29,4.69,4.51,4.52,4.72,5.04
2006-11-30,4.62,4.45,4.46,4.66,5.03
2006-12-01,4.52,4.39,4.43,4.64,5.03
2006-12-04,4.52,4.39,4.43,4.65,5.01
2006-12-05,4.52,4.39,4.45,4.67,4.99
2006-12-06,4.59,4.44,4.48,4.69,4.99
2006-12-07,4.58,4.45,4.49,4.7,4.98
2006-12-08,4.68,4.53,4.56,4.76,4.97
2006-12-11,4.67,4.5,4.52,4.73,4.93
2006-12-12,4.61,4.45,4.49,4.7,4.93
2006-12-13,4.7,4.54,4.58,4.78,4.94
2006-12-14,4.73,4.58,4.6,4.81,4.96
2006-12-15,4.73,4.57,4.6,4.81,4.91
2006-12-18,4.71,4.57,4.6,4.81,4.96
2006-12-19,4.71,4.57,4.6,4.82,4.96
2006-12-20,4.71,4.57,4.6,4.82,4.96
2006-12-21,4.66,4.52,4.55,4.78,4.97
2006-12-22,4.71,4.59,4.63,4.85,4.99
2006-12-25,,,,,
2006-12-26,4.71,4.58,4.61,4.82,4.99
2006-12-27,4.77,4.64,4.66,4.87,4.97
2006-12-28,4.82,4.69,4.7,4.9,5.0
2006-12-29,4.82,4.7,4.71,4.91,5.02
2007-01-01,,,,,
2007-01-02,4.8,4.68,4.68,4.87,5.07
2007-01-03,4.76,4.66,4.67,4.85,5.05
2007-01-04,4.71,4.61,4.62,4.81,5.04
2007-01-05,4.76,4.65,4.65,4.84,5.05
2007-01-08,4.78,4.66,4.66,4.84,5.08
2007-01-09,4.79,4.65,4.66,4.83,5.08
2007-01-10,4.81,4.68,4.69,4.87,5.09
2007-01-11,4.86,4.73,4.74,4.92,5.11
2007-01-12,4.88,4.76,4.77,4.96,5.09
2007-01-15,,,,,
2007-01-16,4.86,4.74,4.75,4.94,5.11
2007-01-17,4.91,4.78,4.79,4.98,5.12
2007-01-18,4.89,4.75,4.75,4.94,5.12
2007-01-19,4.93,4.78,4.78,4.96,5.14
2007-01-22,4.91,4.77,4.76,4.94,5.13
2007-01-23,4.94,4.81,4.81,5.0,5.14
2007-01-24,4.93,4.81,4.81,5.0,5.13
2007-01-25,4.98,4.85,4.87,5.06,5.14
2007-01-26,4.99,4.87,4.88,5.07,5.13
2007-01-29,4.99,4.89,4.9,5.09,5.14
2007-01-30,4.98,4.86,4.88,5.07,5.13
2007-01-31,4.94,4.82,4.83,5.02,5.12
2007-02-01,4.96,4.84,4.84,5.02,5.13
2007-02-02,4.94,4.82,4.83,5.02,5.14
2007-02-05,4.92,4.8,4.81,5.0,5.15
2007-02-06,4.9,4.76,4.77,4.96,5.14
2007-02-07,4.87,4.74,4.74,4.94,5.15
2007-02-08,4.87,4.73,4.73,4.93,5.16
2007-02-09,4.92,4.78,4.79,4.98,5.15
2007-02-12,4.94,4.8,4.8,5.0,5.18
2007-02-13,4.95,4.81,4.82,5.02,5.17
2007-02-14,4.87,4.72,4.74,4.94,5.16
2007-02-15,4.83,4.68,4.7,4.91,5.17
2007-02-16,4.83,4.68,4.69,4.9,5.17
2007-02-19,,,,,
2007-02-20,4.81,4.67,4.68,4.89,5.19
2007-02-21,4.82,4.68,4.69,4.9,5.18
2007-02-22,4.87,4.72,4.73,4.94,5.19
2007-02-23,4.82,4.67,4.68,4.89,5.18
2007-02-26,4.77,4.62,4.63,4.84,5.19
2007-02-27,4.59,4.46,4.5,4.73,5.14
2007-02-28,4.65,4.52,4.56,4.78,5.16
2007-03-01,4.63,4.5,4.56,4.78,5.15
2007-03-02,4.56,4.46,4.52,4.75,5.12
2007-03-05,4.53,4.45,4.51,4.74,5.1
2007-03-06,4.58,4.48,4.53,4.76,5.14
2007-03-07,4.54,4.45,4.5,4.73,5.12
2007-03-08,4.56,4.45,4.51,4.74,5.1
2007-03-09,4.66,4.55,4.59,4.81,5.1
2007-03-12,4.62,4.5,4.56,4.78,5.09
2007-03-13,4.52,4.41,4.5,4.75,5.09
2007-03-14,4.54,4.44,4.53,4.78,5.06
2007-03-15,4.57,4.46,4.54,4.78,5.05
2007-03-16,4.58,4.47,4.55,4.79,5.04
2007-03-19,4.61,4.5,4.58,4.81,5.06
2007-03-20,4.6,4.47,4.56,4.79,5.06
2007-03-21,4.51,4.43,4.53,4.78,5.05
2007-03-22,4.58,4.49,4.6,4.86,5.06
2007-03-23,4.6,4.52,4.62,4.88,5.08
2007-03-26,4.56,4.48,4.6,4.86,5.06
2007-03-27,4.58,4.5,4.62,4.89,5.08
2007-03-28,4.53,4.5,4.62,4.9,5.06
2007-03-29,4.58,4.53,4.64,4.9,5.05
2007-03-30,4.58,4.54,4.65,4.92,5.04
2007-04-02,4.6,4.54,4.65,4.92,5.04
2007-04-03,4.63,4.56,4.67,4.93,5.05
2007-04-04,4.61,4.55,4.66,4.92,5.07
2007-04-05,4.63,4.57,4.68,4.95,5.04
2007-04-06,4.75,4.67,4.76,5.0,5.05
2007-04-09,4.73,4.66,4.75,5.0,5.02
2007-04-10,4.71,4.63,4.73,4.99,5.03
2007-04-11,4.73,4.66,4.74,5.0,5.04
2007-04-12,4.73,4.66,4.74,4.99,5.03
2007-04-13,4.76,4.68,4.76,5.01,5.02
2007-04-16,4.74,4.67,4.74,4.98,5.01
2007-04-17,4.68,4.61,4.69,4.93,5.01
2007-04-18,4.64,4.56,4.66,4.9,5.0
2007-04-19,4.64,4.57,4.68,4.92,4.99
2007-04-20,4.64,4.57,4.68,4.93,4.99
2007-04-23,4.62,4.55,4.66,4.91,4.98
2007-04-24,4.58,4.51,4.63,4.88,4.98
2007-04-25,4.63,4.55,4.66,4.91,4.97
2007-04-26,4.67,4.59,4.69,4.95,4.96
2007-04-27,4.67,4.59,4.71,4.96,4.95
2007-04-30,4.6,4.51,4.63,4.88,4.91
2007-05-01,4.63,4.54,4.64,4.89,4.9
2007-05-02,4.65,4.55,4.65,4.89,4.91
2007-05-03,4.71,4.59,4.68,4.91,4.9
2007-05-04,4.68,4.55,4.65,4.88,4.9
2007-05-07,4.68,4.55,4.64,4.86,4.89
2007-05-08,4.68,4.54,4.63,4.87,4.9
2007-05-09,4.73,4.58,4.67,4.91,4.88
2007-05-10,4.7,4.56,4.65,4.9,4.87
2007-05-11,4.71,4.58,4.67,4.92,4.87
2007-05-14,4.73,4.61,4.69,4.93,4.85
2007-05-15,4.75,4.63,4.71,4.95,4.83
2007-05-16,4.73,4.62,4.71,4.95,4.75
2007-05-17,4.78,4.68,4.76,4.99,4.81
2007-05-18,4.82,4.74,4.81,5.03,4.84
2007-05-21,4.81,4.71,4.79,5.02,4.88
2007-05-22,4.83,4.76,4.83,5.06,4.93
2007-05-23,4.85,4.79,4.86,5.09,4.91
2007-05-24,4.85,4.79,4.86,5.09,4.91
2007-05-25,4.85,4.8,4.86,5.09,4.88
2007-05-28,,,,,
2007-05-29,4.88,4.82,4.88,5.09,4.9
2007-05-30,4.89,4.83,4.88,5.09,4.85
2007-05-31,4.92,4.86,4.9,5.1,4.73
2007-06-01,4.97,4.92,4.95,5.15,4.79
2007-06-04,4.97,4.91,4.93,5.11,4.81
2007-06-05,4.99,4.96,4.98,5.16,4.83
2007-06-06,4.97,4.94,4.97,5.17,4.8
2007-06-07,5.03,5.05,5.11,5.29,4.8
2007-06-08,5.01,5.06,5.12,5.3,4.77
2007-06-11,5.01,5.07,5.14,5.32,4.73
2007-06-12,5.08,5.18,5.26,5.44,4.72
2007-06-13,5.08,5.13,5.2,5.36,4.66
2007-06-14,5.1,5.16,5.23,5.39,4.65
2007-06-15,5.05,5.1,5.16,5.34,4.56
2007-06-18,5.01,5.07,5.15,5.34,4.63
2007-06-19,4.94,5.0,5.09,5.28,4.65
2007-06-20,4.97,5.05,5.14,5.32,4.74
2007-06-21,4.98,5.06,5.16,5.36,4.7
2007-06-22,4.92,5.02,5.14,5.34,4.73
2007-06-25,4.87,4.97,5.09,5.28,4.82
2007-06-26,4.9,4.99,5.1,5.31,4.82
2007-06-27,4.91,4.97,5.09,5.28,4.77
2007-06-28,4.96,5.02,5.12,5.3,4.78
2007-06-29,4.87,4.92,5.03,5.21,4.82
2007-07-02,4.86,4.9,5.0,5.18,4.95
2007-07-03,4.89,4.95,5.05,5.22,4.95
2007-07-04,,,,,
2007-07-05,4.99,5.05,5.16,5.32,4.95
2007-07-06,4.99,5.1,5.19,5.36,4.95
2007-07-09,4.97,5.07,5.16,5.32,4.97
2007-07-10,4.85,4.93,5.03,5.21,4.95
2007-07-11,4.89,4.98,5.09,5.26,4.95
2007-07-12,4.94,5.03,5.13,5.29,4.97
2007-07-13,4.94,5.01,5.11,5.27,4.97
2007-07-16,4.89,4.95,5.05,5.21,4.98
2007-07-17,4.91,4.98,5.08,5.24,4.96
2007-07-18,4.84,4.91,5.02,5.18,4.96
2007-07-19,4.87,4.94,5.04,5.2,4.98
2007-07-20,4.79,4.85,4.96,5.14,4.97
2007-07-23,4.8,4.86,4.97,5.15,5.02
2007-07-24,4.77,4.82,4.94,5.13,5.02
2007-07-25,4.74,4.8,4.92,5.12,4.99
2007-07-26,4.56,4.61,4.79,5.02,4.92
2007-07-27,4.56,4.6,4.8,5.03,4.85
2007-07-30,4.59,4.64,4.82,5.05,4.96
2007-07-31,4.56,4.6,4.78,5.0,4.96
2007-08-01,4.56,4.6,4.76,4.99,4.89
2007-08-02,4.59,4.62,4.77,5.0,4.89
2007-08-03,4.46,4.52,4.71,4.96,4.85
2007-08-06,4.46,4.52,4.72,4.98,4.88
2007-08-07,4.56,4.6,4.77,5.01,4.94
2007-08-08,4.64,4.69,4.84,5.11,4.95
2007-08-09,4.49,4.58,4.79,5.1,4.81
2007-08-10,4.47,4.59,4.81,5.11,4.57
2007-08-13,4.46,4.57,4.78,5.09,4.74
2007-08-14,4.39,4.51,4.73,5.06,4.64
2007-08-15,4.27,4.41,4.69,5.07,4.21
2007-08-16,4.08,4.26,4.6,4.99,3.79
2007-08-17,4.18,4.35,4.68,5.06,3.76
2007-08-20,4.11,4.32,4.64,5.04,3.12
2007-08-21,4.05,4.27,4.6,5.0,3.59
2007-08-22,4.15,4.34,4.63,5.01,3.67
2007-08-23,4.2,4.36,4.62,4.98,3.89
2007-08-24,4.3,4.42,4.63,4.95,4.24
2007-08-27,4.28,4.39,4.6,4.92,4.63
2007-08-28,4.13,4.25,4.53,4.9,4.4
2007-08-29,4.14,4.31,4.57,4.93,3.98
2007-08-30,4.08,4.21,4.51,4.87,3.84
2007-08-31,4.15,4.25,4.54,4.87,4.01
2007-09-03,,,,,
2007-09-04,4.13,4.26,4.56,4.88,4.47
2007-09-05,4.03,4.16,4.48,4.82,4.36
2007-09-06,4.08,4.2,4.51,4.84,4.29
2007-09-07,3.9,4.03,4.38,4.73,4.07
2007-09-10,3.87,4.0,4.34,4.68,3.96
2007-09-11,3.95,4.07,4.37,4.68,4.11
2007-09-12,3.95,4.11,4.41,4.72,4.03
2007-09-13,4.08,4.22,4.49,4.79,4.08
2007-09-14,4.05,4.18,4.47,4.77,4.01
2007-09-17,4.08,4.21,4.48,4.76,4.15
2007-09-18,4.0,4.19,4.5,4.81,4.01
2007-09-19,4.0,4.2,4.53,4.86,3.93
2007-09-20,4.1,4.35,4.69,4.99,3.79
2007-09-21,4.06,4.31,4.64,4.95,3.74
2007-09-24,4.05,4.31,4.63,4.94,3.84
2007-09-25,4.0,4.26,4.63,4.94,3.79
2007-09-26,3.97,4.27,4.63,4.95,3.73
2007-09-27,3.95,4.22,4.58,4.89,3.71
2007-09-28,3.97,4.23,4.59,4.89,3.82
2007-10-01,4.02,4.24,4.56,4.85,3.92
2007-10-02,3.98,4.2,4.54,4.83,3.96
2007-10-03,4.02,4.24,4.55,4.85,3.96
2007-10-04,4.0,4.22,4.54,4.83,3.96
2007-10-05,4.08,4.33,4.65,4.94,4.0
2007-10-08,,,,,
2007-10-09,4.15,4.38,4.67,4.93,4.06
2007-10-10,4.15,4.37,4.65,4.93,4.06
2007-10-11,4.13,4.36,4.66,4.95,4.12
2007-10-12,4.23,4.42,4.7,4.98,4.2
2007-10-15,4.22,4.4,4.69,4.98,4.3
2007-10-16,4.12,4.34,4.66,4.97,4.25
2007-10-17,4.0,4.22,4.57,4.88,4.01
2007-10-18,3.93,4.17,4.52,4.84,3.76
2007-10-19,3.8,4.03,4.41,4.74,3.86
2007-10-22,3.85,4.08,4.42,4.73,4.0
2007-10-23,3.81,4.06,4.41,4.74,3.98
2007-10-24,3.74,3.99,4.36,4.69,3.85
2007-10-25,3.74,4.01,4.37,4.7,3.94
2007-10-26,3.77,4.04,4.41,4.73,3.96
2007-10-29,3.79,4.04,4.39,4.71,4.01
2007-10-30,3.82,4.06,4.4,4.72,3.96
2007-10-31,3.94,4.16,4.48,4.79,3.94
2007-11-01,3.77,4.02,4.36,4.69,3.81
2007-11-02,3.66,3.93,4.31,4.65,3.61
2007-11-05,3.69,3.96,4.35,4.67,3.71
2007-11-06,3.7,3.99,4.38,4.7,3.76
2007-11-07,3.61,3.92,4.34,4.71,3.49
2007-11-08,3.47,3.81,4.28,4.7,3.38
2007-11-09,3.42,3.77,4.23,4.64,3.27
2007-11-12,,,,,
2007-11-13,3.54,3.84,4.26,4.64,3.5
2007-11-14,3.57,3.86,4.28,4.65,3.41
2007-11-15,3.35,3.71,4.17,4.58,3.3
2007-11-16,3.33,3.68,4.15,4.56,3.4
2007-11-19,3.18,3.57,4.07,4.5,3.4
2007-11-20,3.14,3.52,4.06,4.51,3.25
2007-11-21,2.99,3.4,4.0,4.49,3.09
2007-11-22,,,,,
2007-11-23,3.07,3.42,4.01,4.46,3.23
2007-11-26,2.92,3.23,3.83,4.29,3.13
2007-11-27,3.05,3.38,3.95,4.4,3.16
2007-11-28,3.17,3.5,4.03,4.46,3.05
2007-11-29,3.06,3.42,3.94,4.39,2.99
2007-11-30,3.04,3.41,3.97,4.44,3.15
2007-12-03,2.9,3.28,3.89,4.38,3.06
2007-12-04,2.9,3.28,3.89,4.38,3.07
2007-12-05,2.9,3.28,3.92,4.42,3.07
2007-12-06,3.03,3.39,4.02,4.52,3.09
2007-12-07,3.12,3.51,4.12,4.62,3.12
2007-12-10,3.17,3.54,4.15,4.64,3.05
2007-12-11,2.94,3.32,3.98,4.51,2.94
2007-12-12,3.07,3.41,4.05,4.55,2.88
2007-12-13,3.21,3.54,4.18,4.66,2.87
2007-12-14,3.31,3.63,4.24,4.71,2.88
2007-12-17,3.24,3.57,4.2,4.67,3.07
2007-12-18,3.19,3.53,4.14,4.6,3.04
2007-12-19,3.12,3.46,4.06,4.52,2.91
2007-12-20,3.09,3.45,4.04,4.5,2.92
2007-12-21,3.19,3.58,4.18,4.62,3.0
2007-12-24,3.24,3.65,4.23,4.67,3.33
2007-12-25,,,,,
2007-12-26,3.31,3.72,4.3,4.73,3.32
2007-12-27,3.24,3.64,4.21,4.66,3.17
2007-12-28,3.12,3.52,4.11,4.56,3.18
2007-12-31,3.05,3.45,4.04,4.5,3.36
2008-01-01,,,,,
2008-01-02,2.88,3.28,3.91,4.39,3.26
2008-01-03,2.83,3.26,3.91,4.41,3.24
2008-01-04,2.74,3.18,3.88,4.4,3.2
2008-01-07,2.76,3.16,3.86,4.37,3.27
2008-01-08,2.76,3.16,3.86,4.39,3.25
2008-01-09,2.69,3.1,3.82,4.35,3.22
2008-01-10,2.71,3.16,3.91,4.47,3.24
2008-01-11,2.59,3.06,3.82,4.4,3.09
2008-01-14,2.58,3.08,3.81,4.39,3.19
2008-01-15,2.53,3.0,3.72,4.3,3.17
2008-01-16,2.51,3.0,3.74,4.34,3.14
2008-01-17,2.44,2.9,3.66,4.27,3.07
2008-01-18,2.36,2.86,3.66,4.3,2.86
2008-01-21,,,,,
2008-01-22,2.08,2.64,3.52,4.23,2.35
2008-01-23,2.09,2.64,3.51,4.23,2.21
2008-01-24,2.25,2.85,3.68,4.37,2.37
2008-01-25,2.23,2.81,3.61,4.3,2.3
2008-01-28,2.2,2.8,3.61,4.3,2.34
2008-01-29,2.29,2.87,3.69,4.35,2.28
2008-01-30,2.3,2.96,3.78,4.45,2.21
2008-01-31,2.17,2.82,3.67,4.35,1.96
2008-02-01,2.09,2.75,3.62,4.31,2.1
2008-02-04,2.08,2.78,3.68,4.37,2.27
2008-02-05,1.93,2.66,3.61,4.32,2.19
2008-02-06,1.96,2.67,3.61,4.36,2.1
2008-02-07,1.99,2.79,3.74,4.5,2.17
2008-02-08,1.93,2.69,3.64,4.41,2.23
2008-02-11,1.93,2.67,3.62,4.38,2.31
2008-02-12,1.94,2.71,3.66,4.43,2.31
2008-02-13,1.91,2.71,3.7,4.48,2.28
2008-02-14,1.93,2.81,3.85,4.63,2.31
2008-02-15,1.91,2.76,3.76,4.55,2.21
2008-02-18,,,,,
2008-02-19,2.06,2.93,3.89,4.63,2.28
2008-02-20,2.14,3.02,3.93,4.63,2.25
2008-02-21,1.98,2.8,3.77,4.52,2.2
2008-02-22,1.98,2.81,3.79,4.55,2.2
2008-02-25,2.13,2.98,3.91,4.65,2.2
2008-02-26,2.04,2.92,3.88,4.64,2.14
2008-02-27,2.01,2.89,3.85,4.62,1.98
2008-02-28,1.87,2.73,3.71,4.51,1.9
2008-02-29,1.65,2.5,3.53,4.37,1.85
2008-03-03,1.61,2.48,3.54,4.37,1.7
2008-03-04,1.65,2.53,3.63,4.46,1.66
2008-03-05,1.66,2.59,3.7,4.55,1.53
2008-03-06,1.53,2.5,3.62,4.52,1.39
2008-03-07,1.53,2.45,3.56,4.49,1.45
2008-03-10,1.47,2.37,3.46,4.39,1.35
2008-03-11,1.74,2.61,3.6,4.48,1.48
2008-03-12,1.63,2.49,3.49,4.35,1.48
2008-03-13,1.63,2.53,3.56,4.42,1.35
2008-03-14,1.47,2.37,3.44,4.3,1.18
2008-03-17,1.35,2.23,3.34,4.24,1.11
2008-03-18,1.58,2.42,3.48,4.3,0.92
2008-03-19,1.54,2.36,3.38,4.2,0.61
2008-03-20,1.59,2.36,3.34,4.15,0.63
2008-03-21,,,,,
2008-03-24,1.84,2.64,3.56,4.31,1.24
2008-03-25,1.79,2.61,3.51,4.29,1.29
2008-03-26,1.71,2.55,3.51,4.31,1.29
2008-03-27,1.73,2.61,3.56,4.37,1.3
2008-03-28,1.67,2.51,3.47,4.32,1.33
2008-03-31,1.62,2.46,3.45,4.3,1.38
2008-04-01,1.8,2.65,3.57,4.4,1.4
2008-04-02,1.88,2.72,3.6,4.4,1.41
2008-04-03,1.91,2.75,3.61,4.41,1.4
2008-04-04,1.83,2.63,3.5,4.32,1.35
2008-04-07,1.95,2.75,3.57,4.37,1.45
2008-04-08,1.87,2.72,3.58,4.37,1.41
2008-04-09,1.77,2.59,3.49,4.3,1.31
2008-04-10,1.84,2.66,3.55,4.33,1.27
2008-04-11,1.76,2.57,3.49,4.28,1.19
2008-04-14,1.78,2.6,3.53,4.32,1.08
2008-04-15,1.84,2.68,3.6,4.38,1.1
2008-04-16,1.98,2.82,3.72,4.49,1.12
2008-04-17,2.13,2.9,3.75,4.5,1.23
2008-04-18,2.19,2.95,3.77,4.52,1.35
2008-04-21,2.2,2.95,3.75,4.48,1.34
2008-04-22,2.24,2.96,3.74,4.47,1.27
2008-04-23,2.22,2.98,3.77,4.49,1.26
2008-04-24,2.41,3.15,3.87,4.56,1.26
2008-04-25,2.44,3.2,3.91,4.61,1.34
2008-04-28,2.36,3.14,3.86,4.57,1.43
2008-04-29,2.35,3.11,3.85,4.56,1.46
2008-04-30,2.29,3.03,3.77,4.49,1.43
2008-05-01,2.37,3.06,3.78,4.49,1.45
2008-05-02,2.47,3.18,3.89,4.57,1.5
2008-05-05,2.42,3.14,3.88,4.58,1.53
2008-05-06,2.38,3.15,3.93,4.64,1.63
2008-05-07,2.31,3.09,3.87,4.61,1.67
2008-05-08,2.25,2.99,3.79,4.55,1.66
2008-05-09,2.25,2.98,3.77,4.52,1.69
2008-05-12,2.3,3.0,3.78,4.52,1.77
2008-05-13,2.47,3.17,3.9,4.61,1.83
2008-05-14,2.53,3.22,3.92,4.63,1.82
2008-05-15,2.45,3.1,3.83,4.55,1.83
2008-05-16,2.47,3.12,3.85,4.57,1.84
2008-05-19,2.42,3.09,3.83,4.55,1.82
2008-05-20,2.34,3.02,3.78,4.52,1.86
2008-05-21,2.41,3.09,3.81,4.53,1.86
2008-05-22,2.56,3.24,3.92,4.62,1.86
2008-05-23,2.46,3.15,3.85,4.56,1.86
2008-05-26,,,,,
2008-05-27,2.55,3.25,3.93,4.65,1.89
2008-05-28,2.62,3.36,4.03,4.72,1.89
2008-05-29,2.67,3.41,4.08,4.77,1.9
2008-05-30,2.66,3.41,4.06,4.74,1.89
2008-06-02,2.51,3.28,3.98,4.69,1.85
2008-06-03,2.45,3.21,3.92,4.64,1.85
2008-06-04,2.47,3.26,3.98,4.72,1.84
2008-06-05,2.52,3.34,4.06,4.77,1.85
2008-06-06,2.4,3.2,3.94,4.67,1.85
2008-06-09,2.73,3.41,4.02,4.68,1.89
2008-06-10,2.91,3.54,4.11,4.76,2.02
2008-06-11,2.83,3.49,4.1,4.76,1.96
2008-06-12,3.03,3.68,4.23,4.83,2.0
2008-06-13,3.05,3.73,4.27,4.86,1.99
2008-06-16,3.02,3.73,4.25,4.84,2.07
2008-06-17,2.94,3.66,4.23,4.85,1.99
2008-06-18,2.89,3.57,4.16,4.77,1.93
2008-06-19,2.99,3.67,4.22,4.82,1.91
2008-06-20,2.88,3.57,4.16,4.76,1.87
2008-06-23,2.98,3.65,4.19,4.77,1.87
2008-06-24,2.87,3.52,4.1,4.7,1.83
2008-06-25,2.82,3.54,4.12,4.72,1.81
2008-06-26,2.68,3.44,4.07,4.67,1.74
2008-06-27,2.65,3.36,3.99,4.58,1.68
2008-06-30,2.63,3.34,3.99,4.59,1.9
2008-07-01,2.63,3.33,4.01,4.6,1.87
2008-07-02,2.6,3.31,3.99,4.57,1.82
2008-07-03,2.54,3.28,3.99,4.58,1.84
2008-07-04,,,,,
2008-07-07,2.47,3.23,3.95,4.55,1.87
2008-07-08,2.47,3.19,3.91,4.51,1.86
2008-07-09,2.41,3.11,3.85,4.47,1.82
2008-07-10,2.44,3.1,3.83,4.47,1.67
2008-07-11,2.59,3.27,3.96,4.57,1.62
2008-07-14,2.47,3.2,3.9,4.52,1.52
2008-07-15,2.39,3.12,3.87,4.52,1.39
2008-07-16,2.44,3.2,3.97,4.64,1.37
2008-07-17,2.58,3.35,4.07,4.7,1.43
2008-07-18,2.66,3.42,4.11,4.71,1.48
2008-07-21,2.66,3.41,4.09,4.69,1.48
2008-07-22,2.74,3.48,4.14,4.73,1.55
2008-07-23,2.81,3.51,4.16,4.76,1.59
2008-07-24,2.61,3.37,4.03,4.66,1.65
2008-07-25,2.7,3.45,4.13,4.75,1.75
2008-07-28,2.59,3.34,4.06,4.69,1.73
2008-07-29,2.65,3.39,4.09,4.7,1.72
2008-07-30,2.64,3.36,4.07,4.69,1.7
2008-07-31,2.52,3.25,3.99,4.63,1.68
2008-08-01,2.51,3.23,3.97,4.61,1.66
2008-08-04,2.53,3.23,3.98,4.62,1.75
2008-08-05,2.54,3.28,4.04,4.67,1.75
2008-08-06,2.56,3.3,4.06,4.71,1.64
2008-08-07,2.43,3.16,3.92,4.58,1.66
2008-08-08,2.51,3.21,3.94,4.58,1.7
2008-08-11,2.56,3.27,3.99,4.64,1.87
2008-08-12,2.45,3.16,3.91,4.58,1.86
2008-08-13,2.5,3.21,3.94,4.61,1.85
2008-08-14,2.45,3.15,3.89,4.55,1.89
2008-08-15,2.4,3.11,3.84,4.5,1.85
2008-08-18,2.35,3.07,3.82,4.47,1.82
2008-08-19,2.32,3.07,3.83,4.5,1.8
2008-08-20,2.25,3.0,3.79,4.46,1.71
2008-08-21,2.33,3.08,3.84,4.49,1.72
2008-08-22,2.42,3.14,3.87,4.5,1.7
2008-08-25,2.33,3.04,3.79,4.42,1.74
2008-08-26,2.35,3.06,3.79,4.43,1.71
2008-08-27,2.31,3.02,3.77,4.41,1.67
2008-08-28,2.37,3.09,3.79,4.41,1.74
2008-08-29,2.36,3.1,3.83,4.47,1.72
2008-09-01,,,,,
2008-09-02,2.26,3.0,3.74,4.39,1.72
2008-09-03,2.26,2.95,3.71,4.36,1.7
2008-09-04,2.2,2.87,3.64,4.31,1.69
2008-09-05,2.23,2.91,3.66,4.31,1.68
2008-09-08,2.3,2.96,3.66,4.3,1.71
2008-09-09,2.23,2.9,3.62,4.24,1.66
2008-09-10,2.22,2.91,3.65,4.27,1.65
2008-09-11,2.18,2.87,3.64,4.25,1.61
2008-09-12,2.23,2.97,3.74,4.36,1.49
2008-09-15,1.78,2.59,3.47,4.14,1.02
2008-09-16,1.89,2.64,3.48,4.12,0.84
2008-09-17,1.64,2.52,3.41,4.12,0.03
2008-09-18,1.78,2.67,3.54,4.19,0.23
2008-09-19,2.16,3.01,3.78,4.42,0.99
2008-09-22,2.13,3.04,3.83,4.48,1.28
2008-09-23,2.11,3.03,3.85,4.5,0.8
2008-09-24,2.03,2.91,3.8,4.48,0.49
2008-09-25,2.16,3.09,3.88,4.48,0.76
2008-09-26,2.11,3.05,3.85,4.44,0.87
2008-09-29,1.7,2.7,3.61,4.21,0.94
2008-09-30,2.0,2.98,3.85,4.43,0.92
2008-10-01,1.82,2.87,3.77,4.33,0.85
2008-10-02,1.62,2.68,3.66,4.28,0.63
2008-10-03,1.6,2.64,3.63,4.26,0.51
2008-10-06,1.43,2.45,3.48,4.12,0.54
2008-10-07,1.47,2.45,3.5,4.15,0.82
2008-10-08,1.65,2.7,3.72,4.31,0.68
2008-10-09,1.65,2.79,3.84,4.41,0.6
2008-10-10,1.62,2.77,3.89,4.41,0.25
2008-10-13,,,,,
2008-10-14,1.82,3.01,4.08,4.57,0.34
2008-10-15,1.64,2.9,4.04,4.57,0.22
2008-10-16,1.61,2.84,3.99,4.59,0.46
2008-10-17,1.64,2.83,3.98,4.66,0.83
2008-10-20,1.71,2.82,3.91,4.6,1.24
2008-10-21,1.58,2.63,3.76,4.52,1.1
2008-10-22,1.53,2.56,3.65,4.42,1.05
2008-10-23,1.54,2.57,3.63,4.34,0.98
2008-10-24,1.57,2.64,3.76,4.44,0.89
2008-10-27,1.59,2.67,3.79,4.43,0.84
2008-10-28,1.65,2.75,3.89,4.51,0.77
2008-10-29,1.58,2.77,3.93,4.59,0.62
2008-10-30,1.59,2.84,4.0,4.67,0.41
2008-10-31,1.56,2.8,4.01,4.74,0.46
2008-11-03,1.45,2.71,3.96,4.73,0.49
2008-11-04,1.39,2.56,3.81,4.58,0.48
2008-11-05,1.36,2.5,3.73,4.49,0.4
2008-11-06,1.28,2.46,3.75,4.52,0.32
2008-11-07,1.33,2.56,3.83,4.57,0.31
2008-11-10,1.27,2.51,3.82,4.5,0.29
2008-11-11,,,,,
2008-11-12,1.19,2.37,3.75,4.44,0.18
2008-11-13,1.24,2.43,3.84,4.57,0.22
2008-11-14,1.22,2.33,3.72,4.43,0.15
2008-11-17,1.22,2.32,3.68,4.42,0.12
2008-11-18,1.15,2.22,3.53,4.32,0.12
2008-11-19,1.09,2.08,3.38,4.17,0.07
2008-11-20,1.0,1.94,3.1,3.87,0.03
2008-11-21,1.09,2.02,3.2,3.93,0.02
2008-11-24,1.31,2.24,3.35,4.01,0.13
2008-11-25,1.15,2.06,3.11,3.85,0.1
2008-11-26,1.09,2.01,2.99,3.77,0.05
2008-11-27,,,,,
2008-11-28,1.0,1.93,2.93,3.71,0.01
2008-12-01,0.9,1.71,2.72,3.51,0.07
2008-12-02,0.9,1.65,2.68,3.47,0.06
2008-12-03,0.87,1.6,2.67,3.45,0.02
2008-12-04,0.82,1.51,2.55,3.35,0.02
2008-12-05,0.93,1.67,2.67,3.41,0.02
2008-12-08,0.97,1.76,2.77,3.45,0.03
2008-12-09,0.84,1.61,2.67,3.35,0.03
2008-12-10,0.86,1.62,2.69,3.39,0.0
2008-12-11,0.79,1.55,2.64,3.35,0.01
2008-12-12,0.78,1.55,2.6,3.36,0.02
2008-12-15,0.75,1.5,2.53,3.29,0.03
2008-12-16,0.65,1.34,2.37,3.16,0.04
2008-12-17,0.73,1.35,2.2,3.01,0.05
2008-12-18,0.68,1.26,2.08,2.86,0.0
2008-12-19,0.74,1.35,2.13,2.89,0.02
2008-12-22,0.87,1.4,2.16,2.92,0.01
2008-12-23,0.9,1.53,2.18,2.93,0.02
2008-12-24,0.9,1.54,2.2,2.94,0.0
2008-12-25,,,,,
2008-12-26,0.89,1.51,2.16,2.91,0.03
2008-12-29,0.78,1.45,2.13,2.94,0.06
2008-12-30,0.75,1.47,2.11,2.88,0.1
2008-12-31,0.76,1.55,2.25,3.05,0.11
2009-01-01,,,,,
2009-01-02,0.88,1.72,2.46,3.22,0.08
2009-01-05,0.78,1.67,2.49,3.37,0.14
2009-01-06,0.8,1.68,2.51,3.41,0.14
2009-01-07,0.82,1.66,2.52,3.41,0.11
2009-01-08,0.83,1.6,2.47,3.4,0.09
2009-01-09,0.75,1.51,2.43,3.39,0.07
2009-01-12,0.74,1.45,2.34,3.3,0.12
2009-01-13,0.76,1.44,2.33,3.3,0.11
2009-01-14,0.73,1.36,2.24,3.17,0.12
2009-01-15,0.73,1.36,2.23,3.16,0.11
2009-01-16,0.73,1.47,2.36,3.22,0.12
2009-01-19,,,,,
2009-01-20,0.73,1.48,2.4,3.3,0.13
2009-01-21,0.78,1.6,2.56,3.51,0.11
2009-01-22,0.75,1.61,2.62,3.61,0.1
2009-01-23,0.83,1.64,2.65,3.65,0.11
2009-01-26,0.85,1.67,2.7,3.71,0.14
2009-01-27,0.87,1.59,2.59,3.57,0.13
2009-01-28,0.89,1.7,2.71,3.73,0.19
2009-01-29,0.95,1.87,2.87,3.85,0.23
2009-01-30,0.94,1.85,2.87,3.86,0.24
2009-02-02,0.89,1.75,2.76,3.75,0.27
2009-02-03,0.96,1.88,2.89,3.88,0.32
2009-02-04,0.98,1.91,2.95,3.88,0.3
2009-02-05,0.98,1.89,2.95,3.86,0.29
2009-02-06,0.99,1.97,3.05,3.94,0.28
2009-02-09,1.05,1.99,3.07,3.91,0.32
2009-02-10,0.92,1.79,2.9,3.77,0.31
2009-02-11,0.93,1.76,2.78,3.69,0.3
2009-02-12,0.89,1.73,2.75,3.71,0.29
2009-02-13,0.97,1.88,2.89,3.91,0.29
2009-02-16,,,,,
2009-02-17,0.87,1.65,2.64,3.7,0.32
2009-02-18,0.97,1.81,2.74,3.77,0.31
2009-02-19,1.01,1.89,2.85,3.92,0.3
2009-02-20,0.96,1.81,2.78,3.82,0.27
2009-02-23,0.96,1.84,2.78,3.79,0.29
2009-02-24,1.03,1.89,2.8,3.77,0.32
2009-02-25,1.09,2.06,2.95,3.88,0.3
2009-02-26,1.08,2.07,2.98,3.93,0.27
2009-02-27,1.0,1.99,3.02,3.98,0.26
2009-03-02,0.89,1.86,2.91,3.89,0.28
2009-03-03,0.91,1.87,2.93,3.92,0.27
2009-03-04,0.97,1.97,3.01,3.96,0.26
2009-03-05,0.9,1.82,2.83,3.76,0.2
2009-03-06,0.91,1.83,2.83,3.74,0.21
2009-03-09,0.96,1.9,2.89,3.83,0.23
2009-03-10,1.01,1.99,2.99,3.94,0.24
2009-03-11,1.03,1.96,2.95,3.88,0.23
2009-03-12,1.03,1.92,2.89,3.82,0.22
2009-03-13,0.98,1.87,2.89,3.84,0.2
2009-03-16,1.0,1.91,2.97,3.93,0.24
2009-03-17,1.05,2.0,3.02,3.99,0.24
2009-03-18,0.82,1.54,2.51,3.65,0.21
2009-03-19,0.87,1.64,2.61,3.64,0.2
2009-03-20,0.89,1.66,2.65,3.67,0.22
2009-03-23,0.93,1.69,2.68,3.7,0.22
2009-03-24,0.93,1.7,2.68,3.64,0.21
2009-03-25,0.96,1.84,2.81,3.76,0.19
2009-03-26,0.9,1.8,2.76,3.69,0.15
2009-03-27,0.9,1.79,2.78,3.66,0.14
2009-03-30,0.84,1.72,2.73,3.64,0.18
2009-03-31,0.81,1.67,2.71,3.61,0.21
2009-04-01,0.83,1.65,2.68,3.54,0.22
2009-04-02,0.88,1.74,2.77,3.63,0.22
2009-04-03,0.96,1.87,2.91,3.77,0.21
2009-04-06,0.94,1.9,2.95,3.82,0.2
2009-04-07,0.91,1.87,2.93,3.79,0.2
2009-04-08,0.93,1.83,2.86,3.74,0.18
2009-04-09,0.96,1.9,2.96,3.85,0.18
2009-04-10,,,,,
2009-04-13,0.89,1.81,2.88,3.78,0.18
2009-04-14,0.86,1.71,2.8,3.73,0.17
2009-04-15,0.86,1.71,2.82,3.75,0.15
2009-04-16,0.91,1.79,2.86,3.81,0.13
2009-04-17,0.99,1.91,2.98,3.91,0.14
2009-04-20,0.93,1.82,2.88,3.8,0.14
2009-04-21,0.96,1.87,2.94,3.86,0.15
2009-04-22,1.0,1.92,2.98,3.93,0.14
2009-04-23,0.97,1.89,2.96,3.9,0.1
2009-04-24,0.99,1.96,3.03,3.99,0.1
2009-04-27,0.9,1.87,2.95,3.92,0.13
2009-04-28,0.95,1.97,3.05,4.03,0.13
2009-04-29,0.94,2.01,3.12,4.07,0.11
2009-04-30,0.91,2.02,3.16,4.1,0.14
2009-05-01,0.92,2.03,3.21,4.14,0.16
2009-05-04,0.94,2.03,3.19,4.11,0.19
2009-05-05,0.98,2.05,3.2,4.11,0.19
2009-05-06,0.96,2.06,3.18,4.12,0.19
2009-05-07,1.0,2.15,3.29,4.26,0.18
2009-05-08,1.0,2.15,3.29,4.25,0.19
2009-05-11,0.92,2.04,3.17,4.15,0.19
2009-05-12,0.9,2.02,3.17,4.13,0.19
2009-05-13,0.89,1.98,3.11,4.06,0.17
2009-05-14,0.87,1.98,3.1,4.04,0.16
2009-05-15,0.88,2.01,3.14,4.07,0.17
2009-05-18,0.93,2.09,3.22,4.16,0.19
2009-05-19,0.91,2.12,3.25,4.19,0.18
2009-05-20,0.87,2.05,3.19,4.11,0.18
2009-05-21,0.89,2.16,3.35,4.27,0.19
2009-05-22,0.92,2.23,3.45,4.36,0.18
2009-05-25,,,,,
2009-05-26,0.96,2.3,3.5,4.42,0.18
2009-05-27,0.96,2.43,3.71,4.58,0.17
2009-05-28,0.97,2.46,3.67,4.52,0.15
2009-05-29,0.92,2.34,3.47,4.34,0.14
2009-06-01,0.97,2.55,3.71,4.56,0.13
2009-06-02,0.96,2.52,3.65,4.51,0.14
2009-06-03,0.91,2.43,3.56,4.44,0.14
2009-06-04,0.96,2.56,3.72,4.58,0.14
2009-06-05,1.32,2.85,3.84,4.64,0.2
2009-06-08,1.42,2.95,3.91,4.66,0.19
2009-06-09,1.33,2.86,3.86,4.65,0.19
2009-06-10,1.38,2.93,3.98,4.75,0.18
2009-06-11,1.35,2.87,3.88,4.67,0.19
2009-06-12,1.3,2.81,3.81,4.63,0.19
2009-06-15,1.26,2.75,3.76,4.58,0.17
2009-06-16,1.23,2.7,3.67,4.47,0.17
2009-06-17,1.19,2.69,3.68,4.47,0.17
2009-06-18,1.28,2.86,3.86,4.62,0.18
2009-06-19,1.25,2.82,3.79,4.54,0.19
2009-06-22,1.17,2.75,3.72,4.45,0.2
2009-06-23,1.14,2.71,3.65,4.36,0.2
2009-06-24,1.19,2.74,3.72,4.43,0.19
2009-06-25,1.12,2.58,3.55,4.31,0.18
2009-06-26,1.1,2.53,3.52,4.28,0.2
2009-06-29,1.11,2.53,3.51,4.29,0.2
2009-06-30,1.11,2.54,3.53,4.3,0.19
2009-07-01,1.05,2.51,3.55,4.32,0.17
2009-07-02,0.98,2.43,3.51,4.28,0.17
2009-07-03,,,,,
2009-07-06,0.96,2.4,3.52,4.29,0.19
2009-07-07,0.98,2.36,3.47,4.25,0.19
2009-07-08,0.91,2.23,3.33,4.13,0.18
2009-07-09,0.94,2.33,3.44,4.26,0.19
2009-07-10,0.91,2.22,3.32,4.16,0.18
2009-07-13,0.92,2.27,3.38,4.21,0.18
2009-07-14,0.97,2.37,3.5,4.35,0.18
2009-07-15,1.03,2.52,3.63,4.46,0.18
2009-07-16,1.0,2.46,3.59,4.43,0.19
2009-07-17,1.02,2.52,3.67,4.51,0.17
2009-07-20,0.99,2.46,3.61,4.45,0.19
2009-07-21,0.96,2.36,3.5,4.35,0.19
2009-07-22,0.98,2.43,3.58,4.42,0.19
2009-07-23,1.08,2.6,3.72,4.55,0.19
2009-07-24,1.05,2.57,3.7,4.53,0.18
2009-07-27,1.08,2.63,3.75,4.6,0.19
2009-07-28,1.12,2.63,3.72,4.54,0.19
2009-07-29,1.17,2.69,3.69,4.49,0.19
2009-07-30,1.19,2.66,3.67,4.44,0.18
2009-07-31,1.13,2.53,3.52,4.29,0.18
2009-08-03,1.18,2.66,3.66,4.4,0.19
2009-08-04,1.2,2.68,3.7,4.44,0.18
2009-08-05,1.23,2.73,3.8,4.54,0.18
2009-08-06,1.22,2.73,3.79,4.51,0.17
2009-08-07,1.32,2.84,3.89,4.59,0.19
2009-08-10,1.24,2.75,3.8,4.49,0.19
2009-08-11,1.21,2.69,3.71,4.4,0.18
2009-08-12,1.18,2.7,3.72,4.49,0.17
2009-08-13,1.12,2.58,3.59,4.37,0.17
2009-08-14,1.07,2.51,3.55,4.33,0.18
2009-08-17,1.04,2.43,3.48,4.26,0.18
2009-08-18,1.06,2.48,3.51,4.29,0.18
2009-08-19,1.01,2.43,3.45,4.23,0.17
2009-08-20,1.03,2.43,3.42,4.18,0.17
2009-08-21,1.13,2.58,3.56,4.32,0.17
2009-08-24,1.05,2.5,3.48,4.22,0.17
2009-08-25,1.05,2.48,3.45,4.17,0.17
2009-08-26,1.06,2.46,3.44,4.15,0.15
2009-08-27,1.04,2.48,3.47,4.19,0.15
2009-08-28,1.01,2.46,3.46,4.17,0.15
2009-08-31,0.97,2.39,3.4,4.14,0.15
2009-09-01,0.92,2.33,3.38,4.14,0.14
2009-09-02,0.89,2.26,3.29,4.04,0.14
2009-09-03,0.91,2.29,3.33,4.09,0.15
2009-09-04,0.94,2.36,3.45,4.21,0.14
2009-09-07,,,,,
2009-09-08,0.93,2.38,3.47,4.24,0.14
2009-09-09,0.93,2.38,3.48,4.26,0.14
2009-09-10,0.9,2.29,3.36,4.11,0.14
2009-09-11,0.9,2.29,3.34,4.1,0.14
2009-09-14,0.94,2.37,3.42,4.16,0.14
2009-09-15,0.96,2.41,3.47,4.21,0.13
2009-09-16,1.01,2.46,3.48,4.22,0.1
2009-09-17,0.98,2.41,3.42,4.14,0.1
2009-09-18,1.03,2.49,3.49,4.2,0.08
2009-09-21,1.02,2.47,3.49,4.2,0.11
2009-09-22,1.02,2.45,3.46,4.18,0.11
2009-09-23,0.96,2.4,3.44,4.18,0.11
2009-09-24,0.93,2.37,3.4,4.14,0.1
2009-09-25,0.98,2.36,3.34,4.07,0.1
2009-09-28,0.98,2.33,3.31,4.02,0.11
2009-09-29,1.0,2.34,3.31,4.02,0.13
2009-09-30,0.95,2.31,3.31,4.02,0.14
2009-10-01,0.87,2.2,3.21,3.95,0.1
2009-10-02,0.88,2.22,3.24,3.98,0.1
2009-10-05,0.88,2.21,3.24,3.98,0.08
2009-10-06,0.91,2.25,3.27,4.03,0.08
2009-10-07,0.87,2.16,3.21,3.96,0.09
2009-10-08,0.9,2.22,3.27,4.05,0.06
2009-10-09,0.98,2.36,3.4,4.2,0.07
2009-10-12,,,,,
2009-10-13,0.91,2.28,3.34,4.14,0.07
2009-10-14,0.96,2.36,3.45,4.26,0.07
2009-10-15,0.97,2.41,3.49,4.29,0.07
2009-10-16,0.97,2.37,3.43,4.22,0.07
2009-10-19,0.99,2.36,3.41,4.19,0.08
2009-10-20,0.95,2.3,3.35,4.14,0.08
2009-10-21,1.0,2.38,3.42,4.2,0.07
2009-10-22,0.97,2.39,3.44,4.22,0.06
2009-10-23,1.04,2.46,3.51,4.27,0.07
2009-10-26,1.06,2.53,3.59,4.35,0.08
2009-10-27,0.99,2.41,3.49,4.26,0.08
2009-10-28,0.95,2.37,3.44,4.22,0.07
2009-10-29,0.98,2.44,3.53,4.31,0.06
2009-10-30,0.9,2.31,3.41,4.19,0.05
2009-11-02,0.92,2.33,3.45,4.22,0.06
2009-11-03,0.92,2.36,3.5,4.29,0.06
2009-11-04,0.91,2.39,3.57,4.36,0.05
2009-11-05,0.9,2.35,3.57,4.36,0.04
2009-11-06,0.86,2.3,3.54,4.35,0.06
2009-11-09,0.87,2.31,3.52,4.34,0.07
2009-11-10,0.85,2.31,3.5,4.36,0.07
2009-11-11,,,,,
2009-11-12,0.82,2.28,3.45,4.33,0.07
2009-11-13,0.82,2.28,3.43,4.29,0.06
2009-11-16,0.78,2.19,3.33,4.18,0.07
2009-11-17,0.78,2.19,3.33,4.17,0.06
2009-11-18,0.77,2.21,3.36,4.21,0.04
2009-11-19,0.73,2.18,3.35,4.19,0.02
2009-11-20,0.75,2.2,3.36,4.2,0.02
2009-11-23,0.77,2.2,3.37,4.2,0.05
2009-11-24,0.73,2.15,3.32,4.16,0.05
2009-11-25,0.73,2.11,3.28,4.12,0.05
2009-11-26,,,,,
2009-11-27,0.68,2.03,3.21,4.07,0.03
2009-11-30,0.67,2.01,3.21,4.07,0.06
2009-12-01,0.67,2.03,3.28,4.14,0.06
2009-12-02,0.72,2.09,3.32,4.14,0.05
2009-12-03,0.74,2.14,3.39,4.23,0.06
2009-12-04,0.84,2.24,3.48,4.31,0.06
2009-12-07,0.78,2.19,3.44,4.29,0.04
2009-12-08,0.73,2.12,3.4,4.28,0.03
2009-12-09,0.76,2.15,3.45,4.31,0.03
2009-12-10,0.78,2.19,3.49,4.37,0.02
2009-12-11,0.83,2.26,3.55,4.39,0.03
2009-12-14,0.87,2.3,3.56,4.39,0.04
2009-12-15,0.88,2.35,3.6,4.42,0.05
2009-12-16,0.85,2.35,3.61,4.42,0.04
2009-12-17,0.77,2.24,3.5,4.31,0.04
2009-12-18,0.82,2.3,3.55,4.36,0.05
2009-12-21,0.89,2.43,3.69,4.47,0.08
2009-12-22,0.95,2.49,3.76,4.52,0.08
2009-12-23,0.96,2.51,3.77,4.54,0.07
2009-12-24,1.0,2.57,3.82,4.6,0.05
2009-12-25,,,,,
2009-12-28,1.09,2.62,3.85,4.61,0.11
2009-12-29,1.09,2.62,3.82,4.57,0.1
2009-12-30,1.08,2.61,3.8,4.54,0.05
2009-12-31,1.14,2.69,3.85,4.58,0.06
2010-01-01,,,,,
2010-01-04,1.09,2.65,3.85,4.6,0.08
2010-01-05,1.01,2.56,3.77,4.54,0.07
2010-01-06,1.01,2.6,3.85,4.63,0.06
2010-01-07,1.03,2.62,3.85,4.62,0.05
2010-01-08,0.96,2.57,3.83,4.61,0.05
2010-01-11,0.95,2.58,3.85,4.64,0.04
2010-01-12,0.92,2.49,3.74,4.52,0.05
2010-01-13,0.97,2.55,3.8,4.6,0.06
2010-01-14,0.94,2.51,3.76,4.52,0.05
2010-01-15,0.89,2.44,3.7,4.48,0.06
2010-01-18,,,,,
2010-01-19,0.93,2.48,3.73,4.49,0.06
2010-01-20,0.92,2.45,3.68,4.43,0.05
2010-01-21,0.87,2.38,3.62,4.38,0.06
2010-01-22,0.84,2.37,3.62,4.38,0.06
2010-01-25,0.86,2.39,3.66,4.42,0.06
2010-01-26,0.87,2.38,3.65,4.43,0.07
2010-01-27,0.9,2.43,3.66,4.42,0.08
2010-01-28,0.87,2.41,3.68,4.44,0.08
2010-01-29,0.82,2.34,3.63,4.38,0.08
2010-02-01,0.86,2.38,3.68,4.43,0.1
2010-02-02,0.86,2.37,3.67,4.42,0.1
2010-02-03,0.88,2.4,3.73,4.49,0.1
2010-02-04,0.8,2.29,3.62,4.39,0.09
2010-02-05,0.77,2.23,3.59,4.36,0.1
2010-02-08,0.79,2.26,3.62,4.38,0.12
2010-02-09,0.84,2.32,3.67,4.44,0.12
2010-02-10,0.91,2.39,3.72,4.51,0.11
2010-02-11,0.91,2.39,3.73,4.54,0.11
2010-02-12,0.84,2.35,3.69,4.52,0.1
2010-02-15,,,,,
2010-02-16,0.82,2.32,3.66,4.49,0.1
2010-02-17,0.87,2.4,3.74,4.56,0.1
2010-02-18,0.9,2.46,3.79,4.61,0.1
2010-02-19,0.95,2.48,3.78,4.58,0.11
2010-02-22,0.91,2.47,3.8,4.6,0.11
2010-02-23,0.87,2.37,3.69,4.49,0.12
2010-02-24,0.87,2.4,3.7,4.49,0.12
2010-02-25,0.82,2.33,3.64,4.44,0.13
2010-02-26,0.81,2.3,3.61,4.4,0.13
2010-03-01,0.8,2.28,3.61,4.41,0.13
2010-03-02,0.8,2.27,3.62,4.42,0.14
2010-03-03,0.82,2.27,3.63,4.43,0.14
2010-03-04,0.86,2.28,3.61,4.4,0.14
2010-03-05,0.91,2.35,3.69,4.49,0.15
2010-03-08,0.9,2.36,3.72,4.52,0.16
2010-03-09,0.89,2.34,3.71,4.53,0.16
2010-03-10,0.92,2.39,3.73,4.53,0.15
2010-03-11,0.97,2.43,3.73,4.51,0.16
2010-03-12,0.97,2.42,3.71,4.47,0.15
2010-03-15,0.96,2.42,3.71,4.48,0.17
2010-03-16,0.93,2.37,3.66,4.43,0.16
2010-03-17,0.95,2.38,3.65,4.41,0.15
2010-03-18,0.98,2.44,3.68,4.43,0.16
2010-03-19,1.02,2.48,3.7,4.41,0.16
2010-03-22,1.01,2.43,3.67,4.41,0.15
2010-03-23,1.02,2.44,3.69,4.43,0.14
2010-03-24,1.08,2.62,3.84,4.56,0.14
2010-03-25,1.1,2.65,3.91,4.63,0.14
2010-03-26,1.04,2.59,3.86,4.6,0.14
2010-03-29,1.04,2.6,3.88,4.61,0.15
2010-03-30,1.06,2.6,3.88,4.59,0.16
2010-03-31,1.02,2.55,3.84,4.55,0.16
2010-04-01,1.05,2.59,3.89,4.58,0.16
2010-04-02,1.11,2.67,3.96,4.65,0.16
2010-04-05,1.18,2.75,4.01,4.69,0.18
2010-04-06,1.14,2.71,3.98,4.68,0.17
2010-04-07,1.06,2.62,3.89,4.58,0.17
2010-04-08,1.09,2.64,3.91,4.6,0.17
2010-04-09,1.08,2.65,3.9,4.58,0.16
2010-04-12,1.07,2.6,3.87,4.54,0.16
2010-04-13,1.07,2.58,3.84,4.52,0.16
2010-04-14,1.07,2.61,3.88,4.57,0.16
2010-04-15,1.04,2.57,3.86,4.56,0.16
2010-04-16,0.98,2.49,3.79,4.5,0.16
2010-04-19,1.01,2.54,3.83,4.54,0.16
2010-04-20,1.05,2.56,3.82,4.51,0.16
2010-04-21,1.03,2.52,3.77,4.45,0.15
2010-04-22,1.07,2.57,3.8,4.48,0.16
2010-04-23,1.1,2.61,3.84,4.51,0.16
2010-04-26,1.09,2.6,3.83,4.5,0.16
2010-04-27,1.03,2.46,3.71,4.4,0.16
2010-04-28,1.03,2.53,3.8,4.47,0.16
2010-04-29,1.01,2.49,3.76,4.42,0.17
2010-04-30,0.97,2.43,3.69,4.36,0.16
2010-05-03,1.0,2.47,3.72,4.37,0.17
2010-05-04,0.96,2.38,3.63,4.27,0.16
2010-05-05,0.88,2.31,3.58,4.23,0.15
2010-05-06,0.75,2.13,3.41,4.03,0.11
2010-05-07,0.83,2.17,3.45,4.11,0.13
2010-05-10,0.87,2.27,3.57,4.23,0.16
2010-05-11,0.85,2.26,3.56,4.24,0.16
2010-05-12,0.89,2.29,3.56,4.29,0.16
2010-05-13,0.87,2.27,3.55,4.26,0.16
2010-05-14,0.79,2.16,3.44,4.13,0.16
2010-05-17,0.81,2.2,3.47,4.17,0.16
2010-05-18,0.76,2.11,3.38,4.08,0.17
2010-05-19,0.8,2.13,3.36,4.07,0.17
2010-05-20,0.76,2.04,3.25,3.96,0.17
2010-05-21,0.76,2.02,3.2,3.91,0.17
2010-05-24,0.77,2.04,3.23,3.96,0.17
2010-05-25,0.81,2.01,3.18,3.91,0.17
2010-05-26,0.82,2.06,3.21,3.94,0.17
2010-05-27,0.87,2.18,3.34,4.08,0.17
2010-05-28,0.76,2.1,3.31,4.05,0.16
2010-05-31,,,,,
2010-06-01,0.78,2.09,3.29,4.03,0.16
2010-06-02,0.82,2.14,3.35,4.08,0.16
2010-06-03,0.82,2.17,3.39,4.12,0.14
2010-06-04,0.72,1.98,3.2,3.95,0.14
2010-06-07,0.74,1.95,3.17,3.93,0.12
2010-06-08,0.74,1.98,3.18,3.92,0.12
2010-06-09,0.74,1.99,3.2,3.94,0.1
2010-06-10,0.79,2.12,3.33,4.06,0.1
2010-06-11,0.75,2.03,3.24,3.97,0.08
2010-06-14,0.77,2.07,3.28,4.02,0.07
2010-06-15,0.79,2.1,3.32,4.06,0.09
2010-06-16,0.75,2.06,3.27,4.0,0.1
2010-06-17,0.72,2.01,3.21,3.95,0.09
2010-06-18,0.74,2.04,3.24,3.97,0.11
2010-06-21,0.74,2.05,3.26,3.99,0.12
2010-06-22,0.71,1.98,3.18,3.92,0.13
2010-06-23,0.66,1.93,3.13,3.87,0.13
2010-06-24,0.67,1.93,3.14,3.91,0.13
2010-06-25,0.65,1.9,3.12,3.89,0.13
2010-06-28,0.62,1.83,3.05,3.82,0.17
2010-06-29,0.61,1.78,2.97,3.76,0.15
2010-06-30,0.61,1.79,2.97,3.74,0.18
2010-07-01,0.63,1.8,2.96,3.71,0.17
2010-07-02,0.63,1.82,3.0,3.77,0.17
2010-07-05,,,,,
2010-07-06,0.62,1.76,2.95,3.71,0.17
2010-07-07,0.63,1.79,3.0,3.78,0.16
2010-07-08,0.63,1.8,3.04,3.81,0.15
2010-07-09,0.63,1.85,3.07,3.85,0.16
2010-07-12,0.65,1.85,3.08,3.86,0.16
2010-07-13,0.67,1.9,3.15,3.92,0.15
2010-07-14,0.62,1.82,3.07,3.84,0.15
2010-07-15,0.61,1.76,3.0,3.77,0.15
2010-07-16,0.61,1.7,2.96,3.74,0.15
2010-07-19,0.61,1.73,2.99,3.78,0.17
2010-07-20,0.61,1.71,2.98,3.78,0.16
2010-07-21,0.58,1.66,2.9,3.68,0.16
2010-07-22,0.6,1.69,2.96,3.75,0.16
2010-07-23,0.6,1.75,3.02,3.81,0.16
2010-07-26,0.62,1.76,3.03,3.82,0.16
2010-07-27,0.65,1.82,3.08,3.88,0.15
2010-07-28,0.61,1.75,3.03,3.86,0.15
2010-07-29,0.59,1.7,3.03,3.86,0.15
2010-07-30,0.55,1.6,2.94,3.74,0.15
2010-08-02,0.56,1.64,2.99,3.82,0.16
2010-08-03,0.53,1.55,2.94,3.78,0.16
2010-08-04,0.56,1.62,2.98,3.81,0.16
2010-08-05,0.53,1.57,2.94,3.78,0.15
2010-08-06,0.5,1.51,2.86,3.71,0.15
2010-08-09,0.54,1.54,2.86,3.73,0.15
2010-08-10,0.52,1.46,2.79,3.7,0.15
2010-08-11,0.54,1.44,2.72,3.62,0.15
2010-08-12,0.55,1.48,2.74,3.63,0.16
2010-08-13,0.54,1.47,2.68,3.56,0.15
2010-08-16,0.51,1.4,2.58,3.42,0.16
2010-08-17,0.52,1.44,2.64,3.47,0.17
2010-08-18,0.51,1.46,2.64,3.44,0.16
2010-08-19,0.49,1.41,2.58,3.37,0.16
2010-08-20,0.49,1.47,2.62,3.38,0.15
2010-08-23,0.49,1.43,2.6,3.37,0.16
2010-08-24,0.5,1.36,2.5,3.28,0.16
2010-08-25,0.53,1.4,2.54,3.31,0.16
2010-08-26,0.51,1.38,2.5,3.25,0.16
2010-08-27,0.56,1.49,2.66,3.41,0.15
2010-08-30,0.5,1.39,2.54,3.3,0.14
2010-08-31,0.47,1.33,2.47,3.23,0.14
2010-09-01,0.5,1.41,2.58,3.35,0.13
2010-09-02,0.5,1.43,2.63,3.41,0.14
2010-09-03,0.52,1.49,2.72,3.49,0.14
2010-09-06,,,,,
2010-09-07,0.49,1.41,2.61,3.37,0.14
2010-09-08,0.52,1.46,2.66,3.42,0.14
2010-09-09,0.57,1.57,2.77,3.54,0.14
2010-09-10,0.58,1.59,2.81,3.58,0.14
2010-09-13,0.53,1.51,2.74,3.52,0.15
2010-09-14,0.5,1.43,2.68,3.48,0.15
2010-09-15,0.5,1.46,2.74,3.55,0.15
2010-09-16,0.48,1.48,2.77,3.61,0.16
2010-09-17,0.48,1.46,2.75,3.6,0.16
2010-09-20,0.47,1.43,2.72,3.57,0.17
2010-09-21,0.43,1.34,2.61,3.49,0.17
2010-09-22,0.44,1.33,2.56,3.43,0.16
2010-09-23,0.45,1.34,2.56,3.43,0.16
2010-09-24,0.45,1.37,2.62,3.5,0.15
2010-09-27,0.44,1.31,2.54,3.4,0.16
2010-09-28,0.37,1.25,2.48,3.35,0.16
2010-09-29,0.44,1.28,2.52,3.38,0.16
2010-09-30,0.42,1.27,2.53,3.38,0.16
2010-10-01,0.42,1.26,2.54,3.4,0.16
2010-10-04,0.41,1.23,2.5,3.39,0.13
2010-10-05,0.41,1.21,2.5,3.41,0.12
2010-10-06,0.38,1.16,2.41,3.34,0.13
2010-10-07,0.36,1.14,2.41,3.38,0.13
2010-10-08,0.35,1.11,2.41,3.39,0.12
2010-10-11,,,,,
2010-10-12,0.37,1.14,2.44,3.44,0.13
2010-10-13,0.37,1.13,2.46,3.48,0.13
2010-10-14,0.38,1.18,2.52,3.54,0.14
2010-10-15,0.37,1.2,2.59,3.62,0.14
2010-10-18,0.38,1.14,2.52,3.57,0.15
2010-10-19,0.37,1.11,2.5,3.53,0.14
2010-10-20,0.35,1.11,2.51,3.53,0.14
2010-10-21,0.37,1.15,2.57,3.59,0.13
2010-10-22,0.35,1.17,2.59,3.59,0.13
2010-10-25,0.37,1.2,2.59,3.56,0.14
2010-10-26,0.4,1.27,2.67,3.66,0.14
2010-10-27,0.4,1.34,2.75,3.72,0.14
2010-10-28,0.37,1.23,2.69,3.7,0.13
2010-10-29,0.34,1.17,2.63,3.64,0.12
2010-11-01,0.34,1.17,2.66,3.66,0.13
2010-11-02,0.34,1.15,2.63,3.58,0.13
2010-11-03,0.34,1.11,2.67,3.71,0.13
2010-11-04,0.33,1.04,2.53,3.62,0.13
2010-11-05,0.38,1.1,2.58,3.69,0.13
2010-11-08,0.41,1.13,2.6,3.7,0.13
2010-11-09,0.46,1.27,2.72,3.83,0.13
2010-11-10,0.44,1.23,2.65,3.83,0.13
2010-11-11,,,,,
2010-11-12,0.51,1.35,2.76,3.88,0.13
2010-11-15,0.53,1.51,2.92,4.01,0.14
2010-11-16,0.51,1.49,2.85,3.9,0.15
2010-11-17,0.5,1.49,2.89,3.95,0.14
2010-11-18,0.52,1.51,2.9,3.95,0.15
2010-11-19,0.52,1.54,2.88,3.91,0.14
2010-11-22,0.49,1.44,2.8,3.85,0.15
2010-11-23,0.45,1.4,2.77,3.82,0.15
2010-11-24,0.53,1.56,2.93,3.96,0.16
2010-11-25,,,,,
2010-11-26,0.51,1.53,2.87,3.88,0.16
2010-11-29,0.52,1.51,2.84,3.83,0.18
2010-11-30,0.45,1.47,2.81,3.8,0.17
2010-12-01,0.53,1.64,2.97,3.95,0.16
2010-12-02,0.55,1.68,3.01,3.97,0.16
2010-12-03,0.49,1.64,3.03,4.01,0.14
2010-12-06,0.42,1.53,2.95,3.94,0.15
2010-12-07,0.54,1.74,3.15,4.11,0.14
2010-12-08,0.63,1.87,3.26,4.18,0.15
2010-12-09,0.64,1.9,3.23,4.15,0.14
2010-12-10,0.64,1.98,3.32,4.19,0.13
2010-12-13,0.61,1.91,3.29,4.15,0.15
2010-12-14,0.66,2.08,3.49,4.32,0.15
2010-12-15,0.68,2.11,3.53,4.37,0.14
2010-12-16,0.66,2.06,3.47,4.32,0.13
2010-12-17,0.61,1.97,3.33,4.19,0.11
2010-12-20,0.62,1.99,3.36,4.21,0.14
2010-12-21,0.63,1.99,3.35,4.21,0.14
2010-12-22,0.65,2.02,3.36,4.23,0.14
2010-12-23,0.67,2.09,3.41,4.26,0.14
2010-12-24,,,,,
2010-12-27,0.71,2.08,3.36,4.2,0.17
2010-12-28,0.75,2.18,3.5,4.33,0.15
2010-12-29,0.64,2.03,3.35,4.19,0.13
2010-12-30,0.66,2.06,3.38,4.21,0.12
2010-12-31,0.61,2.01,3.3,4.13,0.12
2011-01-03,0.61,2.02,3.36,4.18,0.15
2011-01-04,0.63,2.01,3.36,4.21,0.14
2011-01-05,0.71,2.14,3.5,4.34,0.14
2011-01-06,0.68,2.09,3.44,4.31,0.15
2011-01-07,0.6,1.96,3.34,4.25,0.14
2011-01-10,0.59,1.93,3.32,4.23,0.15
2011-01-11,0.6,1.98,3.37,4.26,0.15
2011-01-12,0.61,1.99,3.4,4.28,0.15
2011-01-13,0.59,1.93,3.34,4.24,0.15
2011-01-14,0.59,1.95,3.35,4.27,0.15
2011-01-17,,,,,
2011-01-18,0.6,1.97,3.39,4.31,0.16
2011-01-19,0.6,1.95,3.37,4.27,0.16
2011-01-20,0.65,2.06,3.47,4.36,0.16
2011-01-21,0.63,2.04,3.44,4.33,0.16
2011-01-24,0.65,2.03,3.43,4.31,0.16
2011-01-25,0.62,1.96,3.35,4.23,0.16
2011-01-26,0.62,2.03,3.45,4.34,0.16
2011-01-27,0.59,1.98,3.42,4.31,0.15
2011-01-28,0.54,1.92,3.36,4.26,0.15
2011-01-31,0.58,1.95,3.42,4.33,0.15
2011-02-01,0.61,2.02,3.48,4.37,0.15
2011-02-02,0.67,2.1,3.52,4.39,0.16
2011-02-03,0.71,2.18,3.58,4.43,0.14
2011-02-04,0.77,2.27,3.68,4.51,0.15
2011-02-07,0.78,2.29,3.68,4.5,0.16
2011-02-08,0.86,2.39,3.75,4.56,0.15
2011-02-09,0.81,2.33,3.65,4.49,0.14
2011-02-10,0.85,2.4,3.7,4.55,0.12
2011-02-11,0.85,2.38,3.64,4.49,0.12
2011-02-14,0.87,2.37,3.62,4.46,0.13
2011-02-15,0.84,2.35,3.61,4.45,0.13
2011-02-16,0.86,2.37,3.62,4.46,0.12
2011-02-17,0.8,2.3,3.58,4.44,0.09
2011-02-18,0.78,2.3,3.59,4.46,0.1
2011-02-21,,,,,
2011-02-22,0.74,2.16,3.46,4.35,0.12
2011-02-23,0.74,2.21,3.49,4.34,0.12
2011-02-24,0.73,2.19,3.46,4.29,0.13
2011-02-25,0.72,2.16,3.42,4.26,0.13
2011-02-28,0.69,2.13,3.42,4.25,0.15
2011-03-01,0.66,2.11,3.41,4.24,0.14
2011-03-02,0.69,2.16,3.46,4.3,0.13
2011-03-03,0.79,2.3,3.58,4.4,0.13
2011-03-04,0.68,2.17,3.49,4.34,0.12
2011-03-07,0.7,2.19,3.51,4.36,0.11
2011-03-08,0.73,2.22,3.56,4.41,0.11
2011-03-09,0.7,2.16,3.48,4.35,0.1
2011-03-10,0.65,2.05,3.37,4.25,0.08
2011-03-11,0.64,2.06,3.4,4.29,0.08
2011-03-14,0.61,2.0,3.36,4.25,0.09
2011-03-15,0.63,2.0,3.33,4.21,0.1
2011-03-16,0.58,1.87,3.22,4.11,0.1
2011-03-17,0.6,1.91,3.25,4.15,0.08
2011-03-18,0.61,1.96,3.28,4.17,0.07
2011-03-21,0.67,2.04,3.34,4.2,0.1
2011-03-22,0.68,2.07,3.34,4.19,0.1
2011-03-23,0.69,2.07,3.36,4.2,0.09
2011-03-24,0.72,2.14,3.42,4.25,0.09
2011-03-25,0.79,2.2,3.46,4.28,0.09
2011-03-28,0.81,2.23,3.47,4.28,0.11
2011-03-29,0.81,2.25,3.5,4.31,0.1
2011-03-30,0.8,2.21,3.47,4.29,0.1
2011-03-31,0.8,2.24,3.47,4.29,0.09
2011-04-01,0.8,2.24,3.46,4.27,0.07
2011-04-04,0.77,2.2,3.45,4.27,0.06
2011-04-05,0.84,2.28,3.5,4.3,0.07
2011-04-06,0.85,2.32,3.56,4.37,0.06
2011-04-07,0.81,2.29,3.58,4.41,0.04
2011-04-08,0.83,2.31,3.59,4.41,0.04
2011-04-11,0.85,2.31,3.59,4.42,0.05
2011-04-12,0.77,2.22,3.52,4.35,0.05
2011-04-13,0.75,2.19,3.49,4.33,0.06
2011-04-14,0.77,2.23,3.51,4.32,0.07
2011-04-15,0.71,2.14,3.43,4.25,0.07
2011-04-18,0.69,2.09,3.4,4.22,0.07
2011-04-19,0.68,2.09,3.39,4.2,0.06
2011-04-20,0.69,2.15,3.43,4.24,0.06
2011-04-21,0.68,2.14,3.42,4.24,0.06
2011-04-22,,,,,
2011-04-25,0.67,2.1,3.39,4.22,0.07
2011-04-26,0.65,2.05,3.34,4.16,0.07
2011-04-27,0.65,2.06,3.39,4.21,0.06
2011-04-28,0.62,2.0,3.34,4.18,0.04
2011-04-29,0.61,1.97,3.32,4.15,0.04
2011-05-02,0.61,1.96,3.31,4.14,0.05
2011-05-03,0.61,1.96,3.28,4.11,0.03
2011-05-04,0.6,1.95,3.25,4.08,0.03
2011-05-05,0.58,1.88,3.18,4.0,0.02
2011-05-06,0.57,1.87,3.19,4.03,0.02
2011-05-09,0.57,1.84,3.17,4.03,0.03
2011-05-10,0.59,1.91,3.23,4.07,0.03
2011-05-11,0.56,1.87,3.19,4.04,0.03
2011-05-12,0.57,1.89,3.22,4.07,0.02
2011-05-13,0.57,1.86,3.18,4.03,0.03
2011-05-16,0.54,1.83,3.15,3.99,0.04
2011-05-17,0.55,1.8,3.12,3.94,0.04
2011-05-18,0.58,1.87,3.18,4.0,0.05
2011-05-19,0.55,1.85,3.17,4.01,0.05
2011-05-20,0.55,1.82,3.15,4.0,0.05
2011-05-23,0.55,1.8,3.13,3.97,0.06
2011-05-24,0.56,1.81,3.12,3.96,0.06
2011-05-25,0.54,1.81,3.13,3.99,0.06
2011-05-26,0.48,1.72,3.07,3.93,0.05
2011-05-27,0.48,1.71,3.07,3.94,0.05
2011-05-30,,,,,
2011-05-31,0.45,1.68,3.05,3.91,0.06
2011-06-01,0.44,1.6,2.96,3.83,0.05
2011-06-02,0.45,1.65,3.04,3.92,0.04
2011-06-03,0.42,1.6,2.99,3.9,0.04
2011-06-06,0.43,1.6,3.01,3.92,0.05
2011-06-07,0.39,1.59,3.01,3.94,0.05
2011-06-08,0.39,1.52,2.98,3.88,0.04
2011-06-09,0.43,1.6,3.01,3.91,0.05
2011-06-10,0.41,1.58,2.99,3.87,0.05
2011-06-13,0.4,1.59,3.0,3.89,0.05
2011-06-14,0.45,1.7,3.11,4.0,0.05
2011-06-15,0.38,1.55,2.98,3.89,0.05
2011-06-16,0.38,1.52,2.93,3.84,0.05
2011-06-17,0.38,1.53,2.94,3.86,0.04
2011-06-20,0.38,1.55,2.97,3.87,0.03
2011-06-21,0.4,1.57,2.99,3.9,0.03
2011-06-22,0.39,1.58,3.01,3.91,0.02
2011-06-23,0.35,1.48,2.93,3.84,0.01
2011-06-24,0.35,1.4,2.88,3.83,0.02
2011-06-27,0.41,1.47,2.95,3.94,0.02
2011-06-28,0.48,1.62,3.05,4.01,0.03
2011-06-29,0.47,1.7,3.14,4.08,0.02
2011-06-30,0.45,1.76,3.18,4.09,0.03
2011-07-01,0.5,1.8,3.22,4.12,0.02
2011-07-04,,,,,
2011-07-05,0.44,1.7,3.16,4.09,0.02
2011-07-06,0.43,1.66,3.12,4.05,0.01
2011-07-07,0.49,1.74,3.17,4.08,0.03
2011-07-08,0.4,1.57,3.03,3.97,0.03
2011-07-11,0.37,1.49,2.94,3.88,0.03
2011-07-12,0.37,1.47,2.92,3.86,0.03
2011-07-13,0.37,1.45,2.92,3.85,0.01
2011-07-14,0.38,1.51,2.98,3.92,0.01
2011-07-15,0.37,1.46,2.94,3.92,0.02
2011-07-18,0.37,1.45,2.94,3.95,0.02
2011-07-19,0.39,1.45,2.91,3.86,0.03
2011-07-20,0.4,1.49,2.96,3.92,0.02
2011-07-21,0.4,1.56,3.03,3.98,0.05
2011-07-22,0.4,1.53,2.99,3.93,0.05
2011-07-25,0.42,1.55,3.03,3.98,0.05
2011-07-26,0.41,1.51,2.99,3.94,0.07
2011-07-27,0.44,1.56,3.01,3.95,0.08
2011-07-28,0.42,1.52,2.98,3.93,0.07
2011-07-29,0.36,1.35,2.82,3.77,0.1
2011-08-01,0.38,1.32,2.77,3.72,0.1
2011-08-02,0.33,1.23,2.66,3.59,0.06
2011-08-03,0.33,1.25,2.64,3.55,0.02
2011-08-04,0.27,1.12,2.47,3.37,0.02
2011-08-05,0.28,1.23,2.58,3.49,0.01
2011-08-08,0.27,1.11,2.4,3.31,0.05
2011-08-09,0.19,0.91,2.2,3.17,0.03
2011-08-10,0.19,0.93,2.17,3.08,0.02
2011-08-11,0.19,1.02,2.34,3.34,0.03
2011-08-12,0.2,0.96,2.24,3.24,0.02
2011-08-15,0.19,0.99,2.29,3.29,0.02
2011-08-16,0.2,0.95,2.23,3.23,0.03
2011-08-17,0.19,0.92,2.17,3.14,0.01
2011-08-18,0.2,0.9,2.08,3.02,0.01
2011-08-19,0.2,0.9,2.07,2.97,0.02
2011-08-22,0.22,0.94,2.1,3.0,0.01
2011-08-23,0.22,0.95,2.15,3.06,0.01
2011-08-24,0.23,1.05,2.29,3.23,0.02
2011-08-25,0.22,0.98,2.23,3.17,0.01
2011-08-26,0.2,0.94,2.19,3.13,0.01
2011-08-29,0.2,0.99,2.28,3.22,0.02
2011-08-30,0.2,0.94,2.19,3.12,0.01
2011-08-31,0.2,0.96,2.23,3.19,0.02
2011-09-01,0.19,0.9,2.15,3.1,0.02
2011-09-02,0.2,0.88,2.02,2.92,0.02
2011-09-05,,,,,
2011-09-06,0.21,0.88,1.98,2.86,0.02
2011-09-07,0.21,0.92,2.05,2.96,0.02
2011-09-08,0.19,0.88,2.0,2.92,0.02
2011-09-09,0.17,0.81,1.93,2.86,0.01
2011-09-12,0.21,0.87,1.94,2.84,0.01
2011-09-13,0.21,0.89,2.0,2.92,0.01
2011-09-14,0.19,0.91,2.03,2.92,0.01
2011-09-15,0.21,0.95,2.09,2.97,0.01
2011-09-16,0.18,0.94,2.08,2.96,0.01
2011-09-19,0.16,0.85,1.97,2.84,0.01
2011-09-20,0.18,0.85,1.95,2.82,0.01
2011-09-21,0.21,0.88,1.88,2.69,0.01
2011-09-22,0.2,0.79,1.72,2.48,0.0
2011-09-23,0.23,0.89,1.84,2.59,0.01
2011-09-26,0.25,0.92,1.91,2.69,0.02
2011-09-27,0.25,0.97,2.0,2.79,0.01
2011-09-28,0.27,0.99,2.03,2.82,0.02
2011-09-29,0.27,0.98,1.99,2.76,0.02
2011-09-30,0.25,0.96,1.92,2.66,0.02
2011-10-03,0.24,0.87,1.8,2.51,0.02
2011-10-04,0.25,0.9,1.81,2.53,0.01
2011-10-05,0.25,0.96,1.92,2.62,0.0
2011-10-06,0.29,1.01,2.01,2.71,0.01
2011-10-07,0.3,1.08,2.1,2.78,0.01
2011-10-10,,,,,
2011-10-11,0.32,1.14,2.18,2.87,0.02
2011-10-12,0.29,1.17,2.24,2.94,0.02
2011-10-13,0.29,1.11,2.19,2.9,0.02
2011-10-14,0.28,1.12,2.26,2.97,0.02
2011-10-17,0.28,1.08,2.18,2.88,0.04
2011-10-18,0.28,1.07,2.19,2.91,0.04
2011-10-19,0.28,1.05,2.18,2.9,0.03
2011-10-20,0.28,1.07,2.2,2.92,0.03
2011-10-21,0.3,1.08,2.23,2.98,0.02
2011-10-24,0.3,1.1,2.25,3.0,0.02
2011-10-25,0.26,1.01,2.14,2.86,0.01
2011-10-26,0.28,1.09,2.23,2.95,0.02
2011-10-27,0.31,1.2,2.42,3.18,0.02
2011-10-28,0.28,1.13,2.34,3.09,0.01
2011-10-31,0.25,0.99,2.17,2.89,0.01
2011-11-01,0.23,0.9,2.01,2.73,0.01
2011-11-02,0.23,0.89,2.03,2.75,0.01
2011-11-03,0.24,0.91,2.09,2.83,0.01
2011-11-04,0.22,0.88,2.06,2.81,0.01
2011-11-07,0.25,0.88,2.04,2.77,0.01
2011-11-08,0.25,0.92,2.1,2.84,0.01
2011-11-09,0.24,0.88,2.0,2.73,0.01
2011-11-10,0.24,0.9,2.04,2.8,0.01
2011-11-11,,,,,
2011-11-14,0.24,0.91,2.04,2.77,0.01
2011-11-15,0.26,0.93,2.06,2.79,0.01
2011-11-16,0.26,0.9,2.01,2.73,0.01
2011-11-17,0.27,0.88,1.96,2.66,0.02
2011-11-18,0.29,0.94,2.01,2.69,0.01
2011-11-21,0.27,0.92,1.97,2.65,0.02
2011-11-22,0.26,0.91,1.94,2.6,0.02
2011-11-23,0.26,0.88,1.89,2.53,0.02
2011-11-24,,,,,
2011-11-25,0.28,0.93,1.97,2.62,0.02
2011-11-28,0.26,0.91,1.97,2.63,0.03
2011-11-29,0.27,0.93,2.0,2.66,0.02
2011-11-30,0.25,0.96,2.08,2.77,0.01
2011-12-01,0.27,0.97,2.11,2.82,0.01
2011-12-02,0.25,0.92,2.05,2.74,0.02
2011-12-05,0.27,0.93,2.04,2.73,0.01
2011-12-06,0.25,0.94,2.08,2.74,0.01
2011-12-07,0.24,0.89,2.02,2.74,0.02
2011-12-08,0.22,0.86,1.99,2.7,0.01
2011-12-09,0.22,0.89,2.07,2.79,0.01
2011-12-12,0.24,0.87,2.03,2.75,0.01
2011-12-13,0.24,0.85,1.96,2.66,0.01
2011-12-14,0.25,0.86,1.92,2.59,0.01
2011-12-15,0.26,0.86,1.92,2.6,0.0
2011-12-16,0.24,0.81,1.86,2.54,0.0
2011-12-19,0.24,0.82,1.82,2.48,0.01
2011-12-20,0.26,0.88,1.94,2.61,0.01
2011-12-21,0.28,0.91,1.98,2.67,0.01
2011-12-22,0.28,0.91,1.97,2.67,0.01
2011-12-23,0.28,0.97,2.03,2.73,0.01
2011-12-26,,,,,
2011-12-27,0.3,0.96,2.02,2.72,0.02
2011-12-28,0.28,0.91,1.93,2.59,0.01
2011-12-29,0.28,0.88,1.91,2.58,0.02
2011-12-30,0.25,0.83,1.89,2.57,0.02
2012-01-02,,,,,
2012-01-03,0.27,0.89,1.97,2.67,0.02
2012-01-04,0.25,0.89,2.0,2.71,0.02
2012-01-05,0.27,0.88,2.02,2.74,0.02
2012-01-06,0.25,0.86,1.98,2.7,0.02
2012-01-09,0.26,0.85,1.98,2.7,0.01
2012-01-10,0.24,0.86,2.0,2.71,0.02
2012-01-11,0.24,0.82,1.93,2.63,0.02
2012-01-12,0.22,0.84,1.94,2.65,0.03
2012-01-13,0.24,0.8,1.89,2.59,0.03
2012-01-16,,,,,
2012-01-17,0.21,0.79,1.87,2.57,0.03
2012-01-18,0.24,0.82,1.92,2.63,0.03
2012-01-19,0.26,0.87,2.01,2.72,0.05
2012-01-20,0.26,0.91,2.05,2.78,0.05
2012-01-23,0.26,0.93,2.09,2.82,0.04
2012-01-24,0.24,0.92,2.08,2.82,0.04
2012-01-25,0.22,0.81,2.01,2.78,0.04
2012-01-26,0.22,0.77,1.96,2.74,0.05
2012-01-27,0.22,0.75,1.93,2.71,0.06
2012-01-30,0.22,0.73,1.87,2.64,0.05
2012-01-31,0.22,0.71,1.83,2.59,0.06
2012-02-01,0.23,0.72,1.87,2.65,0.06
2012-02-02,0.23,0.71,1.86,2.64,0.08
2012-02-03,0.23,0.78,1.97,2.76,0.08
2012-02-06,0.24,0.76,1.93,2.71,0.08
2012-02-07,0.25,0.82,2.0,2.78,0.08
2012-02-08,0.27,0.82,2.01,2.78,0.09
2012-02-09,0.27,0.86,2.04,2.83,0.09
2012-02-10,0.27,0.81,1.96,2.75,0.09
2012-02-13,0.29,0.85,1.99,2.78,0.11
2012-02-14,0.29,0.81,1.92,2.7,0.12
2012-02-15,0.29,0.81,1.93,2.72,0.11
2012-02-16,0.29,0.87,1.99,2.78,0.1
2012-02-17,0.29,0.88,2.01,2.8,0.09
2012-02-20,,,,,
2012-02-21,0.31,0.92,2.05,2.84,0.08
2012-02-22,0.29,0.88,2.01,2.79,0.09
2012-02-23,0.31,0.88,1.99,2.77,0.09
2012-02-24,0.31,0.89,1.98,2.75,0.1
2012-02-27,0.3,0.84,1.92,2.69,0.12
2012-02-28,0.3,0.84,1.94,2.71,0.1
2012-02-29,0.3,0.87,1.98,2.73,0.08
2012-03-01,0.3,0.89,2.03,2.8,0.08
2012-03-02,0.28,0.84,1.99,2.77,0.07
2012-03-05,0.31,0.87,2.0,2.78,0.08
2012-03-06,0.3,0.83,1.96,2.73,0.08
2012-03-07,0.3,0.85,1.98,2.76,0.08
2012-03-08,0.32,0.89,2.03,2.82,0.08
2012-03-09,0.33,0.9,2.04,2.83,0.09
2012-03-12,0.33,0.92,2.04,2.82,0.09
2012-03-13,0.35,0.99,2.14,2.92,0.08
2012-03-14,0.4,1.13,2.29,3.08,0.09
2012-03-15,0.37,1.11,2.29,3.08,0.08
2012-03-16,0.37,1.13,2.31,3.08,0.09
2012-03-19,0.39,1.2,2.39,3.14,0.1
2012-03-20,0.41,1.22,2.38,3.13,0.1
2012-03-21,0.39,1.15,2.31,3.06,0.09
2012-03-22,0.37,1.13,2.29,3.04,0.08
2012-03-23,0.37,1.1,2.25,2.99,0.08
2012-03-26,0.36,1.09,2.26,3.0,0.09
2012-03-27,0.33,1.04,2.2,2.96,0.09
2012-03-28,0.34,1.05,2.21,2.97,0.09
2012-03-29,0.33,1.01,2.18,2.93,0.07
2012-03-30,0.33,1.04,2.23,3.0,0.07
2012-04-02,0.33,1.03,2.22,3.0,0.08
2012-04-03,0.36,1.1,2.3,3.07,0.08
2012-04-04,0.35,1.05,2.25,3.02,0.08
2012-04-05,0.35,1.01,2.19,2.97,0.08
2012-04-06,0.32,0.89,2.07,2.85,0.07
2012-04-09,0.32,0.9,2.06,2.82,0.09
2012-04-10,0.28,0.85,2.01,2.77,0.09
2012-04-11,0.3,0.89,2.05,2.82,0.09
2012-04-12,0.29,0.9,2.08,2.85,0.09
2012-04-13,0.27,0.86,2.02,2.77,0.09
2012-04-16,0.27,0.85,2.0,2.75,0.08
2012-04-17,0.27,0.88,2.03,2.79,0.08
2012-04-18,0.27,0.86,2.0,2.76,0.07
2012-04-19,0.27,0.84,1.98,2.74,0.07
2012-04-20,0.29,0.86,1.99,2.75,0.08
2012-04-23,0.27,0.83,1.96,2.71,0.08
2012-04-24,0.27,0.86,2.0,2.75,0.09
2012-04-25,0.26,0.86,2.01,2.76,0.09
2012-04-26,0.26,0.83,1.98,2.74,0.09
2012-04-27,0.26,0.82,1.96,2.73,0.09
2012-04-30,0.27,0.82,1.95,2.73,0.1
2012-05-01,0.27,0.84,1.98,2.76,0.09
2012-05-02,0.27,0.82,1.96,2.72,0.08
2012-05-03,0.28,0.82,1.96,2.72,0.09
2012-05-04,0.27,0.78,1.91,2.67,0.07
2012-05-07,0.27,0.79,1.92,2.67,0.1
2012-05-08,0.27,0.77,1.88,2.63,0.09
2012-05-09,0.27,0.77,1.87,2.63,0.09
2012-05-10,0.27,0.79,1.89,2.64,0.1
2012-05-11,0.27,0.75,1.84,2.59,0.1
2012-05-14,0.29,0.73,1.78,2.53,0.1
2012-05-15,0.29,0.74,1.76,2.5,0.09
2012-05-16,0.3,0.75,1.76,2.48,0.1
2012-05-17,0.32,0.74,1.7,2.39,0.1
2012-05-18,0.32,0.75,1.71,2.4,0.08
2012-05-21,0.3,0.75,1.75,2.42,0.09
2012-05-22,0.3,0.78,1.79,2.48,0.09
2012-05-23,0.28,0.74,1.73,2.41,0.09
2012-05-24,0.29,0.77,1.77,2.46,0.1
2012-05-25,0.3,0.76,1.75,2.44,0.09
2012-05-28,,,,,
2012-05-29,0.3,0.76,1.74,2.44,0.09
2012-05-30,0.27,0.69,1.63,2.32,0.07
2012-05-31,0.27,0.67,1.59,2.27,0.07
2012-06-01,0.25,0.62,1.47,2.13,0.07
2012-06-04,0.25,0.68,1.53,2.17,0.08
2012-06-05,0.25,0.68,1.57,2.23,0.08
2012-06-06,0.26,0.73,1.66,2.34,0.09
2012-06-07,0.27,0.72,1.66,2.35,0.09
2012-06-08,0.28,0.71,1.65,2.36,0.09
2012-06-11,0.27,0.69,1.6,2.3,0.09
2012-06-12,0.3,0.75,1.67,2.37,0.1
2012-06-13,0.3,0.71,1.61,2.3,0.1
2012-06-14,0.3,0.73,1.64,2.33,0.11
2012-06-15,0.29,0.68,1.6,2.3,0.09
2012-06-18,0.29,0.69,1.59,2.28,0.1
2012-06-19,0.3,0.71,1.64,2.33,0.09
2012-06-20,0.32,0.74,1.65,2.34,0.09
2012-06-21,0.32,0.73,1.63,2.3,0.09
2012-06-22,0.31,0.76,1.69,2.37,0.09
2012-06-25,0.31,0.72,1.63,2.31,0.1
2012-06-26,0.31,0.75,1.66,2.34,0.1
2012-06-27,0.31,0.73,1.65,2.32,0.09
2012-06-28,0.31,0.69,1.6,2.28,0.09
2012-06-29,0.33,0.72,1.67,2.38,0.09
2012-07-02,0.3,0.67,1.61,2.3,0.1
2012-07-03,0.3,0.69,1.65,2.36,0.09
2012-07-04,,,,,
2012-07-05,0.28,0.68,1.62,2.34,0.08
2012-07-06,0.27,0.64,1.57,2.28,0.08
2012-07-09,0.27,0.63,1.53,2.24,0.09
2012-07-10,0.27,0.63,1.53,2.22,0.09
2012-07-11,0.27,0.64,1.54,2.22,0.1
2012-07-12,0.25,0.63,1.5,2.18,0.1
2012-07-13,0.25,0.63,1.52,2.2,0.1
2012-07-16,0.24,0.6,1.5,2.18,0.1
2012-07-17,0.25,0.62,1.53,2.22,0.1
2012-07-18,0.22,0.6,1.52,2.21,0.09
2012-07-19,0.22,0.62,1.54,2.24,0.09
2012-07-20,0.22,0.59,1.49,2.17,0.09
2012-07-23,0.22,0.57,1.47,2.15,0.1
2012-07-24,0.22,0.57,1.44,2.11,0.1
2012-07-25,0.22,0.56,1.43,2.11,0.1
2012-07-26,0.23,0.58,1.45,2.13,0.11
2012-07-27,0.25,0.65,1.58,2.27,0.11
2012-07-30,0.23,0.61,1.53,2.22,0.11
2012-07-31,0.23,0.6,1.51,2.21,0.11
2012-08-01,0.24,0.63,1.56,2.25,0.1
2012-08-02,0.24,0.61,1.51,2.2,0.09
2012-08-03,0.24,0.67,1.6,2.3,0.09
2012-08-06,0.24,0.65,1.59,2.29,0.1
2012-08-07,0.27,0.71,1.66,2.37,0.11
2012-08-08,0.29,0.73,1.68,2.39,0.11
2012-08-09,0.29,0.74,1.69,2.4,0.11
2012-08-10,0.27,0.71,1.65,2.37,0.1
2012-08-13,0.27,0.71,1.65,2.37,0.11
2012-08-14,0.27,0.75,1.73,2.45,0.11
2012-08-15,0.27,0.8,1.8,2.53,0.09
2012-08-16,0.29,0.83,1.83,2.57,0.09
2012-08-17,0.29,0.81,1.81,2.55,0.09
2012-08-20,0.29,0.8,1.82,2.55,0.11
2012-08-21,0.31,0.8,1.8,2.53,0.11
2012-08-22,0.26,0.71,1.71,2.44,0.11
2012-08-23,0.26,0.71,1.68,2.41,0.11
2012-08-24,0.28,0.72,1.68,2.41,0.1
2012-08-27,0.28,0.7,1.65,2.38,0.11
2012-08-28,0.27,0.69,1.64,2.36,0.1
2012-08-29,0.27,0.69,1.66,2.38,0.12
2012-08-30,0.27,0.66,1.63,2.36,0.1
2012-08-31,0.22,0.59,1.57,2.29,0.09
2012-09-03,,,,,
2012-09-04,0.23,0.62,1.59,2.3,0.1
2012-09-05,0.25,0.62,1.6,2.32,0.11
2012-09-06,0.27,0.68,1.68,2.41,0.11
2012-09-07,0.25,0.64,1.67,2.42,0.11
2012-09-10,0.25,0.66,1.68,2.43,0.1
2012-09-11,0.25,0.67,1.7,2.44,0.1
2012-09-12,0.25,0.7,1.77,2.52,0.1
2012-09-13,0.24,0.65,1.75,2.53,0.1
2012-09-14,0.27,0.72,1.88,2.68,0.11
2012-09-17,0.25,0.73,1.85,2.64,0.11
2012-09-18,0.25,0.71,1.82,2.61,0.1
2012-09-19,0.27,0.7,1.79,2.58,0.11
2012-09-20,0.27,0.7,1.8,2.58,0.11
2012-09-21,0.27,0.68,1.77,2.57,0.11
2012-09-24,0.27,0.68,1.74,2.53,0.11
2012-09-25,0.27,0.66,1.7,2.47,0.11
2012-09-26,0.26,0.63,1.64,2.4,0.11
2012-09-27,0.25,0.64,1.66,2.43,0.09
2012-09-28,0.23,0.62,1.65,2.42,0.1
2012-10-01,0.25,0.62,1.64,2.41,0.09
2012-10-02,0.23,0.61,1.64,2.41,0.09
2012-10-03,0.23,0.61,1.64,2.42,0.09
2012-10-04,0.23,0.63,1.7,2.48,0.1
2012-10-05,0.27,0.67,1.75,2.55,0.11
2012-10-08,,,,,
2012-10-09,0.25,0.67,1.74,2.52,0.1
2012-10-10,0.27,0.66,1.72,2.48,0.1
2012-10-11,0.28,0.67,1.7,2.45,0.1
2012-10-12,0.27,0.67,1.69,2.44,0.11
2012-10-15,0.27,0.67,1.7,2.45,0.11
2012-10-16,0.27,0.7,1.75,2.51,0.09
2012-10-17,0.3,0.78,1.83,2.6,0.11
2012-10-18,0.29,0.79,1.86,2.63,0.1
2012-10-19,0.3,0.77,1.79,2.55,0.1
2012-10-22,0.32,0.79,1.83,2.57,0.1
2012-10-23,0.29,0.77,1.79,2.53,0.11
2012-10-24,0.29,0.76,1.8,2.55,0.11
2012-10-25,0.31,0.82,1.86,2.6,0.11
2012-10-26,0.3,0.76,1.78,2.53,0.12
2012-10-29,0.3,0.74,1.74,2.48,0.14
2012-10-30,,,,,
2012-10-31,0.3,0.72,1.72,2.46,0.11
2012-11-01,0.3,0.73,1.75,2.5,0.09
2012-11-02,0.28,0.73,1.75,2.51,0.09
2012-11-05,0.28,0.7,1.72,2.47,0.11
2012-11-06,0.3,0.75,1.78,2.52,0.1
2012-11-07,0.27,0.67,1.68,2.42,0.1
2012-11-08,0.27,0.65,1.62,2.35,0.1
2012-11-09,0.27,0.65,1.61,2.34,0.09
2012-11-12,,,,,
2012-11-13,0.27,0.63,1.59,2.31,0.11
2012-11-14,0.25,0.63,1.59,2.31,0.1
2012-11-15,0.24,0.62,1.58,2.3,0.08
2012-11-16,0.24,0.62,1.58,2.31,0.06
2012-11-19,0.25,0.64,1.61,2.34,0.09
2012-11-20,0.27,0.67,1.66,2.4,0.08
2012-11-21,0.27,0.69,1.69,2.42,0.1
2012-11-22,,,,,
2012-11-23,0.29,0.7,1.7,2.42,0.1
2012-11-26,0.27,0.68,1.66,2.39,0.1
2012-11-27,0.27,0.66,1.64,2.38,0.1
2012-11-28,0.27,0.64,1.63,2.36,0.1
2012-11-29,0.25,0.63,1.62,2.37,0.09
2012-11-30,0.25,0.61,1.62,2.37,0.08
2012-12-03,0.25,0.63,1.63,2.37,0.1
2012-12-04,0.25,0.63,1.62,2.36,0.1
2012-12-05,0.25,0.61,1.6,2.35,0.1
2012-12-06,0.25,0.6,1.59,2.33,0.1
2012-12-07,0.25,0.63,1.64,2.39,0.09
2012-12-10,0.24,0.62,1.63,2.38,0.09
2012-12-11,0.24,0.64,1.66,2.41,0.08
2012-12-12,0.25,0.66,1.72,2.48,0.07
2012-12-13,0.27,0.7,1.74,2.49,0.06
2012-12-14,0.24,0.7,1.72,2.46,0.04
2012-12-17,0.25,0.74,1.78,2.53,0.05
2012-12-18,0.28,0.78,1.84,2.59,0.06
2012-12-19,0.28,0.77,1.82,2.58,0.05
2012-12-20,0.28,0.77,1.81,2.57,0.06
2012-12-21,0.26,0.75,1.77,2.52,0.06
2012-12-24,0.26,0.77,1.79,2.53,0.06
2012-12-25,,,,,
2012-12-26,0.26,0.76,1.77,2.52,0.09
2012-12-27,0.26,0.72,1.74,2.48,0.08
2012-12-28,0.27,0.72,1.73,2.47,0.01
2012-12-31,0.25,0.72,1.78,2.54,0.05
2013-01-01,,,,,
2013-01-02,0.27,0.76,1.86,2.63,0.08
2013-01-03,0.27,0.81,1.92,2.7,0.08
2013-01-04,0.27,0.82,1.93,2.7,0.07
2013-01-07,0.27,0.82,1.92,2.7,0.07
2013-01-08,0.25,0.79,1.89,2.66,0.07
2013-01-09,0.24,0.77,1.88,2.65,0.06
2013-01-10,0.26,0.8,1.91,2.68,0.06
2013-01-11,0.26,0.78,1.89,2.65,0.07
2013-01-14,0.26,0.78,1.89,2.65,0.08
2013-01-15,0.26,0.75,1.86,2.62,0.09
2013-01-16,0.26,0.75,1.84,2.61,0.08
2013-01-17,0.28,0.79,1.89,2.66,0.07
2013-01-18,0.26,0.77,1.87,2.63,0.08
2013-01-21,,,,,
2013-01-22,0.26,0.76,1.86,2.62,0.08
2013-01-23,0.26,0.76,1.86,2.62,0.08
2013-01-24,0.23,0.78,1.88,2.64,0.08
2013-01-25,0.28,0.87,1.98,2.75,0.08
2013-01-28,0.29,0.89,2.0,2.76,0.07
2013-01-29,0.3,0.9,2.03,2.79,0.07
2013-01-30,0.27,0.88,2.03,2.8,0.07
2013-01-31,0.27,0.88,2.02,2.79,0.07
2013-02-01,0.27,0.88,2.04,2.83,0.06
2013-02-04,0.25,0.85,2.0,2.79,0.07
2013-02-05,0.27,0.88,2.04,2.83,0.07
2013-02-06,0.27,0.84,2.0,2.79,0.07
2013-02-07,0.25,0.83,1.99,2.78,0.07
2013-02-08,0.25,0.84,1.99,2.79,0.07
2013-02-11,0.27,0.85,1.99,2.78,0.09
2013-02-12,0.29,0.88,2.02,2.81,0.09
2013-02-13,0.29,0.92,2.05,2.86,0.1
2013-02-14,0.27,0.86,2.0,2.79,0.11
2013-02-15,0.29,0.87,2.01,2.8,0.1
2013-02-18,,,,,
2013-02-19,0.29,0.89,2.03,2.83,0.12
2013-02-20,0.27,0.88,2.02,2.82,0.12
2013-02-21,0.26,0.86,1.99,2.79,0.13
2013-02-22,0.27,0.84,1.97,2.77,0.13
2013-02-25,0.25,0.78,1.88,2.69,0.12
2013-02-26,0.25,0.78,1.88,2.69,0.14
2013-02-27,0.27,0.78,1.91,2.72,0.11
2013-02-28,0.25,0.77,1.89,2.71,0.11
2013-03-01,0.25,0.75,1.86,2.68,0.11
2013-03-04,0.24,0.76,1.88,2.7,0.11
2013-03-05,0.25,0.77,1.9,2.72,0.08
2013-03-06,0.25,0.81,1.95,2.77,0.1
2013-03-07,0.25,0.85,2.0,2.82,0.1
2013-03-08,0.27,0.9,2.06,2.89,0.1
2013-03-11,0.27,0.9,2.07,2.89,0.1
2013-03-12,0.27,0.88,2.03,2.85,0.1
2013-03-13,0.27,0.89,2.04,2.85,0.09
2013-03-14,0.27,0.88,2.04,2.87,0.1
2013-03-15,0.25,0.84,2.01,2.85,0.09
2013-03-18,0.26,0.81,1.96,2.79,0.07
2013-03-19,0.24,0.79,1.92,2.75,0.07
2013-03-20,0.26,0.81,1.96,2.8,0.07
2013-03-21,0.27,0.81,1.95,2.77,0.07
2013-03-22,0.26,0.8,1.93,2.75,0.07
2013-03-25,0.24,0.8,1.93,2.76,0.08
2013-03-26,0.25,0.79,1.92,2.75,0.07
2013-03-27,0.25,0.76,1.87,2.71,0.09
2013-03-28,0.25,0.77,1.87,2.71,0.07
2013-03-29,,,,,
2013-04-01,0.23,0.76,1.86,2.7,0.08
2013-04-02,0.25,0.78,1.88,2.72,0.07
2013-04-03,0.24,0.73,1.83,2.66,0.06
2013-04-04,0.22,0.69,1.78,2.6,0.07
2013-04-05,0.24,0.68,1.72,2.5,0.07
2013-04-08,0.24,0.71,1.76,2.54,0.07
2013-04-09,0.24,0.7,1.78,2.57,0.06
2013-04-10,0.24,0.74,1.84,2.63,0.07
2013-04-11,0.24,0.74,1.82,2.62,0.07
2013-04-12,0.22,0.7,1.75,2.54,0.06
2013-04-15,0.22,0.69,1.72,2.5,0.06
2013-04-16,0.24,0.71,1.75,2.53,0.06
2013-04-17,0.24,0.71,1.73,2.51,0.06
2013-04-18,0.24,0.71,1.72,2.49,0.05
2013-04-19,0.24,0.72,1.73,2.5,0.05
2013-04-22,0.24,0.7,1.72,2.5,0.05
2013-04-23,0.23,0.71,1.74,2.52,0.05
2013-04-24,0.23,0.7,1.73,2.5,0.06
2013-04-25,0.23,0.71,1.74,2.52,0.05
2013-04-26,0.22,0.68,1.7,2.47,0.05
2013-04-29,0.2,0.68,1.7,2.49,0.05
2013-04-30,0.22,0.68,1.7,2.49,0.05
2013-05-01,0.2,0.65,1.66,2.44,0.06
2013-05-02,0.2,0.65,1.66,2.44,0.05
2013-05-03,0.22,0.73,1.78,2.58,0.05
2013-05-06,0.22,0.74,1.8,2.6,0.04
2013-05-07,0.22,0.75,1.82,2.62,0.04
2013-05-08,0.22,0.75,1.81,2.61,0.04
2013-05-09,0.22,0.75,1.81,2.6,0.04
2013-05-10,0.26,0.82,1.9,2.7,0.04
2013-05-13,0.24,0.83,1.92,2.73,0.05
2013-05-14,0.26,0.85,1.96,2.77,0.05
2013-05-15,0.26,0.84,1.94,2.76,0.04
2013-05-16,0.23,0.79,1.87,2.69,0.03
2013-05-17,0.26,0.84,1.95,2.77,0.04
2013-05-20,0.26,0.85,1.97,2.79,0.05
2013-05-21,0.26,0.84,1.94,2.75,0.04
2013-05-22,0.26,0.91,2.03,2.83,0.04
2013-05-23,0.26,0.91,2.02,2.82,0.05
2013-05-24,0.26,0.9,2.01,2.8,0.04
2013-05-27,,,,,
2013-05-28,0.29,1.02,2.15,2.95,0.05
2013-05-29,0.3,1.02,2.13,2.91,0.05
2013-05-30,0.31,1.01,2.13,2.92,0.04
2013-05-31,0.3,1.05,2.16,2.95,0.04
2013-06-03,0.3,1.03,2.13,2.92,0.05
2013-06-04,0.32,1.05,2.14,2.95,0.04
2013-06-05,0.3,1.02,2.1,2.9,0.05
2013-06-06,0.3,1.01,2.08,2.89,0.05
2013-06-07,0.32,1.1,2.17,2.98,0.04
2013-06-10,0.32,1.13,2.22,3.03,0.05
2013-06-11,0.34,1.12,2.2,3.0,0.05
2013-06-12,0.34,1.15,2.25,3.04,0.05
2013-06-13,0.32,1.11,2.19,2.99,0.05
2013-06-14,0.29,1.04,2.14,2.95,0.05
2013-06-17,0.27,1.06,2.19,3.01,0.05
2013-06-18,0.27,1.07,2.2,3.0,0.05
2013-06-19,0.31,1.24,2.33,3.09,0.05
2013-06-20,0.33,1.31,2.41,3.18,0.05
2013-06-21,0.38,1.42,2.52,3.26,0.05
2013-06-24,0.42,1.48,2.57,3.27,0.06
2013-06-25,0.43,1.49,2.6,3.31,0.06
2013-06-26,0.39,1.45,2.55,3.27,0.06
2013-06-27,0.36,1.38,2.49,3.22,0.06
2013-06-28,0.36,1.41,2.52,3.22,0.04
2013-07-01,0.34,1.39,2.5,3.19,0.04
2013-07-02,0.34,1.38,2.48,3.18,0.03
2013-07-03,0.36,1.42,2.52,3.22,0.05
2013-07-04,,,,,
2013-07-05,0.4,1.6,2.73,3.41,0.04
2013-07-08,0.37,1.51,2.65,3.35,0.05
2013-07-09,0.37,1.5,2.65,3.36,0.04
2013-07-10,0.38,1.54,2.7,3.4,0.04
2013-07-11,0.34,1.4,2.6,3.33,0.04
2013-07-12,0.37,1.43,2.61,3.34,0.04
2013-07-15,0.34,1.4,2.57,3.3,0.04
2013-07-16,0.34,1.38,2.55,3.28,0.03
2013-07-17,0.32,1.33,2.52,3.27,0.03
2013-07-18,0.32,1.35,2.56,3.32,0.03
2013-07-19,0.32,1.31,2.5,3.25,0.03
2013-07-22,0.32,1.32,2.5,3.25,0.04
2013-07-23,0.33,1.33,2.53,3.27,0.02
2013-07-24,0.34,1.4,2.61,3.34,0.03
2013-07-25,0.32,1.38,2.61,3.34,0.02
2013-07-26,0.31,1.36,2.58,3.31,0.03
2013-07-29,0.33,1.37,2.61,3.35,0.03
2013-07-30,0.33,1.39,2.63,3.36,0.04
2013-07-31,0.31,1.38,2.6,3.34,0.04
2013-08-01,0.35,1.49,2.74,3.48,0.04
2013-08-02,0.3,1.36,2.63,3.39,0.04
2013-08-05,0.32,1.39,2.67,3.42,0.05
2013-08-06,0.32,1.39,2.67,3.42,0.04
2013-08-07,0.32,1.38,2.61,3.37,0.05
2013-08-08,0.3,1.36,2.58,3.37,0.05
2013-08-09,0.32,1.36,2.57,3.36,0.05
2013-08-12,0.32,1.39,2.61,3.39,0.06
2013-08-13,0.34,1.49,2.71,3.48,0.06
2013-08-14,0.34,1.48,2.71,3.48,0.05
2013-08-15,0.36,1.54,2.77,3.54,0.05
2013-08-16,0.36,1.6,2.84,3.61,0.05
2013-08-19,0.36,1.63,2.88,3.64,0.06
2013-08-20,0.36,1.57,2.82,3.59,0.04
2013-08-21,0.38,1.64,2.87,3.64,0.04
2013-08-22,0.42,1.71,2.9,3.63,0.03
2013-08-23,0.4,1.66,2.82,3.55,0.03
2013-08-26,0.41,1.61,2.79,3.52,0.04
2013-08-27,0.38,1.56,2.72,3.45,0.05
2013-08-28,0.4,1.62,2.78,3.5,0.03
2013-08-29,0.39,1.6,2.75,3.45,0.02
2013-08-30,0.39,1.62,2.78,3.46,0.03
2013-09-02,,,,,
2013-09-03,0.43,1.68,2.86,3.54,0.02
2013-09-04,0.46,1.74,2.9,3.56,0.02
2013-09-05,0.52,1.85,2.98,3.64,0.02
2013-09-06,0.46,1.77,2.94,3.62,0.02
2013-09-09,0.45,1.71,2.9,3.6,0.02
2013-09-10,0.5,1.78,2.96,3.65,0.02
2013-09-11,0.47,1.72,2.93,3.61,0.02
2013-09-12,0.45,1.72,2.92,3.6,0.01
2013-09-13,0.45,1.71,2.9,3.59,0.01
2013-09-16,0.41,1.65,2.88,3.61,0.02
2013-09-17,0.39,1.62,2.86,3.57,0.01
2013-09-18,0.34,1.43,2.69,3.46,0.01
2013-09-19,0.34,1.49,2.76,3.52,0.01
2013-09-20,0.34,1.5,2.75,3.5,0.01
2013-09-23,0.35,1.48,2.72,3.46,0.02
2013-09-24,0.35,1.44,2.67,3.4,0.02
2013-09-25,0.36,1.41,2.63,3.37,0.02
2013-09-26,0.34,1.43,2.66,3.41,0.0
2013-09-27,0.34,1.4,2.64,3.4,0.02
2013-09-30,0.33,1.39,2.64,3.41,0.02
2013-10-01,0.33,1.42,2.66,3.43,0.02
2013-10-02,0.31,1.38,2.63,3.41,0.02
2013-10-03,0.33,1.36,2.62,3.4,0.03
2013-10-04,0.33,1.41,2.66,3.43,0.03
2013-10-07,0.37,1.41,2.65,3.41,0.03
2013-10-08,0.4,1.43,2.66,3.41,0.05
2013-10-09,0.37,1.43,2.68,3.43,0.05
2013-10-10,0.35,1.44,2.71,3.46,0.05
2013-10-11,0.35,1.42,2.7,3.45,0.08
2013-10-14,,,,,
2013-10-15,0.37,1.45,2.75,3.5,0.14
2013-10-16,0.34,1.41,2.69,3.43,0.1
2013-10-17,0.33,1.35,2.61,3.36,0.05
2013-10-18,0.33,1.35,2.6,3.36,0.04
2013-10-21,0.33,1.38,2.63,3.39,0.04
2013-10-22,0.31,1.3,2.54,3.31,0.04
2013-10-23,0.31,1.3,2.51,3.29,0.04
2013-10-24,0.33,1.32,2.53,3.3,0.03
2013-10-25,0.32,1.3,2.53,3.3,0.04
2013-10-28,0.32,1.31,2.54,3.31,0.04
2013-10-29,0.31,1.29,2.53,3.31,0.04
2013-10-30,0.33,1.3,2.55,3.33,0.04
2013-10-31,0.31,1.31,2.57,3.33,0.04
2013-11-01,0.33,1.37,2.65,3.4,0.04
2013-11-04,0.32,1.36,2.63,3.4,0.05
2013-11-05,0.32,1.39,2.69,3.46,0.05
2013-11-06,0.3,1.34,2.67,3.46,0.05
2013-11-07,0.29,1.31,2.63,3.41,0.05
2013-11-08,0.32,1.42,2.77,3.55,0.06
2013-11-11,,,,,
2013-11-12,0.34,1.47,2.8,3.57,0.08
2013-11-13,0.32,1.41,2.75,3.54,0.08
2013-11-14,0.29,1.34,2.69,3.49,0.08
2013-11-15,0.31,1.36,2.71,3.5,0.08
2013-11-18,0.31,1.33,2.67,3.46,0.09
2013-11-19,0.29,1.37,2.71,3.5,0.08
2013-11-20,0.28,1.39,2.8,3.61,0.08
2013-11-21,0.29,1.38,2.79,3.59,0.07
2013-11-22,0.31,1.37,2.75,3.54,0.07
2013-11-25,0.3,1.37,2.74,3.53,0.08
2013-11-26,0.29,1.34,2.71,3.5,0.07
2013-11-27,0.28,1.36,2.74,3.52,0.07
2013-11-28,,,,,
2013-11-29,0.28,1.37,2.75,3.54,0.06
2013-12-02,0.3,1.43,2.81,3.58,0.05
2013-12-03,0.28,1.4,2.79,3.56,0.06
2013-12-04,0.3,1.45,2.84,3.63,0.06
2013-12-05,0.3,1.49,2.88,3.65,0.06
2013-12-06,0.3,1.51,2.88,3.63,0.06
2013-12-09,0.3,1.5,2.86,3.61,0.07
2013-12-10,0.3,1.46,2.81,3.56,0.07
2013-12-11,0.31,1.5,2.86,3.61,0.07
2013-12-12,0.34,1.55,2.89,3.63,0.07
2013-12-13,0.34,1.55,2.88,3.61,0.07
2013-12-16,0.34,1.55,2.89,3.63,0.07
2013-12-17,0.34,1.52,2.85,3.6,0.07
2013-12-18,0.32,1.55,2.89,3.63,0.07
2013-12-19,0.35,1.63,2.94,3.64,0.06
2013-12-20,0.37,1.66,2.89,3.57,0.07
2013-12-23,0.38,1.68,2.94,3.6,0.07
2013-12-24,0.38,1.73,2.99,3.66,0.07
2013-12-25,,,,,
2013-12-26,0.42,1.74,3.0,3.68,0.07
2013-12-27,0.4,1.74,3.02,3.7,0.07
2013-12-30,0.39,1.71,2.99,3.66,0.07
2013-12-31,0.38,1.75,3.04,3.72,0.07
2014-01-01,,,,,
2014-01-02,0.39,1.72,3.0,3.68,0.07
2014-01-03,0.41,1.73,3.01,3.69,0.07
2014-01-06,0.4,1.7,2.98,3.66,0.05
2014-01-07,0.4,1.69,2.96,3.64,0.04
2014-01-08,0.43,1.77,3.01,3.67,0.05
2014-01-09,0.44,1.75,2.97,3.62,0.04
2014-01-10,0.39,1.64,2.88,3.54,0.05
2014-01-13,0.39,1.6,2.84,3.52,0.03
2014-01-14,0.39,1.65,2.88,3.54,0.04
2014-01-15,0.41,1.68,2.9,3.55,0.04
2014-01-16,0.41,1.66,2.86,3.52,0.04
2014-01-17,0.4,1.64,2.84,3.5,0.05
2014-01-20,,,,,
2014-01-21,0.4,1.67,2.85,3.5,0.04
2014-01-22,0.44,1.72,2.87,3.52,0.04
2014-01-23,0.39,1.62,2.79,3.44,0.04
2014-01-24,0.37,1.58,2.75,3.4,0.04
2014-01-27,0.37,1.61,2.78,3.43,0.05
2014-01-28,0.38,1.59,2.77,3.43,0.05
2014-01-29,0.36,1.52,2.69,3.36,0.04
2014-01-30,0.36,1.55,2.72,3.4,0.02
2014-01-31,0.34,1.49,2.67,3.35,0.02
2014-02-03,0.3,1.44,2.61,3.29,0.05
2014-02-04,0.31,1.46,2.64,3.33,0.06
2014-02-05,0.32,1.5,2.7,3.4,0.07
2014-02-06,0.33,1.52,2.73,3.42,0.07
2014-02-07,0.3,1.47,2.71,3.39,0.08
2014-02-10,0.32,1.48,2.7,3.38,0.07
2014-02-11,0.35,1.54,2.75,3.42,0.05
2014-02-12,0.35,1.59,2.8,3.45,0.05
2014-02-13,0.32,1.51,2.73,3.4,0.03
2014-02-14,0.32,1.53,2.75,3.41,0.02
2014-02-17,,,,,
2014-02-18,0.31,1.5,2.71,3.4,0.05
2014-02-19,0.33,1.53,2.73,3.42,0.06
2014-02-20,0.34,1.57,2.76,3.44,0.05
2014-02-21,0.33,1.56,2.73,3.41,0.05
2014-02-24,0.35,1.57,2.75,3.42,0.05
2014-02-25,0.34,1.53,2.7,3.37,0.05
2014-02-26,0.33,1.5,2.67,3.34,0.05
2014-02-27,0.33,1.49,2.65,3.31,0.04
2014-02-28,0.33,1.51,2.66,3.31,0.05
2014-03-03,0.32,1.46,2.6,3.27,0.05
2014-03-04,0.33,1.54,2.7,3.36,0.05
2014-03-05,0.33,1.54,2.7,3.36,0.06
2014-03-06,0.37,1.57,2.74,3.4,0.05
2014-03-07,0.38,1.65,2.8,3.45,0.06
2014-03-10,0.37,1.64,2.79,3.45,0.05
2014-03-11,0.37,1.62,2.77,3.43,0.05
2014-03-12,0.37,1.59,2.73,3.38,0.05
2014-03-13,0.34,1.53,2.66,3.31,0.05
2014-03-14,0.36,1.55,2.65,3.3,0.05
2014-03-17,0.38,1.58,2.7,3.34,0.06
2014-03-18,0.36,1.56,2.68,3.33,0.05
2014-03-19,0.47,1.75,2.78,3.39,0.06
2014-03-20,0.45,1.73,2.79,3.4,0.06
2014-03-21,0.45,1.73,2.75,3.34,0.06
2014-03-24,0.47,1.76,2.74,3.31,0.06
2014-03-25,0.47,1.76,2.75,3.32,0.05
2014-03-26,0.45,1.7,2.71,3.29,0.05
2014-03-27,0.45,1.7,2.69,3.25,0.04
2014-03-28,0.45,1.74,2.73,3.29,0.04
2014-03-31,0.44,1.73,2.73,3.31,0.05
2014-04-01,0.44,1.74,2.77,3.35,0.04
2014-04-02,0.47,1.8,2.82,3.4,0.02
2014-04-03,0.46,1.79,2.8,3.38,0.02
2014-04-04,0.43,1.71,2.74,3.33,0.03
2014-04-07,0.41,1.68,2.71,3.3,0.03
2014-04-08,0.4,1.67,2.69,3.28,0.03
2014-04-09,0.37,1.65,2.71,3.31,0.04
2014-04-10,0.37,1.59,2.65,3.24,0.04
2014-04-11,0.37,1.58,2.63,3.22,0.04
2014-04-14,0.37,1.61,2.65,3.23,0.04
2014-04-15,0.39,1.63,2.64,3.2,0.04
2014-04-16,0.39,1.67,2.65,3.2,0.04
2014-04-17,0.43,1.75,2.73,3.27,0.03
2014-04-18,,,,,
2014-04-21,0.42,1.74,2.73,3.27,0.04
2014-04-22,0.45,1.76,2.73,3.25,0.03
2014-04-23,0.43,1.73,2.7,3.22,0.02
2014-04-24,0.43,1.74,2.7,3.22,0.01
2014-04-25,0.43,1.72,2.68,3.2,0.03
2014-04-28,0.44,1.73,2.7,3.23,0.03
2014-04-29,0.44,1.74,2.71,3.25,0.02
2014-04-30,0.42,1.69,2.67,3.22,0.03
2014-05-01,0.41,1.66,2.63,3.16,0.03
2014-05-02,0.42,1.67,2.6,3.12,0.02
2014-05-05,0.43,1.68,2.63,3.16,0.03
2014-05-06,0.43,1.68,2.61,3.13,0.03
2014-05-07,0.41,1.65,2.62,3.12,0.03
2014-05-08,0.4,1.63,2.61,3.17,0.03
2014-05-09,0.4,1.63,2.62,3.18,0.03
2014-05-12,0.41,1.67,2.66,3.21,0.03
2014-05-13,0.39,1.62,2.61,3.17,0.03
2014-05-14,0.39,1.57,2.54,3.09,0.03
2014-05-15,0.38,1.55,2.5,3.05,0.03
2014-05-16,0.38,1.56,2.52,3.07,0.03
2014-05-19,0.36,1.56,2.54,3.11,0.03
2014-05-20,0.35,1.53,2.52,3.1,0.03
2014-05-21,0.37,1.55,2.54,3.13,0.04
2014-05-22,0.37,1.57,2.56,3.15,0.03
2014-05-23,0.37,1.55,2.54,3.12,0.04
2014-05-26,,,,,
2014-05-27,0.39,1.56,2.52,3.09,0.04
2014-05-28,0.37,1.5,2.44,3.01,0.04
2014-05-29,0.37,1.52,2.45,3.03,0.04
2014-05-30,0.37,1.54,2.48,3.05,0.04
2014-06-02,0.39,1.6,2.54,3.1,0.04
2014-06-03,0.41,1.65,2.6,3.17,0.04
2014-06-04,0.41,1.65,2.61,3.18,0.04
2014-06-05,0.4,1.63,2.59,3.17,0.04
2014-06-06,0.41,1.66,2.6,3.17,0.04
2014-06-09,0.43,1.69,2.62,3.18,0.04
2014-06-10,0.45,1.71,2.64,3.2,0.04
2014-06-11,0.44,1.7,2.65,3.2,0.04
2014-06-12,0.42,1.66,2.58,3.14,0.04
2014-06-13,0.45,1.7,2.6,3.14,0.04
2014-06-16,0.49,1.71,2.61,3.14,0.04
2014-06-17,0.51,1.77,2.66,3.19,0.04
2014-06-18,0.48,1.71,2.61,3.16,0.03
2014-06-19,0.48,1.71,2.64,3.2,0.02
2014-06-20,0.5,1.71,2.63,3.18,0.02
2014-06-23,0.48,1.72,2.63,3.18,0.03
2014-06-24,0.49,1.7,2.59,3.14,0.03
2014-06-25,0.48,1.68,2.57,3.12,0.03
2014-06-26,0.46,1.64,2.53,3.08,0.04
2014-06-27,0.45,1.64,2.54,3.1,0.03
2014-06-30,0.47,1.62,2.53,3.08,0.04
2014-07-01,0.47,1.66,2.58,3.13,0.02
2014-07-02,0.49,1.71,2.64,3.2,0.02
2014-07-03,0.52,1.74,2.65,3.21,0.01
2014-07-04,,,,,
2014-07-07,0.52,1.74,2.63,3.17,0.04
2014-07-08,0.51,1.7,2.58,3.12,0.03
2014-07-09,0.51,1.68,2.57,3.1,0.03
2014-07-10,0.46,1.66,2.55,3.1,0.02
2014-07-11,0.48,1.65,2.53,3.07,0.02
2014-07-14,0.48,1.68,2.55,3.1,0.03
2014-07-15,0.49,1.7,2.56,3.1,0.02
2014-07-16,0.5,1.71,2.55,3.08,0.02
2014-07-17,0.47,1.65,2.47,3.01,0.02
2014-07-18,0.51,1.69,2.5,3.03,0.02
2014-07-21,0.51,1.7,2.49,3.01,0.03
2014-07-22,0.49,1.68,2.48,3.0,0.03
2014-07-23,0.5,1.67,2.48,3.0,0.03
2014-07-24,0.53,1.72,2.52,3.04,0.03
2014-07-25,0.53,1.69,2.48,2.99,0.03
2014-07-28,0.54,1.73,2.5,3.01,0.04
2014-07-29,0.54,1.7,2.47,2.97,0.02
2014-07-30,0.56,1.77,2.57,3.06,0.04
2014-07-31,0.53,1.76,2.58,3.07,0.03
2014-08-01,0.47,1.67,2.52,3.03,0.03
2014-08-04,0.47,1.66,2.51,3.04,0.04
2014-08-05,0.47,1.66,2.49,3.02,0.03
2014-08-06,0.48,1.66,2.49,3.01,0.03
2014-08-07,0.44,1.6,2.43,2.97,0.03
2014-08-08,0.45,1.62,2.44,2.97,0.03
2014-08-11,0.47,1.62,2.44,2.97,0.04
2014-08-12,0.45,1.63,2.46,3.0,0.03
2014-08-13,0.43,1.59,2.43,2.97,0.04
2014-08-14,0.42,1.58,2.4,2.93,0.04
2014-08-15,0.42,1.55,2.34,2.86,0.03
2014-08-18,0.44,1.58,2.39,2.92,0.03
2014-08-19,0.46,1.59,2.4,2.94,0.03
2014-08-20,0.49,1.65,2.43,2.95,0.04
2014-08-21,0.49,1.64,2.41,2.92,0.02
2014-08-22,0.53,1.68,2.4,2.9,0.03
2014-08-25,0.53,1.69,2.39,2.88,0.04
2014-08-26,0.52,1.68,2.39,2.89,0.03
2014-08-27,0.51,1.65,2.37,2.85,0.04
2014-08-28,0.5,1.63,2.34,2.82,0.03
2014-08-29,0.48,1.63,2.35,2.83,0.03
2014-09-01,,,,,
2014-09-02,0.53,1.69,2.42,2.91,0.03
2014-09-03,0.52,1.69,2.41,2.9,0.03
2014-09-04,0.54,1.71,2.45,2.95,0.03
2014-09-05,0.52,1.69,2.46,2.97,0.03
2014-09-08,0.54,1.72,2.48,2.97,0.02
2014-09-09,0.56,1.76,2.5,2.97,0.02
2014-09-10,0.58,1.79,2.54,3.01,0.02
2014-09-11,0.58,1.79,2.54,3.02,0.02
2014-09-12,0.58,1.83,2.62,3.1,0.02
2014-09-15,0.58,1.8,2.6,3.09,0.02
2014-09-16,0.55,1.78,2.6,3.11,0.02
2014-09-17,0.59,1.82,2.62,3.12,0.02
2014-09-18,0.59,1.85,2.63,3.12,0.02
2014-09-19,0.59,1.83,2.59,3.05,0.02
2014-09-22,0.58,1.8,2.57,3.04,0.01
2014-09-23,0.57,1.78,2.54,3.01,0.01
2014-09-24,0.59,1.82,2.57,3.04,0.02
2014-09-25,0.56,1.75,2.52,2.98,0.01
2014-09-26,0.59,1.8,2.54,2.99,0.01
2014-09-29,0.58,1.77,2.5,2.95,0.02
2014-09-30,0.58,1.78,2.52,2.98,0.02
2014-10-01,0.53,1.69,2.42,2.87,0.02
2014-10-02,0.53,1.7,2.44,2.9,0.01
2014-10-03,0.57,1.73,2.45,2.89,0.01
2014-10-06,0.54,1.7,2.43,2.88,0.02
2014-10-07,0.52,1.64,2.36,2.81,0.02
2014-10-08,0.46,1.57,2.35,2.82,0.01
2014-10-09,0.46,1.58,2.34,2.81,0.01
2014-10-10,0.45,1.55,2.31,2.77,0.01
2014-10-13,,,,,
2014-10-14,0.39,1.45,2.21,2.68,0.02
2014-10-15,0.34,1.37,2.15,2.64,0.02
2014-10-16,0.35,1.39,2.17,2.66,0.03
2014-10-17,0.39,1.44,2.22,2.7,0.02
2014-10-20,0.37,1.41,2.2,2.68,0.02
2014-10-21,0.38,1.44,2.23,2.72,0.02
2014-10-22,0.41,1.46,2.25,2.73,0.02
2014-10-23,0.41,1.52,2.29,2.77,0.01
2014-10-24,0.41,1.52,2.29,2.77,0.01
2014-10-27,0.41,1.51,2.27,2.75,0.02
2014-10-28,0.42,1.53,2.3,2.79,0.02
2014-10-29,0.48,1.61,2.34,2.79,0.03
2014-10-30,0.48,1.58,2.32,2.77,0.01
2014-10-31,0.5,1.62,2.35,2.81,0.01
2014-11-03,0.52,1.63,2.36,2.8,0.02
2014-11-04,0.52,1.63,2.35,2.78,0.03
2014-11-05,0.52,1.63,2.36,2.79,0.03
2014-11-06,0.54,1.67,2.39,2.83,0.03
2014-11-07,0.51,1.6,2.32,2.76,0.03
2014-11-10,0.55,1.65,2.38,2.81,0.02
2014-11-11,,,,,
2014-11-12,0.55,1.65,2.37,2.81,0.02
2014-11-13,0.53,1.64,2.35,2.8,0.02
2014-11-14,0.54,1.62,2.32,2.77,0.02
2014-11-17,0.54,1.64,2.34,2.79,0.03
2014-11-18,0.53,1.63,2.32,2.77,0.02
2014-11-19,0.54,1.66,2.36,2.8,0.01
2014-11-20,0.53,1.64,2.34,2.78,0.02
2014-11-21,0.53,1.63,2.31,2.75,0.01
2014-11-24,0.53,1.62,2.3,2.74,0.02
2014-11-25,0.51,1.58,2.27,2.69,0.02
2014-11-26,0.53,1.56,2.24,2.67,0.02
2014-11-27,,,,,
2014-11-28,0.47,1.49,2.18,2.62,0.02
2014-12-01,0.49,1.52,2.22,2.66,0.03
2014-12-02,0.55,1.59,2.28,2.72,0.03
2014-12-03,0.57,1.61,2.29,2.71,0.01
2014-12-04,0.55,1.59,2.25,2.66,0.02
2014-12-05,0.65,1.69,2.31,2.69,0.02
2014-12-08,0.64,1.67,2.26,2.62,0.03
2014-12-09,0.64,1.63,2.22,2.58,0.04
2014-12-10,0.59,1.58,2.18,2.54,0.03
2014-12-11,0.62,1.62,2.19,2.54,0.03
2014-12-12,0.56,1.53,2.1,2.45,0.02
2014-12-15,0.6,1.58,2.12,2.45,0.04
2014-12-16,0.58,1.53,2.07,2.4,0.03
2014-12-17,0.62,1.61,2.14,2.46,0.03
2014-12-18,0.67,1.68,2.22,2.54,0.04
2014-12-19,0.67,1.66,2.17,2.48,0.04
2014-12-22,0.71,1.67,2.17,2.47,0.05
2014-12-23,0.73,1.76,2.26,2.57,0.03
2014-12-24,0.73,1.76,2.27,2.56,0.01
2014-12-25,,,,,
2014-12-26,0.73,1.75,2.25,2.54,0.01
2014-12-29,0.72,1.72,2.22,2.51,0.03
2014-12-30,0.69,1.68,2.2,2.49,0.03
2014-12-31,0.67,1.65,2.17,2.47,0.04
2015-01-01,,,,,
2015-01-02,0.66,1.61,2.12,2.41,0.02
2015-01-05,0.68,1.57,2.04,2.32,0.03
2015-01-06,0.65,1.5,1.97,2.25,0.03
2015-01-07,0.62,1.47,1.96,2.25,0.03
2015-01-08,0.62,1.5,2.03,2.33,0.03
2015-01-09,0.59,1.45,1.98,2.29,0.02
2015-01-12,0.56,1.39,1.92,2.23,0.03
2015-01-13,0.54,1.37,1.91,2.24,0.03
2015-01-14,0.51,1.33,1.86,2.2,0.04
2015-01-15,0.44,1.22,1.77,2.12,0.03
2015-01-16,0.49,1.29,1.83,2.17,0.03
2015-01-19,,,,,
2015-01-20,0.53,1.31,1.82,2.15,0.03
2015-01-21,0.53,1.35,1.87,2.2,0.03
2015-01-22,0.53,1.39,1.9,2.21,0.03
2015-01-23,0.52,1.33,1.81,2.12,0.02
2015-01-26,0.54,1.36,1.83,2.14,0.03
2015-01-27,0.54,1.34,1.83,2.15,0.02
2015-01-28,0.5,1.25,1.73,2.05,0.02
2015-01-29,0.51,1.28,1.77,2.11,0.03
2015-01-30,0.47,1.18,1.68,2.04,0.02
2015-02-02,0.49,1.19,1.68,2.07,0.02
2015-02-03,0.52,1.28,1.79,2.16,0.02
2015-02-04,0.52,1.29,1.81,2.17,0.01
2015-02-05,0.52,1.3,1.83,2.2,0.02
2015-02-06,0.65,1.48,1.95,2.28,0.02
2015-02-09,0.65,1.49,1.96,2.28,0.01
2015-02-10,0.67,1.52,2.01,2.33,0.01
2015-02-11,0.67,1.53,2.0,2.33,0.01
2015-02-12,0.61,1.5,1.99,2.33,0.02
2015-02-13,0.66,1.53,2.02,2.39,0.01
2015-02-16,,,,,
2015-02-17,0.7,1.62,2.14,2.49,0.02
2015-02-18,0.62,1.52,2.07,2.46,0.02
2015-02-19,0.67,1.58,2.11,2.5,0.02
2015-02-20,0.67,1.61,2.13,2.5,0.02
2015-02-23,0.64,1.56,2.06,2.44,0.02
2015-02-24,0.6,1.47,1.99,2.38,0.02
2015-02-25,0.61,1.47,1.96,2.35,0.02
2015-02-26,0.66,1.54,2.03,2.39,0.03
2015-02-27,0.63,1.5,2.0,2.38,0.02
2015-03-02,0.66,1.57,2.08,2.46,0.02
2015-03-03,0.68,1.61,2.12,2.49,0.02
2015-03-04,0.66,1.6,2.12,2.49,0.01
2015-03-05,0.65,1.57,2.11,2.49,0.02
2015-03-06,0.73,1.7,2.24,2.63,0.01
2015-03-09,0.7,1.66,2.2,2.58,0.02
2015-03-10,0.7,1.62,2.14,2.51,0.02
2015-03-11,0.7,1.6,2.11,2.47,0.03
2015-03-12,0.67,1.59,2.1,2.47,0.03
2015-03-13,0.68,1.6,2.13,2.48,0.03
2015-03-16,0.66,1.57,2.1,2.45,0.05
2015-03-17,0.7,1.56,2.06,2.4,0.05
2015-03-18,0.57,1.41,1.93,2.31,0.03
2015-03-19,0.63,1.48,1.98,2.33,0.03
2015-03-20,0.6,1.42,1.93,2.29,0.01
2015-03-23,0.6,1.41,1.92,2.29,0.03
2015-03-24,0.58,1.37,1.88,2.24,0.02
2015-03-25,0.59,1.41,1.93,2.28,0.04
2015-03-26,0.61,1.47,2.01,2.37,0.03
2015-03-27,0.58,1.42,1.95,2.29,0.04
2015-03-30,0.58,1.41,1.96,2.32,0.04
2015-03-31,0.56,1.37,1.94,2.31,0.03
2015-04-01,0.55,1.32,1.87,2.23,0.03
2015-04-02,0.55,1.35,1.92,2.29,0.02
2015-04-03,0.49,1.26,1.85,2.24,0.02
2015-04-06,0.51,1.31,1.92,2.31,0.03
2015-04-07,0.52,1.32,1.89,2.27,0.02
2015-04-08,0.54,1.35,1.92,2.28,0.03
2015-04-09,0.56,1.4,1.97,2.35,0.03
2015-04-10,0.57,1.41,1.96,2.33,0.02
2015-04-13,0.54,1.38,1.94,2.33,0.03
2015-04-14,0.53,1.34,1.9,2.29,0.02
2015-04-15,0.51,1.33,1.91,2.3,0.02
2015-04-16,0.5,1.31,1.9,2.31,0.02
2015-04-17,0.51,1.31,1.87,2.26,0.01
2015-04-20,0.55,1.33,1.9,2.31,0.03
2015-04-21,0.55,1.35,1.92,2.33,0.03
2015-04-22,0.57,1.41,1.99,2.42,0.03
2015-04-23,0.55,1.37,1.96,2.38,0.03
2015-04-24,0.54,1.34,1.93,2.36,0.03
2015-04-27,0.54,1.36,1.94,2.36,0.02
2015-04-28,0.56,1.39,2.0,2.42,0.02
2015-04-29,0.56,1.43,2.06,2.49,0.01
2015-04-30,0.58,1.43,2.05,2.49,0.01
2015-05-01,0.6,1.5,2.12,2.57,0.01
2015-05-04,0.6,1.51,2.16,2.62,0.02
2015-05-05,0.62,1.54,2.19,2.64,0.01
2015-05-06,0.65,1.58,2.25,2.72,0.02
2015-05-07,0.63,1.55,2.18,2.63,0.01
2015-05-08,0.59,1.5,2.16,2.63,0.01
2015-05-11,0.62,1.59,2.28,2.76,0.02
2015-05-12,0.61,1.58,2.28,2.75,0.03
2015-05-13,0.59,1.57,2.27,2.79,0.02
2015-05-14,0.56,1.51,2.23,2.76,0.01
2015-05-15,0.55,1.46,2.14,2.66,0.02
2015-05-18,0.58,1.54,2.23,2.75,0.02
2015-05-19,0.63,1.6,2.27,2.79,0.02
2015-05-20,0.6,1.57,2.26,2.79,0.02
2015-05-21,0.6,1.53,2.19,2.71,0.02
2015-05-22,0.64,1.57,2.21,2.73,0.02
2015-05-25,,,,,
2015-05-26,0.64,1.54,2.14,2.64,0.02
2015-05-27,0.64,1.53,2.14,2.63,0.01
2015-05-28,0.62,1.51,2.13,2.64,0.01
2015-05-29,0.61,1.49,2.12,2.63,0.01
2015-06-01,0.64,1.55,2.19,2.69,0.02
2015-06-02,0.64,1.61,2.27,2.77,0.01
2015-06-03,0.69,1.69,2.38,2.87,0.02
2015-06-04,0.66,1.65,2.31,2.78,0.02
2015-06-05,0.73,1.75,2.41,2.87,0.03
2015-06-08,0.7,1.72,2.39,2.86,0.02
2015-06-09,0.72,1.74,2.42,2.89,0.02
2015-06-10,0.75,1.8,2.5,2.96,0.02
2015-06-11,0.73,1.74,2.39,2.84,0.01
2015-06-12,0.74,1.75,2.39,2.84,0.02
2015-06-15,0.72,1.71,2.36,2.83,0.02
2015-06-16,0.71,1.68,2.32,2.79,0.01
2015-06-17,0.67,1.63,2.32,2.82,0.01
2015-06-18,0.66,1.65,2.35,2.86,0.01
2015-06-19,0.65,1.59,2.26,2.76,0.01
2015-06-22,0.68,1.68,2.37,2.87,0.01
2015-06-23,0.7,1.71,2.42,2.92,0.01
2015-06-24,0.68,1.69,2.38,2.87,0.01
2015-06-25,0.68,1.7,2.4,2.88,0.01
2015-06-26,0.72,1.75,2.49,2.98,0.01
2015-06-29,0.64,1.62,2.33,2.82,0.02
2015-06-30,0.64,1.63,2.35,2.83,0.01
2015-07-01,0.69,1.7,2.43,2.92,0.01
2015-07-02,0.64,1.64,2.4,2.9,0.01
2015-07-03,,,,,
2015-07-06,0.6,1.56,2.3,2.78,0.02
2015-07-07,0.58,1.55,2.27,2.74,0.02
2015-07-08,0.55,1.5,2.22,2.69,0.02
2015-07-09,0.6,1.58,2.32,2.8,0.03
2015-07-10,0.65,1.68,2.42,2.91,0.01
2015-07-13,0.69,1.71,2.44,2.92,0.02
2015-07-14,0.66,1.67,2.41,2.9,0.01
2015-07-15,0.64,1.63,2.36,2.83,0.02
2015-07-16,0.67,1.66,2.36,2.81,0.02
2015-07-17,0.68,1.67,2.34,2.77,0.03
2015-07-20,0.71,1.72,2.38,2.79,0.04
2015-07-21,0.71,1.69,2.35,2.77,0.03
2015-07-22,0.75,1.69,2.33,2.73,0.04
2015-07-23,0.71,1.65,2.28,2.67,0.03
2015-07-24,0.7,1.64,2.27,2.67,0.04
2015-07-27,0.68,1.58,2.23,2.64,0.05
2015-07-28,0.69,1.61,2.26,2.66,0.05
2015-07-29,0.7,1.62,2.29,2.69,0.06
2015-07-30,0.72,1.62,2.28,2.66,0.07
2015-07-31,0.67,1.54,2.2,2.61,0.08
2015-08-03,0.68,1.52,2.16,2.55,0.08
2015-08-04,0.74,1.6,2.23,2.59,0.08
2015-08-05,0.73,1.65,2.28,2.64,0.08
2015-08-06,0.71,1.62,2.23,2.59,0.04
2015-08-07,0.73,1.59,2.18,2.52,0.06
2015-08-10,0.73,1.62,2.24,2.58,0.12
2015-08-11,0.68,1.53,2.15,2.5,0.1
2015-08-12,0.67,1.52,2.14,2.52,0.1
2015-08-13,0.72,1.58,2.19,2.54,0.1
2015-08-14,0.73,1.61,2.2,2.54,0.09
2015-08-17,0.72,1.58,2.16,2.51,0.1
2015-08-18,0.74,1.6,2.2,2.56,0.07
2015-08-19,0.67,1.5,2.12,2.49,0.05
2015-08-20,0.69,1.5,2.09,2.45,0.02
2015-08-21,0.64,1.44,2.05,2.44,0.03
2015-08-24,0.59,1.39,2.01,2.42,0.06
2015-08-25,0.67,1.48,2.12,2.54,0.07
2015-08-26,0.67,1.49,2.18,2.64,0.06
2015-08-27,0.68,1.49,2.18,2.61,0.06
2015-08-28,0.72,1.52,2.19,2.61,0.06
2015-08-31,0.74,1.54,2.21,2.64,0.08
2015-09-01,0.7,1.49,2.17,2.62,0.03
2015-09-02,0.72,1.52,2.2,2.66,0.03
2015-09-03,0.71,1.49,2.18,2.64,0.02
2015-09-04,0.71,1.47,2.13,2.58,0.02
2015-09-07,,,,,
2015-09-08,0.74,1.53,2.2,2.66,0.06
2015-09-09,0.75,1.53,2.21,2.64,0.03
2015-09-10,0.75,1.55,2.23,2.66,0.02
2015-09-11,0.71,1.52,2.2,2.63,0.04
2015-09-14,0.73,1.51,2.18,2.62,0.07
2015-09-15,0.82,1.61,2.28,2.73,0.07
2015-09-16,0.82,1.62,2.3,2.75,0.06
2015-09-17,0.7,1.5,2.21,2.69,0.01
2015-09-18,0.69,1.45,2.13,2.58,0.0
2015-09-21,0.72,1.51,2.2,2.67,0.01
2015-09-22,0.69,1.44,2.14,2.6,0.0
2015-09-23,0.7,1.47,2.16,2.6,0.01
2015-09-24,0.67,1.44,2.13,2.55,0.01
2015-09-25,0.7,1.48,2.17,2.6,0.0
2015-09-28,0.67,1.42,2.1,2.51,0.01
2015-09-29,0.64,1.37,2.05,2.48,0.01
2015-09-30,0.64,1.37,2.06,2.51,0.0
2015-10-01,0.64,1.37,2.05,2.49,0.0
2015-10-02,0.58,1.29,1.99,2.44,0.0
2015-10-05,0.61,1.35,2.07,2.52,0.01
2015-10-06,0.61,1.34,2.05,2.5,0.0
2015-10-07,0.65,1.37,2.08,2.51,0.0
2015-10-08,0.65,1.4,2.12,2.56,0.0
2015-10-09,0.65,1.41,2.12,2.55,0.01
2015-10-12,,,,,
2015-10-13,0.64,1.36,2.06,2.49,0.01
2015-10-14,0.57,1.29,1.99,2.42,0.0
2015-10-15,0.61,1.34,2.04,2.46,0.01
2015-10-16,0.61,1.36,2.04,2.46,0.01
2015-10-19,0.61,1.35,2.04,2.48,0.02
2015-10-20,0.66,1.4,2.08,2.53,0.02
2015-10-21,0.64,1.37,2.04,2.48,0.01
2015-10-22,0.61,1.36,2.04,2.48,0.0
2015-10-23,0.66,1.43,2.09,2.54,0.01
2015-10-26,0.66,1.41,2.07,2.5,0.02
2015-10-27,0.65,1.38,2.05,2.48,0.03
2015-10-28,0.73,1.47,2.1,2.5,0.04
2015-10-29,0.75,1.53,2.19,2.6,0.07
2015-10-30,0.75,1.52,2.16,2.57,0.08
2015-11-02,0.77,1.57,2.2,2.6,0.08
2015-11-03,0.8,1.59,2.23,2.65,0.06
2015-11-04,0.84,1.64,2.25,2.66,0.05
2015-11-05,0.85,1.65,2.26,2.68,0.05
2015-11-06,0.9,1.73,2.34,2.76,0.08
2015-11-09,0.89,1.75,2.36,2.79,0.14
2015-11-10,0.87,1.72,2.32,2.76,0.13
2015-11-11,,,,,
2015-11-12,0.89,1.73,2.32,2.75,0.14
2015-11-13,0.86,1.67,2.28,2.72,0.14
2015-11-16,0.88,1.66,2.27,2.72,0.15
2015-11-17,0.86,1.66,2.25,2.69,0.14
2015-11-18,0.9,1.69,2.27,2.7,0.12
2015-11-19,0.91,1.68,2.24,2.66,0.11
2015-11-20,0.93,1.7,2.26,2.68,0.12
2015-11-23,0.94,1.7,2.25,2.66,0.14
2015-11-24,0.93,1.66,2.24,2.65,0.16
2015-11-25,0.93,1.66,2.23,2.64,0.19
2015-11-26,,,,,
2015-11-27,0.92,1.64,2.22,2.64,0.18
2015-11-30,0.94,1.65,2.21,2.63,0.22
2015-12-01,0.91,1.59,2.15,2.55,0.21
2015-12-02,0.94,1.63,2.18,2.55,0.21
2015-12-03,0.96,1.74,2.33,2.72,0.21
2015-12-04,0.96,1.71,2.28,2.65,0.23
2015-12-07,0.94,1.67,2.23,2.59,0.29
2015-12-08,0.94,1.68,2.24,2.61,0.27
2015-12-09,0.93,1.64,2.22,2.59,0.26
2015-12-10,0.95,1.68,2.24,2.6,0.24
2015-12-11,0.88,1.56,2.13,2.49,0.23
2015-12-14,0.97,1.66,2.23,2.59,0.26
2015-12-15,0.98,1.71,2.28,2.62,0.25
2015-12-16,1.02,1.75,2.3,2.65,0.27
2015-12-17,1.0,1.73,2.24,2.57,0.23
2015-12-18,0.97,1.67,2.19,2.54,0.19
2015-12-21,0.96,1.67,2.2,2.55,0.24
2015-12-22,0.99,1.71,2.24,2.6,0.21
2015-12-23,1.01,1.74,2.27,2.64,0.2
2015-12-24,1.03,1.73,2.25,2.61,0.2
2015-12-25,,,,,
2015-12-28,1.05,1.73,2.24,2.59,0.23
2015-12-29,1.09,1.81,2.32,2.69,0.23
2015-12-30,1.08,1.8,2.31,2.69,0.21
2015-12-31,1.06,1.76,2.27,2.67,0.16
2016-01-01,,,,,
2016-01-04,1.02,1.73,2.24,2.64,0.22
2016-01-05,1.04,1.73,2.25,2.67,0.2
2016-01-06,0.99,1.65,2.18,2.59,0.21
2016-01-07,0.96,1.61,2.16,2.56,0.2
2016-01-08,0.94,1.57,2.13,2.55,0.2
2016-01-11,0.94,1.58,2.17,2.59,0.21
2016-01-12,0.93,1.55,2.12,2.51,0.21
2016-01-13,0.91,1.51,2.08,2.47,0.22
2016-01-14,0.9,1.52,2.1,2.51,0.25
2016-01-15,0.85,1.46,2.03,2.44,0.24
2016-01-18,,,,,
2016-01-19,0.88,1.49,2.06,2.45,0.26
2016-01-20,0.85,1.44,2.01,2.41,0.26
2016-01-21,0.84,1.44,2.02,2.42,0.28
2016-01-22,0.88,1.49,2.07,2.46,0.31
2016-01-25,0.88,1.47,2.03,2.42,0.31
2016-01-26,0.85,1.45,2.01,2.41,0.31
2016-01-27,0.84,1.43,2.02,2.42,0.32
2016-01-28,0.83,1.4,2.0,2.41,0.35
2016-01-29,0.76,1.33,1.94,2.36,0.33
2016-02-01,0.81,1.38,1.97,2.38,0.35
2016-02-02,0.75,1.28,1.87,2.27,0.34
2016-02-03,0.72,1.27,1.88,2.3,0.33
2016-02-04,0.7,1.25,1.87,2.29,0.29
2016-02-05,0.74,1.25,1.86,2.27,0.3
2016-02-08,0.66,1.16,1.75,2.17,0.32
2016-02-09,0.69,1.15,1.74,2.16,0.3
2016-02-10,0.71,1.15,1.71,2.13,0.31
2016-02-11,0.64,1.11,1.63,2.06,0.28
2016-02-12,0.71,1.2,1.74,2.15,0.3
2016-02-15,,,,,
2016-02-16,0.74,1.23,1.78,2.19,0.3
2016-02-17,0.74,1.26,1.81,2.24,0.3
2016-02-18,0.71,1.21,1.75,2.17,0.3
2016-02-19,0.76,1.24,1.76,2.17,0.31
2016-02-22,0.78,1.25,1.77,2.18,0.33
2016-02-23,0.76,1.23,1.74,2.16,0.32
2016-02-24,0.75,1.21,1.75,2.16,0.33
2016-02-25,0.72,1.16,1.71,2.14,0.32
2016-02-26,0.8,1.23,1.76,2.2,0.33
2016-02-29,0.78,1.22,1.74,2.19,0.33
2016-03-01,0.85,1.31,1.83,2.28,0.33
2016-03-02,0.85,1.34,1.84,2.27,0.36
2016-03-03,0.85,1.33,1.83,2.23,0.28
2016-03-04,0.88,1.38,1.88,2.29,0.29
2016-03-07,0.91,1.42,1.91,2.3,0.32
2016-03-08,0.88,1.34,1.83,2.22,0.29
2016-03-09,0.9,1.39,1.9,2.27,0.3
2016-03-10,0.93,1.45,1.93,2.29,0.32
2016-03-11,0.97,1.49,1.98,2.34,0.33
2016-03-14,0.97,1.49,1.97,2.33,0.34
2016-03-15,0.98,1.5,1.97,2.33,0.34
2016-03-16,0.87,1.41,1.94,2.32,0.31
2016-03-17,0.87,1.39,1.91,2.28,0.29
2016-03-18,0.84,1.34,1.88,2.26,0.3
2016-03-21,0.87,1.38,1.92,2.31,0.31
2016-03-22,0.91,1.42,1.94,2.32,0.3
2016-03-23,0.87,1.37,1.88,2.25,0.3
2016-03-24,0.89,1.39,1.91,2.28,0.3
2016-03-25,,,,,
2016-03-28,0.89,1.37,1.89,2.26,0.29
2016-03-29,0.78,1.29,1.81,2.2,0.23
2016-03-30,0.76,1.26,1.83,2.24,0.2
2016-03-31,0.73,1.21,1.78,2.2,0.21
2016-04-01,0.76,1.24,1.79,2.2,0.23
2016-04-04,0.75,1.22,1.78,2.19,0.23
2016-04-05,0.72,1.17,1.73,2.13,0.23
2016-04-06,0.73,1.2,1.76,2.17,0.23
2016-04-07,0.7,1.14,1.7,2.1,0.23
2016-04-08,0.7,1.16,1.72,2.13,0.23
2016-04-11,0.7,1.16,1.73,2.14,0.23
2016-04-12,0.74,1.22,1.79,2.18,0.22
2016-04-13,0.75,1.22,1.77,2.16,0.23
2016-04-14,0.77,1.26,1.8,2.18,0.22
2016-04-15,0.74,1.22,1.76,2.14,0.22
2016-04-18,0.75,1.24,1.78,2.17,0.22
2016-04-19,0.77,1.26,1.79,2.19,0.21
2016-04-20,0.8,1.32,1.85,2.25,0.23
2016-04-21,0.82,1.35,1.88,2.29,0.23
2016-04-22,0.84,1.37,1.89,2.3,0.23
2016-04-25,0.85,1.38,1.91,2.32,0.25
2016-04-26,0.86,1.4,1.94,2.35,0.24
2016-04-27,0.83,1.33,1.87,2.3,0.24
2016-04-28,0.78,1.28,1.84,2.27,0.22
2016-04-29,0.77,1.28,1.83,2.26,0.22
2016-05-02,0.8,1.32,1.88,2.31,0.22
2016-05-03,0.75,1.25,1.81,2.24,0.21
2016-05-04,0.75,1.23,1.79,2.22,0.19
2016-05-05,0.72,1.2,1.76,2.17,0.2
2016-05-06,0.74,1.23,1.79,2.2,0.19
2016-05-09,0.72,1.2,1.77,2.18,0.24
2016-05-10,0.72,1.2,1.77,2.18,0.24
2016-05-11,0.74,1.2,1.73,2.15,0.26
2016-05-12,0.76,1.24,1.75,2.18,0.27
2016-05-13,0.76,1.22,1.71,2.14,0.29
2016-05-16,0.79,1.26,1.75,2.18,0.28
2016-05-17,0.82,1.29,1.76,2.18,0.28
2016-05-18,0.9,1.41,1.87,2.27,0.3
2016-05-19,0.89,1.38,1.85,2.24,0.31
2016-05-20,0.89,1.38,1.85,2.24,0.33
2016-05-23,0.91,1.38,1.84,2.23,0.35
2016-05-24,0.92,1.41,1.86,2.25,0.35
2016-05-25,0.92,1.4,1.87,2.27,0.33
2016-05-26,0.87,1.35,1.83,2.24,0.31
2016-05-27,0.9,1.39,1.85,2.25,0.32
2016-05-30,,,,,
2016-05-31,0.87,1.37,1.84,2.23,0.34
2016-06-01,0.91,1.39,1.85,2.22,0.3
2016-06-02,0.89,1.36,1.81,2.17,0.29
2016-06-03,0.78,1.23,1.71,2.09,0.3
2016-06-06,0.8,1.25,1.73,2.12,0.28
2016-06-07,0.78,1.23,1.72,2.1,0.28
2016-06-08,0.78,1.23,1.71,2.08,0.24
2016-06-09,0.77,1.22,1.68,2.05,0.26
2016-06-10,0.73,1.17,1.64,2.02,0.26
2016-06-13,0.73,1.14,1.62,2.01,0.27
2016-06-14,0.74,1.15,1.62,2.0,0.27
2016-06-15,0.69,1.1,1.6,1.99,0.26
2016-06-16,0.7,1.1,1.57,1.96,0.27
2016-06-17,0.7,1.13,1.62,1.99,0.27
2016-06-20,0.74,1.17,1.67,2.03,0.28
2016-06-21,0.76,1.22,1.71,2.07,0.27
2016-06-22,0.75,1.2,1.69,2.06,0.27
2016-06-23,0.78,1.25,1.74,2.12,0.31
2016-06-24,0.64,1.08,1.57,1.96,0.27
2016-06-27,0.61,1.0,1.46,1.83,0.27
2016-06-28,0.61,1.0,1.46,1.83,0.26
2016-06-29,0.62,1.03,1.5,1.86,0.26
2016-06-30,0.58,1.01,1.49,1.86,0.26
2016-07-01,0.59,1.0,1.46,1.81,0.28
2016-07-04,,,,,
2016-07-05,0.56,0.94,1.37,1.72,0.28
2016-07-06,0.58,0.95,1.38,1.72,0.27
2016-07-07,0.58,0.97,1.4,1.72,0.29
2016-07-08,0.61,0.95,1.37,1.69,0.28
2016-07-11,0.66,1.03,1.43,1.73,0.31
2016-07-12,0.69,1.1,1.53,1.82,0.29
2016-07-13,0.68,1.07,1.48,1.77,0.31
2016-07-14,0.68,1.1,1.53,1.84,0.32
2016-07-15,0.71,1.15,1.6,1.9,0.32
2016-07-18,0.68,1.14,1.59,1.9,0.32
2016-07-19,0.7,1.12,1.56,1.88,0.31
2016-07-20,0.73,1.15,1.59,1.91,0.32
2016-07-21,0.7,1.11,1.57,1.9,0.32
2016-07-22,0.71,1.13,1.57,1.9,0.33
2016-07-25,0.72,1.15,1.58,1.9,0.32
2016-07-26,0.75,1.15,1.57,1.89,0.31
2016-07-27,0.73,1.1,1.52,1.84,0.31
2016-07-28,0.72,1.09,1.52,1.83,0.25
2016-07-29,0.67,1.03,1.46,1.78,0.28
2016-08-01,0.67,1.06,1.51,1.84,0.29
2016-08-02,0.67,1.07,1.55,1.88,0.29
2016-08-03,0.67,1.07,1.55,1.88,0.28
2016-08-04,0.64,1.03,1.51,1.84,0.26
2016-08-05,0.72,1.13,1.59,1.91,0.28
2016-08-08,0.74,1.15,1.59,1.91,0.31
2016-08-09,0.71,1.11,1.55,1.86,0.29
2016-08-10,0.69,1.07,1.5,1.83,0.28
2016-08-11,0.76,1.16,1.57,1.89,0.28
2016-08-12,0.71,1.1,1.51,1.85,0.29
2016-08-15,0.72,1.14,1.55,1.9,0.31
2016-08-16,0.76,1.16,1.57,1.92,0.27
2016-08-17,0.74,1.15,1.56,1.9,0.3
2016-08-18,0.71,1.12,1.53,1.89,0.3
2016-08-19,0.76,1.17,1.58,1.93,0.3
2016-08-22,0.76,1.15,1.55,1.88,0.29
2016-08-23,0.74,1.15,1.55,1.88,0.3
2016-08-24,0.76,1.13,1.56,1.89,0.31
2016-08-25,0.78,1.16,1.58,1.91,0.33
2016-08-26,0.84,1.23,1.62,1.96,0.34
2016-08-29,0.81,1.18,1.57,1.9,0.33
2016-08-30,0.8,1.18,1.57,1.91,0.33
2016-08-31,0.8,1.19,1.58,1.9,0.33
2016-09-01,0.78,1.18,1.57,1.9,0.33
2016-09-02,0.8,1.2,1.6,1.95,0.33
2016-09-05,,,,,
2016-09-06,0.74,1.13,1.55,1.9,0.32
2016-09-07,0.74,1.12,1.54,1.89,0.34
2016-09-08,0.78,1.19,1.61,1.98,0.35
2016-09-09,0.79,1.23,1.67,2.05,0.35
2016-09-12,0.79,1.21,1.68,2.05,0.37
2016-09-13,0.8,1.26,1.73,2.12,0.36
2016-09-14,0.77,1.21,1.7,2.1,0.33
2016-09-15,0.74,1.2,1.71,2.13,0.29
2016-09-16,0.77,1.21,1.7,2.1,0.3
2016-09-19,0.79,1.22,1.7,2.1,0.3
2016-09-20,0.79,1.2,1.69,2.09,0.3
2016-09-21,0.79,1.2,1.66,2.06,0.22
2016-09-22,0.79,1.18,1.63,2.02,0.18
2016-09-23,0.77,1.16,1.62,2.02,0.18
2016-09-26,0.76,1.13,1.59,2.0,0.25
2016-09-27,0.75,1.12,1.56,1.96,0.26
2016-09-28,0.75,1.13,1.57,1.96,0.27
2016-09-29,0.73,1.12,1.56,1.95,0.26
2016-09-30,0.77,1.14,1.6,1.99,0.29
2016-10-03,0.8,1.18,1.63,2.01,0.32
2016-10-04,0.82,1.22,1.69,2.08,0.33
2016-10-05,0.85,1.26,1.72,2.11,0.32
2016-10-06,0.86,1.28,1.75,2.14,0.33
2016-10-07,0.83,1.26,1.73,2.14,0.33
2016-10-10,,,,,
2016-10-11,0.87,1.3,1.77,2.17,0.35
2016-10-12,0.87,1.31,1.79,2.19,0.37
2016-10-13,0.85,1.27,1.75,2.15,0.3
2016-10-14,0.84,1.28,1.8,2.22,0.32
2016-10-17,0.81,1.26,1.77,2.19,0.34
2016-10-18,0.82,1.24,1.75,2.18,0.34
2016-10-19,0.81,1.24,1.76,2.18,0.35
2016-10-20,0.84,1.26,1.76,2.17,0.35
2016-10-21,0.84,1.25,1.74,2.15,0.34
2016-10-24,0.84,1.27,1.77,2.18,0.33
2016-10-25,0.86,1.29,1.77,2.17,0.34
2016-10-26,0.86,1.3,1.79,2.2,0.33
2016-10-27,0.87,1.33,1.85,2.26,0.3
2016-10-28,0.86,1.33,1.86,2.27,0.3
2016-10-31,0.86,1.31,1.84,2.25,0.34
2016-11-01,0.83,1.3,1.83,2.24,0.35
2016-11-02,0.81,1.26,1.81,2.22,0.37
2016-11-03,0.81,1.26,1.82,2.25,0.38
2016-11-04,0.8,1.24,1.79,2.22,0.38
2016-11-07,0.82,1.29,1.83,2.26,0.41
2016-11-08,0.87,1.34,1.88,2.29,0.43
2016-11-09,0.9,1.49,2.07,2.52,0.45
2016-11-10,0.92,1.56,2.15,2.58,0.48
2016-11-11,,,,,
2016-11-14,1.0,1.66,2.23,2.65,0.55
2016-11-15,1.02,1.68,2.23,2.64,0.51
2016-11-16,1.0,1.68,2.22,2.61,0.47
2016-11-17,1.04,1.73,2.29,2.69,0.44
2016-11-18,1.07,1.8,2.34,2.7,0.44
2016-11-21,1.08,1.79,2.33,2.69,0.46
2016-11-22,1.07,1.77,2.31,2.69,0.49
2016-11-23,1.12,1.83,2.36,2.71,0.51
2016-11-24,,,,,
2016-11-25,1.12,1.83,2.36,2.71,0.49
2016-11-28,1.11,1.8,2.32,2.68,0.48
2016-11-29,1.09,1.78,2.3,2.66,0.48
2016-11-30,1.11,1.83,2.37,2.73,0.48
2016-12-01,1.14,1.9,2.45,2.82,0.48
2016-12-02,1.11,1.84,2.4,2.78,0.49
2016-12-05,1.13,1.84,2.39,2.76,0.49
2016-12-06,1.12,1.84,2.39,2.77,0.49
2016-12-07,1.1,1.8,2.34,2.73,0.52
2016-12-08,1.12,1.83,2.4,2.81,0.51
2016-12-09,1.15,1.89,2.47,2.87,0.54
2016-12-12,1.15,1.9,2.49,2.86,0.51
2016-12-13,1.17,1.92,2.48,2.85,0.54
2016-12-14,1.27,2.02,2.54,2.86,0.55
2016-12-15,1.29,2.1,2.6,2.89,0.51
2016-12-16,1.28,2.07,2.6,2.91,0.51
2016-12-19,1.24,2.03,2.54,2.85,0.52
2016-12-20,1.25,2.06,2.57,2.88,0.52
2016-12-21,1.21,2.04,2.55,2.86,0.52
2016-12-22,1.22,2.04,2.55,2.86,0.51
2016-12-23,1.22,2.04,2.55,2.86,0.52
2016-12-26,,,,,
2016-12-27,1.28,2.07,2.57,2.88,0.51
2016-12-28,1.26,2.02,2.51,2.83,0.53
2016-12-29,1.22,1.96,2.49,2.82,0.47
2016-12-30,1.2,1.93,2.45,2.79,0.51
2017-01-02,,,,,
2017-01-03,1.22,1.94,2.45,2.78,0.53
2017-01-04,1.24,1.94,2.46,2.78,0.53
2017-01-05,1.17,1.86,2.37,2.69,0.52
2017-01-06,1.22,1.92,2.42,2.73,0.53
2017-01-09,1.21,1.89,2.38,2.69,0.5
2017-01-10,1.19,1.89,2.38,2.69,0.52
2017-01-11,1.2,1.89,2.38,2.68,0.52
2017-01-12,1.18,1.87,2.36,2.68,0.52
2017-01-13,1.21,1.9,2.4,2.71,0.53
2017-01-16,,,,,
2017-01-17,1.17,1.84,2.33,2.66,0.55
2017-01-18,1.23,1.93,2.42,2.74,0.53
2017-01-19,1.25,1.97,2.47,2.77,0.52
2017-01-20,1.2,1.95,2.48,2.79,0.5
2017-01-23,1.16,1.88,2.41,2.72,0.51
2017-01-24,1.21,1.94,2.47,2.78,0.51
2017-01-25,1.23,1.99,2.53,2.84,0.5
2017-01-26,1.21,1.95,2.51,2.82,0.51
2017-01-27,1.22,1.94,2.49,2.8,0.52
2017-01-30,1.22,1.94,2.49,2.82,0.51
2017-01-31,1.19,1.9,2.45,2.78,0.52
2017-02-01,1.22,1.93,2.48,2.8,0.51
2017-02-02,1.21,1.92,2.48,2.8,0.52
2017-02-03,1.21,1.93,2.49,2.82,0.51
2017-02-06,1.16,1.86,2.42,2.76,0.53
2017-02-07,1.16,1.85,2.4,2.74,0.53
2017-02-08,1.15,1.81,2.34,2.68,0.54
2017-02-09,1.2,1.88,2.4,2.74,0.54
2017-02-10,1.2,1.89,2.41,2.75,0.55
2017-02-13,1.2,1.92,2.43,2.77,0.52
2017-02-14,1.25,1.98,2.47,2.81,0.54
2017-02-15,1.27,2.01,2.51,2.84,0.54
2017-02-16,1.22,1.95,2.45,2.8,0.53
2017-02-17,1.21,1.92,2.42,2.78,0.53
2017-02-20,,,,,
2017-02-21,1.22,1.93,2.43,2.78,0.53
2017-02-22,1.22,1.92,2.42,2.78,0.52
2017-02-23,1.18,1.87,2.38,2.75,0.51
2017-02-24,1.12,1.8,2.31,2.69,0.52
2017-02-27,1.2,1.87,2.36,2.72,0.5
2017-02-28,1.22,1.89,2.36,2.7,0.53
2017-03-01,1.29,1.99,2.46,2.81,0.63
2017-03-02,1.32,2.03,2.49,2.84,0.67
2017-03-03,1.32,2.02,2.49,2.83,0.71
2017-03-06,1.31,2.02,2.49,2.84,0.74
2017-03-07,1.32,2.05,2.52,2.85,0.76
2017-03-08,1.36,2.08,2.57,2.89,0.73
2017-03-09,1.37,2.13,2.6,2.94,0.73
2017-03-10,1.36,2.11,2.58,2.94,0.75
2017-03-13,1.4,2.14,2.62,2.97,0.79
2017-03-14,1.4,2.13,2.6,2.94,0.78
2017-03-15,1.33,2.02,2.51,2.87,0.73
2017-03-16,1.35,2.05,2.53,2.89,0.73
2017-03-17,1.33,2.03,2.5,2.86,0.73
2017-03-20,1.3,2.0,2.47,2.83,0.76
2017-03-21,1.27,1.96,2.43,2.79,0.77
2017-03-22,1.27,1.95,2.4,2.76,0.77
2017-03-23,1.26,1.95,2.41,2.76,0.76
2017-03-24,1.26,1.93,2.4,2.74,0.78
2017-03-27,1.27,1.93,2.38,2.73,0.78
2017-03-28,1.3,1.97,2.42,2.77,0.78
2017-03-29,1.26,1.93,2.39,2.74,0.78
2017-03-30,1.28,1.96,2.42,2.78,0.78
2017-03-31,1.27,1.93,2.4,2.76,0.76
2017-04-03,1.24,1.88,2.35,2.71,0.79
2017-04-04,1.25,1.88,2.36,2.72,0.79
2017-04-05,1.24,1.85,2.34,2.71,0.8
2017-04-06,1.24,1.87,2.34,2.72,0.79
2017-04-07,1.29,1.92,2.38,2.74,0.82
2017-04-10,1.29,1.91,2.37,2.72,0.82
2017-04-11,1.24,1.84,2.32,2.67,0.82
2017-04-12,1.24,1.81,2.28,2.65,0.81
2017-04-13,1.21,1.77,2.24,2.62,0.81
2017-04-14,,,,,
2017-04-17,1.21,1.79,2.26,2.65,0.83
2017-04-18,1.18,1.71,2.18,2.56,0.82
2017-04-19,1.19,1.74,2.21,2.59,0.81
2017-04-20,1.21,1.78,2.24,2.61,0.79
2017-04-21,1.2,1.77,2.24,2.61,0.79
2017-04-24,1.25,1.81,2.28,2.65,0.81
2017-04-25,1.29,1.87,2.35,2.71,0.82
2017-04-26,1.28,1.84,2.32,2.69,0.83
2017-04-27,1.25,1.81,2.3,2.68,0.81
2017-04-28,1.28,1.81,2.29,2.67,0.8
2017-05-01,1.28,1.84,2.33,2.71,0.83
2017-05-02,1.27,1.81,2.29,2.68,0.82
2017-05-03,1.3,1.86,2.33,2.7,0.85
2017-05-04,1.32,1.88,2.36,2.73,0.86
2017-05-05,1.32,1.89,2.36,2.73,0.9
2017-05-08,1.33,1.91,2.39,2.76,0.91
2017-05-09,1.37,1.94,2.42,2.79,0.91
2017-05-10,1.35,1.94,2.41,2.79,0.9
2017-05-11,1.35,1.93,2.39,2.78,0.89
2017-05-12,1.29,1.85,2.33,2.74,0.88
2017-05-15,1.31,1.86,2.34,2.76,0.9
2017-05-16,1.29,1.86,2.33,2.74,0.9
2017-05-17,1.26,1.76,2.22,2.65,0.9
2017-05-18,1.27,1.78,2.23,2.64,0.93
2017-05-19,1.28,1.79,2.23,2.63,0.92
2017-05-22,1.29,1.8,2.25,2.64,0.93
2017-05-23,1.31,1.84,2.29,2.68,0.92
2017-05-24,1.29,1.79,2.26,2.65,0.93
2017-05-25,1.3,1.78,2.25,2.65,0.94
2017-05-26,1.3,1.79,2.25,2.65,0.94
2017-05-29,,,,,
2017-05-30,1.28,1.76,2.21,2.61,0.93
2017-05-31,1.28,1.75,2.21,2.6,0.98
2017-06-01,1.28,1.76,2.21,2.6,0.98
2017-06-02,1.28,1.71,2.15,2.53,0.98
2017-06-05,1.32,1.74,2.18,2.56,0.96
2017-06-06,1.3,1.71,2.14,2.53,0.97
2017-06-07,1.32,1.74,2.18,2.56,1.0
2017-06-08,1.33,1.75,2.19,2.57,1.01
2017-06-09,1.35,1.77,2.21,2.59,1.01
2017-06-12,1.35,1.78,2.21,2.59,0.98
2017-06-13,1.38,1.79,2.21,2.6,1.0
2017-06-14,1.35,1.74,2.15,2.53,1.01
2017-06-15,1.35,1.76,2.16,2.52,1.02
2017-06-16,1.32,1.75,2.16,2.52,1.03
2017-06-19,1.36,1.8,2.19,2.53,1.02
2017-06-20,1.36,1.77,2.16,2.49,1.01
2017-06-21,1.36,1.78,2.16,2.48,0.99
2017-06-22,1.34,1.76,2.15,2.47,0.96
2017-06-23,1.34,1.77,2.15,2.48,0.97
2017-06-26,1.36,1.77,2.14,2.46,0.99
2017-06-27,1.38,1.83,2.21,2.52,1.0
2017-06-28,1.34,1.81,2.22,2.55,1.02
2017-06-29,1.38,1.85,2.27,2.59,1.04
2017-06-30,1.38,1.89,2.31,2.61,1.03
2017-07-03,1.41,1.93,2.35,2.65,1.06
2017-07-04,,,,,
2017-07-05,1.41,1.92,2.33,2.63,1.05
2017-07-06,1.4,1.94,2.37,2.68,1.04
2017-07-07,1.4,1.95,2.39,2.71,1.05
2017-07-10,1.4,1.93,2.38,2.7,1.04
2017-07-11,1.37,1.92,2.37,2.69,1.05
2017-07-12,1.35,1.88,2.33,2.65,1.05
2017-07-13,1.37,1.89,2.35,2.69,1.05
2017-07-14,1.35,1.87,2.33,2.67,1.04
2017-07-17,1.36,1.86,2.31,2.65,1.07
2017-07-18,1.36,1.82,2.27,2.61,1.07
2017-07-19,1.37,1.83,2.27,2.61,1.11
2017-07-20,1.37,1.82,2.27,2.6,1.15
2017-07-21,1.36,1.81,2.24,2.57,1.16
2017-07-24,1.37,1.83,2.26,2.59,1.17
2017-07-25,1.4,1.9,2.33,2.67,1.18
2017-07-26,1.36,1.83,2.29,2.65,1.13
2017-07-27,1.36,1.84,2.32,2.68,1.11
2017-07-28,1.34,1.83,2.3,2.65,1.08
2017-07-31,1.34,1.84,2.3,2.66,1.07
2017-08-01,1.34,1.8,2.26,2.61,1.08
2017-08-02,1.36,1.82,2.27,2.6,1.08
2017-08-03,1.34,1.79,2.24,2.56,1.08
2017-08-04,1.36,1.82,2.27,2.61,1.08
2017-08-07,1.36,1.81,2.26,2.6,1.02
2017-08-08,1.36,1.84,2.29,2.63,1.06
2017-08-09,1.33,1.81,2.24,2.59,1.06
2017-08-10,1.33,1.78,2.2,2.55,1.05
2017-08-11,1.3,1.74,2.19,2.55,1.03
2017-08-14,1.33,1.77,2.22,2.57,1.02
2017-08-15,1.35,1.83,2.27,2.6,1.04
2017-08-16,1.33,1.79,2.23,2.58,1.02
2017-08-17,1.32,1.76,2.19,2.54,1.0
2017-08-18,1.33,1.77,2.19,2.54,1.02
2017-08-21,1.32,1.76,2.18,2.52,1.0
2017-08-22,1.33,1.8,2.22,2.55,1.0
2017-08-23,1.32,1.76,2.17,2.51,1.0
2017-08-24,1.33,1.78,2.19,2.53,1.02
2017-08-25,1.35,1.77,2.17,2.51,1.03
2017-08-28,1.33,1.74,2.16,2.51,0.98
2017-08-29,1.33,1.7,2.13,2.48,1.03
2017-08-30,1.33,1.72,2.15,2.49,1.03
2017-08-31,1.33,1.7,2.12,2.47,1.01
2017-09-01,1.35,1.73,2.16,2.51,1.02
2017-09-04,,,,,
2017-09-05,1.3,1.65,2.07,2.43,1.03
2017-09-06,1.3,1.69,2.1,2.46,1.07
2017-09-07,1.27,1.63,2.05,2.4,1.05
2017-09-08,1.27,1.64,2.06,2.41,1.04
2017-09-11,1.32,1.71,2.14,2.49,1.05
2017-09-12,1.33,1.75,2.17,2.52,1.03
2017-09-13,1.35,1.78,2.2,2.53,1.04
2017-09-14,1.37,1.79,2.2,2.52,1.05
2017-09-15,1.39,1.81,2.2,2.52,1.05
2017-09-18,1.4,1.83,2.23,2.56,1.05
2017-09-19,1.4,1.84,2.24,2.57,1.04
2017-09-20,1.45,1.89,2.28,2.59,1.04
2017-09-21,1.45,1.89,2.27,2.57,1.04
2017-09-22,1.46,1.88,2.26,2.57,1.03
2017-09-25,1.44,1.85,2.22,2.53,1.05
2017-09-26,1.45,1.87,2.24,2.54,1.06
2017-09-27,1.47,1.91,2.31,2.62,1.07
2017-09-28,1.45,1.89,2.31,2.63,1.06
2017-09-29,1.47,1.92,2.33,2.63,1.06
2017-10-02,1.49,1.94,2.34,2.64,1.01
2017-10-03,1.47,1.92,2.33,2.63,1.07
2017-10-04,1.47,1.92,2.33,2.64,1.08
2017-10-05,1.49,1.94,2.35,2.65,1.07
2017-10-06,1.54,1.97,2.37,2.68,1.07
2017-10-09,,,,,
2017-10-10,1.51,1.95,2.35,2.65,1.08
2017-10-11,1.51,1.95,2.35,2.64,1.1
2017-10-12,1.51,1.95,2.33,2.62,1.09
2017-10-13,1.51,1.91,2.28,2.58,1.09
2017-10-16,1.54,1.95,2.3,2.58,1.1
2017-10-17,1.54,1.97,2.3,2.58,1.09
2017-10-18,1.59,1.99,2.34,2.62,1.09
2017-10-19,1.58,1.98,2.33,2.6,1.1
2017-10-20,1.6,2.03,2.39,2.67,1.11
2017-10-23,1.58,2.01,2.38,2.66,1.09
2017-10-24,1.6,2.05,2.42,2.7,1.12
2017-10-25,1.61,2.06,2.44,2.72,1.12
2017-10-26,1.63,2.07,2.46,2.74,1.11
2017-10-27,1.59,2.03,2.42,2.71,1.1
2017-10-30,1.58,2.0,2.37,2.66,1.12
2017-10-31,1.6,2.01,2.38,2.66,1.15
2017-11-01,1.61,2.01,2.37,2.63,1.18
2017-11-02,1.61,2.0,2.35,2.61,1.17
2017-11-03,1.63,1.99,2.34,2.59,1.18
2017-11-06,1.61,1.99,2.32,2.58,1.19
2017-11-07,1.63,1.99,2.32,2.56,1.22
2017-11-08,1.65,2.01,2.32,2.57,1.23
2017-11-09,1.63,2.01,2.33,2.59,1.24
2017-11-10,1.67,2.06,2.4,2.67,1.23
2017-11-13,1.7,2.08,2.4,2.67,1.24
2017-11-14,1.68,2.06,2.38,2.64,1.26
2017-11-15,1.68,2.04,2.33,2.58,1.25
2017-11-16,1.72,2.07,2.37,2.62,1.27
2017-11-17,1.73,2.06,2.35,2.59,1.29
2017-11-20,1.77,2.09,2.37,2.6,1.3
2017-11-21,1.77,2.11,2.36,2.58,1.3
2017-11-22,1.74,2.05,2.32,2.57,1.29
2017-11-23,,,,,
2017-11-24,1.75,2.07,2.34,2.58,1.29
2017-11-27,1.74,2.06,2.32,2.57,1.27
2017-11-28,1.75,2.07,2.34,2.58,1.3
2017-11-29,1.78,2.09,2.37,2.62,1.29
2017-11-30,1.78,2.14,2.42,2.65,1.27
2017-12-01,1.78,2.13,2.37,2.58,1.27
2017-12-04,1.8,2.15,2.37,2.58,1.29
2017-12-05,1.83,2.15,2.36,2.55,1.3
2017-12-06,1.78,2.11,2.33,2.53,1.3
2017-12-07,1.8,2.14,2.37,2.58,1.29
2017-12-08,1.8,2.14,2.38,2.59,1.28
2017-12-11,1.82,2.16,2.39,2.59,1.33
2017-12-12,1.83,2.18,2.4,2.6,1.34
2017-12-13,1.79,2.12,2.36,2.56,1.3
2017-12-14,1.82,2.14,2.35,2.53,1.32
2017-12-15,1.84,2.16,2.35,2.52,1.31
2017-12-18,1.84,2.17,2.39,2.57,1.38
2017-12-19,1.87,2.23,2.46,2.66,1.37
2017-12-20,1.87,2.24,2.49,2.71,1.38
2017-12-21,1.89,2.26,2.48,2.68,1.35
2017-12-22,1.91,2.26,2.48,2.68,1.33
2017-12-25,,,,,
2017-12-26,1.92,2.25,2.47,2.66,1.47
2017-12-27,1.89,2.22,2.42,2.59,1.44
2017-12-28,1.91,2.23,2.43,2.6,1.39
2017-12-29,1.89,2.2,2.4,2.58,1.39
2018-01-01,,,,,
2018-01-02,1.92,2.25,2.46,2.64,1.44
2018-01-03,1.94,2.25,2.44,2.62,1.41
2018-01-04,1.96,2.27,2.46,2.62,1.41
2018-01-05,1.96,2.29,2.47,2.64,1.39
2018-01-08,1.96,2.29,2.49,2.65,1.45
2018-01-09,1.98,2.33,2.55,2.72,1.44
2018-01-10,1.98,2.32,2.55,2.73,1.42
2018-01-11,1.98,2.32,2.54,2.72,1.43
2018-01-12,1.99,2.35,2.55,2.71,1.43
2018-01-15,,,,,
2018-01-16,2.03,2.36,2.54,2.69,1.45
2018-01-17,2.05,2.39,2.57,2.71,1.44
2018-01-18,2.05,2.43,2.62,2.77,1.45
2018-01-19,2.06,2.45,2.64,2.78,1.44
2018-01-22,2.08,2.46,2.66,2.79,1.44
2018-01-23,2.06,2.43,2.63,2.77,1.44
2018-01-24,2.08,2.43,2.65,2.8,1.43
2018-01-25,2.08,2.41,2.63,2.76,1.42
2018-01-26,2.13,2.47,2.66,2.79,1.41
2018-01-29,2.11,2.49,2.7,2.82,1.44
2018-01-30,2.13,2.51,2.73,2.86,1.44
2018-01-31,2.14,2.52,2.72,2.83,1.46
2018-02-01,2.16,2.56,2.78,2.9,1.48
2018-02-02,2.15,2.58,2.84,2.97,1.48
2018-02-05,2.08,2.5,2.77,2.92,1.51
2018-02-06,2.1,2.52,2.79,2.94,1.52
2018-02-07,2.15,2.57,2.84,3.01,1.55
2018-02-08,2.13,2.57,2.85,3.03,1.55
2018-02-09,2.05,2.52,2.83,3.02,1.55
2018-02-12,2.09,2.56,2.86,3.02,1.62
2018-02-13,2.1,2.54,2.83,2.99,1.59
2018-02-14,2.17,2.65,2.91,3.07,1.58
2018-02-15,2.19,2.65,2.9,3.04,1.58
2018-02-16,2.21,2.63,2.87,3.02,1.62
2018-02-19,,,,,
2018-02-20,2.25,2.65,2.88,3.04,1.66
2018-02-21,2.26,2.69,2.94,3.11,1.64
2018-02-22,2.25,2.66,2.92,3.09,1.63
2018-02-23,2.25,2.62,2.88,3.04,1.64
2018-02-26,2.22,2.6,2.86,3.03,1.66
2018-02-27,2.27,2.67,2.9,3.06,1.66
2018-02-28,2.25,2.65,2.87,3.02,1.65
2018-03-01,2.22,2.58,2.81,2.97,1.63
2018-03-02,2.25,2.63,2.86,3.02,1.65
2018-03-05,2.24,2.65,2.88,3.04,1.7
2018-03-06,2.25,2.65,2.88,3.03,1.68
2018-03-07,2.25,2.65,2.89,3.04,1.68
2018-03-08,2.25,2.63,2.86,3.01,1.67
2018-03-09,2.27,2.65,2.9,3.04,1.67
2018-03-12,2.27,2.64,2.87,3.0,1.71
2018-03-13,2.26,2.62,2.84,2.98,1.73
2018-03-14,2.26,2.61,2.81,2.94,1.76
2018-03-15,2.29,2.62,2.82,2.94,1.77
2018-03-16,2.31,2.65,2.85,2.96,1.78
2018-03-19,2.31,2.65,2.85,2.97,1.8
2018-03-20,2.34,2.69,2.89,3.01,1.81
2018-03-21,2.31,2.69,2.89,3.01,1.74
2018-03-22,2.29,2.63,2.83,2.94,1.72
2018-03-23,2.28,2.61,2.82,2.94,1.74
2018-03-26,2.33,2.64,2.85,2.96,1.79
2018-03-27,2.26,2.58,2.78,2.9,1.77
2018-03-28,2.28,2.59,2.77,2.89,1.73
2018-03-29,2.27,2.56,2.74,2.85,1.73
2018-03-30,,,,,
2018-04-02,2.25,2.55,2.73,2.85,1.77
2018-04-03,2.28,2.6,2.79,2.9,1.75
2018-04-04,2.28,2.61,2.79,2.91,1.71
2018-04-05,2.3,2.64,2.83,2.95,1.72
2018-04-06,2.27,2.58,2.77,2.89,1.73
2018-04-09,2.29,2.6,2.78,2.89,1.76
2018-04-10,2.32,2.62,2.8,2.89,1.74
2018-04-11,2.32,2.62,2.79,2.87,1.73
2018-04-12,2.34,2.67,2.83,2.92,1.75
2018-04-13,2.37,2.67,2.82,2.91,1.76
2018-04-16,2.39,2.69,2.83,2.91,1.79
2018-04-17,2.41,2.68,2.82,2.89,1.8
2018-04-18,2.42,2.73,2.87,2.95,1.81
2018-04-19,2.44,2.77,2.92,3.01,1.82
2018-04-20,2.46,2.8,2.96,3.04,1.81
2018-04-23,2.49,2.83,2.98,3.05,1.87
2018-04-24,2.48,2.83,3.0,3.08,1.87
2018-04-25,2.49,2.84,3.03,3.12,1.85
2018-04-26,2.49,2.82,3.0,3.08,1.82
2018-04-27,2.49,2.8,2.96,3.03,1.82
2018-04-30,2.49,2.79,2.95,3.01,1.87
2018-05-01,2.5,2.82,2.97,3.03,1.85
2018-05-02,2.49,2.8,2.97,3.04,1.84
2018-05-03,2.49,2.78,2.94,3.02,1.84
2018-05-04,2.51,2.78,2.95,3.02,1.84
2018-05-07,2.49,2.78,2.95,3.02,1.86
2018-05-08,2.51,2.81,2.97,3.04,1.87
2018-05-09,2.54,2.84,3.0,3.07,1.88
2018-05-10,2.54,2.83,2.97,3.04,1.9
2018-05-11,2.54,2.84,2.97,3.03,1.92
2018-05-14,2.55,2.85,3.0,3.06,1.93
2018-05-15,2.58,2.92,3.08,3.14,1.92
2018-05-16,2.58,2.94,3.09,3.16,1.92
2018-05-17,2.57,2.94,3.11,3.19,1.92
2018-05-18,2.55,2.9,3.06,3.14,1.91
2018-05-21,2.58,2.9,3.06,3.13,1.93
2018-05-22,2.59,2.9,3.06,3.14,1.93
2018-05-23,2.53,2.83,3.01,3.09,1.92
2018-05-24,2.5,2.82,2.98,3.06,1.91
2018-05-25,2.48,2.76,2.93,3.01,1.9
2018-05-28,,,,,
2018-05-29,2.32,2.58,2.77,2.87,1.93
2018-05-30,2.42,2.67,2.84,2.93,1.94
2018-05-31,2.4,2.68,2.83,2.91,1.93
2018-06-01,2.47,2.74,2.89,2.96,1.92
2018-06-04,2.52,2.78,2.94,3.0,1.94
2018-06-05,2.49,2.76,2.92,2.99,1.94
2018-06-06,2.52,2.81,2.97,3.05,1.95
2018-06-07,2.5,2.77,2.93,3.0,1.94
2018-06-08,2.5,2.77,2.93,3.0,1.93
2018-06-11,2.52,2.8,2.96,3.02,1.94
2018-06-12,2.54,2.81,2.96,3.02,1.92
2018-06-13,2.59,2.85,2.98,3.04,1.94
2018-06-14,2.59,2.81,2.94,2.99,1.94
2018-06-15,2.55,2.81,2.93,2.98,1.94
2018-06-18,2.56,2.8,2.92,2.98,1.94
2018-06-19,2.54,2.77,2.89,2.95,1.94
2018-06-20,2.56,2.8,2.93,2.99,1.94
2018-06-21,2.56,2.77,2.9,2.97,1.94
2018-06-22,2.56,2.77,2.9,2.97,1.93
2018-06-25,2.54,2.75,2.87,2.95,1.93
2018-06-26,2.53,2.75,2.88,2.95,1.93
2018-06-27,2.52,2.71,2.83,2.9,1.93
2018-06-28,2.52,2.73,2.84,2.91,1.93
2018-06-29,2.52,2.73,2.85,2.91,1.93
2018-07-02,2.57,2.75,2.87,2.92,1.98
2018-07-03,2.53,2.72,2.83,2.89,1.98
2018-07-04,,,,,
2018-07-05,2.55,2.74,2.84,2.88,1.96
2018-07-06,2.53,2.71,2.82,2.87,1.97
2018-07-09,2.57,2.75,2.86,2.9,1.98
2018-07-10,2.59,2.77,2.87,2.91,1.99
2018-07-11,2.58,2.74,2.85,2.89,1.97
2018-07-12,2.6,2.75,2.85,2.89,1.98
2018-07-13,2.59,2.73,2.83,2.87,1.98
2018-07-16,2.59,2.75,2.85,2.9,2.01
2018-07-17,2.62,2.76,2.86,2.91,2.02
2018-07-18,2.6,2.77,2.88,2.93,2.0
2018-07-19,2.6,2.74,2.84,2.9,2.0
2018-07-20,2.6,2.77,2.89,2.96,1.99
2018-07-23,2.64,2.83,2.96,3.04,1.99
2018-07-24,2.63,2.83,2.95,3.02,2.02
2018-07-25,2.66,2.82,2.94,3.0,2.01
2018-07-26,2.69,2.86,2.98,3.05,1.99
2018-07-27,2.67,2.84,2.96,3.03,2.0
2018-07-30,2.66,2.85,2.98,3.05,2.04
2018-07-31,2.67,2.85,2.96,3.03,2.03
2018-08-01,2.67,2.87,3.0,3.07,2.03
2018-08-02,2.66,2.85,2.98,3.06,2.02
2018-08-03,2.63,2.82,2.95,3.03,2.01
2018-08-06,2.64,2.8,2.94,3.02,2.05
2018-08-07,2.68,2.84,2.98,3.06,2.06
2018-08-08,2.68,2.83,2.96,3.05,2.06
2018-08-09,2.64,2.8,2.93,3.01,2.06
2018-08-10,2.61,2.75,2.87,2.96,2.05
2018-08-13,2.61,2.75,2.88,2.97,2.06
2018-08-14,2.63,2.77,2.89,2.98,2.08
2018-08-15,2.61,2.73,2.86,2.95,2.07
2018-08-16,2.63,2.75,2.87,2.95,2.07
2018-08-17,2.61,2.75,2.87,2.95,2.05
2018-08-20,2.6,2.7,2.82,2.91,2.06
2018-08-21,2.61,2.73,2.85,2.93,2.08
2018-08-22,2.6,2.7,2.82,2.91,2.09
2018-08-23,2.61,2.72,2.82,2.9,2.08
2018-08-24,2.63,2.72,2.82,2.89,2.09
2018-08-27,2.67,2.74,2.85,2.92,2.12
2018-08-28,2.67,2.77,2.88,2.96,2.13
2018-08-29,2.67,2.78,2.89,2.96,2.13
2018-08-30,2.64,2.75,2.86,2.93,2.11
2018-08-31,2.62,2.74,2.86,2.95,2.11
2018-09-03,,,,,
2018-09-04,2.66,2.78,2.9,2.99,2.13
2018-09-05,2.66,2.77,2.9,3.0,2.14
2018-09-06,2.64,2.76,2.88,2.98,2.13
2018-09-07,2.71,2.82,2.94,3.03,2.14
2018-09-10,2.73,2.83,2.94,3.02,2.14
2018-09-11,2.76,2.87,2.98,3.06,2.15
2018-09-12,2.74,2.87,2.97,3.04,2.16
2018-09-13,2.76,2.87,2.97,3.04,2.15
2018-09-14,2.78,2.9,2.99,3.07,2.16
2018-09-17,2.78,2.89,2.99,3.07,2.16
2018-09-18,2.81,2.94,3.05,3.14,2.17
2018-09-19,2.81,2.96,3.08,3.16,2.16
2018-09-20,2.81,2.96,3.07,3.15,2.17
2018-09-21,2.81,2.95,3.07,3.14,2.18
2018-09-24,2.83,2.96,3.08,3.15,2.22
2018-09-25,2.83,2.99,3.1,3.17,2.21
2018-09-26,2.83,2.96,3.06,3.14,2.2
2018-09-27,2.83,2.96,3.06,3.13,2.18
2018-09-28,2.81,2.94,3.05,3.13,2.19
2018-10-01,2.82,2.96,3.09,3.18,2.23
2018-10-02,2.82,2.94,3.05,3.14,2.23
2018-10-03,2.85,3.02,3.15,3.24,2.23
2018-10-04,2.87,3.05,3.19,3.29,2.22
2018-10-05,2.88,3.07,3.23,3.34,2.23
2018-10-08,,,,,
2018-10-09,2.88,3.05,3.21,3.3,2.25
2018-10-10,2.88,3.05,3.22,3.33,2.27
2018-10-11,2.85,3.0,3.14,3.25,2.27
2018-10-12,2.85,3.0,3.15,3.25,2.28
2018-10-15,2.85,3.01,3.16,3.27,2.31
2018-10-16,2.87,3.02,3.16,3.26,2.3
2018-10-17,2.89,3.04,3.19,3.29,2.31
2018-10-18,2.87,3.03,3.17,3.28,2.32
2018-10-19,2.92,3.05,3.2,3.31,2.31
2018-10-22,2.92,3.05,3.2,3.31,2.34
2018-10-23,2.89,3.01,3.17,3.29,2.33
2018-10-24,2.84,2.94,3.1,3.24,2.34
2018-10-25,2.86,2.98,3.14,3.27,2.34
2018-10-26,2.81,2.91,3.08,3.23,2.33
2018-10-29,2.81,2.91,3.08,3.23,2.34
2018-10-30,2.84,2.94,3.12,3.26,2.33
2018-10-31,2.87,2.98,3.15,3.3,2.34
2018-11-01,2.84,2.96,3.14,3.29,2.32
2018-11-02,2.91,3.04,3.22,3.37,2.33
2018-11-05,2.91,3.03,3.2,3.34,2.36
2018-11-06,2.93,3.05,3.22,3.35,2.35
2018-11-07,2.96,3.07,3.22,3.35,2.37
2018-11-08,2.98,3.09,3.24,3.36,2.35
2018-11-09,2.94,3.05,3.19,3.32,2.36
2018-11-12,,,,,
2018-11-13,2.89,2.99,3.14,3.28,2.38
2018-11-14,2.86,2.95,3.12,3.26,2.38
2018-11-15,2.86,2.94,3.11,3.27,2.37
2018-11-16,2.81,2.9,3.08,3.23,2.36
2018-11-19,2.79,2.87,3.06,3.22,2.38
2018-11-20,2.79,2.88,3.06,3.22,2.39
2018-11-21,2.81,2.89,3.06,3.22,2.41
2018-11-22,,,,,
2018-11-23,2.81,2.88,3.05,3.21,2.41
2018-11-26,2.84,2.9,3.07,3.22,2.41
2018-11-27,2.83,2.89,3.06,3.22,2.41
2018-11-28,2.81,2.87,3.06,3.23,2.4
2018-11-29,2.81,2.85,3.03,3.21,2.37
2018-11-30,2.8,2.84,3.01,3.19,2.37
2018-12-03,2.83,2.83,2.98,3.15,2.38
2018-12-04,2.8,2.79,2.91,3.05,2.42
2018-12-05,,,,,
2018-12-06,2.75,2.75,2.87,3.01,2.41
2018-12-07,2.72,2.7,2.85,3.01,2.4
2018-12-10,2.72,2.71,2.85,3.0,2.41
2018-12-11,2.78,2.75,2.89,3.02,2.41
2018-12-12,2.77,2.77,2.91,3.04,2.43
2018-12-13,2.75,2.75,2.91,3.05,2.43
2018-12-14,2.73,2.73,2.89,3.03,2.42
2018-12-17,2.7,2.69,2.86,3.0,2.4
2018-12-18,2.65,2.65,2.82,2.96,2.39
2018-12-19,2.63,2.62,2.77,2.89,2.4
2018-12-20,2.67,2.65,2.79,2.92,2.39
2018-12-21,2.63,2.64,2.79,2.92,2.39
2018-12-24,2.55,2.58,2.74,2.88,2.45
2018-12-25,,,,,
2018-12-26,2.61,2.67,2.81,2.94,2.44
2018-12-27,2.56,2.6,2.77,2.92,2.41
2018-12-28,2.52,2.56,2.72,2.89,2.4
2018-12-31,2.48,2.51,2.69,2.87,2.45
2019-01-01,,,,,
2019-01-02,2.5,2.49,2.66,2.83,2.42
2019-01-03,2.39,2.37,2.56,2.75,2.41
2019-01-04,2.5,2.49,2.67,2.83,2.42
2019-01-07,2.53,2.53,2.7,2.86,2.45
2019-01-08,2.58,2.58,2.73,2.88,2.46
2019-01-09,2.56,2.57,2.74,2.9,2.45
2019-01-10,2.56,2.56,2.74,2.92,2.43
2019-01-11,2.55,2.52,2.71,2.9,2.43
2019-01-14,2.53,2.53,2.71,2.91,2.45
2019-01-15,2.53,2.53,2.72,2.92,2.45
2019-01-16,2.55,2.54,2.73,2.92,2.43
2019-01-17,2.56,2.58,2.75,2.93,2.42
2019-01-18,2.62,2.62,2.79,2.95,2.41
2019-01-21,,,,,
2019-01-22,2.58,2.57,2.74,2.91,2.43
2019-01-23,2.58,2.59,2.76,2.93,2.41
2019-01-24,2.56,2.55,2.72,2.89,2.37
2019-01-25,2.6,2.59,2.76,2.92,2.39
2019-01-28,2.6,2.58,2.75,2.92,2.42
2019-01-29,2.56,2.55,2.72,2.9,2.42
2019-01-30,2.52,2.49,2.7,2.9,2.42
2019-01-31,2.45,2.43,2.63,2.83,2.41
2019-02-01,2.52,2.51,2.7,2.88,2.4
2019-02-04,2.53,2.53,2.73,2.92,2.42
2019-02-05,2.53,2.51,2.71,2.89,2.42
2019-02-06,2.52,2.5,2.7,2.88,2.42
2019-02-07,2.48,2.46,2.65,2.85,2.42
2019-02-08,2.45,2.44,2.63,2.82,2.43
2019-02-11,2.48,2.47,2.65,2.85,2.45
2019-02-12,2.5,2.49,2.68,2.87,2.43
2019-02-13,2.53,2.53,2.71,2.89,2.44
2019-02-14,2.5,2.48,2.66,2.85,2.43
2019-02-15,2.52,2.49,2.66,2.84,2.43
2019-02-18,,,,,
2019-02-19,2.5,2.47,2.65,2.84,2.45
2019-02-20,2.5,2.47,2.65,2.84,2.45
2019-02-21,2.53,2.51,2.69,2.89,2.45
2019-02-22,2.48,2.47,2.65,2.86,2.46
2019-02-25,2.51,2.48,2.67,2.87,2.47
2019-02-26,2.48,2.45,2.64,2.84,2.45
2019-02-27,2.5,2.49,2.69,2.91,2.45
2019-02-28,2.52,2.52,2.73,2.94,2.45
2019-03-01,2.55,2.56,2.76,2.97,2.44
2019-03-04,2.55,2.53,2.72,2.93,2.46
2019-03-05,2.55,2.53,2.72,2.93,2.46
2019-03-06,2.52,2.49,2.69,2.9,2.47
2019-03-07,2.47,2.44,2.64,2.86,2.45
2019-03-08,2.45,2.42,2.62,2.83,2.46
2019-03-11,2.47,2.44,2.64,2.86,2.46
2019-03-12,2.45,2.41,2.61,2.82,2.46
2019-03-13,2.45,2.42,2.61,2.82,2.45
2019-03-14,2.46,2.43,2.63,2.86,2.45
2019-03-15,2.43,2.4,2.59,2.83,2.45
2019-03-18,2.45,2.42,2.6,2.83,2.44
2019-03-19,2.46,2.42,2.61,2.84,2.46
2019-03-20,2.4,2.34,2.54,2.79,2.48
2019-03-21,2.41,2.34,2.54,2.78,2.49
2019-03-22,2.31,2.24,2.44,2.69,2.46
2019-03-25,2.26,2.21,2.43,2.68,2.46
2019-03-26,2.24,2.18,2.41,2.67,2.46
2019-03-27,2.22,2.18,2.39,2.63,2.44
2019-03-28,2.23,2.2,2.39,2.62,2.43
2019-03-29,2.27,2.23,2.41,2.63,2.4
2019-04-01,2.33,2.31,2.49,2.71,2.43
2019-04-02,2.3,2.28,2.48,2.7,2.42
2019-04-03,2.33,2.32,2.52,2.75,2.44
2019-04-04,2.33,2.32,2.51,2.74,2.44
2019-04-05,2.35,2.31,2.5,2.72,2.44
2019-04-08,2.36,2.33,2.52,2.74,2.43
2019-04-09,2.35,2.31,2.51,2.73,2.42
2019-04-10,2.31,2.28,2.48,2.71,2.43
2019-04-11,2.35,2.31,2.51,2.74,2.43
2019-04-12,2.4,2.38,2.56,2.78,2.44
2019-04-15,2.4,2.37,2.55,2.77,2.43
2019-04-16,2.41,2.41,2.6,2.81,2.43
2019-04-17,2.4,2.4,2.59,2.81,2.44
2019-04-18,2.38,2.38,2.57,2.78,2.42
2019-04-19,,,,,
2019-04-22,2.38,2.39,2.59,2.82,2.44
2019-04-23,2.36,2.36,2.57,2.81,2.45
2019-04-24,2.32,2.32,2.53,2.76,2.44
2019-04-25,2.33,2.33,2.54,2.76,2.43
2019-04-26,2.28,2.29,2.51,2.74,2.42
2019-04-29,2.3,2.32,2.54,2.78,2.44
2019-04-30,2.27,2.28,2.51,2.75,2.43
2019-05-01,2.31,2.31,2.52,2.74,2.43
2019-05-02,2.35,2.34,2.55,2.77,2.47
2019-05-03,2.33,2.33,2.54,2.75,2.43
2019-05-06,2.31,2.3,2.51,2.73,2.44
2019-05-07,2.28,2.25,2.45,2.68,2.43
2019-05-08,2.3,2.28,2.49,2.71,2.43
2019-05-09,2.26,2.25,2.45,2.69,2.43
2019-05-10,2.26,2.26,2.47,2.7,2.43
2019-05-13,2.18,2.18,2.4,2.65,2.41
2019-05-14,2.2,2.2,2.42,2.67,2.41
2019-05-15,2.16,2.15,2.37,2.63,2.42
2019-05-16,2.2,2.18,2.4,2.65,2.4
2019-05-17,2.2,2.17,2.39,2.63,2.39
2019-05-20,2.21,2.21,2.41,2.65,2.39
2019-05-21,2.26,2.23,2.43,2.67,2.39
2019-05-22,2.23,2.19,2.39,2.64,2.38
2019-05-23,2.12,2.11,2.31,2.56,2.37
2019-05-24,2.16,2.12,2.32,2.57,2.35
2019-05-27,,,,,
2019-05-28,2.12,2.06,2.26,2.52,2.37
2019-05-29,2.09,2.05,2.25,2.5,2.37
2019-05-30,2.06,2.03,2.22,2.46,2.38
2019-05-31,1.95,1.93,2.14,2.39,2.35
2019-06-03,1.82,1.83,2.07,2.34,2.35
2019-06-04,1.88,1.89,2.12,2.41,2.35
2019-06-05,1.83,1.86,2.12,2.42,2.35
2019-06-06,1.88,1.88,2.12,2.42,2.33
2019-06-07,1.85,1.85,2.09,2.36,2.28
2019-06-10,1.9,1.91,2.15,2.42,2.29
2019-06-11,1.93,1.92,2.15,2.42,2.27
2019-06-12,1.88,1.88,2.13,2.41,2.24
2019-06-13,1.83,1.84,2.1,2.39,2.19
2019-06-14,1.84,1.85,2.09,2.38,2.2
2019-06-17,1.86,1.85,2.09,2.37,2.23
2019-06-18,1.86,1.83,2.06,2.34,2.22
2019-06-19,1.74,1.77,2.03,2.32,2.18
2019-06-20,1.72,1.74,2.01,2.31,2.14
2019-06-21,1.77,1.8,2.07,2.37,2.11
2019-06-24,1.72,1.75,2.02,2.33,2.13
2019-06-25,1.71,1.73,2.0,2.31,2.12
2019-06-26,1.77,1.8,2.05,2.35,2.15
2019-06-27,1.74,1.76,2.01,2.31,2.14
2019-06-28,1.75,1.76,2.0,2.31,2.12
2019-07-01,1.78,1.79,2.03,2.34,2.21
2019-07-02,1.77,1.75,1.98,2.29,2.2
2019-07-03,1.77,1.74,1.96,2.25,2.21
2019-07-04,,,,,
2019-07-05,1.87,1.84,2.04,2.34,2.23
2019-07-08,1.88,1.86,2.05,2.32,2.26
2019-07-09,1.92,1.88,2.07,2.34,2.26
2019-07-10,1.82,1.82,2.07,2.36,2.2
2019-07-11,1.85,1.88,2.13,2.42,2.17
2019-07-12,1.84,1.86,2.12,2.42,2.14
2019-07-15,1.83,1.84,2.09,2.39,2.16
2019-07-16,1.87,1.88,2.13,2.42,2.15
2019-07-17,1.83,1.83,2.06,2.35,2.14
2019-07-18,1.77,1.78,2.04,2.34,2.05
2019-07-19,1.8,1.8,2.05,2.35,2.06
2019-07-22,1.8,1.8,2.05,2.36,2.09
2019-07-23,1.83,1.83,2.08,2.38,2.06
2019-07-24,1.83,1.82,2.05,2.36,2.1
2019-07-25,1.86,1.85,2.08,2.38,2.1
2019-07-26,1.86,1.85,2.08,2.38,2.12
2019-07-29,1.85,1.84,2.06,2.37,2.12
2019-07-30,1.85,1.84,2.06,2.36,2.08
2019-07-31,1.89,1.84,2.02,2.31,2.08
2019-08-01,1.73,1.68,1.9,2.21,2.07
2019-08-02,1.72,1.66,1.86,2.16,2.06
2019-08-05,1.59,1.55,1.75,2.07,2.05
2019-08-06,1.6,1.53,1.73,2.03,2.05
2019-08-07,1.59,1.52,1.71,2.01,2.02
2019-08-08,1.62,1.54,1.72,2.02,2.02
2019-08-09,1.63,1.57,1.74,2.03,2.0
2019-08-12,1.58,1.49,1.65,1.92,2.0
2019-08-13,1.66,1.57,1.68,1.94,2.0
2019-08-14,1.58,1.51,1.59,1.84,1.96
2019-08-15,1.48,1.42,1.52,1.8,1.91
2019-08-16,1.48,1.42,1.55,1.82,1.87
2019-08-19,1.53,1.47,1.6,1.88,1.94
2019-08-20,1.5,1.42,1.55,1.84,1.94
2019-08-21,1.56,1.47,1.59,1.87,1.97
2019-08-22,1.61,1.5,1.62,1.9,2.0
2019-08-23,1.51,1.4,1.52,1.82,1.97
2019-08-26,1.54,1.43,1.54,1.84,2.01
2019-08-27,1.53,1.4,1.49,1.77,1.98
2019-08-28,1.5,1.37,1.47,1.76,1.99
2019-08-29,1.53,1.4,1.5,1.78,1.99
2019-08-30,1.5,1.39,1.5,1.78,1.99
2019-09-02,,,,,
2019-09-03,1.47,1.35,1.47,1.77,1.98
2019-09-04,1.43,1.32,1.47,1.77,1.97
2019-09-05,1.55,1.43,1.57,1.86,1.97
2019-09-06,1.53,1.42,1.55,1.83,1.96
2019-09-09,1.58,1.49,1.63,1.91,1.96
2019-09-10,1.67,1.58,1.72,2.0,1.95
2019-09-11,1.68,1.6,1.75,2.02,1.96
2019-09-12,1.72,1.65,1.79,2.06,1.95
2019-09-13,1.79,1.75,1.9,2.17,1.96
2019-09-16,1.74,1.69,1.84,2.11,1.99
2019-09-17,1.72,1.66,1.81,2.08,1.99
2019-09-18,1.77,1.68,1.8,2.06,1.95
2019-09-19,1.74,1.66,1.79,2.04,1.93
2019-09-20,1.69,1.61,1.74,1.99,1.91
2019-09-23,1.68,1.59,1.72,1.98,1.94
2019-09-24,1.6,1.52,1.64,1.91,1.92
2019-09-25,1.68,1.6,1.73,1.99,1.89
2019-09-26,1.66,1.59,1.7,1.96,1.83
2019-09-27,1.63,1.56,1.69,1.95,1.8
2019-09-30,1.63,1.55,1.68,1.94,1.88
2019-10-01,1.56,1.51,1.65,1.93,1.82
2019-10-02,1.48,1.43,1.6,1.9,1.79
2019-10-03,1.39,1.34,1.54,1.85,1.7
2019-10-04,1.4,1.34,1.52,1.81,1.71
2019-10-07,1.46,1.38,1.56,1.85,1.75
2019-10-08,1.42,1.36,1.54,1.84,1.72
2019-10-09,1.47,1.4,1.59,1.88,1.69
2019-10-10,1.53,1.48,1.67,1.96,1.68
2019-10-11,1.63,1.59,1.76,2.04,1.68
2019-10-14,,,,,
2019-10-15,1.61,1.59,1.77,2.06,1.67
2019-10-16,1.58,1.57,1.75,2.05,1.66
2019-10-17,1.6,1.57,1.76,2.05,1.66
2019-10-18,1.58,1.56,1.76,2.06,1.66
2019-10-21,1.62,1.61,1.8,2.1,1.67
2019-10-22,1.6,1.6,1.78,2.07,1.65
2019-10-23,1.58,1.58,1.77,2.06,1.65
2019-10-24,1.58,1.58,1.77,2.08,1.67
2019-10-25,1.63,1.62,1.8,2.1,1.66
2019-10-28,1.64,1.66,1.85,2.16,1.65
2019-10-29,1.64,1.66,1.84,2.15,1.63
2019-10-30,1.61,1.61,1.78,2.08,1.62
2019-10-31,1.52,1.51,1.69,2.0,1.54
2019-11-01,1.56,1.55,1.73,2.03,1.52
2019-11-04,1.6,1.6,1.79,2.1,1.53
2019-11-05,1.63,1.66,1.86,2.17,1.56
2019-11-06,1.61,1.63,1.81,2.13,1.56
2019-11-07,1.68,1.74,1.92,2.24,1.56
2019-11-08,1.68,1.74,1.94,2.27,1.55
2019-11-11,,,,,
2019-11-12,1.66,1.73,1.92,2.24,1.59
2019-11-13,1.63,1.69,1.88,2.2,1.57
2019-11-14,1.58,1.63,1.82,2.15,1.57
2019-11-15,1.61,1.65,1.84,2.16,1.57
2019-11-18,1.6,1.63,1.81,2.14,1.57
2019-11-19,1.6,1.63,1.79,2.11,1.57
2019-11-20,1.56,1.58,1.73,2.05,1.57
2019-11-21,1.6,1.62,1.77,2.09,1.58
2019-11-22,1.61,1.62,1.77,2.08,1.58
2019-11-25,1.61,1.62,1.76,2.07,1.61
2019-11-26,1.58,1.58,1.74,2.04,1.6
2019-11-27,1.63,1.63,1.77,2.06,1.62
2019-11-28,,,,,
2019-11-29,1.61,1.62,1.78,2.07,1.59
2019-12-02,1.61,1.65,1.83,2.15,1.6
2019-12-03,1.53,1.54,1.72,2.03,1.57
2019-12-04,1.58,1.6,1.77,2.08,1.55
2019-12-05,1.58,1.62,1.8,2.11,1.54
2019-12-06,1.61,1.67,1.84,2.14,1.53
2019-12-09,1.63,1.67,1.83,2.13,1.54
2019-12-10,1.65,1.68,1.85,2.12,1.56
2019-12-11,1.61,1.64,1.79,2.08,1.57
2019-12-12,1.66,1.73,1.9,2.18,1.56
2019-12-13,1.61,1.66,1.82,2.11,1.57
2019-12-16,1.65,1.72,1.89,2.17,1.57
2019-12-17,1.63,1.71,1.89,2.18,1.56
2019-12-18,1.63,1.74,1.92,2.22,1.56
2019-12-19,1.62,1.73,1.92,2.21,1.57
2019-12-20,1.63,1.73,1.92,2.21,1.58
2019-12-23,1.64,1.75,1.93,2.22,1.59
2019-12-24,1.62,1.72,1.9,2.2,1.58
2019-12-25,,,,,
2019-12-26,1.64,1.72,1.9,2.19,1.58
2019-12-27,1.59,1.68,1.88,2.18,1.57
2019-12-30,1.58,1.68,1.9,2.21,1.57
2019-12-31,1.58,1.69,1.92,2.25,1.55
2020-01-01,,,,,
2020-01-02,1.58,1.67,1.88,2.19,1.54
2020-01-03,1.53,1.59,1.8,2.11,1.52
2020-01-06,1.54,1.61,1.81,2.13,1.56
2020-01-07,1.54,1.62,1.83,2.16,1.54
2020-01-08,1.58,1.67,1.87,2.21,1.54
2020-01-09,1.58,1.65,1.85,2.17,1.54
2020-01-10,1.56,1.63,1.83,2.14,1.54
2020-01-13,1.58,1.65,1.85,2.16,1.57
2020-01-14,1.58,1.63,1.82,2.12,1.57
2020-01-15,1.56,1.6,1.79,2.09,1.57
2020-01-16,1.58,1.63,1.81,2.11,1.55
2020-01-17,1.58,1.63,1.84,2.16,1.56
2020-01-20,,,,,
2020-01-21,1.53,1.57,1.78,2.1,1.56
2020-01-22,1.53,1.57,1.77,2.07,1.55
2020-01-23,1.51,1.55,1.74,2.03,1.55
2020-01-24,1.49,1.51,1.7,2.0,1.54
2020-01-27,1.44,1.44,1.61,1.91,1.55
2020-01-28,1.45,1.47,1.65,1.95,1.57
2020-01-29,1.42,1.41,1.6,1.89,1.56
2020-01-30,1.41,1.39,1.57,1.88,1.57
2020-01-31,1.33,1.32,1.51,1.83,1.55
2020-02-03,1.36,1.35,1.54,1.84,1.57
2020-02-04,1.41,1.42,1.61,1.91,1.57
2020-02-05,1.44,1.46,1.66,1.97,1.57
2020-02-06,1.44,1.45,1.65,1.94,1.57
2020-02-07,1.41,1.41,1.59,1.89,1.56
2020-02-10,1.37,1.38,1.56,1.87,1.58
2020-02-11,1.41,1.4,1.59,1.89,1.57
2020-02-12,1.44,1.45,1.62,1.93,1.58
2020-02-13,1.44,1.43,1.61,1.91,1.59
2020-02-14,1.42,1.42,1.59,1.89,1.58
2020-02-17,,,,,
2020-02-18,1.41,1.39,1.55,1.85,1.58
2020-02-19,1.42,1.41,1.56,1.86,1.58
2020-02-20,1.39,1.37,1.52,1.81,1.58
2020-02-21,1.34,1.3,1.46,1.75,1.56
2020-02-24,1.26,1.21,1.38,1.68,1.53
2020-02-25,1.2,1.16,1.33,1.63,1.53
2020-02-26,1.16,1.14,1.33,1.64,1.53
2020-02-27,1.11,1.11,1.3,1.61,1.45
2020-02-28,0.86,0.89,1.13,1.46,1.27
2020-03-02,0.84,0.88,1.1,1.46,1.13
2020-03-03,0.71,0.77,1.02,1.44,0.95
2020-03-04,0.67,0.75,1.02,1.45,0.72
2020-03-05,0.59,0.67,0.92,1.34,0.62
2020-03-06,0.49,0.58,0.74,1.09,0.45
2020-03-09,0.38,0.46,0.54,0.87,0.33
2020-03-10,0.5,0.63,0.76,1.16,0.44
2020-03-11,0.5,0.66,0.82,1.13,0.42
2020-03-12,0.5,0.66,0.88,1.27,0.33
2020-03-13,0.49,0.7,0.94,1.31,0.28
2020-03-16,0.36,0.49,0.73,1.1,0.24
2020-03-17,0.47,0.66,1.02,1.45,0.19
2020-03-18,0.54,0.79,1.18,1.6,0.02
2020-03-19,0.44,0.66,1.12,1.56,0.04
2020-03-20,0.37,0.52,0.92,1.35,0.05
2020-03-23,0.28,0.38,0.76,1.12,0.02
2020-03-24,0.38,0.52,0.84,1.19,0.01
2020-03-25,0.34,0.56,0.88,1.23,0.0
2020-03-26,0.3,0.51,0.83,1.2,0.0
2020-03-27,0.25,0.41,0.72,1.09,0.03
2020-03-30,0.23,0.39,0.7,1.1,0.12
2020-03-31,0.23,0.37,0.7,1.15,0.11
2020-04-01,0.23,0.37,0.62,1.04,0.09
2020-04-02,0.23,0.39,0.63,1.04,0.09
2020-04-03,0.23,0.39,0.62,1.05,0.1
2020-04-06,0.27,0.44,0.67,1.08,0.15
2020-04-07,0.28,0.48,0.75,1.13,0.14
2020-04-08,0.27,0.47,0.77,1.18,0.22
2020-04-09,0.23,0.41,0.73,1.15,0.25
2020-04-10,,,,,
2020-04-13,0.25,0.44,0.76,1.19,0.26
2020-04-14,0.23,0.42,0.76,1.19,0.2
2020-04-15,0.2,0.34,0.63,1.06,0.14
2020-04-16,0.2,0.35,0.61,1.01,0.14
2020-04-17,0.2,0.36,0.65,1.08,0.12
2020-04-20,0.2,0.35,0.63,1.04,0.12
2020-04-21,0.2,0.34,0.58,0.98,0.11
2020-04-22,0.22,0.37,0.63,1.03,0.12
2020-04-23,0.22,0.37,0.61,0.99,0.11
2020-04-24,0.22,0.36,0.6,0.98,0.12
2020-04-27,0.24,0.41,0.67,1.06,0.12
2020-04-28,0.2,0.37,0.62,1.0,0.11
2020-04-29,0.2,0.36,0.63,1.02,0.1
2020-04-30,0.2,0.36,0.64,1.05,0.09
2020-05-01,0.2,0.36,0.64,1.04,0.12
2020-05-04,0.19,0.36,0.64,1.05,0.13
2020-05-05,0.19,0.36,0.66,1.07,0.13
2020-05-06,0.17,0.37,0.72,1.16,0.12
2020-05-07,0.13,0.29,0.63,1.05,0.11
2020-05-08,0.16,0.33,0.69,1.12,0.12
2020-05-11,0.17,0.36,0.73,1.16,0.12
2020-05-12,0.17,0.34,0.69,1.11,0.13
2020-05-13,0.16,0.31,0.64,1.07,0.13
2020-05-14,0.16,0.31,0.63,1.03,0.12
2020-05-15,0.16,0.31,0.64,1.05,0.12
2020-05-18,0.18,0.38,0.73,1.17,0.13
2020-05-19,0.17,0.35,0.7,1.15,0.13
2020-05-20,0.16,0.34,0.68,1.19,0.12
2020-05-21,0.17,0.35,0.68,1.16,0.12
2020-05-22,0.17,0.34,0.66,1.12,0.12
2020-05-25,,,,,
2020-05-26,0.18,0.35,0.69,1.19,0.14
2020-05-27,0.19,0.34,0.68,1.19,0.15
2020-05-28,0.17,0.34,0.7,1.23,0.15
2020-05-29,0.16,0.3,0.65,1.18,0.14
2020-06-01,0.14,0.31,0.66,1.22,0.14
2020-06-02,0.17,0.32,0.68,1.24,0.15
2020-06-03,0.19,0.38,0.77,1.32,0.16
2020-06-04,0.19,0.4,0.82,1.38,0.15
2020-06-05,0.22,0.47,0.91,1.46,0.15
2020-06-08,0.22,0.45,0.88,1.43,0.17
2020-06-09,0.2,0.4,0.84,1.37,0.19
2020-06-10,0.17,0.33,0.75,1.31,0.17
2020-06-11,0.19,0.32,0.66,1.19,0.17
2020-06-12,0.19,0.33,0.71,1.24,0.16
2020-06-15,0.19,0.33,0.71,1.24,0.18
2020-06-16,0.21,0.34,0.75,1.31,0.17
2020-06-17,0.19,0.34,0.74,1.3,0.17
2020-06-18,0.19,0.34,0.71,1.24,0.16
2020-06-19,0.19,0.33,0.7,1.23,0.15
2020-06-22,0.19,0.34,0.71,1.23,0.16
2020-06-23,0.18,0.33,0.72,1.25,0.16
2020-06-24,0.19,0.33,0.69,1.21,0.15
2020-06-25,0.17,0.32,0.68,1.2,0.16
2020-06-26,0.17,0.3,0.64,1.15,0.14
2020-06-29,0.16,0.28,0.64,1.16,0.14
2020-06-30,0.16,0.29,0.66,1.18,0.16
2020-07-01,0.17,0.31,0.69,1.2,0.14
2020-07-02,0.16,0.29,0.68,1.2,0.14
2020-07-03,,,,,
2020-07-06,0.16,0.31,0.69,1.21,0.15
2020-07-07,0.16,0.29,0.65,1.15,0.15
2020-07-08,0.16,0.3,0.67,1.16,0.15
2020-07-09,0.16,0.28,0.62,1.09,0.13
2020-07-10,0.16,0.3,0.65,1.12,0.13
2020-07-13,0.16,0.3,0.64,1.11,0.14
2020-07-14,0.14,0.28,0.63,1.09,0.15
2020-07-15,0.16,0.28,0.64,1.11,0.16
2020-07-16,0.16,0.28,0.62,1.09,0.11
2020-07-17,0.14,0.29,0.64,1.11,0.11
2020-07-20,0.16,0.29,0.62,1.1,0.13
2020-07-21,0.14,0.27,0.61,1.09,0.13
2020-07-22,0.14,0.27,0.6,1.08,0.13
2020-07-23,0.16,0.27,0.59,1.03,0.12
2020-07-24,0.14,0.27,0.59,1.03,0.11
2020-07-27,0.15,0.3,0.62,1.05,0.11
2020-07-28,0.14,0.26,0.59,1.01,0.11
2020-07-29,0.12,0.25,0.58,1.03,0.11
2020-07-30,0.11,0.23,0.55,0.98,0.09
2020-07-31,0.11,0.21,0.55,0.98,0.09
2020-08-03,0.11,0.22,0.56,1.01,0.1
2020-08-04,0.11,0.19,0.52,0.96,0.09
2020-08-05,0.11,0.22,0.55,1.0,0.1
2020-08-06,0.11,0.21,0.55,0.98,0.1
2020-08-07,0.13,0.23,0.57,1.01,0.1
2020-08-10,0.14,0.24,0.59,1.04,0.11
2020-08-11,0.16,0.27,0.64,1.1,0.11
2020-08-12,0.16,0.3,0.69,1.15,0.11
2020-08-13,0.16,0.32,0.71,1.2,0.1
2020-08-14,0.14,0.29,0.71,1.21,0.1
2020-08-17,0.14,0.29,0.69,1.19,0.1
2020-08-18,0.14,0.27,0.67,1.16,0.09
2020-08-19,0.14,0.29,0.68,1.2,0.11
2020-08-20,0.13,0.26,0.65,1.15,0.11
2020-08-21,0.16,0.27,0.64,1.13,0.1
2020-08-24,0.14,0.28,0.65,1.14,0.12
2020-08-25,0.15,0.3,0.69,1.18,0.11
2020-08-26,0.16,0.28,0.69,1.2,0.11
2020-08-27,0.16,0.31,0.74,1.28,0.11
2020-08-28,0.14,0.28,0.74,1.29,0.1
2020-08-31,0.14,0.28,0.72,1.26,0.11
2020-09-01,0.13,0.26,0.68,1.2,0.12
2020-09-02,0.14,0.26,0.66,1.16,0.12
2020-09-03,0.13,0.24,0.63,1.13,0.11
2020-09-04,0.14,0.3,0.72,1.25,0.11
2020-09-07,,,,,
2020-09-08,0.14,0.28,0.69,1.22,0.13
2020-09-09,0.14,0.28,0.71,1.25,0.12
2020-09-10,0.14,0.26,0.68,1.22,0.12
2020-09-11,0.13,0.26,0.67,1.21,0.11
2020-09-14,0.14,0.27,0.68,1.21,0.11
2020-09-15,0.14,0.27,0.68,1.21,0.11
2020-09-16,0.14,0.28,0.69,1.23,0.12
2020-09-17,0.13,0.28,0.69,1.22,0.09
2020-09-18,0.14,0.29,0.7,1.24,0.1
2020-09-21,0.14,0.27,0.68,1.22,0.1
2020-09-22,0.13,0.27,0.68,1.21,0.1
2020-09-23,0.14,0.28,0.68,1.21,0.11
2020-09-24,0.14,0.27,0.67,1.19,0.1
2020-09-25,0.12,0.26,0.66,1.19,0.1
2020-09-28,0.14,0.26,0.67,1.2,0.11
2020-09-29,0.11,0.24,0.66,1.19,0.09
2020-09-30,0.13,0.28,0.69,1.23,0.1
2020-10-01,0.14,0.27,0.68,1.23,0.09
2020-10-02,0.13,0.28,0.7,1.25,0.09
2020-10-05,0.14,0.33,0.78,1.34,0.1
2020-10-06,0.14,0.32,0.76,1.33,0.1
2020-10-07,0.16,0.35,0.81,1.37,0.1
2020-10-08,0.13,0.33,0.78,1.34,0.09
2020-10-09,0.16,0.34,0.79,1.34,0.1
2020-10-12,,,,,
2020-10-13,0.16,0.31,0.74,1.29,0.11
2020-10-14,0.14,0.3,0.73,1.28,0.12
2020-10-15,0.14,0.32,0.74,1.29,0.11
2020-10-16,0.14,0.32,0.76,1.3,0.11
2020-10-19,0.16,0.34,0.78,1.32,0.11
2020-10-20,0.14,0.34,0.81,1.37,0.1
2020-10-21,0.14,0.36,0.83,1.4,0.1
2020-10-22,0.16,0.38,0.87,1.43,0.09
2020-10-23,0.18,0.37,0.85,1.41,0.1
2020-10-26,0.16,0.35,0.81,1.37,0.11
2020-10-27,0.16,0.34,0.79,1.34,0.1
2020-10-28,0.16,0.34,0.79,1.34,0.1
2020-10-29,0.16,0.38,0.85,1.39,0.09
2020-10-30,0.14,0.38,0.88,1.43,0.09
2020-11-02,0.16,0.38,0.87,1.41,0.09
2020-11-03,0.17,0.39,0.9,1.44,0.1
2020-11-04,0.14,0.33,0.78,1.33,0.1
2020-11-05,0.14,0.33,0.79,1.32,0.1
2020-11-06,0.16,0.36,0.83,1.37,0.1
2020-11-09,0.17,0.44,0.96,1.51,0.11
2020-11-10,0.19,0.46,0.98,1.53,0.1
2020-11-11,,,,,
2020-11-12,0.17,0.4,0.88,1.42,0.1
2020-11-13,0.17,0.41,0.89,1.43,0.09
2020-11-16,0.19,0.41,0.91,1.44,0.09
2020-11-17,0.18,0.39,0.87,1.4,0.09
2020-11-18,0.16,0.4,0.88,1.42,0.09
2020-11-19,0.18,0.39,0.86,1.38,0.07
2020-11-20,0.16,0.38,0.83,1.33,0.07
2020-11-23,0.16,0.39,0.86,1.36,0.08
2020-11-24,0.16,0.39,0.88,1.4,0.09
2020-11-25,0.17,0.39,0.88,1.41,0.09
2020-11-26,,,,,
2020-11-27,0.16,0.37,0.84,1.36,0.09
2020-11-30,0.16,0.36,0.84,1.37,0.08
2020-12-01,0.17,0.42,0.92,1.46,0.09
2020-12-02,0.16,0.42,0.95,1.5,0.09
2020-12-03,0.16,0.4,0.92,1.46,0.08
2020-12-04,0.16,0.42,0.97,1.53,0.09
2020-12-07,0.14,0.4,0.94,1.49,0.08
2020-12-08,0.14,0.39,0.92,1.46,0.09
2020-12-09,0.16,0.41,0.95,1.48,0.08
2020-12-10,0.14,0.39,0.92,1.44,0.08
2020-12-11,0.11,0.37,0.9,1.42,0.08
2020-12-14,0.13,0.37,0.9,1.43,0.09
2020-12-15,0.11,0.37,0.92,1.45,0.08
2020-12-16,0.13,0.37,0.92,1.46,0.09
2020-12-17,0.13,0.38,0.94,1.47,0.08
2020-12-18,0.13,0.39,0.95,1.49,0.08
2020-12-21,0.13,0.39,0.95,1.48,0.09
2020-12-22,0.13,0.37,0.93,1.45,0.09
2020-12-23,0.13,0.38,0.96,1.49,0.09
2020-12-24,0.13,0.37,0.94,1.46,0.09
2020-12-25,,,,,
2020-12-28,0.13,0.38,0.94,1.46,0.11
2020-12-29,0.12,0.37,0.94,1.47,0.1
2020-12-30,0.12,0.37,0.93,1.46,0.08
2020-12-31,0.13,0.36,0.93,1.45,0.09
2021-01-01,,,,,
2021-01-04,0.11,0.36,0.93,1.46,0.09
2021-01-05,0.13,0.38,0.96,1.49,0.09
2021-01-06,0.14,0.43,1.04,1.6,0.09
2021-01-07,0.14,0.46,1.08,1.64,0.09
2021-01-08,0.14,0.49,1.13,1.67,0.08
2021-01-11,0.14,0.5,1.15,1.68,0.08
2021-01-12,0.14,0.5,1.15,1.68,0.09
2021-01-13,0.14,0.48,1.1,1.63,0.09
2021-01-14,0.16,0.49,1.15,1.69,0.09
2021-01-15,0.13,0.46,1.11,1.66,0.09
2021-01-18,,,,,
2021-01-19,0.14,0.45,1.1,1.65,0.09
2021-01-20,0.13,0.45,1.1,1.65,0.08
2021-01-21,0.13,0.45,1.12,1.68,0.09
2021-01-22,0.13,0.44,1.1,1.66,0.08
2021-01-25,0.13,0.42,1.05,1.61,0.09
2021-01-26,0.11,0.42,1.05,1.61,0.07
2021-01-27,0.12,0.41,1.04,1.6,0.08
2021-01-28,0.12,0.42,1.07,1.63,0.07
2021-01-29,0.11,0.45,1.11,1.68,0.06
2021-02-01,0.11,0.42,1.09,1.66,0.07
2021-02-02,0.11,0.45,1.12,1.69,0.07
2021-02-03,0.11,0.46,1.15,1.73,0.04
2021-02-04,0.11,0.46,1.15,1.75,0.04
2021-02-05,0.09,0.47,1.19,1.79,0.03
2021-02-08,0.11,0.48,1.19,1.78,0.05
2021-02-09,0.11,0.48,1.18,1.78,0.04
2021-02-10,0.11,0.46,1.15,1.75,0.05
2021-02-11,0.11,0.46,1.16,1.77,0.05
2021-02-12,0.11,0.5,1.2,1.83,0.04
2021-02-15,,,,,
2021-02-16,0.13,0.57,1.3,1.92,0.04
2021-02-17,0.11,0.57,1.29,1.92,0.04
2021-02-18,0.11,0.56,1.29,1.91,0.03
2021-02-19,0.11,0.59,1.34,1.98,0.04
2021-02-22,0.11,0.61,1.37,2.02,0.03
2021-02-23,0.11,0.59,1.37,2.03,0.04
2021-02-24,0.12,0.62,1.38,2.07,0.03
2021-02-25,0.17,0.81,1.54,2.25,0.04
2021-02-26,0.14,0.75,1.44,2.08,0.04
2021-03-01,0.13,0.71,1.45,2.11,0.05
2021-03-02,0.13,0.67,1.42,2.09,0.04
2021-03-03,0.14,0.73,1.47,2.12,0.05
2021-03-04,0.14,0.77,1.54,2.18,0.04
2021-03-05,0.14,0.79,1.56,2.18,0.04
2021-03-08,0.17,0.86,1.59,2.2,0.05
2021-03-09,0.17,0.83,1.55,2.16,0.05
2021-03-10,0.16,0.8,1.53,2.15,0.04
2021-03-11,0.14,0.78,1.54,2.18,0.04
2021-03-12,0.14,0.85,1.64,2.31,0.04
2021-03-15,0.14,0.84,1.62,2.27,0.04
2021-03-16,0.15,0.83,1.62,2.3,0.02
2021-03-17,0.13,0.8,1.63,2.32,0.02
2021-03-18,0.16,0.86,1.71,2.36,0.01
2021-03-19,0.16,0.9,1.74,2.36,0.01
2021-03-22,0.15,0.87,1.69,2.29,0.03
2021-03-23,0.15,0.83,1.63,2.24,0.01
2021-03-24,0.14,0.83,1.62,2.21,0.02
2021-03-25,0.14,0.82,1.63,2.24,0.02
2021-03-26,0.14,0.85,1.67,2.27,0.02
2021-03-29,0.14,0.89,1.73,2.32,0.03
2021-03-30,0.16,0.9,1.73,2.29,0.02
2021-03-31,0.16,0.92,1.74,2.31,0.03
2021-04-01,0.17,0.9,1.69,2.24,0.02
2021-04-02,0.19,0.97,1.72,2.27,0.02
2021-04-05,0.17,0.94,1.73,2.28,0.03
2021-04-06,0.16,0.88,1.67,2.24,0.02
2021-04-07,0.16,0.87,1.68,2.26,0.02
2021-04-08,0.14,0.85,1.64,2.22,0.01
2021-04-09,0.16,0.87,1.67,2.23,0.02
2021-04-12,0.18,0.89,1.69,2.24,0.02
2021-04-13,0.16,0.85,1.64,2.21,0.03
2021-04-14,0.16,0.87,1.64,2.22,0.02
2021-04-15,0.16,0.81,1.56,2.13,0.02
2021-04-16,0.16,0.84,1.59,2.15,0.02
2021-04-19,0.16,0.85,1.61,2.18,0.02
2021-04-20,0.15,0.81,1.58,2.16,0.03
2021-04-21,0.15,0.81,1.57,2.16,0.03
2021-04-22,0.16,0.81,1.57,2.13,0.03
2021-04-23,0.16,0.83,1.58,2.14,0.03
2021-04-26,0.18,0.85,1.58,2.13,0.03
2021-04-27,0.17,0.88,1.63,2.18,0.01
2021-04-28,0.17,0.86,1.63,2.19,0.01
2021-04-29,0.16,0.86,1.65,2.2,0.01
2021-04-30,0.16,0.86,1.65,2.19,0.01
2021-05-03,0.16,0.84,1.63,2.18,0.04
2021-05-04,0.16,0.82,1.61,2.16,0.02
2021-05-05,0.16,0.8,1.59,2.14,0.02
2021-05-06,0.16,0.81,1.58,2.14,0.02
2021-05-07,0.14,0.77,1.6,2.17,0.02
2021-05-10,0.16,0.8,1.63,2.2,0.02
2021-05-11,0.16,0.8,1.64,2.23,0.01
2021-05-12,0.16,0.87,1.69,2.29,0.02
2021-05-13,0.16,0.84,1.66,2.28,0.02
2021-05-14,0.16,0.82,1.63,2.25,0.01
2021-05-17,0.16,0.84,1.64,2.27,0.02
2021-05-18,0.16,0.83,1.64,2.27,0.02
2021-05-19,0.16,0.87,1.68,2.3,0.01
2021-05-20,0.15,0.83,1.63,2.25,0.01
2021-05-21,0.17,0.84,1.63,2.24,0.01
2021-05-24,0.15,0.82,1.61,2.22,0.02
2021-05-25,0.15,0.79,1.56,2.16,0.02
2021-05-26,0.14,0.8,1.58,2.17,0.02
2021-05-27,0.14,0.81,1.61,2.2,0.02
2021-05-28,0.14,0.79,1.58,2.18,0.01
2021-05-31,,,,,
2021-06-01,0.16,0.81,1.62,2.22,0.02
2021-06-02,0.13,0.8,1.59,2.21,0.02
2021-06-03,0.16,0.84,1.63,2.22,0.02
2021-06-04,0.14,0.78,1.56,2.16,0.02
2021-06-07,0.16,0.79,1.57,2.17,0.02
2021-06-08,0.14,0.77,1.53,2.13,0.02
2021-06-09,0.16,0.75,1.5,2.1,0.03
2021-06-10,0.14,0.73,1.45,2.07,0.03
2021-06-11,0.16,0.76,1.47,2.08,0.03
2021-06-14,0.16,0.8,1.51,2.12,0.03
2021-06-15,0.16,0.79,1.51,2.12,0.03
2021-06-16,0.21,0.89,1.57,2.13,0.04
2021-06-17,0.23,0.9,1.52,2.05,0.04
2021-06-18,0.26,0.89,1.45,1.97,0.05
2021-06-21,0.27,0.9,1.5,2.05,0.05
2021-06-22,0.25,0.87,1.48,2.03,0.04
2021-06-23,0.26,0.9,1.5,2.04,0.05
2021-06-24,0.26,0.9,1.49,2.03,0.05
2021-06-25,0.28,0.92,1.54,2.09,0.06
2021-06-28,0.25,0.9,1.49,2.04,0.05
2021-06-29,0.27,0.89,1.49,2.03,0.04
2021-06-30,0.25,0.87,1.45,2.0,0.05
2021-07-01,0.25,0.89,1.48,2.01,0.05
2021-07-02,0.24,0.86,1.44,1.98,0.05
2021-07-05,,,,,
2021-07-06,0.22,0.81,1.37,1.92,0.05
2021-07-07,0.22,0.79,1.33,1.87,0.05
2021-07-08,0.19,0.74,1.3,1.84,0.06
2021-07-09,0.23,0.79,1.37,1.91,0.06
2021-07-12,0.23,0.81,1.38,1.93,0.05
2021-07-13,0.26,0.85,1.42,1.96,0.05
2021-07-14,0.23,0.8,1.37,1.91,0.06
2021-07-15,0.23,0.78,1.31,1.85,0.05
2021-07-16,0.25,0.79,1.31,1.86,0.05
2021-07-19,0.21,0.7,1.19,1.74,0.05
2021-07-20,0.2,0.69,1.23,1.79,0.05
2021-07-21,0.22,0.74,1.3,1.87,0.05
2021-07-22,0.2,0.71,1.27,1.82,0.05
2021-07-23,0.22,0.72,1.3,1.85,0.05
2021-07-26,0.22,0.73,1.29,1.85,0.05
2021-07-27,0.2,0.71,1.25,1.81,0.05
2021-07-28,0.2,0.72,1.26,1.83,0.05
2021-07-29,0.2,0.73,1.28,1.84,0.06
2021-07-30,0.19,0.69,1.24,1.81,0.06
2021-08-02,0.17,0.66,1.2,1.77,0.05
2021-08-03,0.17,0.65,1.19,1.76,0.05
2021-08-04,0.17,0.67,1.19,1.74,0.05
2021-08-05,0.21,0.72,1.23,1.77,0.05
2021-08-06,0.21,0.77,1.31,1.85,0.06
2021-08-09,0.23,0.79,1.33,1.87,0.06
2021-08-10,0.24,0.82,1.36,1.9,0.05
2021-08-11,0.23,0.81,1.35,1.9,0.05
2021-08-12,0.23,0.83,1.36,1.92,0.06
2021-08-13,0.23,0.79,1.29,1.85,0.06
2021-08-16,0.21,0.75,1.26,1.82,0.06
2021-08-17,0.23,0.77,1.26,1.82,0.07
2021-08-18,0.23,0.79,1.27,1.84,0.07
2021-08-19,0.22,0.78,1.24,1.8,0.06
2021-08-20,0.23,0.8,1.26,1.79,0.05
2021-08-23,0.23,0.78,1.25,1.79,0.05
2021-08-24,0.24,0.8,1.29,1.83,0.05
2021-08-25,0.23,0.84,1.35,1.88,0.06
2021-08-26,0.25,0.84,1.34,1.87,0.05
2021-08-27,0.22,0.79,1.31,1.84,0.05
2021-08-30,0.2,0.77,1.29,1.82,0.05
2021-08-31,0.2,0.77,1.3,1.85,0.04
2021-09-01,0.2,0.78,1.31,1.84,0.05
2021-09-02,0.2,0.78,1.29,1.83,0.05
2021-09-03,0.21,0.78,1.33,1.87,0.05
2021-09-06,,,,,
2021-09-07,0.22,0.82,1.38,1.91,0.05
2021-09-08,0.22,0.81,1.35,1.88,0.05
2021-09-09,0.23,0.79,1.3,1.83,0.04
2021-09-10,0.23,0.82,1.35,1.86,0.05
2021-09-13,0.21,0.81,1.33,1.83,0.06
2021-09-14,0.21,0.79,1.28,1.78,0.04
2021-09-15,0.21,0.81,1.31,1.8,0.04
2021-09-16,0.23,0.84,1.34,1.83,0.04
2021-09-17,0.23,0.88,1.37,1.85,0.04
2021-09-20,0.23,0.83,1.31,1.79,0.04
2021-09-21,0.22,0.84,1.33,1.81,0.03
2021-09-22,0.25,0.86,1.32,1.78,0.03
2021-09-23,0.27,0.94,1.41,1.87,0.03
2021-09-24,0.29,0.97,1.47,1.94,0.03
2021-09-27,0.31,0.98,1.48,1.95,0.04
2021-09-28,0.31,1.02,1.54,2.02,0.04
2021-09-29,0.3,1.01,1.55,2.04,0.04
2021-09-30,0.28,0.98,1.52,2.02,0.04
2021-10-01,0.27,0.93,1.48,1.99,0.04
2021-10-04,0.27,0.95,1.49,1.99,0.04
2021-10-05,0.28,0.98,1.54,2.04,0.04
2021-10-06,0.3,0.99,1.53,2.02,0.04
2021-10-07,0.32,1.02,1.58,2.08,0.05
2021-10-08,0.32,1.05,1.61,2.11,0.05
2021-10-11,,,,,
2021-10-12,0.35,1.08,1.59,2.05,0.06
2021-10-13,0.37,1.09,1.56,2.0,0.05
2021-10-14,0.36,1.05,1.52,1.97,0.05
2021-10-15,0.41,1.13,1.59,2.02,0.05
2021-10-18,0.44,1.16,1.59,1.99,0.06
2021-10-19,0.41,1.17,1.65,2.07,0.05
2021-10-20,0.4,1.16,1.65,2.09,0.05
2021-10-21,0.45,1.23,1.68,2.1,0.06
2021-10-22,0.48,1.22,1.66,2.06,0.06
2021-10-25,0.47,1.19,1.64,2.07,0.06
2021-10-26,0.47,1.2,1.63,2.03,0.06
2021-10-27,0.5,1.16,1.54,1.93,0.06
2021-10-28,0.5,1.18,1.57,1.98,0.06
2021-10-29,0.48,1.18,1.55,1.98,0.05
2021-11-01,0.5,1.2,1.58,2.01,0.05
2021-11-02,0.46,1.15,1.56,1.97,0.05
2021-11-03,0.47,1.19,1.6,2.01,0.05
2021-11-04,0.41,1.1,1.53,1.96,0.04
2021-11-05,0.39,1.04,1.45,1.88,0.05
2021-11-08,0.45,1.13,1.51,1.91,0.06
2021-11-09,0.41,1.08,1.46,1.86,0.04
2021-11-10,0.51,1.23,1.56,1.96,0.05
2021-11-11,,,,,
2021-11-12,0.53,1.24,1.58,1.99,0.05
2021-11-15,0.53,1.26,1.63,2.05,0.05
2021-11-16,0.54,1.27,1.63,2.06,0.05
2021-11-17,0.52,1.24,1.6,2.04,0.05
2021-11-18,0.52,1.22,1.59,2.01,0.05
2021-11-19,0.52,1.22,1.54,1.95,0.05
2021-11-22,0.63,1.33,1.63,2.03,0.05
2021-11-23,0.6,1.33,1.67,2.08,0.06
2021-11-24,0.64,1.34,1.64,2.03,0.06
2021-11-25,,,,,
2021-11-26,0.5,1.16,1.48,1.89,0.06
2021-11-29,0.51,1.18,1.52,1.93,0.06
2021-11-30,0.52,1.14,1.43,1.85,0.05
2021-12-01,0.56,1.15,1.43,1.84,0.06
2021-12-02,0.63,1.21,1.44,1.87,0.05
2021-12-03,0.6,1.13,1.35,1.77,0.06
2021-12-06,0.65,1.21,1.43,1.84,0.05
2021-12-07,0.7,1.26,1.48,1.88,0.06
2021-12-08,0.68,1.27,1.52,1.93,0.07
2021-12-09,0.7,1.26,1.49,1.91,0.06
2021-12-10,0.67,1.25,1.48,1.91,0.06
2021-12-13,0.66,1.21,1.42,1.86,0.05
2021-12-14,0.67,1.23,1.44,1.87,0.05
2021-12-15,0.69,1.26,1.47,1.91,0.05
2021-12-16,0.64,1.19,1.44,1.91,0.05
2021-12-17,0.66,1.18,1.41,1.87,0.05
2021-12-20,0.65,1.17,1.43,1.9,0.07
2021-12-21,0.7,1.24,1.48,1.92,0.07
2021-12-22,0.68,1.23,1.46,1.89,0.08
2021-12-23,0.71,1.25,1.5,1.94,0.07
2021-12-24,,,,,
2021-12-27,0.76,1.26,1.48,1.92,0.06
2021-12-28,0.74,1.27,1.49,1.94,0.06
2021-12-29,0.75,1.29,1.55,2.0,0.05
2021-12-30,0.73,1.27,1.52,1.97,0.05
2021-12-31,0.73,1.26,1.52,1.94,0.06
2022-01-03,0.78,1.37,1.63,2.05,0.08
2022-01-04,0.77,1.37,1.66,2.1,0.08
2022-01-05,0.83,1.43,1.71,2.12,0.09
2022-01-06,0.88,1.47,1.73,2.12,0.1
2022-01-07,0.87,1.5,1.76,2.15,0.1
2022-01-10,0.92,1.53,1.78,2.15,0.13
2022-01-11,0.9,1.51,1.75,2.13,0.11
2022-01-12,0.92,1.5,1.74,2.13,0.12
2022-01-13,0.91,1.47,1.7,2.1,0.12
2022-01-14,0.99,1.55,1.78,2.18,0.13
2022-01-17,,,,,
2022-01-18,1.06,1.65,1.87,2.24,0.16
2022-01-19,1.04,1.62,1.83,2.2,0.17
2022-01-20,1.08,1.62,1.83,2.19,0.17
2022-01-21,1.01,1.54,1.75,2.13,0.17
2022-01-24,0.99,1.53,1.75,2.15,0.19
2022-01-25,1.02,1.56,1.78,2.18,0.19
2022-01-26,1.13,1.66,1.85,2.22,0.19
2022-01-27,1.18,1.66,1.81,2.17,0.2
2022-01-28,1.15,1.61,1.78,2.14,0.19
2022-01-31,1.18,1.62,1.79,2.17,0.22
2022-02-01,1.18,1.63,1.81,2.19,0.19
2022-02-02,1.16,1.6,1.78,2.17,0.19
2022-02-03,1.19,1.66,1.82,2.2,0.2
2022-02-04,1.31,1.78,1.93,2.29,0.23
2022-02-07,1.3,1.76,1.92,2.28,0.27
2022-02-08,1.35,1.81,1.96,2.31,0.25
2022-02-09,1.36,1.82,1.94,2.31,0.26
2022-02-10,1.61,1.96,2.03,2.37,0.4
2022-02-11,1.5,1.84,1.92,2.3,0.36
2022-02-14,1.58,1.9,1.98,2.35,0.43
2022-02-15,1.58,1.94,2.05,2.42,0.4
2022-02-16,1.52,1.9,2.03,2.39,0.38
2022-02-17,1.49,1.85,1.97,2.35,0.36
2022-02-18,1.47,1.82,1.92,2.3,0.35
2022-02-21,,,,,
2022-02-22,1.56,1.85,1.94,2.31,0.37
2022-02-23,1.58,1.89,1.99,2.36,0.34
2022-02-24,1.54,1.84,1.96,2.36,0.32
2022-02-25,1.55,1.86,1.97,2.37,0.33
2022-02-28,1.44,1.71,1.83,2.25,0.35
2022-03-01,1.31,1.56,1.72,2.19,0.32
2022-03-02,1.5,1.74,1.86,2.32,0.34
2022-03-03,1.53,1.74,1.86,2.32,0.38
2022-03-04,1.5,1.65,1.74,2.23,0.34
2022-03-07,1.55,1.71,1.78,2.29,0.38
2022-03-08,1.63,1.8,1.86,2.34,0.36
2022-03-09,1.68,1.87,1.94,2.38,0.38
2022-03-10,1.72,1.92,1.98,2.45,0.39
2022-03-11,1.75,1.96,2.0,2.45,0.4
2022-03-14,1.87,2.1,2.14,2.56,0.45
2022-03-15,1.85,2.1,2.15,2.57,0.46
2022-03-16,1.95,2.18,2.19,2.56,0.44
2022-03-17,1.94,2.17,2.2,2.6,0.4
2022-03-18,1.97,2.14,2.14,2.53,0.42
2022-03-21,2.14,2.33,2.32,2.67,0.54
2022-03-22,2.18,2.39,2.38,2.71,0.51
2022-03-23,2.13,2.34,2.32,2.65,0.5
2022-03-24,2.13,2.37,2.34,2.63,0.52
2022-03-25,2.3,2.55,2.48,2.74,0.55
2022-03-28,2.35,2.54,2.46,2.72,0.59
2022-03-29,2.35,2.49,2.41,2.68,0.55
2022-03-30,2.31,2.44,2.35,2.63,0.55
2022-03-31,2.28,2.42,2.32,2.59,0.52
2022-04-01,2.44,2.55,2.39,2.6,0.53
2022-04-04,2.43,2.56,2.42,2.64,0.66
2022-04-05,2.51,2.69,2.54,2.74,0.65
2022-04-06,2.5,2.7,2.61,2.81,0.67
2022-04-07,2.47,2.7,2.66,2.87,0.68
2022-04-08,2.53,2.76,2.72,2.94,0.7
2022-04-11,2.5,2.79,2.79,3.02,0.77
2022-04-12,2.39,2.66,2.72,2.99,0.74
2022-04-13,2.37,2.66,2.7,2.97,0.75
2022-04-14,2.47,2.79,2.83,3.09,0.79
2022-04-15,,,,,
2022-04-18,2.46,2.79,2.85,3.12,0.81
2022-04-19,2.61,2.91,2.93,3.19,0.81
2022-04-20,2.6,2.87,2.85,3.08,0.82
2022-04-21,2.68,2.96,2.9,3.12,0.83
2022-04-22,2.72,2.94,2.9,3.14,0.83
2022-04-25,2.63,2.84,2.81,3.06,0.91
2022-04-26,2.54,2.79,2.77,3.03,0.83
2022-04-27,2.58,2.81,2.82,3.08,0.82
2022-04-28,2.63,2.86,2.85,3.1,0.82
2022-04-29,2.7,2.92,2.89,3.14,0.85
2022-05-02,2.73,3.01,2.99,3.26,0.9
2022-05-03,2.78,3.01,2.97,3.21,0.91
2022-05-04,2.66,2.93,2.93,3.21,0.89
2022-05-05,2.71,3.01,3.05,3.35,0.85
2022-05-06,2.72,3.06,3.12,3.43,0.85
2022-05-09,2.61,2.95,3.05,3.38,0.92
2022-05-10,2.62,2.91,2.99,3.31,0.89
2022-05-11,2.66,2.89,2.91,3.25,0.91
2022-05-12,2.56,2.81,2.84,3.22,0.96
2022-05-13,2.61,2.89,2.93,3.32,1.03
2022-05-16,2.58,2.83,2.88,3.3,1.07
2022-05-17,2.71,2.96,2.98,3.36,1.06
2022-05-18,2.68,2.89,2.89,3.24,1.03
2022-05-19,2.63,2.84,2.84,3.24,1.05
2022-05-20,2.6,2.8,2.78,3.17,1.03
2022-05-23,2.65,2.88,2.86,3.26,1.07
2022-05-24,2.5,2.76,2.76,3.16,1.06
2022-05-25,2.48,2.71,2.75,3.14,1.06
2022-05-26,2.46,2.7,2.75,3.18,1.07
2022-05-27,2.47,2.71,2.74,3.16,1.08
2022-05-30,,,,,
2022-05-31,2.53,2.81,2.85,3.28,1.16
2022-06-01,2.66,2.94,2.94,3.31,1.15
2022-06-02,2.65,2.92,2.92,3.3,1.17
2022-06-03,2.66,2.95,2.96,3.33,1.21
2022-06-06,2.73,3.03,3.04,3.41,1.26
2022-06-07,2.75,2.99,2.98,3.35,1.26
2022-06-08,2.78,3.03,3.03,3.4,1.28
2022-06-09,2.83,3.07,3.04,3.4,1.3
2022-06-10,3.06,3.25,3.15,3.45,1.39
2022-06-13,3.4,3.56,3.43,3.68,1.73
2022-06-14,3.45,3.61,3.49,3.72,1.83
2022-06-15,3.2,3.38,3.33,3.64,1.74
2022-06-16,3.14,3.35,3.28,3.59,1.59
2022-06-17,3.17,3.34,3.25,3.55,1.63
2022-06-20,,,,,
2022-06-21,3.21,3.38,3.31,3.63,1.7
2022-06-22,3.06,3.22,3.16,3.49,1.61
2022-06-23,3.01,3.14,3.09,3.45,1.65
2022-06-24,3.04,3.18,3.13,3.51,1.73
2022-06-27,3.08,3.24,3.2,3.56,1.79
2022-06-28,3.1,3.25,3.2,3.55,1.79
2022-06-29,3.06,3.15,3.1,3.46,1.78
2022-06-30,2.92,3.01,2.98,3.38,1.72
2022-07-01,2.84,2.88,2.88,3.35,1.73
2022-07-04,,,,,
2022-07-05,2.82,2.82,2.82,3.31,1.9
2022-07-06,2.97,2.96,2.93,3.42,1.9
2022-07-07,3.03,3.05,3.01,3.45,1.95
2022-07-08,3.12,3.13,3.09,3.53,1.98
2022-07-11,3.07,3.05,2.99,3.43,2.18
2022-07-12,3.03,3.01,2.96,3.37,2.22
2022-07-13,3.13,3.02,2.91,3.35,2.39
2022-07-14,3.15,3.06,2.96,3.36,2.4
2022-07-15,3.13,3.05,2.93,3.34,2.37
2022-07-18,3.15,3.06,2.96,3.39,2.5
2022-07-19,3.23,3.14,3.01,3.42,2.52
2022-07-20,3.25,3.18,3.04,3.43,2.51
2022-07-21,3.1,3.0,2.91,3.33,2.48
2022-07-22,2.98,2.87,2.77,3.23,2.49
2022-07-25,3.0,2.89,2.81,3.28,2.62
2022-07-26,3.02,2.89,2.81,3.27,2.55
2022-07-27,2.96,2.82,2.78,3.26,2.44
2022-07-28,2.85,2.69,2.68,3.23,2.42
2022-07-29,2.89,2.7,2.67,3.2,2.41
2022-08-01,2.9,2.66,2.6,3.12,2.56
2022-08-02,3.06,2.85,2.75,3.22,2.56
2022-08-03,3.1,2.86,2.73,3.17,2.52
2022-08-04,3.03,2.76,2.68,3.15,2.5
2022-08-05,3.24,2.97,2.83,3.27,2.58
2022-08-08,3.21,2.91,2.77,3.22,2.65
2022-08-09,3.28,2.97,2.8,3.24,2.67
2022-08-10,3.23,2.93,2.78,3.27,2.65
2022-08-11,3.23,2.98,2.87,3.38,2.62
2022-08-12,3.25,2.97,2.84,3.34,2.63
2022-08-15,3.2,2.91,2.79,3.31,2.72
2022-08-16,3.25,2.95,2.82,3.31,2.7
2022-08-17,3.28,3.04,2.89,3.37,2.68
2022-08-18,3.22,3.02,2.88,3.35,2.71
2022-08-19,3.25,3.11,2.98,3.44,2.74
2022-08-22,3.32,3.17,3.03,3.48,2.82
2022-08-23,3.29,3.18,3.05,3.49,2.8
2022-08-24,3.36,3.2,3.11,3.55,2.82
2022-08-25,3.35,3.15,3.03,3.47,2.88
2022-08-26,3.37,3.2,3.04,3.44,2.89
2022-08-29,3.42,3.27,3.12,3.5,2.97
2022-08-30,3.46,3.27,3.11,3.49,2.97
2022-08-31,3.45,3.3,3.15,3.53,2.96
2022-09-01,3.51,3.39,3.26,3.64,2.97
2022-09-02,3.4,3.3,3.2,3.61,2.94
2022-09-05,,,,,
2022-09-06,3.5,3.43,3.33,3.74,3.04
2022-09-07,3.45,3.37,3.27,3.67,3.07
2022-09-08,3.48,3.39,3.29,3.69,3.06
2022-09-09,3.56,3.45,3.33,3.71,3.08
2022-09-12,3.58,3.47,3.37,3.76,3.17
2022-09-13,3.75,3.58,3.42,3.75,3.28
2022-09-14,3.78,3.6,3.41,3.73,3.24
2022-09-15,3.87,3.66,3.45,3.75,3.22
2022-09-16,3.85,3.62,3.45,3.79,3.2
2022-09-19,3.95,3.69,3.49,3.77,3.37
2022-09-20,3.96,3.75,3.57,3.83,3.35
2022-09-21,4.02,3.74,3.51,3.73,3.31
2022-09-22,4.11,3.91,3.7,3.9,3.29
2022-09-23,4.2,3.96,3.69,3.87,3.24
2022-09-26,4.27,4.15,3.88,4.01,3.39
2022-09-27,4.3,4.21,3.97,4.15,3.35
2022-09-28,4.07,3.92,3.72,3.98,3.4
2022-09-29,4.16,3.98,3.76,4.0,3.36
2022-09-30,4.22,4.06,3.83,4.08,3.33
2022-10-03,4.12,3.9,3.67,4.0,3.46
2022-10-04,4.1,3.84,3.62,3.95,3.45
2022-10-05,4.15,3.96,3.76,4.05,3.46
2022-10-06,4.23,4.05,3.83,4.08,3.46
2022-10-07,4.3,4.14,3.89,4.13,3.45
2022-10-10,,,,,
2022-10-11,4.3,4.14,3.93,4.19,3.67
2022-10-12,4.28,4.12,3.91,4.18,3.7
2022-10-13,4.47,4.21,3.97,4.25,3.79
2022-10-14,4.48,4.25,4.0,4.26,3.81
2022-10-17,4.45,4.24,4.02,4.29,3.97
2022-10-18,4.43,4.21,4.01,4.27,4.04
2022-10-19,4.55,4.35,4.14,4.38,4.07
2022-10-20,4.62,4.45,4.24,4.47,4.09
2022-10-21,4.49,4.34,4.21,4.54,4.09
2022-10-24,4.5,4.36,4.25,4.59,4.16
2022-10-25,4.42,4.25,4.1,4.45,4.14
2022-10-26,4.39,4.2,4.04,4.38,4.11
2022-10-27,4.3,4.09,3.96,4.32,4.13
2022-10-28,4.41,4.19,4.02,4.38,4.18
2022-10-31,4.51,4.27,4.1,4.44,4.22
2022-11-01,4.54,4.27,4.07,4.37,4.23
2022-11-02,4.61,4.3,4.1,4.41,4.22
2022-11-03,4.71,4.36,4.14,4.42,4.25
2022-11-04,4.66,4.33,4.17,4.49,4.21
2022-11-07,4.72,4.39,4.22,4.55,4.29
2022-11-08,4.67,4.31,4.14,4.47,4.28
2022-11-09,4.61,4.27,4.12,4.5,4.29
2022-11-10,4.34,3.95,3.82,4.24,4.28
2022-11-11,,,,,
2022-11-14,4.4,4.0,3.88,4.28,4.34
2022-11-15,4.37,3.93,3.8,4.2,4.31
2022-11-16,4.35,3.83,3.67,4.03,4.32
2022-11-17,4.43,3.93,3.77,4.1,4.32
2022-11-18,4.51,3.99,3.82,4.13,4.34
2022-11-21,4.48,3.97,3.83,4.14,4.41
2022-11-22,4.47,3.93,3.76,4.05,4.4
2022-11-23,4.46,3.88,3.71,3.97,4.4
2022-11-24,,,,,
2022-11-25,4.42,3.85,3.68,3.97,4.41
2022-11-28,4.46,3.88,3.69,3.97,4.41
2022-11-29,4.48,3.92,3.75,4.02,4.38
2022-11-30,4.38,3.82,3.68,4.0,4.37
2022-12-01,4.25,3.68,3.53,3.85,4.33
2022-12-02,4.28,3.67,3.51,3.79,4.34
2022-12-05,4.41,3.8,3.6,3.84,4.36
2022-12-06,4.34,3.73,3.51,3.77,4.37
2022-12-07,4.26,3.62,3.42,3.66,4.29
2022-12-08,4.31,3.71,3.48,3.71,4.28
2022-12-09,4.33,3.75,3.57,3.82,4.31
2022-12-12,4.39,3.8,3.61,3.84,4.38
2022-12-13,4.22,3.66,3.51,3.74,4.35
2022-12-14,4.23,3.64,3.49,3.74,4.33
2022-12-15,4.23,3.62,3.44,3.69,4.34
2022-12-16,4.17,3.61,3.48,3.73,4.31
2022-12-19,4.25,3.7,3.57,3.82,4.37
2022-12-20,4.25,3.79,3.69,3.94,4.35
2022-12-21,4.21,3.78,3.68,3.93,4.33
2022-12-22,4.24,3.79,3.67,3.91,4.35
2022-12-23,4.31,3.86,3.75,3.99,4.34
2022-12-26,,,,,
2022-12-27,4.32,3.94,3.84,4.1,4.46
2022-12-28,4.31,3.97,3.88,4.13,4.46
2022-12-29,4.34,3.94,3.83,4.09,4.45
2022-12-30,4.41,3.99,3.88,4.14,4.42
2023-01-02,,,,,
2023-01-03,4.4,3.94,3.79,4.06,4.53
2023-01-04,4.36,3.85,3.69,3.97,4.55
2023-01-05,4.45,3.9,3.71,3.96,4.66
2023-01-06,4.24,3.69,3.55,3.84,4.67
2023-01-09,4.19,3.66,3.53,3.83,4.7
2023-01-10,4.24,3.72,3.61,3.91,4.73
2023-01-11,4.2,3.66,3.54,3.84,4.72
2023-01-12,4.12,3.53,3.43,3.73,4.66
2023-01-13,4.22,3.6,3.49,3.79,4.67
2023-01-16,,,,,
2023-01-17,4.18,3.6,3.53,3.81,4.71
2023-01-18,4.06,3.43,3.37,3.65,4.69
2023-01-19,4.09,3.48,3.39,3.69,4.71
2023-01-20,4.14,3.56,3.48,3.77,4.72
2023-01-23,4.21,3.61,3.52,3.8,4.73
2023-01-24,4.12,3.58,3.46,3.73,4.72
2023-01-25,4.11,3.54,3.46,3.74,4.72
2023-01-26,4.17,3.58,3.49,3.75,4.71
2023-01-27,4.19,3.62,3.52,3.77,4.73
2023-01-30,4.25,3.68,3.55,3.79,4.72
2023-01-31,4.21,3.63,3.52,3.78,4.7
2023-02-01,4.09,3.48,3.39,3.67,4.66
2023-02-02,4.09,3.49,3.4,3.67,4.66
2023-02-03,4.3,3.67,3.53,3.77,4.7
2023-02-06,4.44,3.81,3.63,3.82,4.71
2023-02-07,4.47,3.85,3.67,3.87,4.71
2023-02-08,4.45,3.82,3.63,3.86,4.72
2023-02-09,4.48,3.87,3.67,3.9,4.77
2023-02-10,4.5,3.93,3.74,3.96,4.79
2023-02-13,4.52,3.93,3.72,3.92,4.81
2023-02-14,4.6,4.0,3.77,3.94,4.8
2023-02-15,4.62,4.04,3.81,3.97,4.79
2023-02-16,4.62,4.06,3.86,4.05,4.84
2023-02-17,4.6,4.03,3.82,4.01,4.84
2023-02-20,,,,,
2023-02-21,4.67,4.16,3.95,4.12,4.86
2023-02-22,4.66,4.13,3.93,4.09,4.84
2023-02-23,4.66,4.09,3.88,4.04,4.84
2023-02-24,4.78,4.19,3.95,4.11,4.86
2023-02-27,4.78,4.17,3.92,4.11,4.89
2023-02-28,4.81,4.18,3.92,4.1,4.88
2023-03-01,4.89,4.27,4.01,4.17,4.9
2023-03-02,4.89,4.32,4.08,4.24,4.91
2023-03-03,4.86,4.26,3.97,4.12,4.91
2023-03-06,4.89,4.27,3.98,4.14,4.93
2023-03-07,5.0,4.31,3.97,4.11,5.04
2023-03-08,5.05,4.34,3.98,4.11,5.06
2023-03-09,4.9,4.22,3.93,4.09,5.05
2023-03-10,4.6,3.96,3.7,3.9,5.01
2023-03-13,4.03,3.68,3.55,3.85,4.87
2023-03-14,4.2,3.78,3.64,3.91,4.88
2023-03-15,3.93,3.59,3.51,3.82,4.75
2023-03-16,4.14,3.72,3.56,3.87,4.74
2023-03-17,3.81,3.44,3.39,3.76,4.52
2023-03-20,3.92,3.56,3.47,3.83,4.81
2023-03-21,4.17,3.73,3.59,3.9,4.78
2023-03-22,3.96,3.54,3.48,3.83,4.79
2023-03-23,3.76,3.39,3.38,3.78,4.73
2023-03-24,3.76,3.41,3.38,3.77,4.74
2023-03-27,3.94,3.59,3.53,3.9,4.91
2023-03-28,4.02,3.63,3.55,3.9,4.8
2023-03-29,4.08,3.67,3.57,3.91,4.8
2023-03-30,4.1,3.66,3.55,3.88,4.97
2023-03-31,4.06,3.6,3.48,3.81,4.85
2023-04-03,3.97,3.52,3.43,3.78,4.9
2023-04-04,3.84,3.39,3.35,3.72,4.88
2023-04-05,3.79,3.36,3.3,3.67,4.86
2023-04-06,3.82,3.37,3.3,3.66,4.91
2023-04-07,3.97,3.49,3.39,3.73,4.95
2023-04-10,4.0,3.52,3.41,3.74,5.08
2023-04-11,4.03,3.54,3.43,3.75,5.04
2023-04-12,3.95,3.46,3.41,3.75,5.02
2023-04-13,3.96,3.51,3.45,3.8,5.1
2023-04-14,4.08,3.6,3.52,3.85,5.14
2023-04-17,4.18,3.69,3.6,3.92,5.21
2023-04-18,4.19,3.69,3.58,3.91,5.2
2023-04-19,4.24,3.71,3.6,3.9,5.16
2023-04-20,4.14,3.63,3.54,3.87,5.12
2023-04-21,4.17,3.66,3.57,3.9,5.14
2023-04-24,4.12,3.6,3.52,3.85,5.2
2023-04-25,3.86,3.43,3.4,3.77,5.12
2023-04-26,3.9,3.46,3.43,3.81,5.16
2023-04-27,4.07,3.6,3.53,3.88,5.18
2023-04-28,4.04,3.51,3.44,3.8,5.1
2023-05-01,4.14,3.64,3.59,3.95,5.27
2023-05-02,3.97,3.46,3.44,3.82,5.24
2023-05-03,3.89,3.37,3.38,3.79,5.26
2023-05-04,3.75,3.29,3.37,3.8,5.26
2023-05-05,3.92,3.41,3.44,3.85,5.26
2023-05-08,4.0,3.49,3.52,3.92,5.31
2023-05-09,4.01,3.51,3.53,3.94,5.29
2023-05-10,3.9,3.37,3.43,3.88,5.24
2023-05-11,3.89,3.36,3.39,3.82,5.2
2023-05-12,3.98,3.45,3.46,3.87,5.25
2023-05-15,3.99,3.46,3.5,3.92,5.21
2023-05-16,4.06,3.52,3.54,3.96,5.23
2023-05-17,4.12,3.58,3.57,3.96,5.26
2023-05-18,4.24,3.69,3.65,4.02,5.31
2023-05-19,4.28,3.76,3.7,4.07,5.29
2023-05-22,4.29,3.77,3.72,4.09,5.4
2023-05-23,4.26,3.76,3.7,4.08,5.34
2023-05-24,4.31,3.75,3.73,4.1,5.37
2023-05-25,4.5,3.9,3.83,4.16,5.38
2023-05-26,4.54,3.92,3.8,4.13,5.34
2023-05-29,,,,,
2023-05-30,4.46,3.81,3.69,4.06,5.55
2023-05-31,4.4,3.74,3.64,4.01,5.52
2023-06-01,4.33,3.7,3.61,3.98,5.5
2023-06-02,4.5,3.84,3.69,4.03,5.5
2023-06-05,4.46,3.82,3.69,4.03,5.46
2023-06-06,4.51,3.85,3.7,4.02,5.44
2023-06-07,4.56,3.93,3.79,4.12,5.42
2023-06-08,4.52,3.87,3.73,4.05,5.38
2023-06-09,4.59,3.92,3.75,4.05,5.37
2023-06-12,4.55,3.89,3.73,4.04,5.4
2023-06-13,4.67,4.01,3.84,4.12,5.36
2023-06-14,4.74,4.06,3.83,4.09,5.36
2023-06-15,4.62,3.91,3.72,4.02,5.33
2023-06-16,4.7,3.99,3.77,4.05,5.34
2023-06-19,,,,,
2023-06-20,4.68,3.96,3.74,4.01,5.39
2023-06-21,4.68,3.95,3.72,3.99,5.4
2023-06-22,4.77,4.03,3.8,4.06,5.4
2023-06-23,4.71,3.99,3.74,4.01,5.41
2023-06-26,4.65,3.96,3.72,4.01,5.5
2023-06-27,4.74,4.02,3.77,4.03,5.44
2023-06-28,4.71,3.97,3.71,4.0,5.44
2023-06-29,4.87,4.14,3.85,4.11,5.46
2023-06-30,4.87,4.13,3.81,4.06,5.43
2023-07-03,4.94,4.19,3.86,4.08,5.44
2023-07-04,,,,,
2023-07-05,4.94,4.25,3.95,4.17,5.44
2023-07-06,4.99,4.37,4.05,4.23,5.46
2023-07-07,4.94,4.35,4.06,4.27,5.46
2023-07-10,4.85,4.25,4.01,4.24,5.48
2023-07-11,4.88,4.24,3.99,4.22,5.49
2023-07-12,4.72,4.07,3.86,4.14,5.47
2023-07-13,4.59,3.93,3.76,4.07,5.47
2023-07-14,4.74,4.04,3.83,4.11,5.49
2023-07-17,4.74,4.02,3.81,4.1,5.49
2023-07-18,4.74,4.0,3.8,4.08,5.49
2023-07-19,4.74,3.98,3.75,4.01,5.49
2023-07-20,4.8,4.08,3.85,4.1,5.49
2023-07-21,4.82,4.09,3.84,4.1,5.5
2023-07-24,4.81,4.13,3.86,4.11,5.51
2023-07-25,4.85,4.15,3.91,4.14,5.51
2023-07-26,4.82,4.09,3.86,4.12,5.51
2023-07-27,4.91,4.24,4.01,4.26,5.51
2023-07-28,4.87,4.18,3.96,4.22,5.52
2023-07-31,4.88,4.18,3.97,4.22,5.55
2023-08-01,4.92,4.24,4.05,4.3,5.54
2023-08-02,4.88,4.24,4.08,4.35,5.53
2023-08-03,4.9,4.3,4.2,4.49,5.54
2023-08-04,4.78,4.15,4.05,4.36,5.54
2023-08-07,4.76,4.16,4.09,4.42,5.56
2023-08-08,4.74,4.1,4.02,4.35,5.57
2023-08-09,4.79,4.12,4.0,4.33,5.55
2023-08-10,4.82,4.21,4.09,4.41,5.54
2023-08-11,4.89,4.31,4.16,4.45,5.54
2023-08-14,4.96,4.36,4.19,4.46,5.56
2023-08-15,4.92,4.36,4.21,4.49,5.56
2023-08-16,4.97,4.42,4.28,4.55,5.56
2023-08-17,4.94,4.42,4.3,4.58,5.56
2023-08-18,4.92,4.38,4.26,4.55,5.55
2023-08-21,4.97,4.46,4.34,4.64,5.57
2023-08-22,5.02,4.49,4.34,4.61,5.57
2023-08-23,4.95,4.36,4.19,4.46,5.57
2023-08-24,4.98,4.39,4.23,4.49,5.58
2023-08-25,5.03,4.44,4.25,4.5,5.61
2023-08-28,4.98,4.38,4.2,4.48,5.58
2023-08-29,4.87,4.26,4.12,4.42,5.56
2023-08-30,4.9,4.27,4.12,4.42,5.56
2023-08-31,4.85,4.23,4.09,4.39,5.56
2023-09-01,4.87,4.29,4.18,4.48,5.53
2023-09-04,,,,,
2023-09-05,4.94,4.37,4.27,4.56,5.55
2023-09-06,5.01,4.44,4.3,4.56,5.55
2023-09-07,4.94,4.38,4.27,4.55,5.53
2023-09-08,4.98,4.39,4.26,4.52,5.55
2023-09-11,4.97,4.4,4.29,4.56,5.55
2023-09-12,4.98,4.41,4.27,4.54,5.56
2023-09-13,4.96,4.39,4.25,4.52,5.55
2023-09-14,5.0,4.42,4.29,4.57,5.55
2023-09-15,5.02,4.45,4.33,4.59,5.56
2023-09-18,5.05,4.46,4.32,4.57,5.55
2023-09-19,5.08,4.51,4.37,4.6,5.54
2023-09-20,5.12,4.52,4.35,4.57,5.56
2023-09-21,5.12,4.61,4.49,4.74,5.57
2023-09-22,5.1,4.57,4.44,4.7,5.56
2023-09-25,5.09,4.62,4.55,4.84,5.58
2023-09-26,5.04,4.62,4.56,4.86,5.58
2023-09-27,5.1,4.67,4.61,4.91,5.58
2023-09-28,5.04,4.62,4.59,4.9,5.56
2023-09-29,5.03,4.6,4.59,4.92,5.55
2023-10-02,5.12,4.72,4.69,5.0,5.62
2023-10-03,5.15,4.8,4.81,5.13,5.62
2023-10-04,5.05,4.72,4.73,5.05,5.61
2023-10-05,5.03,4.68,4.72,5.06,5.61
2023-10-06,5.08,4.75,4.78,5.13,5.63
2023-10-09,,,,,
2023-10-10,4.96,4.62,4.66,5.03,5.61
2023-10-11,4.99,4.59,4.58,4.92,5.61
2023-10-12,5.06,4.69,4.7,5.05,5.63
2023-10-13,5.04,4.65,4.63,4.97,5.62
2023-10-16,5.09,4.72,4.71,5.06,5.61
2023-10-17,5.19,4.86,4.83,5.14,5.62
2023-10-18,5.19,4.92,4.91,5.2,5.61
2023-10-19,5.14,4.95,4.98,5.3,5.6
2023-10-20,5.07,4.86,4.93,5.27,5.58
2023-10-23,5.05,4.81,4.86,5.19,5.58
2023-10-24,5.02,4.82,4.83,5.15,5.58
2023-10-25,5.08,4.89,4.95,5.27,5.59
2023-10-26,5.02,4.79,4.86,5.19,5.59
2023-10-27,4.99,4.76,4.84,5.19,5.59
2023-10-30,5.03,4.8,4.88,5.21,5.6
2023-10-31,5.07,4.82,4.88,5.21,5.59
2023-11-01,4.95,4.67,4.77,5.13,5.57
2023-11-02,4.98,4.65,4.67,4.99,5.54
2023-11-03,4.83,4.49,4.57,4.93,5.53
2023-11-06,4.93,4.6,4.67,5.0,5.56
2023-11-07,4.91,4.53,4.58,4.91,5.55
2023-11-08,4.93,4.51,4.49,4.82,5.54
2023-11-09,5.03,4.65,4.62,4.97,5.54
2023-11-10,5.04,4.65,4.61,4.93,5.53
2023-11-13,5.02,4.66,4.63,4.95,5.55
2023-11-14,4.8,4.42,4.44,4.8,5.52
2023-11-15,4.9,4.52,4.53,4.87,5.53
2023-11-16,4.83,4.43,4.45,4.82,5.51
2023-11-17,4.88,4.45,4.44,4.8,5.5
2023-11-20,4.89,4.44,4.42,4.74,5.54
2023-11-21,4.86,4.41,4.41,4.75,5.53
2023-11-22,4.89,4.44,4.42,4.73,5.54
2023-11-23,,,,,
2023-11-24,4.92,4.49,4.47,4.79,5.54
2023-11-27,4.84,4.38,4.39,4.72,5.49
2023-11-28,4.73,4.29,4.34,4.7,5.47
2023-11-29,4.64,4.22,4.27,4.62,5.45
2023-11-30,4.73,4.31,4.37,4.72,5.45
2023-12-01,4.56,4.14,4.22,4.58,5.43
2023-12-04,4.64,4.23,4.28,4.61,5.46
2023-12-05,4.57,4.14,4.18,4.48,5.45
2023-12-06,4.6,4.12,4.12,4.4,5.45
2023-12-07,4.58,4.11,4.14,4.42,5.44
2023-12-08,4.71,4.24,4.23,4.49,5.44
2023-12-11,4.71,4.25,4.23,4.51,5.47
2023-12-12,4.73,4.23,4.2,4.48,5.46
2023-12-13,4.46,4.0,4.04,4.36,5.44
2023-12-14,4.37,3.9,3.92,4.21,5.43
2023-12-15,4.44,3.91,3.91,4.19,5.44
2023-12-18,4.43,3.94,3.95,4.23,5.46
2023-12-19,4.41,3.94,3.93,4.23,5.43
2023-12-20,4.34,3.86,3.86,4.17,5.44
2023-12-21,4.33,3.87,3.89,4.19,5.42
2023-12-22,4.31,3.87,3.9,4.21,5.44
2023-12-25,,,,,
2023-12-26,4.26,3.89,3.89,4.2,5.45
2023-12-27,4.2,3.78,3.79,4.1,5.44
2023-12-28,4.26,3.83,3.84,4.14,5.45
2023-12-29,4.23,3.84,3.88,4.2,5.4
2024-01-01,,,,,
2024-01-02,4.33,3.93,3.95,4.25,5.46
2024-01-03,4.33,3.9,3.91,4.21,5.48
2024-01-04,4.38,3.97,3.99,4.3,5.48
2024-01-05,4.4,4.02,4.05,4.37,5.47
2024-01-08,4.36,3.97,4.01,4.33,5.49
2024-01-09,4.36,3.97,4.02,4.33,5.47
2024-01-10,4.37,3.99,4.04,4.35,5.46
2024-01-11,4.26,3.9,3.98,4.32,5.46
2024-01-12,4.14,3.84,3.96,4.32,5.45
2024-01-15,,,,,
2024-01-16,4.22,3.95,4.07,4.43,5.45
2024-01-17,4.34,4.02,4.1,4.42,5.47
2024-01-18,4.34,4.04,4.14,4.48,5.45
2024-01-19,4.39,4.08,4.15,4.47,5.45
2024-01-22,4.37,4.03,4.11,4.44,5.46
2024-01-23,4.31,4.06,4.14,4.48,5.45
2024-01-24,4.34,4.06,4.18,4.52,5.44
2024-01-25,4.28,4.01,4.14,4.49,5.44
2024-01-26,4.34,4.04,4.15,4.49,5.44
2024-01-29,4.29,3.97,4.08,4.42,5.42
2024-01-30,4.36,4.0,4.06,4.4,5.42
2024-01-31,4.27,3.91,3.99,4.34,5.42
2024-02-01,4.2,3.8,3.87,4.21,5.42
2024-02-02,4.36,3.99,4.03,4.33,5.43
2024-02-05,4.46,4.13,4.17,4.46,5.42
2024-02-06,4.39,4.03,4.09,4.39,5.44
2024-02-07,4.41,4.06,4.09,4.41,5.43
2024-02-08,4.46,4.12,4.15,4.47,5.44
2024-02-09,4.48,4.14,4.17,4.48,5.44
2024-02-12,4.46,4.13,4.17,4.48,5.43
2024-02-13,4.64,4.31,4.31,4.59,5.45
2024-02-14,4.56,4.25,4.27,4.57,5.43
2024-02-15,4.56,4.22,4.24,4.54,5.43
2024-02-16,4.64,4.29,4.3,4.58,5.44
2024-02-19,,,,,
2024-02-20,4.59,4.25,4.27,4.56,5.44
2024-02-21,4.64,4.3,4.32,4.59,5.44
2024-02-22,4.69,4.33,4.33,4.58,5.45
2024-02-23,4.67,4.28,4.26,4.51,5.46
2024-02-26,4.69,4.29,4.28,4.53,5.47
2024-02-27,4.7,4.32,4.31,4.57,5.45
2024-02-28,4.64,4.26,4.27,4.53,5.45
2024-02-29,4.64,4.26,4.25,4.51,5.45
2024-03-01,4.54,4.17,4.19,4.46,5.42
2024-03-04,4.61,4.21,4.22,4.48,5.48
2024-03-05,4.54,4.13,4.13,4.39,5.47
2024-03-06,4.55,4.12,4.11,4.36,5.47
2024-03-07,4.5,4.07,4.09,4.35,5.47
2024-03-08,4.48,4.06,4.09,4.36,5.46
2024-03-11,4.51,4.08,4.1,4.36,5.48
2024-03-12,4.58,4.15,4.16,4.42,5.48
2024-03-13,4.61,4.19,4.19,4.45,5.48
2024-03-14,4.68,4.29,4.29,4.54,5.48
2024-03-15,4.72,4.33,4.31,4.55,5.48
2024-03-18,4.73,4.36,4.34,4.57,5.48
2024-03-19,4.68,4.31,4.3,4.54,5.48
2024-03-20,4.59,4.25,4.27,4.53,5.47
2024-03-21,4.62,4.26,4.27,4.53,5.48
2024-03-22,4.59,4.2,4.22,4.47,5.46
2024-03-25,4.54,4.23,4.25,4.51,5.46
2024-03-26,4.56,4.22,4.24,4.49,5.46
2024-03-27,4.54,4.18,4.2,4.45,5.45
2024-03-28,4.59,4.21,4.2,4.45,5.46
2024-03-29,,,,,
2024-04-01,4.72,4.34,4.33,4.58,5.44
2024-04-02,4.7,4.35,4.36,4.61,5.42
2024-04-03,4.68,4.34,4.36,4.61,5.42
2024-04-04,4.65,4.3,4.31,4.57,5.41
2024-04-05,4.73,4.38,4.39,4.65,5.43
2024-04-08,4.78,4.43,4.42,4.65,5.43
2024-04-09,4.74,4.37,4.36,4.6,5.43
2024-04-10,4.97,4.61,4.55,4.76,5.45
2024-04-11,4.93,4.61,4.56,4.77,5.45
2024-04-12,4.88,4.54,4.5,4.73,5.45
2024-04-15,4.93,4.65,4.63,4.85,5.45
2024-04-16,4.97,4.69,4.67,4.88,5.45
2024-04-17,4.93,4.62,4.59,4.81,5.45
2024-04-18,4.98,4.68,4.64,4.85,5.46
2024-04-19,4.97,4.66,4.62,4.83,5.45
2024-04-22,4.97,4.66,4.62,4.84,5.42
2024-04-23,4.86,4.63,4.61,4.84,5.45
2024-04-24,4.89,4.64,4.65,4.88,5.46
2024-04-25,4.96,4.7,4.7,4.93,5.47
2024-04-26,4.96,4.68,4.67,4.89,5.46
2024-04-29,4.97,4.65,4.63,4.86,5.45
2024-04-30,5.04,4.72,4.69,4.9,5.46
2024-05-01,4.96,4.64,4.63,4.85,5.46
2024-05-02,4.87,4.57,4.58,4.82,5.46
2024-05-03,4.81,4.48,4.5,4.75,5.45
2024-05-06,4.82,4.48,4.49,4.73,5.45
2024-05-07,4.82,4.48,4.47,4.7,5.45
2024-05-08,4.84,4.5,4.48,4.73,5.45
2024-05-09,4.8,4.47,4.45,4.7,5.46
2024-05-10,4.87,4.52,4.5,4.74,5.47
2024-05-13,4.85,4.5,4.48,4.72,5.45
2024-05-14,4.81,4.46,4.45,4.69,5.44
2024-05-15,4.73,4.35,4.36,4.61,5.45
2024-05-16,4.78,4.4,4.38,4.62,5.45
2024-05-17,4.83,4.44,4.42,4.66,5.46
2024-05-20,4.82,4.46,4.44,4.68,5.45
2024-05-21,4.82,4.43,4.41,4.65,5.45
2024-05-22,4.86,4.47,4.43,4.63,5.45
2024-05-23,4.91,4.52,4.47,4.67,5.46
2024-05-24,4.93,4.53,4.46,4.65,5.46
2024-05-27,,,,,
2024-05-28,4.94,4.56,4.54,4.74,5.46
2024-05-29,4.96,4.63,4.61,4.82,5.46
2024-05-30,4.92,4.57,4.55,4.76,5.46
2024-05-31,4.89,4.52,4.51,4.73,5.46
2024-06-03,4.82,4.42,4.41,4.63,5.52
2024-06-04,4.77,4.35,4.33,4.56,5.52
2024-06-05,4.72,4.31,4.29,4.52,5.51
2024-06-06,4.72,4.29,4.28,4.51,5.51
2024-06-07,4.87,4.46,4.43,4.64,5.52
2024-06-10,4.87,4.48,4.47,4.68,5.52
2024-06-11,4.81,4.41,4.39,4.62,5.52
2024-06-12,4.75,4.32,4.31,4.56,5.51
2024-06-13,4.68,4.24,4.24,4.5,5.51
2024-06-14,4.67,4.22,4.2,4.46,5.51
2024-06-17,4.75,4.3,4.28,4.52,5.52
2024-06-18,4.69,4.24,4.22,4.47,5.5
2024-06-19,,,,,
2024-06-20,4.7,4.26,4.25,4.49,5.5
2024-06-21,4.7,4.26,4.25,4.49,5.49
2024-06-24,4.71,4.27,4.25,4.48,5.5
2024-06-25,4.65,4.25,4.23,4.46,5.49
2024-06-26,4.71,4.32,4.32,4.55,5.5
2024-06-27,4.7,4.29,4.29,4.53,5.49
2024-06-28,4.71,4.33,4.36,4.61,5.48
2024-07-01,4.77,4.44,4.48,4.76,5.47
2024-07-02,4.74,4.39,4.43,4.71,5.47
2024-07-03,4.71,4.33,4.36,4.64,5.47
2024-07-04,,,,,
2024-07-05,4.6,4.22,4.28,4.57,5.46
2024-07-08,4.62,4.23,4.28,4.57,5.46
2024-07-09,4.62,4.24,4.3,4.59,5.46
2024-07-10,4.62,4.24,4.28,4.58,5.46
2024-07-11,4.5,4.13,4.2,4.51,5.44
2024-07-12,4.45,4.1,4.18,4.5,5.43
2024-07-15,4.44,4.13,4.23,4.56,5.43
2024-07-16,4.43,4.09,4.17,4.48,5.43
2024-07-17,4.42,4.07,4.16,4.46,5.43
2024-07-18,4.46,4.11,4.2,4.51,5.43
2024-07-19,4.49,4.16,4.25,4.55,5.43
2024-07-22,4.5,4.17,4.26,4.57,5.43
2024-07-23,4.4,4.15,4.25,4.56,5.41
2024-07-24,4.37,4.12,4.28,4.62,5.4
2024-07-25,4.41,4.13,4.27,4.59,5.39
2024-07-26,4.36,4.06,4.2,4.53,5.38
2024-07-29,4.36,4.05,4.17,4.51,5.41
2024-07-30,4.35,4.03,4.15,4.5,5.4
2024-07-31,4.29,3.97,4.09,4.44,5.41
2024-08-01,4.16,3.84,3.99,4.35,5.37
2024-08-02,3.88,3.62,3.8,4.19,5.29
2024-08-05,3.89,3.62,3.78,4.16,5.35
2024-08-06,3.99,3.73,3.9,4.28,5.34
2024-08-07,4.0,3.79,3.96,4.35,5.34
2024-08-08,4.04,3.83,3.99,4.38,5.34
2024-08-09,4.05,3.8,3.94,4.33,5.33
2024-08-12,4.01,3.75,3.9,4.3,5.33
2024-08-13,3.93,3.68,3.85,4.25,5.32
2024-08-14,3.94,3.67,3.83,4.22,5.32
2024-08-15,4.08,3.79,3.92,4.28,5.34
2024-08-16,4.06,3.77,3.89,4.26,5.33
2024-08-19,4.06,3.75,3.86,4.23,5.31
2024-08-20,3.99,3.7,3.82,4.19,5.29
2024-08-21,3.92,3.64,3.79,4.15,5.26
2024-08-22,3.99,3.72,3.86,4.21,5.28
2024-08-23,3.9,3.65,3.81,4.18,5.25
2024-08-26,3.91,3.66,3.82,4.19,5.24
2024-08-27,3.83,3.66,3.83,4.21,5.23
2024-08-28,3.83,3.63,3.84,4.22,5.21
2024-08-29,3.87,3.66,3.87,4.24,5.22
2024-08-30,3.91,3.71,3.91,4.28,5.21
2024-09-02,,,,,
2024-09-03,3.88,3.65,3.84,4.21,5.19
2024-09-04,3.76,3.56,3.77,4.14,5.18
2024-09-05,3.75,3.54,3.73,4.11,5.15
2024-09-06,3.66,3.5,3.72,4.1,5.13
2024-09-09,3.68,3.49,3.7,4.08,5.11
2024-09-10,3.59,3.43,3.65,4.04,5.06
2024-09-11,3.62,3.45,3.65,4.03,5.1
2024-09-12,3.64,3.47,3.68,4.07,5.06
2024-09-13,3.57,3.43,3.66,4.05,4.97
2024-09-16,3.56,3.41,3.63,4.01,4.96
2024-09-17,3.59,3.44,3.65,4.02,4.95
2024-09-18,3.61,3.47,3.7,4.08,4.84
2024-09-19,3.59,3.49,3.73,4.11,4.8
2024-09-20,3.55,3.48,3.73,4.1,4.75
2024-09-23,3.57,3.51,3.75,4.12,4.72
2024-09-24,3.49,3.47,3.74,4.13,4.69
2024-09-25,3.53,3.52,3.79,4.18,4.69
2024-09-26,3.6,3.55,3.79,4.17,4.68
2024-09-27,3.55,3.5,3.75,4.15,4.68
2024-09-30,3.66,3.58,3.81,4.19,4.73
2024-10-01,3.61,3.51,3.74,4.14,4.71
2024-10-02,3.63,3.55,3.79,4.19,4.69
2024-10-03,3.7,3.62,3.85,4.24,4.68
2024-10-04,3.93,3.81,3.98,4.33,4.73
2024-10-07,3.99,3.86,4.03,4.37,4.77
2024-10-08,3.98,3.86,4.04,4.38,4.75
2024-10-09,3.99,3.91,4.06,4.41,4.75
2024-10-10,3.98,3.91,4.09,4.44,4.75
2024-10-11,3.95,3.88,4.08,4.44,4.73
2024-10-14,,,,,
2024-10-15,3.95,3.86,4.03,4.37,4.73
2024-10-16,3.93,3.84,4.02,4.36,4.72
2024-10-17,3.96,3.9,4.09,4.44,4.74
2024-10-18,3.95,3.88,4.08,4.44,4.73
2024-10-21,4.02,3.98,4.19,4.54,4.73
2024-10-22,4.03,4.0,4.2,4.55,4.72
2024-10-23,4.07,4.05,4.24,4.58,4.73
2024-10-24,4.07,4.03,4.21,4.54,4.7
2024-10-25,4.11,4.07,4.25,4.58,4.73
2024-10-28,4.12,4.11,4.28,4.61,4.7
2024-10-29,4.11,4.11,4.28,4.61,4.7
2024-10-30,4.15,4.14,4.29,4.6,4.67
2024-10-31,4.16,4.15,4.28,4.58,4.64
2024-11-01,4.21,4.22,4.37,4.68,4.61
2024-11-04,4.17,4.17,4.31,4.6,4.65
2024-11-05,4.19,4.16,4.26,4.55,4.64
2024-11-06,4.27,4.27,4.42,4.71,4.64
2024-11-07,4.21,4.17,4.31,4.62,4.63
2024-11-08,4.26,4.2,4.3,4.58,4.63
2024-11-11,,,,,
2024-11-12,4.34,4.32,4.43,4.7,4.63
2024-11-13,4.27,4.3,4.44,4.73,4.6
2024-11-14,4.34,4.32,4.43,4.69,4.61
2024-11-15,4.31,4.3,4.43,4.7,4.6
2024-11-18,4.29,4.28,4.42,4.7,4.63
2024-11-19,4.27,4.25,4.39,4.66,4.62
2024-11-20,4.31,4.28,4.41,4.66,4.62
2024-11-21,4.34,4.3,4.43,4.68,4.63
2024-11-22,4.37,4.3,4.41,4.67,4.63
2024-11-25,4.21,4.17,4.27,4.53,4.62
2024-11-26,4.21,4.17,4.3,4.56,4.61
2024-11-27,4.19,4.11,4.25,4.52,4.6
2024-11-28,,,,,
2024-11-29,4.13,4.05,4.18,4.45,4.58
2024-12-02,4.17,4.08,4.19,4.46,4.51
2024-12-03,4.17,4.11,4.23,4.5,4.49
2024-12-04,4.13,4.07,4.19,4.45,4.47
2024-12-05,4.15,4.07,4.17,4.43,4.46
2024-12-06,4.1,4.03,4.15,4.42,4.42
2024-12-09,4.13,4.07,4.2,4.47,4.42
2024-12-10,4.15,4.09,4.22,4.49,4.41
2024-12-11,4.15,4.13,4.26,4.55,4.38
2024-12-12,4.18,4.18,4.32,4.62,4.35
2024-12-13,4.25,4.25,4.4,4.69,4.34
2024-12-16,4.25,4.25,4.39,4.68,4.37
2024-12-17,4.25,4.26,4.4,4.68,4.38
2024-12-18,4.35,4.4,4.5,4.74,4.36
2024-12-19,4.32,4.43,4.57,4.82,4.35
2024-12-20,4.3,4.37,4.52,4.79,4.34
2024-12-23,4.3,4.44,4.59,4.85,4.36
2024-12-24,4.29,4.43,4.59,4.84,4.4
2024-12-25,,,,,
2024-12-26,4.3,4.42,4.58,4.83,4.35
2024-12-27,4.31,4.45,4.62,4.89,4.31
2024-12-30,4.24,4.37,4.55,4.84,4.37
2024-12-31,4.25,4.38,4.58,4.86,4.37
2025-01-01,,,,,
2025-01-02,4.25,4.38,4.57,4.86,4.36
2025-01-03,4.28,4.41,4.6,4.88,4.34
2025-01-06,4.28,4.42,4.62,4.91,4.35
2025-01-07,4.3,4.46,4.67,4.97,4.35
2025-01-08,4.28,4.45,4.67,4.97,4.35
2025-01-09,4.27,4.46,4.68,4.98,4.35
2025-01-10,4.4,4.59,4.77,5.04,4.36
2025-01-13,4.4,4.61,4.79,5.05,4.37
2025-01-14,4.37,4.59,4.78,5.06,4.36
2025-01-15,4.27,4.45,4.66,4.95,4.35
2025-01-16,4.23,4.39,4.61,4.91,4.34
2025-01-17,4.27,4.42,4.61,4.91,4.34
2025-01-20,,,,,
2025-01-21,4.29,4.4,4.57,4.87,4.36
2025-01-22,4.29,4.43,4.6,4.89,4.36
2025-01-23,4.29,4.45,4.65,4.92,4.36
2025-01-24,4.27,4.43,4.63,4.91,4.35
2025-01-27,4.17,4.32,4.53,4.82,4.32
2025-01-28,4.19,4.33,4.55,4.84,4.31
2025-01-29,4.21,4.35,4.55,4.85,4.31
2025-01-30,4.18,4.31,4.52,4.81,4.3
2025-01-31,4.22,4.36,4.58,4.88,4.31
2025-02-03,4.26,4.35,4.54,4.82,4.34
2025-02-04,4.21,4.31,4.52,4.81,4.33
2025-02-05,4.17,4.24,4.43,4.69,4.33
2025-02-06,4.21,4.28,4.45,4.7,4.34
2025-02-07,4.29,4.34,4.49,4.75,4.35
2025-02-10,4.28,4.34,4.51,4.76,4.35
2025-02-11,4.29,4.37,4.54,4.8,4.35
2025-02-12,4.36,4.48,4.62,4.9,4.35
2025-02-13,4.31,4.39,4.52,4.79,4.34
2025-02-14,4.26,4.33,4.47,4.75,4.34
2025-02-17,,,,,
2025-02-18,4.29,4.4,4.55,4.83,4.34
2025-02-19,4.28,4.37,4.53,4.79,4.34
2025-02-20,4.28,4.34,4.5,4.77,4.33
2025-02-21,4.19,4.26,4.42,4.69,4.32
2025-02-24,4.13,4.23,4.4,4.69,4.31
2025-02-25,4.07,4.12,4.3,4.59,4.3
2025-02-26,4.05,4.06,4.25,4.55,4.31
2025-02-27,4.07,4.09,4.29,4.59,4.32
2025-02-28,3.99,4.03,4.24,4.55,4.32
2025-03-03,3.96,3.97,4.16,4.49,4.35
2025-03-04,3.96,4.01,4.22,4.56,4.34
2025-03-05,3.99,4.08,4.28,4.61,4.35
2025-03-06,3.96,4.06,4.29,4.63,4.34
2025-03-07,3.99,4.09,4.32,4.66,4.34
2025-03-10,3.89,3.98,4.22,4.58,4.33
2025-03-11,3.94,4.03,4.28,4.63,4.34
2025-03-12,4.01,4.09,4.32,4.67,4.35
2025-03-13,3.94,4.02,4.27,4.63,4.34
2025-03-14,4.02,4.09,4.31,4.65,4.33
2025-03-17,4.06,4.11,4.31,4.64,4.34
2025-03-18,4.04,4.07,4.29,4.61,4.34
2025-03-19,3.99,4.03,4.25,4.58,4.33
2025-03-20,3.95,4.01,4.24,4.57,4.33
2025-03-21,3.94,4.0,4.25,4.6,4.33
2025-03-24,4.04,4.09,4.34,4.68,4.33
2025-03-25,3.96,4.07,4.31,4.67,4.33
2025-03-26,3.98,4.08,4.35,4.71,4.33
2025-03-27,3.97,4.09,4.38,4.75,4.33
2025-03-28,3.89,3.98,4.27,4.65,4.33
2025-03-31,3.89,3.96,4.23,4.62,4.32
2025-04-01,3.87,3.91,4.17,4.56,4.32
2025-04-02,3.91,3.95,4.2,4.58,4.32
2025-04-03,3.71,3.75,4.06,4.51,4.31
2025-04-04,3.68,3.72,4.01,4.44,4.28
2025-04-07,3.73,3.82,4.15,4.61,4.29
2025-04-08,3.71,3.88,4.26,4.76,4.31
2025-04-09,3.91,4.06,4.34,4.78,4.35
2025-04-10,3.84,4.04,4.4,4.9,4.34
2025-04-11,3.96,4.15,4.48,4.91,4.34
2025-04-14,3.84,4.02,4.38,4.84,4.33
2025-04-15,3.84,3.98,4.35,4.82,4.33
2025-04-16,3.77,3.91,4.29,4.77,4.33
2025-04-17,3.81,3.95,4.34,4.82,4.34
2025-04-18,,,,,
2025-04-21,3.75,3.97,4.42,4.94,4.34
2025-04-22,3.76,3.98,4.41,4.9,4.33
2025-04-23,3.81,4.0,4.4,4.86,4.33
2025-04-24,3.77,3.91,4.32,4.79,4.32
2025-04-25,3.74,3.88,4.29,4.75,4.32
2025-04-28,3.67,3.81,4.23,4.71,4.32
2025-04-29,3.65,3.77,4.19,4.66,4.31
2025-04-30,3.6,3.72,4.17,4.68,4.31
2025-05-01,3.7,3.81,4.25,4.75,4.31
2025-05-02,3.83,3.92,4.33,4.81,4.33
2025-05-05,3.83,3.95,4.36,4.84,4.33
2025-05-06,3.78,3.9,4.3,4.82,4.33
2025-05-07,3.78,3.87,4.26,4.78,4.34
2025-05-08,3.9,4.0,4.37,4.86,4.34
2025-05-09,3.88,4.0,4.37,4.86,4.34
2025-05-12,3.98,4.09,4.45,4.92,4.42
2025-05-13,4.02,4.12,4.49,4.97,4.41
2025-05-14,4.05,4.17,4.53,5.0,4.41
2025-05-15,3.96,4.07,4.45,4.93,4.38
2025-05-16,3.98,4.06,4.43,4.92,4.37
2025-05-19,3.97,4.07,4.46,4.95,4.39
2025-05-20,3.97,4.07,4.48,4.99,4.38
2025-05-21,4.0,4.15,4.58,5.08,4.36
2025-05-22,4.0,4.11,4.54,5.05,4.37
2025-05-23,4.0,4.08,4.51,5.03,4.36
2025-05-26,,,,,
2025-05-27,3.92,4.04,4.43,4.95,4.35
2025-05-28,3.96,4.05,4.47,4.99,4.35
2025-05-29,3.92,4.0,4.43,4.94,4.36
2025-05-30,3.89,3.96,4.41,4.93,4.36
2025-06-02,3.94,4.01,4.46,5.0,4.44
2025-06-03,3.96,4.04,4.46,5.0,4.43
2025-06-04,3.87,3.93,4.37,4.9,4.44
2025-06-05,3.92,3.99,4.4,4.9,4.44
2025-06-06,4.04,4.13,4.51,4.99,4.43
2025-06-09,4.01,4.09,4.49,4.98,4.44
2025-06-10,4.01,4.08,4.47,4.96,4.45
2025-06-11,3.94,4.02,4.41,4.93,4.45
2025-06-12,3.9,3.97,4.36,4.86,4.46
2025-06-13,3.96,4.02,4.41,4.93,4.45
2025-06-16,3.97,4.04,4.46,4.97,4.43
2025-06-17,3.94,3.99,4.39,4.89,4.42
2025-06-18,3.94,3.98,4.38,4.89,4.42
2025-06-19,,,,,
2025-06-20,3.9,3.96,4.38,4.9,4.39
2025-06-23,3.84,3.91,4.34,4.87,4.38
2025-06-24,3.75,3.86,4.3,4.83,4.38
2025-06-25,3.74,3.83,4.29,4.83,4.38
2025-06-26,3.7,3.79,4.26,4.81,4.39
2025-06-27,3.73,3.83,4.29,4.85,4.39
2025-06-30,3.72,3.79,4.24,4.79,4.41
2025-07-01,3.78,3.84,4.26,4.79,4.4
2025-07-02,3.78,3.87,4.3,4.84,4.41
2025-07-03,3.88,3.94,4.35,4.87,4.42
2025-07-04,,,,,
2025-07-07,3.9,3.96,4.4,4.93,4.42
2025-07-08,3.9,3.99,4.42,4.95,4.42
2025-07-09,3.86,3.92,4.34,4.87,4.42
2025-07-10,3.86,3.93,4.35,4.87,4.42
2025-07-11,3.9,3.99,4.43,4.96,4.41
2025-07-14,3.9,3.98,4.43,4.97,4.42
2025-07-15,3.95,4.05,4.5,5.02,4.42
2025-07-16,3.88,3.99,4.46,5.01,4.41
2025-07-17,3.91,4.01,4.47,5.01,4.41
2025-07-18,3.88,3.96,4.44,4.99,4.4
2025-07-21,3.85,3.91,4.38,4.93,4.41
2025-07-22,3.83,3.88,4.35,4.9,4.41
2025-07-23,3.88,3.94,4.4,4.93,4.41
2025-07-24,3.91,3.98,4.43,4.95,4.42
2025-07-25,3.91,3.95,4.4,4.92,4.42
2025-07-28,3.91,3.96,4.42,4.95,4.4
2025-07-29,3.86,3.9,4.34,4.86,4.4
2025-07-30,3.94,3.96,4.38,4.9,4.41
2025-07-31,3.94,3.96,4.37,4.89,4.41
2025-08-01,3.69,3.77,4.23,4.79,4.35
2025-08-04,3.69,3.75,4.22,4.78,4.35
2025-08-05,3.72,3.77,4.22,4.77,4.34
2025-08-06,3.69,3.77,4.22,4.8,4.32
2025-08-07,3.72,3.79,4.23,4.81,4.32
2025-08-08,3.76,3.84,4.27,4.84,4.32
2025-08-11,3.76,3.83,4.27,4.83,4.34
2025-08-12,3.72,3.83,4.29,4.87,4.33
2025-08-13,3.67,3.77,4.24,4.81,4.29
2025-08-14,3.74,3.82,4.29,4.86,4.3
2025-08-15,3.75,3.85,4.33,4.91,4.3
2025-08-18,3.77,3.86,4.34,4.92,4.33
2025-08-19,3.75,3.82,4.3,4.89,4.3
2025-08-20,3.74,3.81,4.29,4.86,4.3
2025-08-21,3.79,3.86,4.33,4.89,4.32
2025-08-22,3.68,3.76,4.26,4.84,4.27
2025-08-25,3.73,3.8,4.28,4.86,4.29
2025-08-26,3.61,3.75,4.26,4.86,4.28
2025-08-27,3.59,3.69,4.24,4.87,4.26
2025-08-28,3.62,3.69,4.22,4.83,4.26
2025-08-29,3.59,3.68,4.23,4.86,4.23
2025-09-01,,,,,
2025-09-02,3.66,3.74,4.28,4.92,4.2
2025-09-03,3.61,3.69,4.22,4.85,4.18
2025-09-04,3.59,3.65,4.17,4.81,4.16
2025-09-05,3.51,3.59,4.1,4.72,4.07
2025-09-08,3.49,3.57,4.05,4.65,4.1
2025-09-09,3.54,3.61,4.08,4.68,4.1
2025-09-10,3.54,3.59,4.04,4.65,4.09
2025-09-11,3.52,3.59,4.01,4.61,4.08
2025-09-12,3.56,3.63,4.06,4.65,4.08
2025-09-15,3.54,3.61,4.05,4.63,4.06
2025-09-16,3.51,3.59,4.04,4.61,4.04
2025-09-17,3.52,3.62,4.06,4.62,4.02
2025-09-18,3.57,3.67,4.11,4.68,4.03
2025-09-19,3.57,3.68,4.14,4.71,4.03
2025-09-22,3.61,3.71,4.15,4.73,4.0
2025-09-23,3.53,3.68,4.12,4.7,4.0
2025-09-24,3.57,3.7,4.16,4.73,4.02
2025-09-25,3.64,3.75,4.18,4.73,4.04
2025-09-26,3.63,3.76,4.2,4.74,4.02
2025-09-29,3.63,3.74,4.15,4.69,4.04
2025-09-30,3.6,3.74,4.16,4.71,4.02
2025-10-01,3.55,3.68,4.12,4.69,4.01
2025-10-02,3.55,3.67,4.1,4.66,4.02
2025-10-03,3.58,3.72,4.13,4.69,4.03
2025-10-06,3.6,3.75,4.18,4.73,4.02
2025-10-07,3.57,3.71,4.14,4.7,4.01
2025-10-08,3.58,3.72,4.13,4.69,4.01
2025-10-09,3.6,3.74,4.14,4.7,4.03
2025-10-10,3.52,3.65,4.05,4.6,4.02
2025-10-13,,,,,
2025-10-14,3.48,3.6,4.03,4.59,4.02
2025-10-15,3.5,3.63,4.05,4.61,4.03
2025-10-16,3.41,3.55,3.99,4.56,4.02
2025-10-17,3.46,3.59,4.02,4.58,4.0
2025-10-20,3.46,3.58,4.0,4.56,3.97
2025-10-21,3.45,3.56,3.98,4.53,3.96
2025-10-22,3.45,3.56,3.97,4.52,3.96
2025-10-23,3.48,3.61,4.01,4.55,3.95
2025-10-24,3.48,3.61,4.02,4.56,3.93
2025-10-27,3.48,3.61,4.01,4.55,3.89
2025-10-28,3.47,3.6,3.99,4.53,3.89
2025-10-29,3.59,3.7,4.08,4.59,3.93
2025-10-30,3.61,3.72,4.11,4.64,3.92
2025-10-31,3.6,3.71,4.11,4.65,3.89
2025-11-03,3.6,3.72,4.13,4.67,3.98
2025-11-04,3.58,3.69,4.1,4.65,3.96
2025-11-05,3.63,3.76,4.17,4.72,3.96
2025-11-06,3.57,3.69,4.11,4.67,3.93
2025-11-07,3.55,3.67,4.11,4.68,3.92
2025-11-10,3.58,3.72,4.13,4.69,3.95
2025-11-11,,,,,
2025-11-12,3.56,3.68,4.08,4.65,3.95
2025-11-13,3.58,3.71,4.11,4.69,3.96
2025-11-14,3.62,3.74,4.14,4.73,3.95
2025-11-17,3.6,3.72,4.13,4.71,3.97
2025-11-18,3.58,3.7,4.12,4.72,3.94
2025-11-19,3.58,3.71,4.13,4.71,3.95
2025-11-20,3.55,3.68,4.1,4.68,3.94
2025-11-21,3.51,3.62,4.06,4.67,3.9
2025-11-24,3.46,3.61,4.04,4.64,3.91
2025-11-25,3.43,3.55,4.01,4.62,3.9
2025-11-26,3.45,3.56,4.0,4.6,3.92
2025-11-27,,,,,
2025-11-28,3.47,3.59,4.02,4.62,3.88
2025-12-01,3.54,3.67,4.09,4.71,3.81
2025-12-02,3.51,3.66,4.09,4.7,3.77
2025-12-03,3.49,3.62,4.06,4.68,3.72
2025-12-04,3.52,3.68,4.11,4.72,3.71
2025-12-05,3.56,3.72,4.14,4.75,3.71
2025-12-08,3.57,3.75,4.17,4.78,3.73
2025-12-09,3.61,3.78,4.18,4.77,3.73
2025-12-10,3.54,3.72,4.13,4.74,3.69
2025-12-11,3.52,3.72,4.14,4.75,3.66
2025-12-12,3.52,3.75,4.19,4.82,3.63
2025-12-15,3.51,3.73,4.18,4.8,3.65
2025-12-16,3.48,3.69,4.15,4.77,3.64
2025-12-17,3.49,3.7,4.16,4.78,3.64
2025-12-18,3.46,3.66,4.12,4.74,3.62
2025-12-19,3.48,3.7,4.16,4.77,3.62
2025-12-22,3.44,3.71,4.17,4.78,3.64
2025-12-23,3.48,3.72,4.18,4.78,3.65
2025-12-24,3.47,3.7,4.15,4.75,3.69
2025-12-25,,,,,
2025-12-26,3.46,3.68,4.14,4.76,3.64
2025-12-29,3.45,3.67,4.12,4.75,3.68
2025-12-30,3.45,3.68,4.14,4.76,3.65
2025-12-31,3.47,3.73,4.18,4.79,3.67
2026-01-01,,,,,
2026-01-02,3.47,3.74,4.19,4.81,3.65
2026-01-05,3.46,3.71,4.17,4.79,3.64
2026-01-06,3.47,3.72,4.18,4.8,3.63
2026-01-07,3.47,3.7,4.15,4.76,3.62
2026-01-08,3.49,3.74,4.19,4.79,3.62
2026-01-09,3.54,3.75,4.18,4.76,3.62
2026-01-12,3.54,3.77,4.19,4.78,3.67
2026-01-13,3.53,3.75,4.18,4.77,3.67
2026-01-14,3.51,3.72,4.15,4.73,3.67
2026-01-15,3.56,3.77,4.17,4.74,3.68
2026-01-16,3.59,3.82,4.24,4.79,3.67
2026-01-19,,,,,
2026-01-20,3.6,3.86,4.3,4.87,3.7
2026-01-21,3.6,3.83,4.26,4.82,3.7
2026-01-22,3.61,3.85,4.26,4.79,3.71
2026-01-23,3.6,3.84,4.24,4.78,3.7
2026-01-26,3.56,3.82,4.22,4.75,3.67
2026-01-27,3.53,3.81,4.24,4.79,3.67
2026-01-28,3.56,3.83,4.26,4.81,3.68
2026-01-29,3.53,3.8,4.24,4.8,3.67
2026-01-30,3.52,3.79,4.26,4.82,3.67
2026-02-02,3.57,3.83,4.29,4.85,3.69
2026-02-03,3.57,3.83,4.28,4.85,3.69
2026-02-04,3.57,3.83,4.29,4.86,3.69
2026-02-05,3.47,3.74,4.21,4.79,3.67
2026-02-06,3.5,3.76,4.22,4.8,3.68
2026-02-09,3.48,3.75,4.22,4.79,3.69
2026-02-10,3.45,3.7,4.16,4.73,3.69
2026-02-11,3.52,3.75,4.18,4.76,3.7
2026-02-12,3.47,3.67,4.09,4.68,3.7
2026-02-13,3.4,3.61,4.04,4.64,3.68
2026-02-16,,,,,
2026-02-17,3.43,3.63,4.05,4.63,3.69
2026-02-18,3.47,3.66,4.09,4.65,3.7
2026-02-19,3.47,3.65,4.08,4.64,3.69
2026-02-20,3.48,3.65,4.08,4.66,3.69
2026-02-23,3.43,3.59,4.03,4.63,3.69
2026-02-24,3.43,3.61,4.04,4.63,3.69
2026-02-25,3.45,3.61,4.05,4.63,3.69
2026-02-26,3.42,3.57,4.02,4.6,3.68
2026-02-27,3.38,3.51,3.97,4.57,3.67
2026-03-02,3.47,3.62,4.05,4.64,3.72
2026-03-03,3.51,3.63,4.06,4.65,3.71
2026-03-04,3.54,3.67,4.09,4.67,3.71
2026-03-05,3.57,3.72,4.13,4.71,3.7
2026-03-06,3.56,3.72,4.15,4.74,3.69
2026-03-09,3.56,3.71,4.12,4.7,3.71
2026-03-10,3.57,3.73,4.15,4.74,3.71
2026-03-11,3.64,3.79,4.21,4.82,3.71
2026-03-12,3.76,3.88,4.27,4.86,3.72
2026-03-13,3.73,3.87,4.28,4.89,3.72
2026-03-16,3.68,3.8,4.23,4.83,3.72
2026-03-17,3.68,3.79,4.2,4.81,3.72
2026-03-18,3.76,3.87,4.26,4.84,3.73
2026-03-19,3.79,3.88,4.25,4.82,3.73
2026-03-20,3.88,4.01,4.39,4.97,3.74
2026-03-23,3.83,3.95,4.34,4.93,3.74
2026-03-24,3.9,4.03,4.39,4.95,3.74
2026-03-25,3.84,3.96,4.33,4.9,3.73
2026-03-26,3.96,4.08,4.42,4.96,3.73
2026-03-27,3.88,4.06,4.44,4.99,3.73
2026-03-30,3.82,3.97,4.35,4.92,3.71
2026-03-31,3.79,3.92,4.3,4.88,3.7
2026-04-01,3.81,3.97,4.33,4.91,3.7
2026-04-02,3.79,3.94,4.31,4.88,3.7
2026-04-03,3.84,3.99,4.35,4.91,3.71
2026-04-06,3.84,3.98,4.34,4.89,3.72
2026-04-07,3.81,3.95,4.33,4.9,3.71
2026-04-08,3.79,3.92,4.29,4.87,3.69
2026-04-09,3.78,3.91,4.29,4.88,3.68
2026-04-10,3.81,3.94,4.31,4.89,3.69
2026-04-13,3.78,3.92,4.3,4.88,3.71
2026-04-14,3.76,3.87,4.26,4.84,3.71
2026-04-15,3.76,3.9,4.29,4.87,3.71
2026-04-16,3.78,3.91,4.32,4.9,3.7
2026-04-17,3.71,3.84,4.26,4.85,3.7
2026-04-20,3.72,3.86,4.26,4.85,3.71
2026-04-21,3.78,3.91,4.3,4.87,3.69
2026-04-22,3.79,3.91,4.3,4.87,3.69
2026-04-23,3.83,3.96,4.34,4.9,3.69
2026-04-24,3.78,3.92,4.31,4.88,3.69
2026-04-27,3.78,3.94,4.35,4.92,3.68
2026-04-28,3.84,3.97,4.36,4.92,3.68
2026-04-29,3.92,4.05,4.42,4.97,3.68
2026-04-30,3.88,4.02,4.4,4.97,3.68
2026-05-01,3.88,4.02,4.39,4.96,3.68
2026-05-04,3.95,4.08,4.45,5.01,3.7
2026-05-05,3.93,4.08,4.43,4.98,3.69
2026-05-06,3.87,3.99,4.36,4.92,3.69
2026-05-07,3.92,4.04,4.41,4.96,3.69
2026-05-08,3.9,4.02,4.38,4.93,3.69
2026-05-11,3.95,4.07,4.42,4.97,3.7
2026-05-12,4.0,4.12,4.46,5.02,3.7
2026-05-13,3.98,4.12,4.46,5.03,3.69
2026-05-14,4.0,4.13,4.47,5.01,3.69
2026-05-15,4.09,4.26,4.59,5.14,3.69
2026-05-18,4.07,4.27,4.61,5.14,3.68
2026-05-19,4.13,4.32,4.67,5.19,3.67
2026-05-20,4.04,4.22,4.57,5.1,3.65
2026-05-21,4.08,4.25,4.57,5.09,3.68
2026-05-22,4.13,4.27,4.56,5.06,3.68
2026-05-25,,,,,
2026-05-26,4.01,4.19,4.5,5.03,3.68
2026-05-27,4.0,4.17,4.48,5.01,3.68
2026-05-28,3.99,4.15,4.45,4.98,3.69
2026-05-29,3.98,4.13,4.45,4.98,3.69
2026-06-01,4.05,4.18,4.47,4.99,3.78
2026-06-02,4.05,4.17,4.46,4.97,3.77
2026-06-03,4.08,4.21,4.49,5.0,3.78
2026-06-04,4.05,4.18,4.47,4.98,3.78
2026-06-05,4.17,4.29,4.55,5.03,3.78
2026-06-08,4.15,4.29,4.56,5.05,3.8
2026-06-09,4.13,4.26,4.53,5.02,3.79
2026-06-10,4.13,4.27,4.55,5.04,3.79
2026-06-11,4.05,4.18,4.45,4.96,3.78
2026-06-12,4.09,4.21,4.48,4.98,3.78
2026-06-15,4.07,4.18,4.47,4.97,3.79
2026-06-16,4.05,4.16,4.43,4.92,3.79
2026-06-17,4.2,4.27,4.49,4.95,3.83
2026-06-18,4.19,4.23,4.46,4.91,3.83
2026-06-19,,,,,
2026-06-22,4.24,4.29,4.51,4.97,3.85
2026-06-23,4.16,4.27,4.5,4.96,3.85
2026-06-24,4.11,4.17,4.41,4.87,3.85
2026-06-25,4.09,4.15,4.4,4.87,3.84
2026-06-26,4.07,4.12,4.38,4.87,3.83
2026-06-29,4.1,4.14,4.38,4.86,3.87
2026-06-30,4.14,4.19,4.44,4.93,3.87
2026-07-01,4.17,4.24,4.48,4.97,3.85
2026-07-02,4.14,4.23,4.49,4.99,3.82
2026-07-03,,,,,
2026-07-06,4.13,4.21,4.48,4.99,3.87
2026-07-07,4.19,4.27,4.55,5.05,3.86
2026-07-08,4.21,4.31,4.56,5.07,3.87
2026-07-09,4.16,4.27,4.54,5.06,3.83
2026-07-10,4.21,4.3,4.56,5.08,3.85
2026-07-13,4.26,4.37,4.62,5.11,3.89
2026-07-14,4.18,4.31,4.58,5.09,3.84
2026-07-15,4.13,4.26,4.55,5.07,3.83
2026-07-16,4.16,4.28,4.57,5.09,3.84
2026-07-17,4.18,4.28,4.55,5.07,3.85
2026-07-20,4.21,4.33,4.6,5.12,3.86
2026-07-21,4.26,4.37,4.63,5.14,3.87
2026-07-22,4.31,4.41,4.67,5.17,3.89
2026-07-23,4.37,4.46,4.71,5.2,3.95
2026-07-24,4.33,4.43,4.69,5.18,3.96
2026-07-27,4.31,4.4,4.65,5.15,3.96
2026-07-28,4.26,4.35,4.61,5.11,3.9
2026-07-29,4.22,4.37,4.67,5.21,3.83
2026-07-30,4.23,4.38,4.68,5.22,3.82
2026-07-31,4.28,4.45,4.75,5.28,3.83
2026-08-03,4.25,4.4,4.7,5.23,3.91
2026-08-04,4.2,4.33,4.63,5.18,3.89
2026-08-05,4.18,4.33,4.63,5.18,3.89
2026-08-06,4.25,4.4,4.69,5.22,3.9
2026-08-07,4.19,4.35,4.65,5.2,3.87
2026-08-10,4.25,4.41,4.72,5.25,3.89
2026-08-11,4.22,4.39,4.7,5.25,3.89
2026-08-12,4.2,4.38,4.68,5.24,3.87
2026-08-13,4.15,4.32,4.63,5.2,3.87
2026-08-14,4.17,4.36,4.68,5.25,3.86
2026-08-17,4.19,4.38,4.72,5.3,3.87
2026-08-18,4.19,4.37,4.71,5.28,3.86
2026-08-19,4.19,4.35,4.65,5.17,3.86
2026-08-20,4.19,4.39,4.69,5.2,3.87
2026-08-21,4.24,4.43,4.74,5.25,3.88
2026-08-24,4.24,4.41,4.7,5.21,3.87
2026-08-25,4.17,4.35,4.64,5.16,3.86
2026-08-26,4.19,4.37,4.66,5.17,3.85
2026-08-27,4.2,4.38,4.67,5.18,3.84
2026-08-28,4.34,4.48,4.73,5.21,3.9
2026-08-31,4.34,4.49,4.75,5.24,3.91
2026-09-01,4.39,4.55,4.79,5.27,3.92
2026-09-02,4.39,4.54,4.79,5.27,3.92
2026-09-03,4.34,4.52,4.77,5.25,3.89
2026-09-04,4.37,4.54,4.78,5.25,3.91
2026-09-07,,,,,
2026-09-08,4.39,4.57,4.8,5.26,3.94
2026-09-09,4.43,4.61,4.83,5.28,3.95
2026-09-10,4.56,4.75,4.95,5.39,4.0
2026-09-11,4.63,4.78,4.96,5.38,4.07
2026-09-14,4.65,4.8,4.97,5.37,4.11
2026-09-15,4.67,4.83,5.0,5.4,4.11
2026-09-16,4.74,4.86,5.01,5.39,4.14
2026-09-17,4.67,4.78,4.94,5.32,4.12
2026-09-18,4.76,4.86,5.01,5.38,4.14
2026-09-21,4.76,4.83,4.96,5.33,4.17
2026-09-22,4.71,4.83,4.96,5.33,4.16
2026-09-23,4.85,4.99,5.11,5.45,4.19
2026-09-24,4.87,5.03,5.18,5.53,4.24
2026-09-25,4.81,4.98,5.17,5.54,4.24
2026-09-28,4.92,5.06,5.24,5.6,4.28
2026-09-29,4.89,5.06,5.26,5.64,4.25
2026-09-30,4.88,5.09,5.29,5.68,4.2
2026-10-01,4.78,5.01,5.24,5.64,4.17
2026-10-02,4.83,5.06,5.28,5.67,4.19
2026-10-05,4.84,5.06,5.31,5.7,4.22
