date,IEF,IEI,SHY,SPTB,TLT
2002-07-30,40.00058364868164,,50.72041702270508,,35.41300582885742
2002-07-31,40.36745071411133,,50.87696075439453,,35.851768493652344
2002-08-01,40.5338249206543,,50.97706604003906,,36.05596160888672
2002-08-02,40.84688186645508,,51.07731628417969,,36.42518997192383
2002-08-05,41.052330017089844,,51.15864944458008,,36.5859260559082
2002-08-06,40.71968460083008,,51.033451080322266,,36.27314758300781
2002-08-07,40.84688186645508,,51.10856628417969,,36.36004638671875
2002-08-08,40.70503616333008,,51.033451080322266,,36.36004638671875
2002-08-09,41.00831604003906,,51.045963287353516,,36.8726692199707
2002-08-12,41.091453552246094,,51.03971862792969,,37.09852981567383
2002-08-13,41.41923522949219,,51.127349853515625,,37.554664611816406
2002-08-14,41.29695510864258,,51.01462936401367,,37.69800567626953
2002-08-15,41.05723571777344,,50.9708137512207,,37.36785888671875
2002-08-16,40.788204193115234,,50.939537048339844,,36.950836181640625
2002-08-19,40.82733917236328,,50.94579315185547,,37.06376266479492
2002-08-20,41.20403289794922,,51.064720153808594,,37.476444244384766
2002-08-21,41.10127639770508,,51.020957946777344,,37.27664566040039
2002-08-22,40.88113784790039,,50.9645881652832,,36.950836181640625
2002-08-23,41.06703186035156,,51.027183532714844,,37.31573486328125
2002-08-26,41.0865592956543,,51.020957946777344,,37.35050582885742
2002-08-27,40.964290618896484,,50.983402252197266,,37.115936279296875
2002-08-28,41.11594009399414,,51.020957946777344,,37.30271530151367
2002-08-29,41.30668640136719,,51.07731628417969,,37.60244369506836
2002-08-30,41.38495635986328,,51.09606170654297,,37.828346252441406
2002-09-03,41.83662796020508,,51.21709442138672,,38.409873962402344
2002-09-04,41.82186508178711,,51.19826126098633,,38.401153564453125
2002-09-05,41.98876953125,,51.25468826293945,,38.61056900024414
2002-09-06,41.664791107177734,,51.15434646606445,,38.15688705444336
2002-09-09,41.60590362548828,,51.08536148071289,,38.10015106201172
2002-09-10,41.753150939941406,,51.11674118041992,,38.28340530395508
2002-09-11,41.60097122192383,,51.08536148071289,,38.08268737792969
2002-09-12,41.816959381103516,,51.12302017211914,,38.37935256958008
2002-09-13,42.01329040527344,,51.1606330871582,,38.73275375366211
2002-09-16,42.02801513671875,,51.14182662963867,,38.79817581176758
2002-09-17,42.16545867919922,,51.17943572998047,,38.872337341308594
2002-09-18,42.214576721191406,,51.17315673828125,,38.881072998046875
2002-09-19,42.42561340332031,,51.279808044433594,,39.14282989501953
2002-09-20,42.41090393066406,,51.286048889160156,,38.95960998535156
2002-09-23,42.65143966674805,,51.298606872558594,,39.30862045288086
2002-09-24,42.8035888671875,,51.32373809814453,,39.56162643432617
2002-09-25,42.47962188720703,,51.273563385009766,,39.0817756652832
2002-09-26,42.450191497802734,,51.29234313964844,,38.99015426635742
2002-09-27,42.72999572753906,,51.39893341064453,,39.2824592590332
2002-09-30,42.98032760620117,,51.474212646484375,,39.43955612182617
2002-10-01,42.605167388916016,,51.41141128540039,,38.95033264160156
2002-10-02,42.747947692871094,,51.455352783203125,,39.173683166503906
2002-10-03,42.72332763671875,,51.461669921875,,39.07734680175781
2002-10-04,42.76762390136719,,51.41765594482422,,39.199954986572266
2002-10-07,42.93501663208008,,51.48051834106445,,39.26565933227539
2002-10-08,42.85626220703125,,51.43025588989258,,39.278785705566406
2002-10-09,43.07286834716797,,51.5369987487793,,39.48027420043945
2002-10-10,42.826698303222656,,51.486785888671875,,39.16929626464844
2002-10-11,42.52147674560547,,51.40514373779297,,38.70510482788086
2002-10-14,42.48701477050781,,51.41765594482422,,38.64815139770508
2002-10-15,41.77311706542969,,51.22296905517578,,37.73283767700195
2002-10-16,41.77311706542969,,51.24180221557617,,37.75039291381836
2002-10-17,41.55158615112305,,51.19786071777344,,37.29054260253906
2002-10-18,41.67470169067383,,51.24180221557617,,37.38687515258789
2002-10-21,41.35463333129883,,51.12879180908203,,37.02340316772461
2002-10-22,41.33501052856445,,51.12250900268555,,36.91830062866211
2002-10-23,41.42359924316406,,51.16017150878906,,36.931434631347656
2002-10-24,41.62054443359375,,51.248085021972656,,37.25550842285156
2002-10-25,41.80268859863281,,51.336036682128906,,37.39127731323242
2002-10-28,41.85190963745117,,51.40514373779297,,37.338706970214844
2002-10-29,42.23099899291992,,51.51816177368164,,37.8248176574707
2002-10-30,42.22607421875,,51.51187515258789,,37.81169128417969
2002-10-31,42.44269561767578,,51.59981155395508,,37.982460021972656
2002-11-01,42.188297271728516,,51.545108795166016,,37.823673248291016
2002-11-04,42.054893493652344,,51.494789123535156,,37.656490325927734
2002-11-05,41.94127655029297,,51.48849105834961,,37.5113410949707
2002-11-06,42.079620361328125,,51.50735855102539,,37.66092300415039
2002-11-07,42.48964309692383,,51.532554626464844,,38.59351348876953
2002-11-08,42.593387603759766,,51.513648986816406,,38.905853271484375
2002-11-11,42.702056884765625,,51.563987731933594,,39.11705017089844
2002-11-12,42.56862258911133,,51.57651901245117,,38.89265823364258
2002-11-13,42.6180534362793,,51.58283615112305,,38.97624588012695
2002-11-14,42.08453369140625,,51.45698547363281,,38.16682434082031
2002-11-15,42.11418533325195,,51.482215881347656,,38.32075500488281
2002-11-18,42.15370559692383,,51.482215881347656,,38.49233627319336
2002-11-19,42.188297271728516,,51.469635009765625,,38.63314437866211
2002-11-20,41.95610427856445,,51.425594329833984,,38.25477981567383
2002-11-21,41.714019775390625,,51.35636901855469,,37.88523483276367
2002-11-22,41.66459655761719,,51.33747100830078,,37.85007858276367
2002-11-25,41.600406646728516,,51.36893844604492,,37.77965545654297
2002-11-26,41.97585678100586,,51.463321685791016,,38.25477981567383
2002-11-27,41.49666213989258,,51.375247955322266,,37.392578125
2002-11-29,41.55598068237305,,51.400421142578125,,37.63454818725586
2002-12-02,41.54106903076172,,51.41929244995117,,37.66942596435547
2002-12-03,41.536048889160156,,51.43821334838867,,37.722476959228516
2002-12-04,41.68024444580078,,51.469688415527344,,37.91689682006836
2002-12-05,41.79453659057617,,51.51382827758789,,38.01411056518555
2002-12-06,41.96355056762695,,51.56421661376953,,38.08043670654297
2002-12-09,42.122615814208984,,51.57677459716797,,38.29255294799805
2002-12-10,42.08780288696289,,51.570526123046875,,38.394187927246094
2002-12-11,42.22703552246094,,51.614585876464844,,38.65049743652344
2002-12-12,42.26183319091797,,51.633480072021484,,38.615135192871094
2002-12-13,42.10770034790039,,51.5956916809082,,38.239505767822266
2002-12-16,41.933719635009766,,51.570526123046875,,37.952232360839844
2002-12-17,42.033164978027344,,51.62091827392578,,37.952232360839844
2002-12-18,42.2916374206543,,51.70277786254883,,38.24837112426758
2002-12-19,42.51034164428711,,51.75949478149414,,38.588645935058594
2002-12-20,42.51034164428711,,51.734310150146484,,38.615135192871094
2002-12-23,42.48550796508789,,51.74057388305664,,38.62397003173828
2002-12-24,42.64457321166992,,51.797306060791016,,38.84053421020508
2002-12-26,42.70916748046875,,51.83507537841797,,38.91566848754883
2002-12-27,42.96269607543945,,51.89809036254883,,39.34429931640625
2002-12-30,43.04225158691406,,51.904380798339844,,39.4371337890625
2002-12-31,43.03023910522461,,51.94161605834961,,39.337615966796875
2003-01-02,42.3509407043457,,51.745994567871094,,38.320552825927734
2003-01-03,42.42086410522461,,51.752315521240234,,38.40937423706055
2003-01-06,42.31599044799805,,51.72071838378906,,38.30719757080078
2003-01-07,42.45083236694336,,51.75861740112305,,38.44490432739258
2003-01-08,42.55073928833008,,51.80278778076172,,38.635902404785156
2003-01-09,42.03627014160156,,51.70817184448242,,37.894142150878906
2003-01-10,42.08125305175781,,51.77751159667969,,37.99188995361328
2003-01-13,42.15611267089844,,51.76493835449219,,38.054054260253906
2003-01-14,42.25602340698242,,51.783843994140625,,38.187320709228516
2003-01-15,42.3509407043457,,51.80278778076172,,38.37385177612305
2003-01-16,42.335975646972656,,51.8343505859375,,38.42714309692383
2003-01-17,42.51080322265625,,51.82171630859375,,38.61812973022461
2003-01-21,42.65562438964844,,51.88484573364258,,38.84016799926758
2003-01-22,42.8304443359375,,51.922672271728516,,39.03118896484375
2003-01-23,42.74055862426758,,51.891143798828125,,38.84016799926758
2003-01-24,42.82545852661133,,51.88484573364258,,39.07113265991211
2003-01-27,42.695621490478516,,51.88484573364258,,38.92901611328125
2003-01-28,42.700557708740234,,51.89747619628906,,38.92901611328125
2003-01-29,42.515769958496094,,51.85329818725586,,38.715850830078125
2003-01-30,42.68059158325195,,51.9163703918457,,39.0045280456543
2003-01-31,42.700557708740234,,51.90380096435547,,39.111087799072266
2003-02-03,42.63440704345703,,51.87342834472656,,39.168174743652344
2003-02-04,42.774715423583984,,51.930328369140625,,39.34199142456055
2003-02-05,42.609375,,51.911338806152344,,39.003265380859375
2003-02-06,42.774715423583984,,51.93656921386719,,39.31970977783203
2003-02-07,42.794803619384766,,51.980873107910156,,39.408851623535156
2003-02-10,42.71461486816406,,51.94292068481445,,39.132469177246094
2003-02-11,42.75468826293945,,51.96192932128906,,39.123626708984375
2003-02-12,42.94009780883789,,52.00614547729492,,39.26176071166992
2003-02-13,43.09543991088867,,52.05038070678711,,39.47569274902344
2003-02-14,42.94511413574219,,52.00614547729492,,39.136962890625
2003-02-18,42.94511413574219,,51.98720169067383,,39.1860237121582
2003-02-19,43.105472564697266,,52.01250076293945,,39.453433990478516
2003-02-20,43.25580978393555,,52.04408264160156,,39.587093353271484
2003-02-21,43.09543991088867,,51.99979782104492,,39.35533142089844
2003-02-24,43.265838623046875,,52.02511215209961,,39.542564392089844
2003-02-25,43.325992584228516,,52.05670166015625,,39.72531509399414
2003-02-26,43.45625686645508,,52.081947326660156,,40.00164794921875
2003-02-27,43.4963493347168,,52.081947326660156,,40.068504333496094
2003-02-28,43.64165496826172,,52.10723876953125,,40.32254409790039
2003-03-03,43.73212814331055,,52.124393463134766,,40.37172317504883
2003-03-04,43.81752395629883,,52.11801528930664,,40.39860153198242
2003-03-05,43.89794158935547,,52.16232681274414,,40.53279113769531
2003-03-06,43.807491302490234,,52.181331634521484,,40.37621307373047
2003-03-07,43.95323944091797,,52.231929779052734,,40.51491928100586
2003-03-10,44.09892272949219,,52.28254318237305,,40.725189208984375
2003-03-11,44.08887481689453,,52.23822021484375,,40.65358352661133
2003-03-12,43.98836135864258,,52.20024871826172,,40.801231384277344
2003-03-13,43.50093078613281,,52.042118072509766,,40.04962921142578
2003-03-14,43.64167404174805,,52.092681884765625,,40.24646759033203
2003-03-17,43.299930572509766,,52.02945327758789,,39.763282775878906
2003-03-18,43.06381607055664,,51.98511505126953,,39.38749313354492
2003-03-19,42.85777282714844,,51.97246551513672,,39.09672927856445
2003-03-20,42.887882232666016,,52.03575897216797,,39.03407669067383
2003-03-21,42.49595642089844,,51.902854919433594,,38.49717330932617
2003-03-24,42.90800857543945,,52.01674270629883,,39.105648040771484
2003-03-25,42.91306686401367,,52.01674270629883,,39.0609130859375
2003-03-26,43.013526916503906,,52.08004379272461,,39.14142990112305
2003-03-27,43.09396743774414,,52.092681884765625,,39.16830825805664
2003-03-28,43.16432571411133,,52.16232681274414,,39.257747650146484
2003-03-31,43.47583770751953,,52.20024871826172,,39.77223205566406
2003-04-01,43.41990280151367,,52.18891143798828,,39.659034729003906
2003-04-02,43.11250305175781,,52.13188552856445,,39.24565505981445
2003-04-03,43.188087463378906,,52.16353225708008,,39.22321319580078
2003-04-04,43.11250305175781,,52.150856018066406,,39.11091613769531
2003-04-07,43.011688232421875,,52.119136810302734,,39.021018981933594
2003-04-08,43.17299270629883,,52.16990661621094,,39.33556365966797
2003-04-09,43.31909942626953,,52.20153045654297,,39.452354431152344
2003-04-10,43.20318603515625,,52.13188552856445,,39.268165588378906
2003-04-11,43.09232711791992,,52.106483459472656,,39.20521545410156
2003-04-14,42.97138214111328,,52.06209945678711,,39.097408294677734
2003-04-15,43.12260437011719,,52.100135803222656,,39.308570861816406
2003-04-16,43.218379974365234,,52.106483459472656,,39.47028350830078
2003-04-17,43.162872314453125,,52.06209945678711,,39.53323745727539
2003-04-21,43.08222198486328,,52.09380340576172,,39.447853088378906
2003-04-22,43.09232711791992,,52.08744430541992,,39.425392150878906
2003-04-23,43.072181701660156,,52.12552261352539,,39.50627517700195
2003-04-24,43.32415771484375,,52.17618179321289,,39.86124038696289
2003-04-25,43.394710540771484,,52.22687911987305,,39.95109558105469
2003-04-28,43.349342346191406,,52.21421813964844,,39.8881721496582
2003-04-29,43.273765563964844,,52.17618179321289,,39.82076644897461
2003-04-30,43.535804748535156,,52.28389358520508,,40.18922424316406
2003-05-01,43.57225799560547,,52.28388977050781,,40.20863342285156
2003-05-02,43.334442138671875,,52.226829528808594,,39.89243698120117
2003-05-05,43.47105407714844,,52.26487731933594,,40.10474395751953
2003-05-06,43.73918533325195,,52.341064453125,,40.303497314453125
2003-05-07,44.04279708862305,,52.35369110107422,,40.77323532104492
2003-05-08,44.08830261230469,,52.32836151123047,,40.87259292602539
2003-05-09,44.1591682434082,,52.31565856933594,,40.913246154785156
2003-05-12,44.346351623535156,,52.35369110107422,,41.17069625854492
2003-05-13,44.38680648803711,,52.341064453125,,41.261016845703125
2003-05-14,44.6296501159668,,52.37276840209961,,41.893409729003906
2003-05-15,44.5841064453125,,52.35369110107422,,42.02438735961914
2003-05-16,44.821922302246094,,52.410823822021484,,42.331520080566406
2003-05-19,44.81182861328125,,52.42350769042969,,42.18698501586914
2003-05-20,45.110313415527344,,52.493370056152344,,42.81029510498047
2003-05-21,44.96867370605469,,52.42350769042969,,42.80574417114258
2003-05-22,45.18118667602539,,52.44258117675781,,43.18519973754883
2003-05-23,45.13057327270508,,52.46162414550781,,43.29359817504883
2003-05-27,44.963592529296875,,52.44258117675781,,42.512203216552734
2003-05-28,44.97369384765625,,52.47433090209961,,42.43988800048828
2003-05-29,45.211517333984375,,52.493370056152344,,42.81029510498047
2003-05-30,45.18625259399414,,52.47433090209961,,42.7290153503418
2003-06-02,45.01069259643555,,52.44697952270508,,42.415130615234375
2003-06-03,45.310028076171875,,52.54869079589844,,42.75531005859375
2003-06-04,45.44190216064453,,52.593143463134766,,42.882328033447266
2003-06-05,45.27956771850586,,52.56140899658203,,42.546634674072266
2003-06-06,45.22883605957031,,52.54869079589844,,42.70085144042969
2003-06-09,45.4774055480957,,52.618587493896484,,42.98665237426758
2003-06-10,45.731082916259766,,52.67578887939453,,43.49918746948242
2003-06-11,45.63469696044922,,52.63765335083008,,43.44475555419922
2003-06-12,45.812278747558594,,52.66942596435547,,43.78496551513672
2003-06-13,45.97970199584961,,52.713924407958984,,44.079811096191406
2003-06-16,45.7412223815918,,52.65037155151367,,43.662471771240234
2003-06-17,45.492618560791016,,52.57411575317383,,43.31770706176758
2003-06-18,45.21867752075195,,52.580467224121094,,42.76436996459961
2003-06-19,45.2846565246582,,52.63132858276367,,42.68272399902344
2003-06-20,45.2136116027832,,52.618587493896484,,42.52396011352539
2003-06-23,45.3861198425293,,52.66942596435547,,42.777976989746094
2003-06-24,45.59918212890625,,52.70757293701172,,43.17262649536133
2003-06-25,45.254234313964844,,52.59950256347656,,42.48316192626953
2003-06-26,44.80776596069336,,52.504173278808594,,41.911651611328125
2003-06-27,44.767154693603516,,52.51686477661133,,41.76197052001953
2003-06-30,44.87367630004883,,52.56140899658203,,41.95698165893555
2003-07-01,44.992767333984375,,52.56266403198242,,41.7489128112793
2003-07-02,45.038822174072266,,52.588199615478516,,41.853641510009766
2003-07-03,44.75254440307617,,52.530845642089844,,41.252593994140625
2003-07-07,44.51228713989258,,52.51811599731445,,40.9885139465332
2003-07-08,44.52762985229492,,52.49905014038086,,41.02494812011719
2003-07-09,44.60943603515625,,52.51174545288086,,41.15693664550781
2003-07-10,44.7116813659668,,52.55625534057617,,41.14333724975586
2003-07-11,44.87010955810547,,52.57535171508789,,41.3391227722168
2003-07-14,44.60943603515625,,52.530845642089844,,40.865562438964844
2003-07-15,44.001155853271484,,52.46720886230469,,39.90937423706055
2003-07-16,44.0164680480957,,52.473575592041016,,40.137046813964844
2003-07-17,43.9244499206543,,52.4417724609375,,40.014122009277344
2003-07-18,43.81199264526367,,52.43534851074219,,39.9321403503418
2003-07-21,43.23951721191406,,52.34632110595703,,39.08525466918945
2003-07-22,43.392845153808594,,52.39723205566406,,39.27644729614258
2003-07-23,43.52572250366211,,52.422691345214844,,39.40855407714844
2003-07-24,43.35707092285156,,52.41630172729492,,39.06250762939453
2003-07-25,43.300838470458984,,52.4417724609375,,38.95772171020508
2003-07-28,42.98393249511719,,52.37174606323242,,38.43411636352539
2003-07-29,42.56475067138672,,52.327293395996094,,37.91053009033203
2003-07-30,42.90726852416992,,52.35269546508789,,38.338504791259766
2003-07-31,42.62099838256836,,52.29541015625,,37.76938247680664
2003-08-01,42.794761657714844,,52.239383697509766,,37.74097442626953
2003-08-04,43.109310150146484,,52.322166442871094,,38.065731048583984
2003-08-05,42.82052230834961,,52.22663497924805,,37.52143096923828
2003-08-06,43.25880432128906,,52.27759552001953,,38.262447357177734
2003-08-07,43.413448333740234,,52.33491134643555,,38.422542572021484
2003-08-08,43.4083251953125,,52.34766387939453,,38.26705551147461
2003-08-11,43.227867126464844,,52.27759552001953,,38.07490539550781
2003-08-12,43.15050506591797,,52.366756439208984,,37.896507263183594
2003-08-13,42.67097854614258,,52.264808654785156,,37.16463851928711
2003-08-14,42.75864791870117,,52.25209426879883,,37.530574798583984
2003-08-15,42.74320983886719,,52.290306091308594,,37.507720947265625
2003-08-18,42.8720703125,,52.28398132324219,,37.68153762817383
2003-08-19,43.21240234375,,52.34766387939453,,38.262447357177734
2003-08-20,43.006126403808594,,52.30942153930664,,38.05660629272461
2003-08-21,42.84629440307617,,52.232975006103516,,37.965126037597656
2003-08-22,42.877262115478516,,52.22024917602539,,38.13436508178711
2003-08-25,42.69162368774414,,52.19474792480469,,37.83705139160156
2003-08-26,42.84629440307617,,52.25209426879883,,38.13436508178711
2003-08-27,42.74320983886719,,52.20112228393555,,37.96052932739258
2003-08-28,43.04225540161133,,52.27759552001953,,38.35392761230469
2003-08-29,42.92367172241211,,52.27122116088867,,38.262447357177734
2003-09-02,42.74884796142578,,52.203025817871094,,37.70280456542969
2003-09-03,42.85808563232422,,52.2412109375,,37.762535095214844
2003-09-04,43.133872985839844,,52.31143569946289,,37.97389602661133
2003-09-05,43.680294036865234,,52.49002456665039,,38.626304626464844
2003-09-08,43.477317810058594,,52.426231384277344,,38.22660446166992
2003-09-09,43.68545913696289,,52.515506744384766,,38.50230407714844
2003-09-10,43.982093811035156,,52.54741287231445,,38.89281463623047
2003-09-11,43.82596206665039,,52.509151458740234,,38.640098571777344
2003-09-12,44.002925872802734,,52.553802490234375,,38.90658187866211
2003-09-15,44.08098602294922,,52.60484313964844,,38.84688186645508
2003-09-16,44.044532775878906,,52.61118698120117,,38.78712463378906
2003-09-17,44.289127349853516,,52.60484313964844,,39.26956558227539
2003-09-18,44.28388977050781,,52.553802490234375,,39.29715347290039
2003-09-19,44.28388977050781,,52.553802490234375,,39.34307098388672
2003-09-22,44.091373443603516,,52.572914123535156,,39.03062057495117
2003-09-23,44.19544219970703,,52.58572769165039,,39.29715347290039
2003-09-24,44.41918182373047,,52.617549896240234,,39.637123107910156
2003-09-25,44.481685638427734,,52.62393569946289,,39.834678649902344
2003-09-26,44.819908142089844,,52.687713623046875,,40.193058013916016
2003-09-29,44.62736511230469,,52.662208557128906,,39.87147903442383
2003-09-30,45.05927276611328,,52.770687103271484,,40.533077239990234
2003-10-01,45.25920486450195,,52.77902603149414,,40.37944793701172
2003-10-02,45.096527099609375,,52.77902603149414,,40.194862365722656
2003-10-03,44.472007751464844,,52.6449089050293,,39.35059356689453
2003-10-06,44.603214263916016,,52.68316650390625,,39.52126693725586
2003-10-07,44.3460578918457,,52.632080078125,,39.06451416015625
2003-10-08,44.42475509643555,,52.632080078125,,39.05528259277344
2003-10-09,44.28307342529297,,52.62568283081055,,38.77848815917969
2003-10-10,44.414276123046875,,52.657630920410156,,39.00914001464844
2003-10-13,44.3460578918457,,52.6640510559082,,38.85689926147461
2003-10-14,44.16761016845703,,52.61294174194336,,38.589332580566406
2003-10-15,44.01019287109375,,52.549095153808594,,38.40013122558594
2003-10-16,43.768802642822266,,52.427734375,,38.24786376953125
2003-10-17,44.004940032958984,,52.4915885925293,,38.54316711425781
2003-10-20,44.03643035888672,,52.49797821044922,,38.67238235473633
2003-10-21,44.11517333984375,,52.51077651977539,,38.81535720825195
2003-10-22,44.43527603149414,,52.568241119384766,,39.19367218017578
2003-10-23,44.293548583984375,,52.55546569824219,,38.907657623291016
2003-10-24,44.603214263916016,,52.61930465698242,,39.34133529663086
2003-10-27,44.48249053955078,,52.56180191040039,,39.26288604736328
2003-10-28,44.692420959472656,,52.65127944946289,,39.47050857543945
2003-10-29,44.40379333496094,,52.59380340576172,,39.11525344848633
2003-10-30,44.241085052490234,,52.549095153808594,,38.9399528503418
2003-10-31,44.39850997924805,,52.55546569824219,,39.30440139770508
2003-11-03,44.22951889038086,,52.524166107177734,,39.118194580078125
2003-11-04,44.38747024536133,,52.56248474121094,,39.34054183959961
2003-11-05,44.22951889038086,,52.5113525390625,,39.071861267089844
2003-11-06,44.0031623840332,,52.45378494262695,,38.70588684082031
2003-11-07,43.92939376831055,,52.409000396728516,,38.682701110839844
2003-11-10,43.913578033447266,,52.42182159423828,,38.6502799987793
2003-11-11,43.982051849365234,,52.42182159423828,,38.65488815307617
2003-11-12,44.124202728271484,,52.45378494262695,,38.9375114440918
2003-11-13,44.50857162475586,,52.56889724731445,,39.53974914550781
2003-11-14,44.75080871582031,,52.63282775878906,,39.803794860839844
2003-11-17,44.803462982177734,,52.66482162475586,,39.86404037475586
2003-11-18,44.98773956298828,,52.671234130859375,,40.10957717895508
2003-11-19,44.68231964111328,,52.57530212402344,,39.664852142333984
2003-11-20,44.96141052246094,,52.67757797241211,,40.049373626708984
2003-11-21,44.94034957885742,,52.658390045166016,,40.07251739501953
2003-11-24,44.70341491699219,,52.5881233215332,,39.743629455566406
2003-11-25,44.81398391723633,,52.64562225341797,,39.96129608154297
2003-11-26,44.70341491699219,,52.5881233215332,,39.799190521240234
2003-11-28,44.40848922729492,,52.524166107177734,,39.437808990478516
2003-12-01,44.13715744018555,,52.452449798583984,,39.218101501464844
2003-12-02,44.26388168334961,,52.51005554199219,,39.385677337646484
2003-12-03,44.147743225097656,,52.46524429321289,,39.22743606567383
2003-12-04,44.24272537231445,,52.51642608642578,,39.31584167480469
2003-12-05,44.7812614440918,,52.68291091918945,,39.944339752197266
2003-12-08,44.612327575683594,,52.625308990478516,,39.66501998901367
2003-12-09,44.390625,,52.593284606933594,,39.385677337646484
2003-12-10,44.50146484375,,52.657283782958984,,39.45088577270508
2003-12-11,44.77069091796875,,52.76615524291992,,39.73485565185547
2003-12-12,44.77069091796875,,52.75338363647461,,39.80931854248047
2003-12-15,44.749603271484375,,52.74053192138672,,39.78606414794922
2003-12-16,45.288177490234375,,52.98809814453125,,39.91642761230469
2003-12-17,45.40545654296875,,52.99449157714844,,40.18644714355469
2003-12-18,45.56012725830078,,53.007362365722656,,40.54961013793945
2003-12-19,45.5654411315918,,53.02021408081055,,40.535614013671875
2003-12-22,45.44282913208008,,52.98809814453125,,40.42389678955078
2003-12-23,45.133544921875,,52.90444564819336,,39.967655181884766
2003-12-24,45.41615676879883,,53.0266227722168,,40.3447265625
2003-12-26,45.56012725830078,,53.071651458740234,,40.493690490722656
2003-12-29,45.2828483581543,,53.000938415527344,,40.13056182861328
2003-12-30,45.2348518371582,,53.0266227722168,,39.967655181884766
2003-12-31,45.31454849243164,,53.09489440917969,,39.96763229370117
2004-01-02,44.95077896118164,,52.966102600097656,,39.495243072509766
2004-01-05,44.9133415222168,,52.97259521484375,,39.392330169677734
2004-01-06,45.250362396240234,,53.03691101074219,,39.82732009887695
2004-01-07,45.35202407836914,,53.07558059692383,,39.98632049560547
2004-01-08,45.35202407836914,,53.08201599121094,,39.97227096557617
2004-01-09,45.88698959350586,,53.21076202392578,,40.669246673583984
2004-01-12,45.88698959350586,,53.242977142333984,,40.63648986816406
2004-01-13,46.13312530517578,,53.30733871459961,,40.912452697753906
2004-01-14,46.224056243896484,,53.255859375,,41.11356735229492
2004-01-15,46.25082015991211,,53.2493782043457,,41.26792907714844
2004-01-16,46.05820083618164,,53.21076202392578,,40.97794723510742
2004-01-20,45.97795486450195,,53.23651885986328,,40.96855926513672
2004-01-21,46.111717224121094,,53.268707275390625,,41.06683349609375
2004-01-22,46.30963134765625,,53.30733871459961,,41.36614227294922
2004-01-23,45.9619140625,,53.230133056640625,,40.87034225463867
2004-01-26,45.76933670043945,,53.19147491455078,,40.62248611450195
2004-01-27,45.95123291015625,,53.255859375,,40.875030517578125
2004-01-28,45.619510650634766,,53.12065505981445,,40.51490783691406
2004-01-29,45.56599807739258,,53.13352584838867,,40.43069839477539
2004-01-30,45.77464294433594,,53.15932083129883,,40.71136474609375
2004-02-02,45.72905349731445,,53.17797088623047,,40.62584686279297
2004-02-03,45.90616226196289,,53.22951889038086,,40.83252716064453
2004-02-04,45.83098602294922,,53.197303771972656,,40.7526741027832
2004-02-05,45.659332275390625,,53.15861129760742,,40.59299087524414
2004-02-06,45.938316345214844,,53.24245834350586,,41.03916931152344
2004-02-09,46.04561996459961,,53.26179885864258,,41.161285400390625
2004-02-10,45.916866302490234,,53.19087600708008,,40.93112564086914
2004-02-11,46.15833282470703,,53.27465057373047,,41.23643493652344
2004-02-12,46.13153839111328,,53.29402160644531,,41.06264877319336
2004-02-13,46.24955368041992,,53.371368408203125,,41.23643493652344
2004-02-17,46.24955368041992,,53.326229095458984,,41.20821762084961
2004-02-18,46.238826751708984,,53.33269119262695,,41.26457977294922
2004-02-19,46.271026611328125,,53.358436584472656,,41.30689239501953
2004-02-20,46.11539840698242,,53.30044174194336,,41.020347595214844
2004-02-23,46.265655517578125,,53.35203170776367,,41.27398681640625
2004-02-24,46.34617614746094,,53.358436584472656,,41.34916687011719
2004-02-25,46.399776458740234,,53.39719009399414,,41.41490173339844
2004-02-26,46.3300666809082,,53.37779235839844,,41.283363342285156
2004-02-27,46.51249694824219,,53.41651916503906,,41.640316009521484
2004-03-01,46.561500549316406,,53.39906311035156,,41.62430953979492
2004-03-02,46.29237747192383,,53.347442626953125,,41.360233306884766
2004-03-03,46.24931335449219,,53.30873107910156,,41.284759521484375
2004-03-04,46.39461898803711,,53.353858947753906,,41.46869659423828
2004-03-05,46.97042465209961,,53.47013473510742,,42.27031326293945
2004-03-08,47.23418045043945,,53.554046630859375,,42.52024459838867
2004-03-09,47.41172409057617,,53.58632278442383,,42.803184509277344
2004-03-10,47.40639877319336,,53.554046630859375,,42.77486038208008
2004-03-11,47.41172409057617,,53.59922790527344,,42.836204528808594
2004-03-12,47.26643371582031,,53.560516357421875,,42.572113037109375
2004-03-15,47.29338455200195,,53.5346565246582,,42.64282989501953
2004-03-16,47.524723052978516,,53.57342529296875,,42.99652099609375
2004-03-17,47.492454528808594,,53.57342529296875,,42.925785064697266
2004-03-18,47.3417854309082,,53.554046630859375,,42.699462890625
2004-03-19,47.2772102355957,,53.57342529296875,,42.64282989501953
2004-03-22,47.45479202270508,,53.60567855834961,,42.90221405029297
2004-03-23,47.524723052978516,,53.61859130859375,,42.9776496887207
2004-03-24,47.492454528808594,,53.63153076171875,,42.95405960083008
2004-03-25,47.427913665771484,,53.62508773803711,,42.78902053833008
2004-03-26,47.12655258178711,,53.57342529296875,,42.33639144897461
2004-03-29,46.927391052246094,,53.5346565246582,,42.05342102050781
2004-03-30,46.94357681274414,,53.52817153930664,,42.025115966796875
2004-03-31,47.11577224731445,,53.56694030761719,,42.227882385253906
2004-04-01,47.00025177001953,,53.50228500366211,,42.089630126953125
2004-04-02,46.13130569458008,,53.31476974487305,,41.04814910888672
2004-04-05,45.90460968017578,,53.263038635253906,,40.72625732421875
2004-04-06,46.06650161743164,,53.32773208618164,,40.94879150390625
2004-04-07,46.071922302246094,,53.34065246582031,,40.8541145324707
2004-04-08,45.985530853271484,,53.34065246582031,,40.73573303222656
2004-04-12,45.83987045288086,,53.2889289855957,,40.5889778137207
2004-04-13,45.483612060546875,,53.21779251098633,,40.14872741699219
2004-04-14,45.451236724853516,,53.127315521240234,,40.11558532714844
2004-04-15,45.386417388916016,,53.15962219238281,,39.87887954711914
2004-04-16,45.55375671386719,,53.230712890625,,40.0303955078125
2004-04-19,45.43502426147461,,53.166099548339844,,39.9451789855957
2004-04-20,45.10578536987305,,53.043243408203125,,39.58066177368164
2004-04-21,45.197513580322266,,53.04971694946289,,39.774715423583984
2004-04-22,45.37567138671875,,53.127315521240234,,40.011451721191406
2004-04-23,45.18675231933594,,53.017356872558594,,39.78421401977539
2004-04-26,45.18134307861328,,53.02383041381836,,39.850521087646484
2004-04-27,45.359474182128906,,53.088504791259766,,40.001976013183594
2004-04-28,45.062599182128906,,52.97856140136719,,39.62799835205078
2004-04-29,44.960052490234375,,52.97214889526367,,39.43389129638672
2004-04-30,45.06800079345703,,52.99797439575195,,39.59484100341797
2004-05-03,45.050697326660156,,53.02128982543945,,39.64474105834961
2004-05-04,44.92072677612305,,53.008358001708984,,39.37384033203125
2004-05-05,44.81785202026367,,52.98891830444336,,39.26460266113281
2004-05-06,44.7745475769043,,52.975975036621094,,39.159996032714844
2004-05-07,44.22221374511719,,52.755828857421875,,38.6467399597168
2004-05-10,44.21137619018555,,52.78172302246094,,38.556427001953125
2004-05-11,44.298004150390625,,52.78818130493164,,38.73228073120117
2004-05-12,44.23306655883789,,52.801143646240234,,38.47570037841797
2004-05-13,44.097686767578125,,52.77521896362305,,38.328311920166016
2004-05-14,44.3197021484375,,52.85939025878906,,38.64201736450195
2004-05-17,44.60669708251953,,52.930633544921875,,38.98414611816406
2004-05-18,44.52001190185547,,52.878849029541016,,38.832061767578125
2004-05-19,44.314247131347656,,52.8529052734375,,38.70376968383789
2004-05-20,44.5362548828125,,52.878849029541016,,39.00315856933594
2004-05-21,44.43879318237305,,52.878849029541016,,38.846343994140625
2004-05-24,44.47132110595703,,52.891788482666016,,38.96991729736328
2004-05-25,44.48751449584961,,52.891788482666016,,39.083961486816406
2004-05-26,44.709537506103516,,52.98891830444336,,39.293067932128906
2004-05-27,44.95320129394531,,53.01485061645508,,39.601993560791016
2004-05-28,44.82868194580078,,52.995399475097656,,39.49267578125
2004-06-01,44.60540008544922,,52.92020797729492,,39.13101577758789
2004-06-02,44.52932357788086,,52.88770294189453,,39.030845642089844
2004-06-03,44.59993362426758,,52.900726318359375,,39.11193084716797
2004-06-04,44.41521072387695,,52.816429138183594,,38.88296890258789
2004-06-07,44.48042678833008,,52.835872650146484,,38.89254379272461
2004-06-08,44.469566345214844,,52.84233856201172,,38.96406173706055
2004-06-09,44.33917999267578,,52.7580680847168,,38.79707717895508
2004-06-10,44.388065338134766,,52.75156021118164,,38.873416900634766
2004-06-14,44.17072677612305,,52.61540603637695,,38.56326675415039
2004-06-15,44.75750732421875,,52.790470123291016,,39.379127502441406
2004-06-16,44.65972900390625,,52.75156021118164,,39.22645568847656
2004-06-17,44.7846794128418,,52.816429138183594,,39.48406219482422
2004-06-18,44.69230651855469,,52.783973693847656,,39.39820861816406
2004-06-21,44.762962341308594,,52.822853088378906,,39.426822662353516
2004-06-22,44.70318603515625,,52.84233856201172,,39.30756759643555
2004-06-23,44.76836013793945,,52.855289459228516,,39.38391876220703
2004-06-24,44.94221878051758,,52.90716552734375,,39.622467041015625
2004-06-25,44.963966369628906,,52.91364669799805,,39.66059494018555
2004-06-28,44.632537841796875,,52.790470123291016,,39.25506591796875
2004-06-29,44.844417572021484,,52.84233856201172,,39.5031852722168
2004-06-30,45.12150955200195,,52.985015869140625,,39.90873718261719
2004-07-01,45.210330963134766,,52.99602508544922,,39.98344039916992
2004-07-02,45.59737014770508,,53.13895797729492,,40.404945373535156
2004-07-06,45.51015853881836,,53.12596130371094,,40.33789825439453
2004-07-07,45.53196334838867,,53.132469177246094,,40.352291107177734
2004-07-08,45.537418365478516,,53.15198516845703,,40.37620162963867
2004-07-09,45.613746643066406,,53.15198516845703,,40.4193000793457
2004-07-12,45.66823959350586,,53.171504974365234,,40.4768180847168
2004-07-13,45.570159912109375,,53.132469177246094,,40.35702896118164
2004-07-14,45.548336029052734,,53.113014221191406,,40.371421813964844
2004-07-15,45.52653884887695,,53.113014221191406,,40.41451644897461
2004-07-16,45.968040466308594,,53.2169189453125,,40.9510383605957
2004-07-19,45.95718765258789,,53.190956115722656,,40.979793548583984
2004-07-20,45.657379150390625,,53.09347915649414,,40.61091995239258
2004-07-21,45.559226989746094,,53.080509185791016,,40.5007438659668
2004-07-22,45.613746643066406,,53.09347915649414,,40.55824279785156
2004-07-23,45.72277069091797,,53.09347915649414,,40.692359924316406
2004-07-26,45.56470489501953,,53.05453109741211,,40.5007438659668
2004-07-27,45.24307632446289,,53.008995056152344,,39.9547004699707
2004-07-28,45.31391143798828,,53.04152297973633,,39.95949172973633
2004-07-29,45.35751724243164,,53.05453109741211,,40.05051040649414
2004-07-30,45.66823959350586,,53.132469177246094,,40.519954681396484
2004-08-02,45.71363830566406,,53.173484802246094,,40.572811126708984
2004-08-03,45.82307052612305,,53.18647003173828,,40.736289978027344
2004-08-04,45.795654296875,,53.179988861083984,,40.75555419921875
2004-08-05,45.93239974975586,,53.21257019042969,,40.870975494384766
2004-08-06,46.56132507324219,,53.401248931884766,,41.558658599853516
2004-08-09,46.40816116333008,,53.39476776123047,,41.41438674926758
2004-08-10,46.216766357421875,,53.264625549316406,,41.265323638916016
2004-08-11,46.37538528442383,,53.34920120239258,,41.44325256347656
2004-08-12,46.43550491333008,,53.36219024658203,,41.52980422973633
2004-08-13,46.51758575439453,,53.414241790771484,,41.66442108154297
2004-08-16,46.468345642089844,,53.401248931884766,,41.52016067504883
2004-08-17,46.68709182739258,,53.453311920166016,,41.75580596923828
2004-08-18,46.53396224975586,,53.44026565551758,,41.553829193115234
2004-08-19,46.648834228515625,,53.47282791137695,,41.65485763549805
2004-08-20,46.555816650390625,,53.44026565551758,,41.616363525390625
2004-08-23,46.39725112915039,,53.39476776123047,,41.37593078613281
2004-08-24,46.44099044799805,,53.42079162597656,,41.39995574951172
2004-08-25,46.446495056152344,,53.401248931884766,,41.54422378540039
2004-08-26,46.648834228515625,,53.453311920166016,,41.779884338378906
2004-08-27,46.594093322753906,,53.43378829956055,,41.75102996826172
2004-08-30,46.7581672668457,,53.44679260253906,,41.948158264160156
2004-08-31,46.96053695678711,,53.52488708496094,,42.20785140991211
2004-09-01,46.95280456542969,,53.539268493652344,,42.251319885253906
2004-09-02,46.70046615600586,,53.45449447631836,,41.836097717285156
2004-09-03,46.5743293762207,,53.38280487060547,,41.84093475341797
2004-09-07,46.601715087890625,,53.38280487060547,,41.79747772216797
2004-09-08,46.870582580566406,,53.46100616455078,,42.14991760253906
2004-09-09,46.78826141357422,,53.467529296875,,41.9905891418457
2004-09-10,46.88153076171875,,53.480560302734375,,42.05336380004883
2004-09-13,46.99674606323242,,53.4870491027832,,42.236839294433594
2004-09-14,47.0077018737793,,53.50009536743164,,42.28028106689453
2004-09-15,46.95832061767578,,53.467529296875,,42.18368911743164
2004-09-16,47.2161979675293,,53.55881118774414,,42.66169738769531
2004-09-17,47.05159378051758,,53.49357986450195,,42.44926834106445
2004-09-20,47.320396423339844,,53.57834243774414,,42.72929763793945
2004-09-21,47.35334014892578,,53.50009536743164,,42.854827880859375
2004-09-22,47.545284271240234,,53.55225372314453,,43.29905700683594
2004-09-23,47.380741119384766,,53.4870491027832,,43.125213623046875
2004-09-24,47.37526321411133,,53.45449447631836,,43.1783561706543
2004-09-27,47.50691223144531,,53.4870491027832,,43.36663055419922
2004-09-28,47.45755386352539,,53.519676208496094,,43.192771911621094
2004-09-29,47.16130447387695,,53.45449447631836,,42.77279281616211
2004-09-30,47.11190414428711,,53.47404861450195,,42.608577728271484
2004-10-01,46.9232063293457,,53.43620300292969,,42.39577865600586
2004-10-04,46.939701080322266,,53.44276428222656,,42.45878601074219
2004-10-05,46.939701080322266,,53.449195861816406,,42.45878601074219
2004-10-06,46.785640716552734,,53.40352249145508,,42.264888763427734
2004-10-07,46.70311737060547,,53.383995056152344,,42.08063888549805
2004-10-08,47.099266052246094,,53.52107620239258,,42.638160705566406
2004-10-11,47.17628860473633,,53.560203552246094,,42.68180847167969
2004-10-12,47.17628860473633,,53.573272705078125,,42.77873611450195
2004-10-13,47.34687805175781,,53.61243438720703,,42.93389129638672
2004-10-14,47.511932373046875,,53.62549591064453,,43.137542724609375
2004-10-15,47.35236358642578,,53.60592269897461,,42.98719787597656
2004-10-18,47.423892974853516,,53.61243438720703,,43.00663375854492
2004-10-19,47.40741729736328,,53.592857360839844,,43.11814880371094
2004-10-20,47.62199783325195,,53.638572692871094,,43.413856506347656
2004-10-21,47.555965423583984,,53.573272705078125,,43.442901611328125
2004-10-22,47.688053131103516,,53.62549591064453,,43.544769287109375
2004-10-25,47.74302673339844,,53.64509582519531,,43.57868194580078
2004-10-26,47.660491943359375,,53.638572692871094,,43.44780349731445
2004-10-27,47.36886215209961,,53.56675720214844,,43.021156311035156
2004-10-28,47.44038391113281,,53.5863151550293,,43.16176986694336
2004-10-29,47.57796096801758,,53.63201141357422,,43.36051559448242
2004-11-01,47.34340286254883,,53.5980110168457,,43.09081268310547
2004-11-02,47.459312438964844,,53.624149322509766,,43.15412902832031
2004-11-03,47.44279098510742,,53.61763000488281,,43.173583984375
2004-11-04,47.415164947509766,,53.571842193603516,,43.21738815307617
2004-11-05,47.06193542480469,,53.43452072143555,,42.74525451660156
2004-11-08,46.995704650878906,,53.40836715698242,,42.594295501708984
2004-11-09,47.006744384765625,,53.44759750366211,,42.569976806640625
2004-11-10,46.91293716430664,,53.38222885131836,,42.40934753417969
2004-11-11,46.90189743041992,,53.42148971557617,,42.316856384277344
2004-11-12,47.078495025634766,,53.40836715698242,,42.774417877197266
2004-11-15,47.100589752197266,,53.40836715698242,,42.81336212158203
2004-11-16,47.05086898803711,,53.369136810302734,,42.81336212158203
2004-11-17,47.29924392700195,,53.44759750366211,,43.1784553527832
2004-11-18,47.33790588378906,,53.44103240966797,,43.30990219116211
2004-11-19,47.078495025634766,,53.356014251708984,,42.96432876586914
2004-11-22,47.111610412597656,,53.369136810302734,,43.18820571899414
2004-11-23,47.06745529174805,,53.36262130737305,,43.24171447753906
2004-11-24,47.13365936279297,,53.356014251708984,,43.24171447753906
2004-11-26,46.96255111694336,,53.30376434326172,,42.95941925048828
2004-11-29,46.68111801147461,,53.31028366088867,,42.5018310546875
2004-11-30,46.63694381713867,,53.3233642578125,,42.32172775268555
2004-12-01,46.62146759033203,,53.35942077636719,,42.255714416503906
2004-12-02,46.5162239074707,,53.339725494384766,,42.084625244140625
2004-12-03,46.98129653930664,,53.45767593383789,,42.7396240234375
2004-12-06,47.069908142089844,,53.464202880859375,,42.886226654052734
2004-12-07,47.064334869384766,,53.464202880859375,,42.94001388549805
2004-12-08,47.41313552856445,,53.483848571777344,,43.60966873168945
2004-12-09,47.30242156982422,,53.477352142333984,,43.32127380371094
2004-12-10,47.37440872192383,,53.483848571777344,,43.42880630493164
2004-12-13,47.40760040283203,,53.44453430175781,,43.52168273925781
2004-12-14,47.49065017700195,,53.45767593383789,,43.692779541015625
2004-12-15,47.66230773925781,,53.51011657714844,,44.088687896728516
2004-12-16,47.29689407348633,,53.451107025146484,,43.438575744628906
2004-12-17,47.23600387573242,,53.4314079284668,,43.379947662353516
2004-12-20,47.2913703918457,,53.4314079284668,,43.458133697509766
2004-12-21,47.3577995300293,,53.438026428222656,,43.59011459350586
2004-12-22,47.30793380737305,,53.438026428222656,,43.44350051879883
2004-12-23,47.24704360961914,,53.42488479614258,,43.301753997802734
2004-12-27,47.04774475097656,,53.39216232299805,,42.964439392089844
2004-12-28,47.04221725463867,,53.41179656982422,,42.930233001708984
2004-12-29,46.94811248779297,,53.405242919921875,,42.886226654052734
2004-12-30,47.12527847290039,,53.42488479614258,,43.174644470214844
2004-12-31,47.181339263916016,,53.447269439697266,,43.446964263916016
2005-01-03,47.27579116821289,,53.45378875732422,,43.54016876220703
2005-01-04,46.98142623901367,,53.33564758300781,,43.08392333984375
2005-01-05,47.05918502807617,,53.34876251220703,,43.31448745727539
2005-01-06,47.10360336303711,,53.3750114440918,,43.34390640258789
2005-01-07,47.06468963623047,,53.381591796875,,43.44203186035156
2005-01-10,47.05918502807617,,53.34876251220703,,43.51071548461914
2005-01-11,47.153602600097656,,53.361900329589844,,43.76585006713867
2005-01-12,47.22578048706055,,53.36846160888672,,43.824737548828125
2005-01-13,47.41465377807617,,53.43410873413086,,44.24668502807617
2005-01-14,47.38685989379883,,53.40782928466797,,44.241783142089844
2005-01-18,47.37017059326172,,53.3881721496582,,44.38901138305664
2005-01-19,47.397945404052734,,53.394752502441406,,44.51656723022461
2005-01-20,47.481285095214844,,53.440635681152344,,44.60488510131836
2005-01-21,47.57569122314453,,53.4931755065918,,44.65397644042969
2005-01-24,47.57012939453125,,53.460357666015625,,44.845306396484375
2005-01-25,47.39239501953125,,53.440635681152344,,44.4233283996582
2005-01-26,47.40354919433594,,53.42098617553711,,44.50672912597656
2005-01-27,47.331295013427734,,53.40782928466797,,44.4233283996582
2005-01-28,47.57569122314453,,53.43410873413086,,44.86979293823242
2005-01-31,47.59235382080078,,53.4275016784668,,44.997413635253906
2005-02-01,47.55950164794922,,53.44131088256836,,44.92601013183594
2005-02-02,47.5650520324707,,53.421669006347656,,45.02943420410156
2005-02-03,47.48706817626953,,53.38871383666992,,45.00481414794922
2005-02-04,47.73218536376953,,53.44131088256836,,45.630279541015625
2005-02-07,47.826866149902344,,53.42819595336914,,45.970069885253906
2005-02-08,47.8714599609375,,53.4084587097168,,46.23109436035156
2005-02-09,48.105430603027344,,53.50713348388672,,46.35422134399414
2005-02-10,47.80465316772461,,53.4676628112793,,45.72874069213867
2005-02-11,47.7432861328125,,53.44131088256836,,45.69920349121094
2005-02-14,47.80465316772461,,53.4150276184082,,45.84203338623047
2005-02-15,47.73218536376953,,53.421669006347656,,45.61054229736328
2005-02-16,47.55950164794922,,53.39533615112305,,45.438175201416016
2005-02-17,47.453643798828125,,53.421669006347656,,45.15255355834961
2005-02-18,47.2140998840332,,53.34925842285156,,44.74867248535156
2005-02-22,47.21966552734375,,53.368953704833984,,44.55167007446289
2005-02-23,47.258628845214844,,53.362396240234375,,44.69941711425781
2005-02-24,47.1806640625,,53.34925842285156,,44.600948333740234
2005-02-25,47.24748992919922,,53.32295227050781,,44.817649841308594
2005-02-28,46.941078186035156,,53.290077209472656,,44.33498001098633
2005-03-01,46.941688537597656,,53.27886962890625,,44.321128845214844
2005-03-02,46.93606948852539,,53.31185531616211,,44.26185989379883
2005-03-03,46.90813064575195,,53.33156204223633,,44.237178802490234
2005-03-04,47.120452880859375,,53.33156204223633,,44.71637725830078
2005-03-07,47.131595611572266,,53.31185531616211,,44.894283294677734
2005-03-08,46.90813064575195,,53.31185531616211,,44.469364166259766
2005-03-09,46.550621032714844,,53.29206466674805,,43.74311065673828
2005-03-10,46.634403228759766,,53.25251007080078,,44.0098991394043
2005-03-11,46.43888854980469,,53.239295959472656,,43.68878936767578
2005-03-14,46.550621032714844,,53.21951675415039,,43.950618743896484
2005-03-15,46.46125030517578,,53.19976043701172,,43.67392349243164
2005-03-16,46.56735610961914,,53.265655517578125,,43.94074630737305
2005-03-17,46.74617004394531,,53.28546905517578,,44.08396911621094
2005-03-18,46.62884521484375,,53.25908660888672,,43.80733871459961
2005-03-21,46.5729866027832,,53.29206466674805,,43.683815002441406
2005-03-22,46.23219680786133,,53.19976043701172,,43.31327438354492
2005-03-23,46.33834457397461,,53.193145751953125,,43.52080535888672
2005-03-24,46.377445220947266,,53.206390380859375,,43.60972595214844
2005-03-28,46.22663879394531,,53.18000411987305,,43.34294509887695
2005-03-29,46.41654586791992,,53.21951675415039,,43.599849700927734
2005-03-30,46.52268981933594,,53.22612762451172,,43.81721878051758
2005-03-31,46.751708984375,,53.298648834228516,,44.133445739746094
2005-04-01,46.846466064453125,,53.33164978027344,,44.282169342041016
2005-04-04,46.82401657104492,,53.33164978027344,,44.27225875854492
2005-04-05,46.82958984375,,53.344844818115234,,44.158180236816406
2005-04-06,46.96977615356445,,53.3845100402832,,44.311927795410156
2005-04-07,46.79038619995117,,53.36470413208008,,43.954872131347656
2005-04-08,46.84089279174805,,53.358097076416016,,44.10862731933594
2005-04-11,46.98094940185547,,53.358097076416016,,44.346675872802734
2005-04-12,47.22758102416992,,53.3911247253418,,44.75822067260742
2005-04-13,47.250030517578125,,53.47040939331055,,44.64915084838867
2005-04-14,47.37331008911133,,53.51665496826172,,44.57967758178711
2005-04-15,47.68160629272461,,53.60251998901367,,45.16980743408203
2005-04-18,47.580718994140625,,53.57609558105469,,45.13505172729492
2005-04-19,47.85535430908203,,53.64213180541992,,45.571468353271484
2005-04-20,47.82731246948242,,53.62234115600586,,45.457393646240234
2005-04-21,47.485408782958984,,53.52981185913086,,44.98136520385742
2005-04-22,47.68719482421875,,53.5431022644043,,45.358253479003906
2005-04-25,47.68719482421875,,53.55624771118164,,45.492130279541016
2005-04-26,47.66476058959961,,53.5431022644043,,45.422733306884766
2005-04-27,47.81050491333008,,53.58269500732422,,45.58136749267578
2005-04-28,48.101959228515625,,53.62896728515625,,45.9185905456543
2005-04-29,47.928192138671875,,53.57609558105469,,45.839263916015625
2005-05-02,47.97711944580078,,53.58271026611328,,45.82929611206055
2005-05-03,48.038963317871094,,53.615821838378906,,45.95372772216797
2005-05-04,48.02774429321289,,53.635684967041016,,45.550621032714844
2005-05-05,48.1795539855957,,53.6886100769043,,45.65509796142578
2005-05-06,47.836551666259766,,53.56944274902344,,45.31671142578125
2005-05-09,47.83095932006836,,53.542991638183594,,45.36151885986328
2005-05-10,47.99964904785156,,53.58271026611328,,45.68498992919922
2005-05-11,48.061485290527344,,53.615821838378906,,45.8243522644043
2005-05-12,48.10643005371094,,53.642303466796875,,46.00347900390625
2005-05-13,48.23014831542969,,53.70191192626953,,46.182621002197266
2005-05-16,48.23577880859375,,53.6886100769043,,46.12789535522461
2005-05-17,48.2975959777832,,53.6886100769043,,46.25728225708008
2005-05-18,48.454986572265625,,53.74161911010742,,46.565834045410156
2005-05-19,48.30887985229492,,53.66217803955078,,46.446407318115234
2005-05-20,48.303226470947266,,53.66217803955078,,46.5010871887207
2005-05-23,48.52250289916992,,53.69529724121094,,46.86442184448242
2005-05-24,48.65181350708008,,53.7283821105957,,46.99383544921875
2005-05-25,48.47755432128906,,53.748233795166016,,46.66535949707031
2005-05-26,48.50565719604492,,53.7283821105957,,46.65044403076172
2005-05-27,48.55626678466797,,53.748233795166016,,46.70016098022461
2005-05-31,48.809242248535156,,53.7879753112793,,47.27750015258789
2005-06-01,49.11042404174805,,53.894168853759766,,47.85639953613281
2005-06-02,49.093505859375,,53.874237060546875,,47.97125244140625
2005-06-03,48.811546325683594,,53.80788040161133,,47.57666015625
2005-06-06,48.94121551513672,,53.834434509277344,,47.82643508911133
2005-06-07,49.08221435546875,,53.84770584106445,,48.20602798461914
2005-06-08,48.99199295043945,,53.834434509277344,,47.97628402709961
2005-06-09,48.96377182006836,,53.80124282836914,,47.936279296875
2005-06-10,48.653602600097656,,53.754825592041016,,47.3968505859375
2005-06-13,48.523921966552734,,53.754825592041016,,47.112152099609375
2005-06-14,48.46747970581055,,53.768096923828125,,46.80247116088867
2005-06-15,48.450592041015625,,53.754825592041016,,46.88739013671875
2005-06-16,48.60285186767578,,53.80124282836914,,47.12211227416992
2005-06-17,48.54645919799805,,53.79463195800781,,47.117130279541016
2005-06-20,48.473121643066406,,53.78129577636719,,47.03720474243164
2005-06-21,48.625450134277344,,53.787967681884766,,47.38188552856445
2005-06-22,48.99199295043945,,53.9074821472168,,47.9562873840332
2005-06-23,48.94121551513672,,53.887577056884766,,47.9063835144043
2005-06-24,49.05966567993164,,53.91410827636719,,48.14606475830078
2005-06-27,49.0991325378418,,53.93399429321289,,48.27598190307617
2005-06-28,48.89049530029297,,53.874237060546875,,47.94629669189453
2005-06-29,48.87358856201172,,53.887577056884766,,47.871341705322266
2005-06-30,49.042720794677734,,53.92070770263672,,48.30089569091797
2005-07-01,48.620731353759766,,53.771728515625,,47.71552658081055
2005-07-05,48.422794342041016,,53.7850227355957,,47.264434814453125
2005-07-06,48.524600982666016,,53.81831359863281,,47.52505874633789
2005-07-07,48.6376953125,,53.864830017089844,,47.62528991699219
2005-07-08,48.462337493896484,,53.8049430847168,,47.42980194091797
2005-07-11,48.43973159790039,,53.765079498291016,,47.42980194091797
2005-07-12,48.315269470214844,,53.765079498291016,,47.164146423339844
2005-07-13,48.2700080871582,,53.771728515625,,47.0940055847168
2005-07-14,48.2077751159668,,53.771728515625,,46.97370910644531
2005-07-15,48.219139099121094,,53.778377532958984,,47.099037170410156
2005-07-18,48.13992691040039,,53.765079498291016,,46.74821853637695
2005-07-19,48.2077751159668,,53.7850227355957,,46.91360092163086
2005-07-20,48.29829788208008,,53.778377532958984,,47.1692008972168
2005-07-21,47.94190979003906,,53.725162506103516,,46.52764129638672
2005-07-22,48.168216705322266,,53.778377532958984,,46.88854217529297
2005-07-25,48.08333969116211,,53.75837707519531,,46.71808624267578
2005-07-26,48.11730194091797,,53.7451286315918,,46.79330062866211
2005-07-27,48.049381256103516,,53.7451286315918,,46.71808624267578
2005-07-28,48.258705139160156,,53.75178527832031,,47.13412857055664
2005-07-29,47.97021484375,,53.71852111816406,,46.667972564697266
2005-08-01,47.87431716918945,,53.68586349487305,,46.49443054199219
2005-08-02,47.828880310058594,,53.69248962402344,,46.343482971191406
2005-08-03,47.948089599609375,,53.712486267089844,,46.569847106933594
2005-08-04,47.914024353027344,,53.712486267089844,,46.47428894042969
2005-08-05,47.65863037109375,,53.665809631347656,,46.112091064453125
2005-08-08,47.53380584716797,,53.6124267578125,,46.02659225463867
2005-08-09,47.66999053955078,,53.6724739074707,,46.197635650634766
2005-08-10,47.64730453491211,,53.6724739074707,,46.14731216430664
2005-08-11,47.85160446166992,,53.712486267089844,,46.46926498413086
2005-08-12,48.04458999633789,,53.7791748046875,,46.94216537475586
2005-08-15,47.98215866088867,,53.75251388549805,,46.821434020996094
2005-08-16,48.209102630615234,,53.7791748046875,,47.14841079711914
2005-08-17,48.02182388305664,,53.79253387451172,,46.836490631103516
2005-08-18,48.27723693847656,,53.83920669555664,,47.18362045288086
2005-08-19,48.2488899230957,,53.819183349609375,,47.17862319946289
2005-08-22,48.2885627746582,,53.82581329345703,,47.128318786621094
2005-08-23,48.37936019897461,,53.87916564941406,,47.34463119506836
2005-08-24,48.402099609375,,53.885860443115234,,47.389949798583984
2005-08-25,48.43049621582031,,53.87916564941406,,47.540828704833984
2005-08-26,48.35101318359375,,53.83920669555664,,47.52573013305664
2005-08-29,48.385047912597656,,53.852474212646484,,47.58611297607422
2005-08-30,48.612022399902344,,53.932518005371094,,47.887996673583984
2005-08-31,48.92986297607422,,54.07249069213867,,48.29039764404297
2005-09-01,48.9776725769043,,54.138065338134766,,47.999637603759766
2005-09-02,48.98906707763672,,54.204959869384766,,48.040035247802734
2005-09-06,48.83535385131836,,54.118011474609375,,47.701786041259766
2005-09-07,48.67596435546875,,54.07787322998047,,47.25249481201172
2005-09-08,48.67596435546875,,54.05112838745117,,47.302955627441406
2005-09-09,48.7158088684082,,54.06453323364258,,47.45441818237305
2005-09-12,48.56208038330078,,54.04448318481445,,47.12624740600586
2005-09-13,48.71009063720703,,54.07787322998047,,47.37362289428711
2005-09-14,48.60763931274414,,54.071205139160156,,47.19186782836914
2005-09-15,48.45960235595703,,54.057830810546875,,46.80314254760742
2005-09-16,48.271732330322266,,54.017757415771484,,46.49522018432617
2005-09-19,48.36849594116211,,54.031036376953125,,46.5961799621582
2005-09-20,48.32862091064453,,53.990928649902344,,46.71736526489258
2005-09-21,48.55066680908203,,54.04448318481445,,47.151512145996094
2005-09-22,48.58482360839844,,54.06453323364258,,47.1060791015625
2005-09-23,48.317256927490234,,54.017757415771484,,46.75269317626953
2005-09-26,48.1920051574707,,53.977603912353516,,46.540653228759766
2005-09-27,48.22049331665039,,53.957557678222656,,46.606266021728516
2005-09-28,48.317256927490234,,53.977603912353516,,46.91926956176758
2005-09-29,48.209083557128906,,53.957557678222656,,46.70724105834961
2005-09-30,48.072486877441406,,53.910762786865234,,46.54573440551758
2005-10-03,47.887996673583984,,53.88661193847656,,46.181785583496094
2005-10-04,47.91082763671875,,53.879905700683594,,46.33385467529297
2005-10-05,48.02510452270508,,53.906700134277344,,46.536590576171875
2005-10-06,47.96226501464844,,53.906700134277344,,46.35919952392578
2005-10-07,48.02510452270508,,53.94690704345703,,46.54672622680664
2005-10-10,48.03644561767578,,53.940216064453125,,46.51630783081055
2005-10-11,47.94506072998047,,53.92680740356445,,46.41997528076172
2005-10-12,47.76232147216797,,53.88661193847656,,45.96896743774414
2005-10-13,47.68808364868164,,53.88661193847656,,45.80170440673828
2005-10-14,47.68808364868164,,53.90003967285156,,45.7307243347168
2005-10-17,47.63093566894531,,53.87314224243164,,45.720577239990234
2005-10-18,47.699466705322266,,53.92010498046875,,45.77128219604492
2005-10-19,47.756595611572266,,53.94690704345703,,45.79155349731445
2005-10-20,47.78513717651367,,53.94690704345703,,45.91317367553711
2005-10-21,47.99651336669922,,53.98046112060547,,46.338924407958984
2005-10-24,47.790889739990234,,53.960330963134766,,45.979087829589844
2005-10-25,47.5681266784668,,53.8664665222168,,45.583740234375
2005-10-26,47.38534927368164,,53.846343994140625,,45.249244689941406
2005-10-27,47.49386978149414,,53.88661193847656,,45.41145324707031
2005-10-28,47.44246292114258,,53.88661193847656,,45.41650390625
2005-10-31,47.476741790771484,,53.8664665222168,,45.502662658691406
2005-11-01,47.44691848754883,,53.881248474121094,,45.450233459472656
2005-11-02,47.34947204589844,,53.87451934814453,,45.236419677734375
2005-11-03,47.183265686035156,,53.84760665893555,,44.930973052978516
2005-11-04,47.16035079956055,,53.84760665893555,,44.85969543457031
2005-11-07,47.2463264465332,,53.8409423828125,,45.012420654296875
2005-11-08,47.4813232421875,,53.9082145690918,,45.450233459472656
2005-11-09,47.2291259765625,,53.8409423828125,,44.981868743896484
2005-11-10,47.49853515625,,53.9149284362793,,45.531673431396484
2005-11-11,47.55587387084961,,53.935054779052734,,45.55714797973633
2005-11-14,47.343780517578125,,53.854366302490234,,45.2160530090332
2005-11-15,47.50423812866211,,53.89474105834961,,45.51130676269531
2005-11-16,47.74496078491211,,53.96198272705078,,45.98985290527344
2005-11-17,47.83670425415039,,54.00899887084961,,46.10185623168945
2005-11-18,47.72205352783203,,54.00899887084961,,45.88801193237305
2005-11-21,47.813751220703125,,54.04267883300781,,46.0255012512207
2005-11-22,47.979984283447266,,54.116634368896484,,46.08658218383789
2005-11-23,47.8538932800293,,54.04941177368164,,45.908363342285156
2005-11-25,47.997154235839844,,54.09644317626953,,46.07640075683594
2005-11-28,48.06024169921875,,54.10991287231445,,46.30545425415039
2005-11-29,47.79656219482422,,54.06956100463867,,45.867645263671875
2005-11-30,47.77363586425781,,54.076290130615234,,45.81672668457031
2005-12-01,47.66610336303711,,54.02299118041992,,45.74517822265625
2005-12-02,47.706356048583984,,54.070220947265625,,45.760555267333984
2005-12-05,47.56255340576172,,54.00948715209961,,45.556007385253906
2005-12-06,47.786861419677734,,54.08369827270508,,46.0212516784668
2005-12-07,47.75811767578125,,54.09046173095703,,45.84742736816406
2005-12-08,47.96512985229492,,54.157875061035156,,46.14397048950195
2005-12-09,47.752357482910156,,54.10393142700195,,45.78096008300781
2005-12-12,47.6430778503418,,54.09722137451172,,45.69404220581055
2005-12-13,47.75811767578125,,54.1241569519043,,45.8627815246582
2005-12-14,48.05719757080078,,54.18489456176758,,46.33314895629883
2005-12-15,47.993896484375,,54.18489456176758,,46.220726013183594
2005-12-16,48.080177307128906,,54.21860122680664,,46.37405776977539
2005-12-19,48.10892868041992,,54.18489456176758,,46.42009735107422
2005-12-20,48.02840042114258,,54.17815399169922,,46.363853454589844
2005-12-21,47.96512985229492,,54.17815399169922,,46.282047271728516
2005-12-22,48.154937744140625,,54.225345611572266,,46.65016555786133
2005-12-23,48.26996612548828,,54.25228500366211,,46.93647384643555
2005-12-27,48.500022888183594,,54.25909423828125,,47.319942474365234
2005-12-28,48.35112762451172,,54.32603073120117,,47.18798828125
2005-12-29,48.40882873535156,,54.28542709350586,,47.2906608581543
2005-12-30,48.4261474609375,,54.265167236328125,,47.182884216308594
2006-01-03,48.420387268066406,,54.33956527709961,,47.12128829956055
2006-01-04,48.50693893432617,,54.39368438720703,,47.23421096801758
2006-01-05,48.5184440612793,,54.346351623535156,,47.17776107788086
2006-01-06,48.454994201660156,,54.359859466552734,,47.09048080444336
2006-01-09,48.47808074951172,,54.36665344238281,,47.12128829956055
2006-01-10,48.281829833984375,,54.312538146972656,,46.741310119628906
2006-01-11,48.16066360473633,,54.312538146972656,,46.66435241699219
2006-01-12,48.33379364013672,,54.33956527709961,,46.977474212646484
2006-01-13,48.547359466552734,,54.44778060913086,,47.249595642089844
2006-01-17,48.60504150390625,,54.427547454833984,,47.460166931152344
2006-01-18,48.622352600097656,,54.420711517333984,,47.44473648071289
2006-01-19,48.50117111206055,,54.427547454833984,,47.306087493896484
2006-01-20,48.58194351196289,,54.44778060913086,,47.429317474365234
2006-01-23,48.570430755615234,,54.4546012878418,,47.413917541503906
2006-01-24,48.48957061767578,,54.44104766845703,,47.182884216308594
2006-01-25,48.189544677734375,,54.36665344238281,,46.66947555541992
2006-01-26,48.085655212402344,,54.3734245300293,,46.469268798828125
2006-01-27,48.120262145996094,,54.332828521728516,,46.469268798828125
2006-01-30,48.016395568847656,,54.359859466552734,,46.423004150390625
2006-01-31,48.085655212402344,,54.359859466552734,,46.55137252807617
2006-02-01,47.93742370605469,,54.310333251953125,,46.39216995239258
2006-02-02,47.93742370605469,,54.310333251953125,,46.479732513427734
2006-02-03,48.082157135009766,,54.337440490722656,,46.809513092041016
2006-02-06,48.012699127197266,,54.310333251953125,,46.90225601196289
2006-02-07,47.954811096191406,,54.31713104248047,,46.68069839477539
2006-02-08,47.92585372924805,,54.296756744384766,,46.57249450683594
2006-02-09,47.9721794128418,,54.283203125,,46.78373718261719
2006-02-10,47.8332405090332,,54.242523193359375,,46.5261344909668
2006-02-13,47.8332405090332,,54.283203125,,46.531253814697266
2006-02-14,47.76373291015625,,54.283203125,,46.36638259887695
2006-02-15,47.850582122802734,,54.27641296386719,,46.479732513427734
2006-02-16,47.82743453979492,,54.31713104248047,,46.490081787109375
2006-02-17,47.98953628540039,,54.35781478881836,,46.861053466796875
2006-02-21,47.93168258666992,,54.31713104248047,,46.78373718261719
2006-02-22,48.111122131347656,,54.35781478881836,,47.10321807861328
2006-02-23,47.995323181152344,,54.310333251953125,,46.98468017578125
2006-02-24,47.93742370605469,,54.3306770324707,,46.912574768066406
2006-02-27,47.84479522705078,,54.303504943847656,,46.83528518676758
2006-02-28,48.035858154296875,,54.37818145751953,,47.067161560058594
2006-03-01,47.9411735534668,,54.350276947021484,,46.782752990722656
2006-03-02,47.7495231628418,,54.37067413330078,,46.45697784423828
2006-03-03,47.633323669433594,,54.316200256347656,,46.188140869140625
2006-03-06,47.48232650756836,,54.336669921875,,45.78483963012695
2006-03-07,47.50555419921875,,54.336669921875,,45.81586456298828
2006-03-08,47.528778076171875,,54.37067413330078,,45.80037307739258
2006-03-09,47.57521438598633,,54.391117095947266,,45.81586456298828
2006-03-10,47.48232650756836,,54.336669921875,,45.64522933959961
2006-03-13,47.441673278808594,,54.336669921875,,45.60904312133789
2006-03-14,47.71467590332031,,54.44564437866211,,45.91408920288086
2006-03-15,47.627525329589844,,54.459259033203125,,45.665931701660156
2006-03-16,47.9295539855957,,54.554534912109375,,46.07957458496094
2006-03-17,47.83082580566406,,54.53411865234375,,45.93997573852539
2006-03-20,47.92375946044922,,54.5614013671875,,46.01234436035156
2006-03-21,47.726280212402344,,54.466033935546875,,45.77451705932617
2006-03-22,47.784332275390625,,54.47964859008789,,45.87272262573242
2006-03-23,47.662391662597656,,54.466033935546875,,45.727989196777344
2006-03-24,47.87146759033203,,54.54098892211914,,46.064022064208984
2006-03-27,47.76694107055664,,54.52731704711914,,45.893394470214844
2006-03-28,47.534637451171875,,54.47964859008789,,45.46428298950195
2006-03-29,47.48811340332031,,54.47964859008789,,45.24709701538086
2006-03-30,47.3487663269043,,54.452423095703125,,44.93172073364258
2006-03-31,47.38360595703125,,54.47288131713867,,44.91618347167969
2006-04-03,47.33113098144531,,54.44276809692383,,44.930728912353516
2006-04-04,47.33696365356445,,54.483741760253906,,44.8840217590332
2006-04-05,47.44767379760742,,54.490623474121094,,44.946311950683594
2006-04-06,47.313663482666016,,54.483741760253906,,44.60373306274414
2006-04-07,47.09807205200195,,54.4495964050293,,44.167781829833984
2006-04-10,47.1563720703125,,54.46327209472656,,44.250831604003906
2006-04-11,47.24372482299805,,54.511165618896484,,44.40654373168945
2006-04-12,47.13301467895508,,54.47694778442383,,44.136619567871094
2006-04-13,46.88246154785156,,54.470096588134766,,43.82524108886719
2006-04-17,47.0631103515625,,54.50428009033203,,43.98613739013672
2006-04-18,47.21462631225586,,54.5794792175293,,44.06399154663086
2006-04-19,47.0805778503418,,54.56574630737305,,43.79408645629883
2006-04-20,47.039794921875,,54.5452766418457,,43.757755279541016
2006-04-21,47.138851165771484,,54.5452766418457,,44.01209259033203
2006-04-24,47.19712448120117,,54.57258987426758,,44.18857192993164
2006-04-25,46.89994430541992,,54.53163146972656,,43.66435241699219
2006-04-26,46.87666320800781,,54.490623474121094,,43.591697692871094
2006-04-27,47.00482177734375,,54.5794792175293,,43.648765563964844
2006-04-28,47.08640670776367,,54.593101501464844,,43.679931640625
2006-05-01,46.831443786621094,,54.56090545654297,,43.35165786743164
2006-05-02,46.90747833251953,,54.56776428222656,,43.46625900268555
2006-05-03,46.843135833740234,,54.56776428222656,,43.37252426147461
2006-05-04,46.81387710571289,,54.57456970214844,,43.299556732177734
2006-05-05,46.925025939941406,,54.588314056396484,,43.560096740722656
2006-05-08,46.948394775390625,,54.581451416015625,,43.58613204956055
2006-05-09,46.93088150024414,,54.588314056396484,,43.560096740722656
2006-05-10,46.95426940917969,,54.588314056396484,,43.63822555541992
2006-05-11,46.87236022949219,,54.6088752746582,,43.424598693847656
2006-05-12,46.696937561035156,,54.588314056396484,,43.065059661865234
2006-05-15,46.79637908935547,,54.61571502685547,,43.23704147338867
2006-05-16,46.97176742553711,,54.66368865966797,,43.560096740722656
2006-05-17,46.83729553222656,,54.636287689208984,,43.28912353515625
2006-05-18,47.17060470581055,,54.6911506652832,,43.87793731689453
2006-05-19,47.14139175415039,,54.67744445800781,,43.99254608154297
2006-05-22,47.20573806762695,,54.67744445800781,,44.08634567260742
2006-05-23,47.18819046020508,,54.71169662475586,,44.06027603149414
2006-05-24,47.25831985473633,,54.745967864990234,,44.081111907958984
2006-05-25,47.182342529296875,,54.745967864990234,,43.90916061401367
2006-05-26,47.22325134277344,,54.76656723022461,,43.87793731689453
2006-05-30,47.182342529296875,,54.72541809082031,,43.857059478759766
2006-05-31,47.0361213684082,,54.68428421020508,,43.596553802490234
2006-06-01,47.114784240722656,,54.75172424316406,,43.79111862182617
2006-06-02,47.478641510009766,,54.83421325683594,,44.35615539550781
2006-06-05,47.38477325439453,,54.78605651855469,,44.298580169677734
2006-06-06,47.425872802734375,,54.78605651855469,,44.50788116455078
2006-06-07,47.36130905151367,,54.75172424316406,,44.518306732177734
2006-06-08,47.425872802734375,,54.813602447509766,,44.60721969604492
2006-06-09,47.54326629638672,,54.813602447509766,,44.842647552490234
2006-06-12,47.51972579956055,,54.820465087890625,,44.87925720214844
2006-06-13,47.58434295654297,,54.80669403076172,,44.9106559753418
2006-06-14,47.267372131347656,,54.75172424316406,,44.46076583862305
2006-06-15,47.16173553466797,,54.7379150390625,,44.20441818237305
2006-06-16,47.13240432739258,,54.710453033447266,,44.105018615722656
2006-06-19,47.07954788208008,,54.68980026245117,,44.042236328125
2006-06-20,47.04432678222656,,54.682918548583984,,43.969017028808594
2006-06-21,47.03846740722656,,54.69664001464844,,43.9794807434082
2006-06-22,46.885860443115234,,54.669105529785156,,43.72838592529297
2006-06-23,46.84479904174805,,54.6553840637207,,43.63943099975586
2006-06-26,46.815433502197266,,54.66228103637695,,43.55575180053711
2006-06-27,46.93867492675781,,54.69664001464844,,43.770225524902344
2006-06-28,46.78607177734375,,54.669105529785156,,43.540042877197266
2006-06-29,46.97978210449219,,54.76545715332031,,43.686527252197266
2006-06-30,47.14411163330078,,54.813602447509766,,44.11024856567383
2006-07-03,47.12173080444336,,54.805328369140625,,44.06669616699219
2006-07-05,46.950897216796875,,54.75699996948242,,43.714805603027344
2006-07-06,47.09812927246094,,54.79838943481445,,43.982635498046875
2006-07-07,47.2454833984375,,54.83985137939453,,44.2662467956543
2006-07-10,47.280845642089844,,54.83985137939453,,44.30824279785156
2006-07-11,47.33388137817383,,54.83985137939453,,44.45001983642578
2006-07-12,47.3751335144043,,54.86051940917969,,44.46056365966797
2006-07-13,47.48115539550781,,54.92949676513672,,44.63385009765625
2006-07-14,47.516536712646484,,54.93643569946289,,44.66011428833008
2006-07-17,47.475303649902344,,54.92949676513672,,44.72837448120117
2006-07-18,47.29261016845703,,54.88811492919922,,44.34503173828125
2006-07-19,47.5931282043457,,54.964046478271484,,44.76515579223633
2006-07-20,47.6933479309082,,55.0330810546875,,44.896427154541016
2006-07-21,47.66380310058594,,55.019283294677734,,44.812416076660156
2006-07-24,47.66380310058594,,55.019283294677734,,44.7861442565918
2006-07-25,47.61668395996094,,55.005516052246094,,44.65483856201172
2006-07-26,47.73455810546875,,55.07450485229492,,44.817649841308594
2006-07-27,47.72867965698242,,55.102115631103516,,44.74937057495117
2006-07-28,47.85829544067383,,55.171112060546875,,45.0067024230957
2006-07-31,47.93490219116211,,55.17805862426758,,45.06448745727539
2006-08-01,47.94611358642578,,55.211978912353516,,45.06027603149414
2006-08-02,47.987548828125,,55.211978912353516,,45.229026794433594
2006-08-03,47.9994010925293,,55.20503616333008,,45.23952865600586
2006-08-04,48.23599624633789,,55.253597259521484,,45.51374435424805
2006-08-07,48.17094421386719,,55.274330139160156,,45.54011535644531
2006-08-08,48.17683792114258,,55.30204391479492,,45.439910888671875
2006-08-09,48.15317916870117,,55.32284927368164,,45.29225540161133
2006-08-10,48.165000915527344,,55.308998107910156,,45.223716735839844
2006-08-11,48.01118469238281,,55.2605094909668,,45.02863693237305
2006-08-14,47.92839813232422,,55.23273849487305,,44.94953918457031
2006-08-15,48.15909957885742,,55.308998107910156,,45.32915115356445
2006-08-16,48.3602409362793,,55.39902877807617,,45.634986877441406
2006-08-17,48.34838104248047,,55.3921012878418,,45.619163513183594
2006-08-18,48.4785270690918,,55.412872314453125,,45.75096130371094
2006-08-21,48.53767776489258,,55.447547912597656,,45.9144287109375
2006-08-22,48.55541229248047,,55.44061279296875,,45.93023681640625
2006-08-23,48.508140563964844,,55.42675018310547,,45.95133972167969
2006-08-24,48.55541229248047,,55.461429595947266,,46.03571701049805
2006-08-25,48.620540618896484,,55.47526550292969,,46.104244232177734
2006-08-28,48.6146240234375,,55.48906326293945,,46.14646530151367
2006-08-29,48.65602111816406,,55.50986862182617,,46.2097053527832
2006-08-30,48.71516036987305,,55.54449462890625,,46.330997467041016
2006-08-31,48.78023910522461,,55.59303283691406,,46.44169998168945
2006-09-01,48.852657318115234,,55.656307220458984,,46.45756149291992
2006-09-05,48.69237518310547,,55.59368896484375,,46.166439056396484
2006-09-06,48.656700134277344,,55.59368896484375,,46.102874755859375
2006-09-07,48.69237518310547,,55.59368896484375,,46.19289779663086
2006-09-08,48.73983383178711,,55.628475189208984,,46.22998809814453
2006-09-11,48.65077209472656,,55.6215705871582,,46.187599182128906
2006-09-12,48.78734588623047,,55.64933776855469,,46.4205207824707
2006-09-13,48.83485794067383,,55.656307220458984,,46.44169998168945
2006-09-14,48.73983383178711,,55.60759735107422,,46.33584213256836
2006-09-15,48.71015167236328,,55.628475189208984,,46.298763275146484
2006-09-18,48.638893127441406,,55.6215705871582,,46.22468948364258
2006-09-19,48.929874420166016,,55.69795227050781,,46.74342346191406
2006-09-20,48.94172286987305,,55.718868255615234,,46.81226348876953
2006-09-21,49.292118072509766,,55.81621551513672,,47.24106216430664
2006-09-22,49.4405403137207,,55.84402084350586,,47.474002838134766
2006-09-25,49.606807708740234,,55.89267349243164,,47.807464599609375
2006-09-26,49.482093811035156,,55.83005905151367,,47.60630798339844
2006-09-27,49.47024917602539,,55.8718147277832,,47.468650817871094
2006-09-28,49.422698974609375,,55.89267349243164,,47.38926315307617
2006-09-29,49.36928939819336,,55.836997985839844,,47.33108139038086
2006-10-02,49.456295013427734,,55.902626037597656,,47.46074295043945
2006-10-03,49.45035934448242,,55.90962219238281,,47.39693069458008
2006-10-04,49.67686462402344,,56.00730514526367,,47.74240493774414
2006-10-05,49.50401306152344,,55.95148849487305,,47.40757751464844
2006-10-06,49.235774993896484,,55.88172912597656,,46.9133186340332
2006-10-09,49.29536437988281,,55.88866424560547,,47.04084777832031
2006-10-10,48.99734878540039,,55.81193161010742,,46.6688346862793
2006-10-11,48.93775939941406,,55.804931640625,,46.53064727783203
2006-10-12,48.96747970581055,,55.83289337158203,,46.55723571777344
2006-10-13,48.884090423583984,,55.81193161010742,,46.3233528137207
2006-10-16,48.96747970581055,,55.83979797363281,,46.53064727783203
2006-10-17,49.021175384521484,,55.8468132019043,,46.56782150268555
2006-10-18,49.009254455566406,,55.85383987426758,,46.66352844238281
2006-10-19,48.96747970581055,,55.8468132019043,,46.57845687866211
2006-10-20,48.95560836791992,,55.8677978515625,,46.53064727783203
2006-10-23,48.818538665771484,,55.83979797363281,,46.344642639160156
2006-10-24,48.884090423583984,,55.83979797363281,,46.344642639160156
2006-10-25,49.06291198730469,,55.902626037597656,,46.71131896972656
2006-10-26,49.22977066040039,,55.972442626953125,,47.01427459716797
2006-10-27,49.39078140258789,,56.02825164794922,,47.232200622558594
2006-10-30,49.41458511352539,,55.99336624145508,,47.365047454833984
2006-10-31,49.635135650634766,,56.07011032104492,,47.73178482055664
2006-11-01,49.807411193847656,,56.110008239746094,,47.995880126953125
2006-11-02,49.669830322265625,,56.09602355957031,,47.798431396484375
2006-11-03,49.29294204711914,,55.99098205566406,,47.23292922973633
2006-11-06,49.3408203125,,55.98396682739258,,47.37167739868164
2006-11-07,49.508270263671875,,56.053993225097656,,47.590362548828125
2006-11-08,49.616031646728516,,56.08202362060547,,47.76112747192383
2006-11-09,49.610015869140625,,56.075050354003906,,47.73445510864258
2006-11-10,49.717681884765625,,56.11701583862305,,47.942527770996094
2006-11-13,49.69377136230469,,56.11701583862305,,47.931846618652344
2006-11-14,49.795494079589844,,56.124027252197266,,48.11859130859375
2006-11-15,49.657875061035156,,56.08906936645508,,47.93721389770508
2006-11-16,49.532249450683594,,56.06800842285156,,47.71842956542969
2006-11-17,49.711708068847656,,56.13804244995117,,47.990535736083984
2006-11-20,49.74164962768555,,56.15205383300781,,48.06523513793945
2006-11-21,49.813411712646484,,56.16606140136719,,48.18262481689453
2006-11-22,49.8912353515625,,56.20809555053711,,48.262638092041016
2006-11-24,49.945030212402344,,56.2150764465332,,48.3480110168457
2006-11-27,49.9929084777832,,56.250083923339844,,48.52408981323242
2006-11-28,50.08270263671875,,56.27815246582031,,48.625431060791016
2006-11-29,50.022823333740234,,56.27815246582031,,48.51337814331055
2006-11-30,50.28607940673828,,56.34117889404297,,48.83350372314453
2006-12-01,50.40256881713867,,56.451480865478516,,48.95772171020508
2006-12-04,50.39653015136719,,56.44449234008789,,49.04344177246094
2006-12-05,50.330509185791016,,56.44449234008789,,48.81315612792969
2006-12-06,50.25245666503906,,56.43749237060547,,48.716766357421875
2006-12-07,50.23442459106445,,56.4234504699707,,48.679290771484375
2006-12-08,50.00625991821289,,56.35310745239258,,48.32584762573242
2006-12-11,50.16237258911133,,56.360164642333984,,48.5346565246582
2006-12-12,50.25245666503906,,56.43749237060547,,48.63642501831055
2006-12-13,49.994232177734375,,56.360164642333984,,48.202659606933594
2006-12-14,49.916160583496094,,56.332054138183594,,48.02593994140625
2006-12-15,49.928199768066406,,56.35310745239258,,48.0527229309082
2006-12-18,49.952232360839844,,56.35310745239258,,48.068790435791016
2006-12-19,49.94023132324219,,56.360164642333984,,48.004520416259766
2006-12-20,49.928199768066406,,56.395301818847656,,47.99917984008789
2006-12-21,50.108360290527344,,56.43749237060547,,48.240142822265625
2006-12-22,49.88016891479492,,56.43046951293945,,47.87059783935547
2006-12-26,49.916160583496094,,56.43046951293945,,48.01524353027344
2006-12-27,49.783119201660156,,56.3994140625,,47.66219711303711
2006-12-28,49.66867446899414,,56.36415481567383,,47.55473327636719
2006-12-29,49.644596099853516,,56.37825393676758,,47.51711654663086
2007-01-03,49.78913497924805,,56.43468475341797,,47.85565185546875
2007-01-04,49.969791412353516,,56.4910774230957,,48.14578628540039
2007-01-05,49.80718231201172,,56.455810546875,,47.936241149902344
2007-01-08,49.84329605102539,,56.420528411865234,,48.022193908691406
2007-01-09,49.831260681152344,,56.44175338745117,,48.022193908691406
2007-01-10,49.746978759765625,,56.42760467529297,,47.807273864746094
2007-01-11,49.6144905090332,66.90360260009766,56.385318756103516,,47.52785110473633
2007-01-12,49.51213073730469,66.91026306152344,56.35008239746094,,47.30756759643555
2007-01-16,49.60846710205078,66.84331512451172,56.40651321411133,,47.40964889526367
2007-01-17,49.51213073730469,66.8366470336914,56.385318756103516,,47.26455307006836
2007-01-18,49.57839584350586,66.89689636230469,56.40651321411133,,47.40964889526367
2007-01-19,49.500091552734375,66.82320404052734,56.3994140625,,47.280670166015625
2007-01-22,49.590389251708984,66.85669708251953,56.420528411865234,,47.39353561401367
2007-01-23,49.445884704589844,66.76296997070312,56.392391204833984,,47.08190155029297
2007-01-24,49.451927185058594,66.78974151611328,56.420528411865234,,47.076534271240234
2007-01-25,49.25920867919922,66.65579223632812,56.37825393676758,,46.73796844482422
2007-01-26,49.25316619873047,66.66254425048828,56.385318756103516,,46.70033645629883
2007-01-29,49.21705627441406,66.6424789428711,56.392391204833984,,46.5982666015625
2007-01-30,49.26523208618164,66.67596435546875,56.40651321411133,,46.65202331542969
2007-01-31,49.445884704589844,66.85002899169922,56.46992874145508,,47.04423522949219
2007-02-01,49.41025161743164,66.80776977539062,56.46284866333008,,46.98761749267578
2007-02-02,49.45254135131836,66.84130096435547,56.48411560058594,,47.046966552734375
2007-02-05,49.506954193115234,66.92853546142578,56.46990203857422,,47.111717224121094
2007-02-06,49.64594268798828,67.04264831542969,56.533626556396484,,47.37067794799805
2007-02-07,49.75476837158203,67.11650085449219,56.561920166015625,,47.51095199584961
2007-02-08,49.76686477661133,67.14334869384766,56.58318328857422,,47.5487060546875
2007-02-09,49.6157341003418,66.99563598632812,56.52654266357422,,47.2789421081543
2007-02-12,49.54926300048828,66.94193267822266,56.52654266357422,,47.171058654785156
2007-02-13,49.51298141479492,66.91508483886719,56.51946258544922,,47.068519592285156
2007-02-14,49.79706573486328,67.20372009277344,56.6468505859375,,47.51633834838867
2007-02-15,49.87564468383789,67.30440521240234,56.67520523071289,,47.656620025634766
2007-02-16,49.93007278442383,67.31111145019531,56.68931198120117,,47.823856353759766
2007-02-20,49.99049758911133,67.30440521240234,56.682273864746094,,47.9317741394043
2007-02-21,49.98448181152344,67.36483764648438,56.7176399230957,,47.85087203979492
2007-02-22,49.857521057128906,67.26417541503906,56.682273864746094,,47.591880798339844
2007-02-23,50.057003021240234,67.4051284790039,56.74598693847656,,47.9317741394043
2007-02-26,50.21417236328125,67.51925659179688,56.788414001464844,,48.2501106262207
2007-02-27,50.63733673095703,67.92872619628906,56.92285919189453,,48.85976028442383
2007-02-28,50.46202087402344,67.807861328125,56.88043212890625,,48.63853073120117
2007-03-01,50.50749206542969,67.8207015991211,56.95920944213867,,48.607696533203125
2007-03-02,50.671226501464844,68.0092544555664,57.023162841796875,,48.85137939453125
2007-03-05,50.70158386230469,68.02945709228516,57.044437408447266,,48.932640075683594
2007-03-06,50.634891510009766,67.96214294433594,56.99472427368164,,48.78641128540039
2007-03-07,50.72582244873047,68.05641174316406,57.051544189453125,,48.97595977783203
2007-03-08,50.719764709472656,68.06986999511719,57.051544189453125,,48.932640075683594
2007-03-09,50.43471145629883,67.82740020751953,56.95211410522461,,48.418155670166016
2007-03-12,50.57423400878906,67.94862365722656,57.001861572265625,,48.607696533203125
2007-03-13,50.798587799072266,68.15741729736328,57.07999038696289,,48.900146484375
2007-03-14,50.73191833496094,68.14397430419922,57.09416961669922,,48.678131103515625
2007-03-15,50.67732620239258,68.07666778564453,57.07999038696289,,48.672664642333984
2007-03-16,50.671226501464844,68.09010314941406,57.0728759765625,,48.661834716796875
2007-03-19,50.60453414916992,67.9756088256836,57.023162841796875,,48.558963775634766
2007-03-20,50.67732620239258,68.08332824707031,57.0728759765625,,48.58601379394531
2007-03-21,50.750099182128906,68.21809387207031,57.165191650390625,,48.607696533203125
2007-03-22,50.5803108215332,68.09010314941406,57.10835266113281,,48.22315979003906
2007-03-23,50.501434326171875,68.02273559570312,57.0728759765625,,48.087764739990234
2007-03-26,50.543888092041016,68.11032104492188,57.12968444824219,,48.14735794067383
2007-03-27,50.531742095947266,68.09683990478516,57.136783599853516,,48.066104888916016
2007-03-28,50.52565002441406,68.11707305908203,57.165191650390625,,47.96861267089844
2007-03-29,50.45292282104492,68.04301452636719,57.136783599853516,,47.90361785888672
2007-03-30,50.39228057861328,68.0362319946289,57.136783599853516,,47.8115348815918
2007-04-02,50.448333740234375,68.03892517089844,57.147499084472656,,47.890926361083984
2007-04-03,50.405662536621094,67.97805786132812,57.147499084472656,,47.831119537353516
2007-04-04,50.48480224609375,68.14031219482422,57.1830940246582,,47.88008117675781
2007-04-05,50.35693359375,68.02544403076172,57.16169357299805,,47.70064163208008
2007-04-09,50.1256217956543,67.7548828125,57.033390045166016,,47.38534927368164
2007-04-10,50.229103088378906,67.84288787841797,57.10468673706055,,47.52671813964844
2007-04-11,50.168216705322266,67.83615112304688,57.10468673706055,,47.49409866333008
2007-04-12,50.21689987182617,67.82254028320312,57.097511291503906,,47.50495910644531
2007-04-13,50.1317138671875,67.74821472167969,57.06904983520508,,47.358158111572266
2007-04-16,50.186466217041016,67.79551696777344,57.06194305419922,,47.61912155151367
2007-04-17,50.3995361328125,68.01190948486328,57.15456008911133,,47.88548278808594
2007-04-18,50.515220642089844,68.11328887939453,57.233001708984375,,48.1246452331543
2007-04-19,50.509178161621094,68.11328887939453,57.233001708984375,,48.0431022644043
2007-04-20,50.454368591308594,68.09297943115234,57.21874237060547,,47.91812515258789
2007-04-23,50.557865142822266,68.1876449584961,57.26149368286133,,48.09204864501953
2007-04-24,50.65526580810547,68.30258178710938,57.31137466430664,,48.27141189575195
2007-04-25,50.624874114990234,68.22818756103516,57.290035247802734,,48.10293197631836
2007-04-26,50.47872543334961,68.1200180053711,57.247257232666016,,47.755001068115234
2007-04-27,50.47872543334961,68.1200180053711,57.268611907958984,,47.74414825439453
2007-04-30,50.69786071777344,68.32283020019531,57.31137466430664,,48.24428176879883
2007-05-01,50.70035171508789,68.28353118896484,57.28710174560547,,48.2791862487793
2007-05-02,50.6392936706543,68.25634765625,57.315673828125,,48.25189971923828
2007-05-03,50.584224700927734,68.19532775878906,57.27275085449219,,48.14275360107422
2007-05-04,50.712623596191406,68.29711151123047,57.30130386352539,,48.33916473388672
2007-05-07,50.755348205566406,68.32420349121094,57.30130386352539,,48.47011947631836
2007-05-08,50.755348205566406,68.33783721923828,57.33000183105469,,48.36100387573242
2007-05-09,50.59031677246094,68.2292251586914,57.28710174560547,,48.1700439453125
2007-05-10,50.718658447265625,68.29711151123047,57.337120056152344,,48.284637451171875
2007-05-11,50.614784240722656,68.24959564208984,57.315673828125,,48.115501403808594
2007-05-14,50.54142379760742,68.14778900146484,57.27275085449219,,47.989986419677734
2007-05-15,50.53532409667969,68.15461730957031,57.28710174560547,,47.9736442565918
2007-05-16,50.50475311279297,68.20207214355469,57.34429931640625,,47.94093704223633
2007-05-17,50.37034225463867,68.04598236083984,57.308528900146484,,47.7444953918457
2007-05-18,50.2236442565918,67.92390441894531,57.2513313293457,,47.42803955078125
2007-05-21,50.2909049987793,68.01887512207031,57.2656135559082,,47.5699348449707
2007-05-22,50.15031814575195,67.84925079345703,57.27996063232422,,47.32442855834961
2007-05-23,50.05256271362305,67.84925079345703,57.2656135559082,,47.187992095947266
2007-05-24,50.11977005004883,67.87638092041016,57.28710174560547,,47.23162841796875
2007-05-25,50.06473922729492,67.80851745605469,57.32283020019531,,47.12250900268555
2007-05-29,49.96086502075195,67.74742126464844,57.2656135559082,,47.11707305908203
2007-05-30,50.00975799560547,67.78814697265625,57.308528900146484,,47.21525573730469
2007-05-31,49.99143981933594,67.72710418701172,57.27275085449219,,47.12797927856445
2007-06-01,49.77607345581055,67.51798248291016,57.24332046508789,,46.880393981933594
2007-06-04,49.85581588745117,67.60653686523438,57.26486587524414,,47.094017028808594
2007-06-05,49.696285247802734,67.46346282958984,57.214599609375,,46.79823684692383
2007-06-06,49.7208251953125,67.57247161865234,57.28641128540039,,46.77635955810547
2007-06-07,49.22379684448242,67.2659683227539,57.2218132019043,,45.938316345214844
2007-06-08,49.31586837768555,67.2659683227539,57.24332046508789,,45.89993667602539
2007-06-11,49.186973571777344,67.27957153320312,57.250518798828125,,45.76847839355469
2007-06-12,48.83721923828125,66.99346923828125,57.20027542114258,,45.105751037597656
2007-06-13,48.99676513671875,67.10247802734375,57.214599609375,,45.642555236816406
2007-06-14,49.0090446472168,67.07523345947266,57.214599609375,,45.52749252319336
2007-06-15,49.22379684448242,67.27274322509766,57.293609619140625,,45.839691162109375
2007-06-18,49.199241638183594,67.32040405273438,57.293609619140625,,45.746612548828125
2007-06-19,49.43854904174805,67.50432586669922,57.39411926269531,,46.173831939697266
2007-06-20,49.2790412902832,67.40894317626953,57.33664321899414,,45.801387786865234
2007-06-21,49.217613220214844,67.36131286621094,57.35816192626953,,45.58229064941406
2007-06-22,49.36492919921875,67.50432586669922,57.43720626831055,,45.87810134887695
2007-06-25,49.52446365356445,67.5928955078125,57.4874153137207,,46.12998580932617
2007-06-26,49.53673553466797,67.6269760131836,57.45152282714844,,46.140968322753906
2007-06-27,49.530609130859375,67.70867919921875,57.444297790527344,,46.18479537963867
2007-06-28,49.49993896484375,67.61328887939453,57.42998123168945,,46.173831939697266
2007-06-29,49.75761032104492,67.83132934570312,57.54485321044922,,46.65037536621094
2007-07-02,49.83338165283203,67.93113708496094,57.58231735229492,,46.89557647705078
2007-07-03,49.68558883666992,67.83541870117188,57.560707092285156,,46.60968017578125
2007-07-05,49.4083366394043,67.5549545288086,57.48142623901367,,46.087337493896484
2007-07-06,49.29133224487305,67.45238494873047,57.47423553466797,,45.90036392211914
2007-07-09,49.46998977661133,67.52084350585938,57.517459869384766,,46.065311431884766
2007-07-10,49.80875778198242,67.9175033569336,57.62554168701172,,46.84608459472656
2007-07-11,49.63631820678711,67.75340270996094,57.59673309326172,,46.362247467041016
2007-07-12,49.49460220336914,67.67806243896484,57.560707092285156,,46.20280075073242
2007-07-13,49.605491638183594,67.73281860351562,57.589500427246094,,46.32923126220703
2007-07-16,49.80261993408203,67.89010620117188,57.64716720581055,,46.77463912963867
2007-07-17,49.697845458984375,67.83541870117188,57.611167907714844,,46.67564392089844
2007-07-18,49.87652587890625,68.00640869140625,57.69757080078125,,46.85161209106445
2007-07-19,49.8703498840332,67.97904205322266,57.69041442871094,,46.84059524536133
2007-07-20,50.11676025390625,68.22521209716797,57.78406524658203,,47.26396179199219
2007-07-23,50.098270416259766,68.22521209716797,57.7408447265625,,47.18701934814453
2007-07-24,50.233795166015625,68.34829711914062,57.79851150512695,,47.362953186035156
2007-07-25,50.30158233642578,68.4098892211914,57.841732025146484,,47.456424713134766
2007-07-26,50.70196533203125,68.86811065673828,57.97863006591797,,47.85232162475586
2007-07-27,50.800533294677734,68.92965698242188,58.043479919433594,,47.989749908447266
2007-07-30,50.671146392822266,68.78606414794922,57.97144317626953,,47.85232162475586
2007-07-31,50.8806037902832,68.94332122802734,58.06511306762695,,48.19869613647461
2007-08-01,50.739566802978516,68.81289672851562,58.0086784362793,,48.094390869140625
2007-08-02,50.77666473388672,68.9433822631836,58.03764343261719,,48.2158203125
2007-08-03,51.104427337646484,69.22473907470703,58.18227767944336,,48.53600311279297
2007-08-06,50.90040969848633,69.00515747070312,58.10987854003906,,48.182674407958984
2007-08-07,50.89419937133789,68.90898132324219,58.05934524536133,,48.144081115722656
2007-08-08,50.541709899902344,68.79914093017578,58.01593017578125,,47.558921813964844
2007-08-09,50.8261833190918,69.09429931640625,58.18227767944336,,47.625186920166016
2007-08-10,50.75196075439453,68.99822235107422,58.160552978515625,,47.51478576660156
2007-08-13,50.83236312866211,69.12178039550781,58.21123504638672,,47.65278244018555
2007-08-14,51.017906188964844,69.95919799804688,58.29081344604492,,47.77975845336914
2007-08-15,51.11064147949219,69.42379760742188,58.37034225463867,,47.60865020751953
2007-08-16,51.30851745605469,69.9249038696289,58.48605728149414,,48.09990692138672
2007-08-17,51.345645904541016,69.70524597167969,58.536659240722656,,47.90669631958008
2007-08-20,51.45695495605469,69.84937286376953,58.60905456542969,,47.934295654296875
2007-08-21,51.6795654296875,70.04839324951172,58.68864440917969,,48.16617202758789
2007-08-22,51.512611389160156,69.82881927490234,58.60905456542969,,48.08882522583008
2007-08-23,51.531105041503906,69.7395248413086,58.57283020019531,,48.25445556640625
2007-08-24,51.5496711730957,69.69152069091797,58.46434783935547,,48.49180603027344
2007-08-27,51.69192886352539,69.81504821777344,58.543941497802734,,48.74571228027344
2007-08-28,51.95780563354492,70.22003173828125,58.695804595947266,,48.828487396240234
2007-08-29,51.75992202758789,69.9798355102539,58.623477935791016,,48.696006774902344
2007-08-30,52.01970291137695,70.2406005859375,58.67412567138672,,49.02173614501953
2007-08-31,52.03202438354492,70.22003173828125,58.67412567138672,,49.060333251953125
2007-09-04,51.9351692199707,70.1711654663086,58.67122268676758,,49.083621978759766
2007-09-05,52.25802993774414,70.5156021118164,58.82373809814453,,49.47711181640625
2007-09-06,52.14630126953125,70.3434066772461,58.751060485839844,,49.34968566894531
2007-09-07,52.705039978027344,70.8119125366211,58.954402923583984,,50.04801559448242
2007-09-10,52.82303237915039,70.96345520019531,58.976219177246094,,50.43596649169922
2007-09-11,52.711273193359375,70.78429412841797,58.8890266418457,,50.39714813232422
2007-09-12,52.58092498779297,70.73611450195312,58.939849853515625,,50.20874786376953
2007-09-13,52.270469665527344,70.43987274169922,58.85274124145508,,49.759822845458984
2007-09-14,52.3387451171875,70.50875091552734,58.84545135498047,,49.83184051513672
2007-09-17,52.3697509765625,70.49495697021484,58.83821105957031,,50.070152282714844
2007-09-18,52.31387710571289,70.58448028564453,58.91809844970703,,49.69329833984375
2007-09-19,52.12763214111328,70.55010223388672,58.91809844970703,,49.233306884765625
2007-09-20,51.53786087036133,70.0333251953125,58.79463577270508,,48.3021240234375
2007-09-21,51.79861068725586,70.24003601074219,58.8745002746582,,48.71227264404297
2007-09-24,51.86687088012695,70.3020248413086,58.939849853515625,,48.850833892822266
2007-09-25,51.87311935424805,70.3915786743164,58.990684509277344,,48.679039001464844
2007-09-26,51.891719818115234,70.42606353759766,58.954402923583984,,48.7233772277832
2007-09-27,52.059383392333984,70.58448028564453,59.06329345703125,,49.06147384643555
2007-09-28,52.07798385620117,70.55010223388672,58.99795150756836,,49.17232131958008
2007-10-01,52.14030838012695,70.58600616455078,59.01032638549805,,49.453311920166016
2007-10-02,52.252525329589844,70.68976593017578,59.04671859741211,,49.60905075073242
2007-10-03,52.21509552001953,70.61368560791016,59.039432525634766,,49.46440505981445
2007-10-04,52.308555603027344,70.68280029296875,59.06866455078125,,49.653564453125
2007-10-05,51.847412109375,70.35092163085938,59.00300598144531,,49.11945724487305
2007-10-08,52.03436279296875,70.51689147949219,59.06132888793945,,49.08049774169922
2007-10-09,51.872344970703125,70.254150390625,58.930198669433594,,49.01929473876953
2007-10-10,51.92218780517578,70.28871154785156,58.94475555419922,,49.04713821411133
2007-10-11,51.92840576171875,70.32328033447266,58.95933151245117,,48.99703598022461
2007-10-12,51.753963470458984,70.22648620605469,58.89374923706055,,48.75776290893555
2007-10-15,51.80375289916992,70.17119598388672,58.89374923706055,,48.7689094543457
2007-10-16,51.94709396362305,70.33016204833984,58.96660614013672,,48.785606384277344
2007-10-17,52.26493835449219,70.56523895263672,59.10503387451172,,49.31975173950195
2007-10-18,52.46437454223633,70.89019775390625,59.185264587402344,,49.592403411865234
2007-10-19,52.91301727294922,71.1737289428711,59.3382682800293,,50.33241271972656
2007-10-22,52.8133430480957,71.1737289428711,59.28725051879883,,50.337955474853516
2007-10-23,52.80087661743164,71.14604949951172,59.29452896118164,,50.271217346191406
2007-10-24,53.06881332397461,71.40880584716797,59.41110610961914,,50.643985748291016
2007-10-25,53.02520751953125,71.4225845336914,59.37464141845703,,50.47150802612305
2007-10-26,52.894309997558594,71.36038208007812,59.38193893432617,,50.35466384887695
2007-10-29,52.93798828125,71.34660339355469,59.38193893432617,,50.54943084716797
2007-10-30,52.99406433105469,71.36038208007812,59.37464141845703,,50.52154541015625
2007-10-31,52.63886260986328,71.11148071289062,59.27992248535156,,50.0653190612793
2007-11-01,53.068485260009766,71.5014419555664,59.47231674194336,,50.71580505371094
2007-11-02,53.21229934692383,71.59162902832031,59.54549026489258,,50.87785720825195
2007-11-05,53.14976119995117,71.61936950683594,59.538108825683594,,50.85554122924805
2007-11-06,53.05595397949219,71.55693817138672,59.501609802246094,,50.609642028808594
2007-11-07,53.24981689453125,71.81365966796875,59.669761657714844,,50.69907760620117
2007-11-08,53.368656158447266,72.03575134277344,59.76490020751953,,50.609642028808594
2007-11-09,53.687538146972656,72.27161407470703,59.786834716796875,,51.03996658325195
2007-11-12,53.78139114379883,72.36180877685547,59.9257926940918,,51.22439193725586
2007-11-13,53.506187438964844,71.93165588378906,59.74296188354492,,51.03440475463867
2007-11-14,53.54377365112305,72.0911865234375,59.77219009399414,,51.09026336669922
2007-11-15,53.84387969970703,72.36874389648438,59.969696044921875,,51.57088851928711
2007-11-16,53.84387969970703,72.36874389648438,59.969696044921875,,51.64352798461914
2007-11-19,54.231651306152344,72.84062194824219,60.16719436645508,,51.97881317138672
2007-11-20,54.08784103393555,72.85443115234375,60.145240783691406,,51.9229850769043
2007-11-21,54.51306915283203,73.30545806884766,60.33541488647461,,52.22474670410156
2007-11-23,54.350460052490234,73.04872131347656,60.269588470458984,,52.3812255859375
2007-11-26,55.09465026855469,73.65929412841797,60.43779754638672,,53.41510772705078
2007-11-27,54.581851959228516,73.26386260986328,60.254905700683594,,52.90653991699219
2007-11-28,54.38797378540039,73.09032440185547,60.203773498535156,,52.54888153076172
2007-11-29,54.69441223144531,73.35400390625,60.31343078613281,,53.00155258178711
2007-11-30,54.769439697265625,73.47888946533203,60.34270477294922,,52.74445724487305
2007-12-03,54.98590087890625,73.78655242919922,60.47919464111328,,53.163047790527344
2007-12-04,55.03615188598633,73.75874328613281,60.47189712524414,,53.157432556152344
2007-12-05,54.829078674316406,73.66130828857422,60.493858337402344,,52.52339553833008
2007-12-06,54.54043960571289,73.36196899414062,60.36914825439453,,52.06333541870117
2007-12-07,54.1890869140625,73.17402648925781,60.30310821533203,,51.47979736328125
2007-12-10,54.06355667114258,72.95819854736328,60.259037017822266,,51.171165466308594
2007-12-11,54.803955078125,73.78655242919922,60.47919464111328,,52.17550277709961
2007-12-12,54.345882415771484,73.25059509277344,60.325130462646484,,51.636863708496094
2007-12-13,53.944297790527344,73.04871368408203,60.23703384399414,,51.075775146484375
2007-12-14,53.7874641418457,72.78419494628906,60.09022903442383,,50.840152740478516
2007-12-17,54.10746383666992,73.16703796386719,60.266414642333984,,51.29460906982422
2007-12-18,54.214141845703125,73.13922882080078,60.22971725463867,,51.62565612792969
2007-12-19,54.64708709716797,73.5011978149414,60.38382339477539,,52.31014633178711
2007-12-20,54.559261322021484,73.51512145996094,60.42783737182617,,52.1979866027832
2007-12-21,54.1639518737793,73.14614868164062,60.332420349121094,,51.43488693237305
2007-12-24,54.00713348388672,72.99304962158203,60.281044006347656,,51.193641662597656
2007-12-26,53.74978256225586,72.77030181884766,60.22235107421875,,50.74478530883789
2007-12-27,54.110652923583984,73.08589172363281,60.354164123535156,,51.29795455932617
2007-12-28,54.545223236083984,73.4630355834961,60.42781448364258,,52.09790802001953
2007-12-31,54.79717254638672,73.68647003173828,60.52353286743164,,52.41336441040039
2008-01-02,55.187583923339844,74.070556640625,60.63395690917969,,53.16826248168945
2008-01-03,55.300960540771484,74.18226623535156,60.729740142822266,,53.09503173828125
2008-01-04,55.44580078125,74.43367767333984,60.81804656982422,,53.106266021728516
2008-01-07,55.54659652709961,74.51053619384766,60.78129959106445,,53.33726501464844
2008-01-08,55.66619873046875,74.5663833618164,60.86968231201172,,53.275306701660156
2008-01-09,55.57804489135742,74.60127258300781,60.840179443359375,,53.376686096191406
2008-01-10,55.42692947387695,74.55936431884766,60.840179443359375,,52.65562438964844
2008-01-11,55.77956771850586,74.84566497802734,61.009559631347656,,53.06682586669922
2008-01-14,55.80479431152344,74.89452362060547,61.031620025634766,,53.2640495300293
2008-01-15,56.17005920410156,75.09010314941406,61.08320617675781,,53.861183166503906
2008-01-16,56.06295394897461,75.06918334960938,61.13475036621094,,53.472450256347656
2008-01-17,56.51640701293945,75.44625091552734,61.23779296875,,54.16539001464844
2008-01-18,56.4345703125,75.41825866699219,61.28936004638672,,53.79356384277344
2008-01-22,57.0643424987793,76.09562683105469,61.54711151123047,,54.368167877197266
2008-01-23,56.799774169921875,75.94903564453125,61.5177001953125,,54.24421691894531
2008-01-24,56.28334045410156,75.49510192871094,61.32621383666992,,53.157012939453125
2008-01-25,56.806121826171875,75.83028411865234,61.48820877075195,,54.052703857421875
2008-01-28,56.59828567504883,75.71855926513672,61.458740234375,,53.84982681274414
2008-01-29,56.371551513671875,75.49510192871094,61.421913146972656,,53.48374938964844
2008-01-30,56.34637451171875,75.58589172363281,61.466087341308594,,53.13447570800781
2008-01-31,56.636131286621094,75.84429931640625,61.525020599365234,,53.51185989379883
2008-02-01,56.819969177246094,76.00736236572266,61.59218978881836,,53.833553314208984
2008-02-04,56.504005432128906,75.78334045410156,61.59955596923828,,53.27956008911133
2008-02-05,56.902042388916016,76.27338409423828,61.739845275878906,,53.686580657958984
2008-02-06,56.80095291137695,76.1823959350586,61.762020111083984,,53.52262878417969
2008-02-07,56.162925720214844,75.74838256835938,61.680843353271484,,52.36940002441406
2008-02-08,56.636756896972656,76.14740753173828,61.79153060913086,,52.968666076660156
2008-02-11,56.763031005859375,76.24540710449219,61.813720703125,,53.18911361694336
2008-02-12,56.64304733276367,76.18939971923828,61.83586120605469,,52.87253189086914
2008-02-13,56.402950286865234,76.08438110351562,61.85804748535156,,52.31291198730469
2008-02-14,56.09339904785156,75.94438934326172,61.813720703125,,51.5440673828125
2008-02-15,56.21343994140625,76.0213851928711,61.747310638427734,,51.93976593017578
2008-02-19,55.8090705871582,75.54533386230469,61.70297622680664,,51.41407775878906
2008-02-20,55.75857925415039,75.44033813476562,61.629085540771484,,51.77018737792969
2008-02-21,56.333492279052734,75.9793472290039,61.7989387512207,,52.318504333496094
2008-02-22,56.175514221191406,75.80435180664062,61.73247146606445,,52.01892852783203
2008-02-25,55.80278015136719,75.49638366699219,61.63648223876953,,51.48753356933594
2008-02-26,55.94181823730469,75.66431427001953,61.725074768066406,,51.50453567504883
2008-02-27,56.074485778808594,75.7904052734375,61.7989387512207,,51.54974365234375
2008-02-28,56.7314567565918,76.38544464111328,61.946571350097656,,52.46552276611328
2008-02-29,57.3380012512207,77.02252960205078,62.160743713378906,,53.268245697021484
2008-03-03,57.192230224609375,76.91233825683594,62.1629638671875,,53.13093185424805
2008-03-04,56.97673034667969,76.88424682617188,62.148162841796875,,52.61458206176758
2008-03-05,56.7296028137207,76.71592712402344,62.11115646362305,,51.98479461669922
2008-03-06,57.18587112426758,77.10179138183594,62.296077728271484,,52.262821197509766
2008-03-07,57.38232421875,77.31233215332031,62.266483306884766,,52.33088684082031
2008-03-10,57.79423141479492,77.57889556884766,62.33310317993164,,53.102561950683594
2008-03-11,57.166927337646484,76.84213256835938,62.022369384765625,,52.648651123046875
2008-03-12,57.825923919677734,77.43158721923828,62.2221565246582,,53.6642951965332
2008-03-13,57.52170181274414,77.2982177734375,62.19260787963867,,53.24444580078125
2008-03-14,58.1174201965332,77.81742095947266,62.37747573852539,,53.9025764465332
2008-03-17,58.40896224975586,78.1893310546875,62.51801681518555,,54.316749572753906
2008-03-18,58.009742736816406,77.70516204833984,62.296077728271484,,54.1068115234375
2008-03-19,58.510337829589844,78.06998443603516,62.3626823425293,,55.00333023071289
2008-03-20,58.63705062866211,77.98583984375,62.288753509521484,,55.139522552490234
2008-03-24,57.60411071777344,77.0877456665039,62.02985382080078,,54.072811126708984
2008-03-25,57.806888580322266,77.14387512207031,62.074222564697266,,54.299808502197266
2008-03-26,57.85124588012695,77.35430908203125,62.207340240478516,,54.072811126708984
2008-03-27,57.77523422241211,77.3263168334961,62.27397155761719,,53.692657470703125
2008-03-28,58.00334930419922,77.47364807128906,62.303489685058594,,54.21468734741211
2008-03-31,58.104713439941406,77.62098693847656,62.318321228027344,,54.40758514404297
2008-04-01,57.59667205810547,77.00497436523438,62.092918395996094,,53.522064208984375
2008-04-02,57.40593719482422,76.78694152832031,62.041011810302734,,53.63608932495117
2008-04-03,57.40593719482422,76.67440795898438,61.99657440185547,,53.755741119384766
2008-04-04,57.844669342041016,77.04711151123047,62.10771179199219,,54.24574661254883
2008-04-07,57.46318054199219,76.65335845947266,61.989192962646484,,53.96084213256836
2008-04-08,57.469505310058594,76.68849182128906,62.026275634765625,,53.77280807495117
2008-04-09,57.812923431396484,77.08932495117188,62.14482879638672,,54.33119583129883
2008-04-10,57.583980560302734,76.91348266601562,62.12260818481445,,54.148860931396484
2008-04-11,57.83195495605469,77.1808090209961,62.22636795043945,,54.51353454589844
2008-04-14,57.68574905395508,77.07526397705078,62.189300537109375,,54.19444274902344
2008-04-15,57.42500686645508,76.84318542480469,62.10771179199219,,53.522064208984375
2008-04-16,57.037113189697266,76.40723419189453,61.974327087402344,,52.99787521362305
2008-04-17,56.90359878540039,76.259521484375,61.863101959228516,,52.90673065185547
2008-04-18,56.84637451171875,76.11185455322266,61.82604217529297,,52.861167907714844
2008-04-21,56.85273361206055,76.0415267944336,61.766761779785156,,53.07196044921875
2008-04-22,56.897216796875,76.06963348388672,61.78898239135742,,53.2542839050293
2008-04-23,56.83998489379883,75.95008087158203,61.78898239135742,,53.07768249511719
2008-04-24,56.394901275634766,75.55625915527344,61.618560791015625,,52.62748336791992
2008-04-25,56.31865310668945,75.40864562988281,61.62590408325195,,52.31983184814453
2008-04-28,56.42034149169922,75.58441925048828,61.692626953125,,52.47932434082031
2008-04-29,56.52210235595703,75.71800994873047,61.67781066894531,,52.67875289916992
2008-04-30,56.700138092041016,75.83760833740234,61.796424865722656,,53.05487060546875
2008-05-01,56.69373321533203,75.68881225585938,61.68648147583008,,53.05830001831055
2008-05-02,56.234493255615234,75.42091369628906,61.60475540161133,,52.38920974731445
2008-05-05,56.31739044189453,75.54074096679688,61.67162322998047,,52.38920974731445
2008-05-06,56.13880920410156,75.48433685302734,61.708831787109375,,52.01176071166992
2008-05-07,56.36207580566406,75.69585418701172,61.783077239990234,,52.23481369018555
2008-05-08,56.72565460205078,76.04833984375,61.83501434326172,,52.703697204589844
2008-05-09,56.789451599121094,76.06241607666016,61.857330322265625,,52.8982048034668
2008-05-12,56.69373321533203,75.92849731445312,61.738525390625,,52.818145751953125
2008-05-13,56.221710205078125,75.4490966796875,61.63450622558594,,52.240474700927734
2008-05-14,56.20261001586914,75.35041046142578,61.58991622924805,,52.26335525512695
2008-05-15,56.51512908935547,75.68881225585938,61.64191436767578,,52.73805236816406
2008-05-16,56.41943359375,75.56195068359375,61.65674591064453,,52.52073669433594
2008-05-19,56.54705810546875,75.73810577392578,61.72364807128906,,52.58936309814453
2008-05-20,56.71923065185547,75.893310546875,61.81277847290039,,52.863853454589844
2008-05-21,56.585269927978516,75.74520874023438,61.74589157104492,,52.875244140625
2008-05-22,56.215335845947266,75.30812072753906,61.575077056884766,,52.25196838378906
2008-05-23,56.464111328125,75.62537384033203,61.69392776489258,,52.48069381713867
2008-05-27,56.18985366821289,75.29399871826172,61.62705612182617,,52.12616729736328
2008-05-28,55.768795013427734,74.93450164794922,61.51571273803711,,51.66291427612305
2008-05-29,55.50736999511719,74.75827026367188,61.49339294433594,,51.291202545166016
2008-05-30,55.692298889160156,74.90630340576172,61.58251953125,,51.62860107421875
2008-06-02,56.02320861816406,75.24065399169922,61.70386505126953,,51.827789306640625
2008-06-03,56.31766128540039,75.62939453125,61.79324722290039,,52.20083236694336
2008-06-04,56.11284637451172,75.48806762695312,61.770877838134766,,51.735958099365234
2008-06-05,55.81842803955078,75.20526885986328,61.688995361328125,,51.42601776123047
2008-06-06,56.30488967895508,75.68598937988281,61.770877838134766,,52.09174346923828
2008-06-09,55.90158462524414,75.07096099853516,61.45810317993164,,52.09174346923828
2008-06-10,55.568763732910156,74.61857604980469,61.316612243652344,,51.753150939941406
2008-06-11,55.62637710571289,74.85179138183594,61.42088317871094,,51.63261795043945
2008-06-12,55.139888763427734,74.18029022216797,61.122982025146484,,51.11607360839844
2008-06-13,55.011844635009766,74.10254669189453,61.19002914428711,,51.00698471069336
2008-06-16,55.01824188232422,74.08130645751953,61.227230072021484,,51.018470764160156
2008-06-17,55.20387649536133,74.39234924316406,61.3464241027832,,51.121829986572266
2008-06-18,55.504756927490234,74.6256332397461,61.40595245361328,,51.552268981933594
2008-06-19,55.184661865234375,74.30751037597656,61.28677749633789,,51.24810791015625
2008-06-20,55.44072723388672,74.5902328491211,61.39855194091797,,51.54651641845703
2008-06-23,55.41513442993164,74.49127960205078,61.33149719238281,,51.65556335449219
2008-06-24,55.70955276489258,74.75993347167969,61.443206787109375,,51.999969482421875
2008-06-25,55.70320129394531,74.81648254394531,61.487953186035156,,52.02291488647461
2008-06-26,56.016841888427734,75.21234130859375,61.66667938232422,,52.37299728393555
2008-06-27,56.29209899902344,75.4244155883789,61.696434020996094,,52.98713684082031
2008-06-30,56.330509185791016,75.45975494384766,61.733707427978516,,52.99864959716797
2008-07-01,56.17765808105469,75.37968444824219,61.717987060546875,,52.873023986816406
2008-07-02,56.31251525878906,75.55687713623047,61.725467681884766,,53.14950942993164
2008-07-03,56.331790924072266,75.6773681640625,61.830013275146484,,53.034332275390625
2008-07-07,56.595130920410156,75.8615951538086,61.86735153198242,,53.27626419067383
2008-07-08,56.73638153076172,75.91830444335938,61.874839782714844,,53.6219367980957
2008-07-09,57.00615310668945,76.23722076416016,61.97939682006836,,53.85807800292969
2008-07-10,57.02542495727539,76.2088623046875,61.90468978881836,,53.852294921875
2008-07-11,56.49235916137695,75.6773681640625,61.77775955200195,,53.08616256713867
2008-07-14,56.79420471191406,75.98918914794922,61.91962432861328,,53.55277633666992
2008-07-15,56.999717712402344,76.23722076416016,62.009178161621094,,53.53550720214844
2008-07-16,56.47951126098633,75.90414428710938,61.949466705322266,,52.56776809692383
2008-07-17,56.2097282409668,75.58519744873047,61.85987854003906,,52.29703903198242
2008-07-18,56.017059326171875,75.33001708984375,61.74788284301758,,52.101192474365234
2008-07-21,56.14547348022461,75.41512298583984,61.77775955200195,,52.30278778076172
2008-07-22,55.952877044677734,75.2308349609375,61.725467681884766,,52.04355239868164
2008-07-23,55.862945556640625,75.1528549194336,61.6955680847168,,51.93988037109375
2008-07-24,56.344635009765625,75.62771606445312,61.86735153198242,,52.44681167602539
2008-07-25,56.017059326171875,75.40805053710938,61.78524398803711,,51.922607421875
2008-07-28,56.33818817138672,75.74820709228516,61.91214370727539,,52.44681167602539
2008-07-29,56.17765808105469,75.5355453491211,61.85987854003906,,52.233673095703125
2008-07-30,56.28679656982422,75.63481903076172,61.874839782714844,,52.285526275634766
2008-07-31,56.73638153076172,76.00333404541016,62.00177001953125,,52.80391311645508
2008-08-01,56.764705657958984,76.0871353149414,62.01371765136719,,52.920684814453125
2008-08-04,56.726051330566406,76.04454803466797,62.006221771240234,,52.799339294433594
2008-08-05,56.43606948852539,75.88824462890625,61.976287841796875,,52.40617370605469
2008-08-06,56.455413818359375,75.85985565185547,61.98375701904297,,52.192291259765625
2008-08-07,56.983863830566406,76.3358383178711,62.11859130859375,,53.042083740234375
2008-08-08,56.958091735839844,76.215087890625,62.06613540649414,,53.18663787841797
2008-08-11,56.68095397949219,75.98065185546875,61.98375701904297,,52.67791748046875
2008-08-12,57.074119567871094,76.35716247558594,62.09615707397461,,53.1693000793457
2008-08-13,56.95161437988281,76.22929382324219,62.08867645263672,,52.98428726196289
2008-08-14,57.1256217956543,76.37842559814453,62.1110954284668,,53.32538986206055
2008-08-15,57.338348388671875,76.53484344482422,62.15606689453125,,53.787879943847656
2008-08-18,57.48014450073242,76.68402099609375,62.208560943603516,,54.00177001953125
2008-08-19,57.39631271362305,76.67691040039062,62.25345993041992,,53.79362869262695
2008-08-20,57.563880920410156,76.85446166992188,62.33586883544922,,53.94401168823242
2008-08-21,57.44144821166992,76.68402099609375,62.28339385986328,,53.84569549560547
2008-08-22,57.27389144897461,76.50636291503906,62.17103576660156,,53.81101608276367
2008-08-25,57.65415954589844,76.7550048828125,62.275936126708984,,54.348628997802734
2008-08-26,57.6734619140625,76.80480194091797,62.25345993041992,,54.39493179321289
2008-08-27,57.75723648071289,76.89717102050781,62.29093551635742,,54.487388610839844
2008-08-28,57.6734619140625,76.80480194091797,62.26095962524414,,54.4931640625
2008-08-29,57.60256576538086,76.74797821044922,62.29093551635742,,54.25035095214844
2008-09-02,57.9161491394043,77.01500701904297,62.36980438232422,,54.755126953125
2008-09-03,58.05841064453125,77.2073974609375,62.392333984375,,54.987247467041016
2008-09-04,58.34938049316406,77.47088623046875,62.42987060546875,,55.42822265625
2008-09-05,58.22005844116211,77.32841491699219,62.407371520996094,,55.39922332763672
2008-09-08,58.226524353027344,77.22865295410156,62.37736129760742,,55.631282806396484
2008-09-09,58.49165725708008,77.47088623046875,62.47500228881836,,56.182498931884766
2008-09-10,58.34290313720703,77.37831115722656,62.490028381347656,,55.834346771240234
2008-09-11,58.23949432373047,77.34977722167969,62.467472076416016,,55.805389404296875
2008-09-12,57.9484977722168,77.22865295410156,62.47500228881836,,55.08588790893555
2008-09-15,59.06061935424805,78.35405731201172,62.91825866699219,,56.87295913696289
2008-09-16,58.89249801635742,78.06922149658203,62.8055305480957,,56.86138916015625
2008-09-17,59.422767639160156,78.79563903808594,63.10602569580078,,57.14569091796875
2008-09-18,58.72440719604492,78.33979034423828,62.90320587158203,,56.31015396118164
2008-09-19,57.6768798828125,77.0577392578125,62.55006790161133,,54.52307891845703
2008-09-22,57.554100036621094,77.14328002929688,62.59522247314453,,54.51726150512695
2008-09-23,57.554100036621094,77.21450805664062,62.640296936035156,,54.30840301513672
2008-09-24,57.702789306640625,77.62045288085938,62.77556228637695,,54.54627990722656
2008-09-25,57.52821731567383,77.18596649169922,62.662803649902344,,54.43605041503906
2008-09-26,57.48942184448242,77.1574935913086,62.662803649902344,,54.830596923828125
2008-09-29,58.29118728637695,78.1617660522461,63.023406982421875,,56.42617416381836
2008-09-30,57.52176284790039,77.51358032226562,62.77556228637695,,55.05107116699219
2008-10-01,57.92723846435547,77.88127899169922,62.97151184082031,,55.7436408996582
2008-10-02,58.251651763916016,78.4666976928711,63.1071891784668,,56.1917724609375
2008-10-03,58.47222137451172,78.68803405761719,63.28054428100586,,56.68648147583008
2008-10-06,58.945884704589844,79.22344970703125,63.40871810913086,,57.71664810180664
2008-10-07,58.900474548339844,79.39476776123047,63.42376708984375,,57.54203796386719
2008-10-08,58.14787673950195,78.40959167480469,63.152366638183594,,56.71556854248047
2008-10-09,57.56388854980469,78.131103515625,63.190059661865234,,56.23832702636719
2008-10-10,56.88911056518555,78.15970611572266,63.2880744934082,,55.84260177612305
2008-10-13,56.499839782714844,77.1031265258789,63.00918197631836,,55.12675094604492
2008-10-14,56.233802795410156,77.48861694335938,63.02426528930664,,54.77170944213867
2008-10-15,56.6944465637207,77.93132019042969,63.23525619506836,,55.29555892944336
2008-10-16,56.70746994018555,78.05973052978516,63.197628021240234,,55.010337829589844
2008-10-17,57.064292907714844,78.02400207519531,63.24288558959961,,54.63203430175781
2008-10-20,57.1226806640625,78.20967864990234,63.197628021240234,,55.06850051879883
2008-10-21,57.72611999511719,78.58096313476562,63.325706481933594,,55.35953903198242
2008-10-22,58.16734313964844,78.96639251708984,63.41621398925781,,56.482791900634766
2008-10-23,58.245155334472656,78.92357635498047,63.37851333618164,,56.90187454223633
2008-10-24,57.99859619140625,78.82365417480469,63.431297302246094,,56.296531677246094
2008-10-27,57.966163635253906,78.77366638183594,63.272979736328125,,56.3372917175293
2008-10-28,57.49900436401367,78.59519958496094,63.3483772277832,,55.51667404174805
2008-10-29,57.58336639404297,78.73080444335938,63.38609313964844,,55.237335205078125
2008-10-30,57.142173767089844,78.35960388183594,63.4388542175293,,54.73680877685547
2008-10-31,57.0254020690918,78.65229797363281,63.468997955322266,,54.02678298950195
2008-11-03,57.11656951904297,79.06034851074219,63.587825775146484,,54.172855377197266
2008-11-04,57.80033874511719,79.63298797607422,63.56508255004883,,55.189544677734375
2008-11-05,58.10638427734375,79.7403335571289,63.678585052490234,,55.844032287597656
2008-11-06,57.9305534362793,79.80471801757812,63.70127868652344,,55.440834045410156
2008-11-07,57.722164154052734,79.50413513183594,63.587825775146484,,55.078521728515625
2008-11-10,57.78077697753906,79.64727020263672,63.78451156616211,,55.347347259521484
2008-11-11,57.99563980102539,79.79759216308594,63.82998275756836,,55.51093292236328
2008-11-12,58.353790283203125,80.069580078125,63.92836380004883,,55.86741256713867
2008-11-13,57.9305534362793,79.80471801757812,63.76942443847656,,54.52927780151367
2008-11-14,58.503597259521484,80.27718353271484,63.75422668457031,,55.610294342041016
2008-11-17,58.75102615356445,80.32732391357422,63.86774826049805,,55.855709075927734
2008-11-18,59.20688247680664,80.69229888916016,63.93586730957031,,56.57440948486328
2008-11-19,59.84504318237305,81.15043640136719,64.02668762207031,,58.0235595703125
2008-11-20,61.04977035522461,81.66585540771484,64.14773559570312,,61.02113723754883
2008-11-21,60.4897346496582,81.27214813232422,64.04182434082031,,60.13884353637695
2008-11-24,59.9232063293457,80.6064682006836,63.88283920288086,,59.198062896728516
2008-11-25,60.95208740234375,81.25782775878906,63.93586730957031,,60.9393196105957
2008-11-26,61.323280334472656,81.37239837646484,64.13267517089844,,61.02113723754883
2008-11-28,61.446983337402344,81.6801986694336,64.17050170898438,,61.774906158447266
2008-12-01,62.27876281738281,82.55040740966797,64.2760238647461,,64.14059448242188
2008-12-02,62.60541534423828,82.62934112548828,64.2684097290039,,64.38684844970703
2008-12-03,62.70344543457031,82.75846862792969,64.32156372070312,,64.568603515625
2008-12-04,63.09548568725586,83.07412719726562,64.33673095703125,,65.84088134765625
2008-12-05,62.42903137207031,82.42845916748047,64.26087951660156,,64.77384185791016
2008-12-08,62.193790435791016,82.15582275390625,64.16973114013672,,64.63311767578125
2008-12-09,62.723018646240234,82.66522216796875,64.3671646118164,,65.91120910644531
2008-12-10,62.66422653198242,82.77286529541016,64.28358459472656,,65.75296020507812
2008-12-11,63.043155670166016,82.85895538330078,64.4354019165039,,65.88186645507812
2008-12-12,63.21958541870117,83.11724090576172,64.46580505371094,,65.88186645507812
2008-12-15,63.35675811767578,83.18896484375,64.51131439208984,,66.63236236572266
2008-12-16,64.36299896240234,83.88484191894531,64.54174041748047,,68.27986145019531
2008-12-17,64.80069732666016,83.51181030273438,64.40505981445312,,70.13253021240234
2008-12-18,65.23851013183594,83.81312561035156,64.4354019165039,,71.60414123535156
2008-12-19,65.02287292480469,83.64095306396484,64.37470245361328,,71.68038940429688
2008-12-22,64.85301971435547,83.3037338256836,64.2532730102539,,71.1292724609375
2008-12-23,64.8203353881836,83.26789855957031,64.2684097290039,,71.03543853759766
2008-12-24,64.75505065917969,83.22486114501953,64.28358459472656,,70.8829574584961
2008-12-26,65.10127258300781,83.31092834472656,64.3594970703125,,71.11750030517578
2008-12-29,65.24493408203125,83.53607940673828,64.5013427734375,,71.03224182128906
2008-12-30,65.33670043945312,83.44255065917969,64.56226348876953,,71.7087173461914
2008-12-31,64.61536407470703,83.11888885498047,64.53181457519531,,70.20867156982422
2009-01-02,63.69068908691406,82.5866470336914,64.18869018554688,,68.4438705444336
2009-01-05,63.579227447509766,82.6441650390625,64.31832122802734,,66.6791000366211
2009-01-06,63.53986358642578,82.72329711914062,64.34882354736328,,66.00847625732422
2009-01-07,63.55298614501953,82.8527603149414,64.30310821533203,,66.26732635498047
2009-01-08,63.723472595214844,83.01097869873047,64.31832122802734,,66.21440124511719
2009-01-09,64.01858520507812,83.26273345947266,64.36407470703125,,66.31437683105469
2009-01-12,64.41854095458984,83.44983673095703,64.37930297851562,,67.00264739990234
2009-01-13,64.46449279785156,83.41376495361328,64.38700866699219,,67.07328796386719
2009-01-14,64.82518005371094,83.66551208496094,64.46319580078125,,68.17918395996094
2009-01-15,64.77275848388672,83.55047607421875,64.3945541381836,,68.29095458984375
2009-01-16,64.1760025024414,83.26994323730469,64.42508697509766,,67.23799133300781
2009-01-20,64.07756805419922,83.28428649902344,64.45558166503906,,67.2261734008789
2009-01-21,63.50703811645508,82.85990905761719,64.35651397705078,,65.10260009765625
2009-01-22,63.087364196777344,82.69451141357422,64.38700866699219,,63.84961700439453
2009-01-23,63.10044479370117,82.60816192626953,64.37171936035156,,63.349571228027344
2009-01-26,62.943084716796875,82.47875213623047,64.28783416748047,,62.79658889770508
2009-01-27,63.3562126159668,82.70889282226562,64.35651397705078,,64.27312469482422
2009-01-28,62.949642181396484,82.31330108642578,64.33361053466797,,62.667213439941406
2009-01-29,62.1298713684082,81.97525787353516,64.2116470336914,,61.22597885131836
2009-01-30,62.103633880615234,82.05443572998047,64.249755859375,,61.03182601928711
2009-02-02,62.60742950439453,82.44874572753906,64.30931091308594,,62.1673698425293
2009-02-03,62.06813049316406,81.77108001708984,64.24059295654297,,60.686767578125
2009-02-04,61.7524528503418,81.72779083251953,64.13368225097656,,60.474395751953125
2009-02-05,61.897117614746094,81.78544616699219,64.14892578125,,60.527496337890625
2009-02-06,61.52230453491211,81.4466552734375,64.11077880859375,,60.33872604370117
2009-02-09,61.397335052490234,81.33851623535156,64.0878677368164,,60.53339767456055
2009-02-10,62.21940612792969,82.03058624267578,64.23296356201172,,61.84882736206055
2009-02-11,62.699440002441406,82.10269165039062,64.21765899658203,,62.651058197021484
2009-02-12,62.67972183227539,82.14594268798828,64.29399871826172,,62.06119155883789
2009-02-13,62.18650817871094,81.69901275634766,64.17181396484375,,60.409507751464844
2009-02-17,63.23219680786133,82.4631118774414,64.33980560302734,,62.29124069213867
2009-02-18,62.771793365478516,82.00176239013672,64.23296356201172,,61.760318756103516
2009-02-19,62.42329406738281,81.87922668457031,64.21002960205078,,60.71035385131836
2009-02-20,62.600826263427734,82.05220031738281,64.26346588134766,,61.300235748291016
2009-02-23,62.6600227355957,81.9729232788086,64.25588989257812,,61.86650466918945
2009-02-24,62.42329406738281,81.79985809326172,64.21002960205078,,61.80165481567383
2009-02-25,61.857666015625,81.37451934814453,64.0878677368164,,61.087886810302734
2009-02-26,61.69985580444336,81.25203704833984,64.1184310913086,,60.44489669799805
2009-02-27,61.647254943847656,81.533203125,64.15660095214844,,60.09686279296875
2009-03-02,62.26578140258789,82.0648193359375,64.30109405517578,,61.091827392578125
2009-03-03,62.18659210205078,81.94918060302734,64.24756622314453,,60.6837158203125
2009-03-04,61.8701057434082,81.70361328125,64.17884826660156,,60.405643463134766
2009-03-05,62.59548568725586,82.13702392578125,64.25525665283203,,62.08553695678711
2009-03-06,62.29872512817383,81.898681640625,64.20935821533203,,61.671478271484375
2009-03-09,62.325138092041016,81.84086608886719,64.14818572998047,,61.31067657470703
2009-03-10,61.8701057434082,81.48692321777344,64.10995483398438,,60.133544921875
2009-03-11,62.311885833740234,81.6025161743164,64.14054870605469,,60.784244537353516
2009-03-12,62.48993682861328,81.73976135253906,64.16349029541016,,61.074039459228516
2009-03-13,62.44379806518555,81.95645904541016,64.21697998046875,,60.766502380371094
2009-03-16,62.08771896362305,81.64591979980469,64.13288116455078,,59.80820846557617
2009-03-17,61.96904373168945,81.45805358886719,64.11764526367188,,59.48284912109375
2009-03-18,64.09224700927734,82.9604721069336,64.36234283447266,,61.736507415771484
2009-03-19,63.87464141845703,82.75102233886719,64.28585815429688,,61.8134880065918
2009-03-20,63.87464141845703,82.72213745117188,64.36234283447266,,61.47032928466797
2009-03-23,63.65703582763672,82.57768249511719,64.30876922607422,,60.93804168701172
2009-03-24,63.56477355957031,82.49821472167969,64.22465515136719,,61.51769256591797
2009-03-25,63.182315826416016,82.28875732421875,64.20935821533203,,60.689579010009766
2009-03-26,63.34714126586914,82.4837646484375,64.29344940185547,,61.39348602294922
2009-03-27,63.3076057434082,82.49101257324219,64.32405853271484,,61.848976135253906
2009-03-30,63.57792663574219,82.66436767578125,64.38529968261719,,62.08553695678711
2009-03-31,63.690059661865234,82.96768188476562,64.47696685791016,,62.529178619384766
2009-04-01,63.84606170654297,83.04447174072266,64.46245574951172,,63.09983444213867
2009-04-02,63.42945098876953,82.70421600341797,64.35519409179688,,62.328678131103516
2009-04-03,62.70207977294922,82.0744857788086,64.20966339111328,,61.05324935913086
2009-04-06,62.556640625,81.97315979003906,64.25566101074219,,60.79222106933594
2009-04-07,62.71525573730469,82.09623718261719,64.27864074707031,,60.94647216796875
2009-04-08,63.02606201171875,82.19034576416016,64.27864074707031,,61.486324310302734
2009-04-09,62.65583038330078,82.01660919189453,64.20205688476562,,60.71513748168945
2009-04-13,63.02606201171875,82.37127685546875,64.32455444335938,,61.27275466918945
2009-04-14,63.35015106201172,82.6101303100586,64.37820434570312,,61.59309768676758
2009-04-15,63.409671783447266,82.63909912109375,64.40880584716797,,61.486324310302734
2009-04-16,63.15833282470703,82.407470703125,64.3169174194336,,60.999881744384766
2009-04-17,62.649227142333984,82.03113555908203,64.24800109863281,,60.329551696777344
2009-04-20,63.08562469482422,82.35680389404297,64.30926513671875,,61.24309158325195
2009-04-21,62.840938568115234,82.15415954589844,64.3169174194336,,60.63803482055664
2009-04-22,62.68888854980469,82.11795043945312,64.3169174194336,,60.27023696899414
2009-04-23,62.67559814453125,82.08899688720703,64.27101135253906,,60.26430892944336
2009-04-24,62.43095779418945,81.9225082397461,64.27101135253906,,59.65922546386719
2009-04-27,62.68888854980469,82.26994323730469,64.3475570678711,,59.91433334350586
2009-04-28,62.384639739990234,81.98766326904297,64.28633117675781,,58.935508728027344
2009-04-29,62.047393798828125,81.73432159423828,64.3169174194336,,58.41347885131836
2009-04-30,61.94162368774414,81.82115936279297,64.37051391601562,,58.1821403503418
2009-05-01,61.74263381958008,81.6609115600586,64.32217407226562,,57.78168487548828
2009-05-04,61.80230712890625,81.6609115600586,64.306884765625,,57.97215270996094
2009-05-05,61.789058685302734,81.58842468261719,64.2914810180664,,57.90066909790039
2009-05-06,61.81557846069336,81.65370178222656,64.32990264892578,,57.76382827758789
2009-05-07,61.298274993896484,81.29118347167969,64.23774719238281,,56.3536376953125
2009-05-08,61.3712272644043,81.35635375976562,64.28384399414062,,56.49052429199219
2009-05-11,61.9482536315918,81.76239013671875,64.39122009277344,,57.29377746582031
2009-05-12,61.90846633911133,81.8132095336914,64.38360595703125,,57.50205993652344
2009-05-13,62.193634033203125,81.9582748413086,64.4143295288086,,58.12680435180664
2009-05-14,62.20025634765625,82.00898742675781,64.43730926513672,,58.352909088134766
2009-05-15,62.04772186279297,81.90751647949219,64.42964172363281,,58.33509063720703
2009-05-18,61.68293380737305,81.59567260742188,64.36825561523438,,57.430633544921875
2009-05-19,61.59669494628906,81.55220794677734,64.4066162109375,,57.127174377441406
2009-05-20,61.789058685302734,81.79869842529297,64.49108123779297,,57.728153228759766
2009-05-21,61.11253356933594,81.4216537475586,64.4066162109375,,56.276283264160156
2009-05-22,60.75439453125,81.19686889648438,64.42193603515625,,55.65156555175781
2009-05-26,60.34977722167969,80.85610961914062,64.3375015258789,,54.81256103515625
2009-05-27,59.666629791259766,80.5443115234375,64.32217407226562,,53.842742919921875
2009-05-28,59.97834014892578,80.5298080444336,64.31451416015625,,54.62214660644531
2009-05-29,60.65492630004883,81.02279663085938,64.4066162109375,,56.0323600769043
2009-06-01,59.665042877197266,80.30357360839844,64.35365295410156,,54.37583923339844
2009-06-02,59.86460494995117,80.38349151611328,64.33052825927734,,54.668338775634766
2009-06-03,60.23045349121094,80.68135070800781,64.44580841064453,,55.181724548339844
2009-06-04,59.531917572021484,80.2599868774414,64.38433837890625,,54.041526794433594
2009-06-05,58.93989944458008,79.31552124023438,63.96152877807617,,53.629669189453125
2009-06-08,58.640586853027344,78.87962341308594,63.79243850708008,,53.492347717285156
2009-06-09,58.89332580566406,79.19194030761719,63.938533782958984,,53.486392974853516
2009-06-10,58.5407829284668,79.03938293457031,63.9307975769043,,52.644710540771484
2009-06-11,58.93989944458008,79.3299789428711,63.938533782958984,,53.22970199584961
2009-06-12,59.25257873535156,79.49713897705078,64.0076675415039,,53.707275390625
2009-06-15,59.518672943115234,79.67877197265625,64.05378723144531,,54.190773010253906
2009-06-16,59.85129928588867,79.86761474609375,64.12299346923828,,55.13392639160156
2009-06-17,59.69161605834961,79.9403076171875,64.1921157836914,,54.82353210449219
2009-06-18,58.966495513916016,79.33731079101562,64.0845718383789,,53.993778228759766
2009-06-19,59.239315032958984,79.4752426147461,64.12299346923828,,54.73395538330078
2009-06-22,59.5586051940918,79.78047180175781,64.20755004882812,,55.26530075073242
2009-06-23,59.75151824951172,79.86761474609375,64.20755004882812,,55.915958404541016
2009-06-24,59.525325775146484,79.78776550292969,64.19983673095703,,55.35482406616211
2009-06-25,60.270381927490234,80.3690185546875,64.32284545898438,,56.36960220336914
2009-06-26,60.350223541259766,80.47791290283203,64.35365295410156,,56.465152740478516
2009-06-29,60.476619720458984,80.49974822998047,64.35365295410156,,56.5487060546875
2009-06-30,60.317012786865234,80.49246215820312,64.34590148925781,,56.45315933227539
2009-07-01,60.27822494506836,80.57329559326172,64.40904998779297,,56.34120559692383
2009-07-02,60.47840881347656,80.82801818847656,64.47826385498047,,56.472991943359375
2009-07-06,60.518402099609375,81.0318603515625,64.50135040283203,,56.36518096923828
2009-07-07,60.75859832763672,81.11923217773438,64.49362182617188,,56.7424201965332
2009-07-08,61.459007263183594,81.6214828491211,64.59375,,57.79046630859375
2009-07-09,61.09880828857422,81.32301330566406,64.56291961669922,,57.101741790771484
2009-07-10,61.47902297973633,81.68701171875,64.62454986572266,,57.628761291503906
2009-07-13,61.25891876220703,81.47594451904297,64.58606719970703,,57.30541229248047
2009-07-14,60.851932525634766,81.2721176147461,64.53984832763672,,56.353187561035156
2009-07-15,60.064796447753906,80.55867004394531,64.38591003417969,,54.903987884521484
2009-07-16,60.425010681152344,80.857177734375,64.48594665527344,,55.4968147277832
2009-07-17,60.01809310913086,80.67517852783203,64.46282958984375,,54.64043426513672
2009-07-20,60.23824691772461,80.87174987792969,64.45518493652344,,54.92793273925781
2009-07-21,60.91204833984375,81.34486389160156,64.53213500976562,,56.02383804321289
2009-07-22,60.551727294921875,81.07555389404297,64.50135040283203,,55.52075958251953
2009-07-23,59.964752197265625,80.49324035644531,64.38591003417969,,54.50273895263672
2009-07-24,60.09151077270508,80.616943359375,64.42435455322266,,54.766178131103516
2009-07-27,59.811336517333984,80.45677947998047,64.37828063964844,,54.137393951416016
2009-07-28,59.93133544921875,80.40581512451172,64.3396987915039,,54.616477966308594
2009-07-29,59.97140884399414,80.31127166748047,64.30126190185547,,54.91593933105469
2009-07-30,60.211544036865234,80.44226837158203,64.30896759033203,,55.6944694519043
2009-07-31,60.81858444213867,80.92266845703125,64.41671752929688,,56.77839660644531
2009-08-03,60.172306060791016,80.39022064208984,64.32577514648438,,55.91790008544922
2009-08-04,59.99837875366211,80.30274200439453,64.27188873291016,,55.473289489746094
2009-08-05,59.65715408325195,80.1495361328125,64.24868774414062,,54.644046783447266
2009-08-06,59.65715408325195,80.16410064697266,64.24868774414062,,54.83031463623047
2009-08-07,59.26242446899414,79.8067398071289,64.14071655273438,,54.3736686706543
2009-08-10,59.6437873840332,80.18600463867188,64.24095916748047,,55.05263900756836
2009-08-11,60.05862045288086,80.39749908447266,64.31031799316406,,55.689613342285156
2009-08-12,59.8913688659668,80.39749908447266,64.33348846435547,,55.09469985961914
2009-08-13,60.35966491699219,80.76219940185547,64.4413833618164,,55.87587356567383
2009-08-14,60.54698181152344,80.94454956054688,64.48760223388672,,56.092132568359375
2009-08-17,60.96180725097656,81.33843231201172,64.55699157714844,,56.92141342163086
2009-08-18,60.74766540527344,81.16339874267578,64.54156494140625,,56.590938568115234
2009-08-19,60.97516632080078,81.27278900146484,64.57233428955078,,57.05958557128906
2009-08-20,61.13571548461914,81.36026000976562,64.55699157714844,,57.52828598022461
2009-08-21,60.51350784301758,80.81330108642578,64.456787109375,,56.34457778930664
2009-08-24,60.88821792602539,81.16339874267578,64.53382873535156,,57.366065979003906
2009-08-25,61.04879379272461,81.29463958740234,64.53382873535156,,57.6905403137207
2009-08-26,61.12904357910156,81.34573364257812,64.57233428955078,,57.954925537109375
2009-08-27,60.96180725097656,81.24362182617188,64.5646743774414,,57.72659683227539
2009-08-28,61.102333068847656,81.42593383789062,64.63407135009766,,57.99097442626953
2009-08-31,61.28289794921875,81.61557006835938,64.6803207397461,,58.045047760009766
2009-09-01,61.44192886352539,81.80416107177734,64.73274230957031,,57.90460205078125
2009-09-02,61.77737045288086,82.1183853149414,64.80223083496094,,58.74852752685547
2009-09-03,61.556026458740234,81.9210433959961,64.74049377441406,,58.386863708496094
2009-09-04,61.1870002746582,81.7237548828125,64.70962524414062,,57.39220428466797
2009-09-08,61.04609680175781,81.66523742675781,64.71734619140625,,56.988285064697266
2009-09-09,61.09973907470703,81.68718719482422,64.72505950927734,,56.922035217285156
2009-09-10,61.556026458740234,81.9867935180664,64.76362609863281,,57.97092056274414
2009-09-11,61.73712158203125,82.00148010253906,64.74049377441406,,58.29036331176758
2009-09-14,61.37482452392578,81.8333740234375,64.70185852050781,,57.71168899536133
2009-09-15,61.24738693237305,81.69451904296875,64.73274230957031,,57.4163703918457
2009-09-16,61.20037841796875,81.48255920410156,64.6478500366211,,57.51875686645508
2009-09-17,61.50227737426758,81.73104095458984,64.74049377441406,,58.24214553833008
2009-09-18,61.173519134521484,81.46062469482422,64.67867279052734,,57.72373962402344
2009-09-21,61.133323669433594,81.52642822265625,64.70185852050781,,57.85634994506836
2009-09-22,61.29429626464844,81.65068817138672,64.68651580810547,,57.976898193359375
2009-09-23,61.42850112915039,81.84070587158203,64.78682708740234,,58.1517448425293
2009-09-24,61.596195220947266,81.93563079833984,64.80223083496094,,58.320526123046875
2009-09-25,61.84446716308594,81.9867935180664,64.77900695800781,,59.06196212768555
2009-09-28,61.95182418823242,82.08184051513672,64.7713394165039,,59.580318450927734
2009-09-29,61.924983978271484,82.03795623779297,64.76362609863281,,59.52609634399414
2009-09-30,61.9719123840332,82.21336364746094,64.83308410644531,,59.471900939941406
2009-10-01,62.438148498535156,82.63582611083984,64.89801788330078,,60.2863655090332
2009-10-02,62.41130447387695,82.5406494140625,64.921142578125,,59.86916732788086
2009-10-05,62.4045524597168,82.54796600341797,64.921142578125,,59.87523651123047
2009-10-06,62.20270919799805,82.43815612792969,64.88255310058594,,59.282615661621094
2009-10-07,62.59967041015625,82.71639251708984,64.96759033203125,,59.977970123291016
2009-10-08,62.37085723876953,82.5699691772461,64.90576171875,,59.34911346435547
2009-10-09,61.772117614746094,82.05738830566406,64.81299591064453,,57.98860168457031
2009-10-12,61.95377731323242,82.1818618774414,64.89025115966797,,58.07927703857422
2009-10-13,62.095069885253906,82.39421844482422,64.92890167236328,,58.38164138793945
2009-10-14,61.671226501464844,82.10130310058594,64.84392547607422,,57.516944885253906
2009-10-15,61.46939468383789,81.91094207763672,64.8052749633789,,57.25086975097656
2009-10-16,61.75191879272461,82.08674621582031,64.84392547607422,,57.71648025512695
2009-10-19,61.84613800048828,82.11598205566406,64.84392547607422,,58.16997528076172
2009-10-20,61.98740005493164,82.37954711914062,64.87481689453125,,58.48440170288086
2009-10-21,61.84613800048828,82.14524841308594,64.84392547607422,,58.133670806884766
2009-10-22,61.664512634277344,82.07205963134766,64.8515853881836,,57.849525451660156
2009-10-23,61.36179733276367,81.77183532714844,64.74346160888672,,57.41415786743164
2009-10-26,61.011932373046875,81.54487609863281,64.67391967773438,,56.670406341552734
2009-10-27,61.536712646484375,82.02808380126953,64.8052749633789,,57.44440460205078
2009-10-28,61.72503662109375,82.1818618774414,64.89801788330078,,57.71648025512695
2009-10-29,61.428985595703125,81.96953582763672,64.84392547607422,,57.08761978149414
2009-10-30,61.88648986816406,82.32836151123047,64.921142578125,,57.91604995727539
2009-11-02,61.723716735839844,82.29511260986328,64.92890167236328,,57.660037994384766
2009-11-03,61.58118438720703,82.21407318115234,64.92115020751953,,57.08373260498047
2009-11-04,61.41158676147461,82.1698226928711,64.91345977783203,,56.56201171875
2009-11-05,61.425174713134766,82.27304077148438,64.97537994384766,,56.56201171875
2009-11-06,61.60833740234375,82.44990539550781,65.02183532714844,,56.616661071777344
2009-11-09,61.63548278808594,82.4941177368164,65.02183532714844,,56.683353424072266
2009-11-10,61.682918548583984,82.48678588867188,65.0063705444336,,56.58024215698242
2009-11-11,61.859336853027344,82.61203002929688,65.07605743408203,,56.81682205200195
2009-11-12,61.879764556884766,82.5751953125,65.0682144165039,,56.713687896728516
2009-11-13,61.92718505859375,82.67100524902344,65.08380889892578,,56.97454071044922
2009-11-16,62.2596321105957,82.94369506835938,65.12252807617188,,57.64183807373047
2009-11-17,62.39532470703125,83.00261688232422,65.13799285888672,,57.95121765136719
2009-11-18,62.23926544189453,82.94369506835938,65.13799285888672,,57.61149597167969
2009-11-19,62.31394577026367,83.04680633544922,65.16117095947266,,57.71460723876953
2009-11-20,62.307125091552734,83.03944396972656,65.17676544189453,,57.70249557495117
2009-11-23,62.218936920166016,83.03944396972656,65.1689682006836,,57.62971878051758
2009-11-24,62.537784576416016,83.29002380371094,65.22320556640625,,57.993675231933594
2009-11-25,62.748138427734375,83.44483184814453,65.25418090820312,,58.260555267333984
2009-11-27,63.03303146362305,83.73220825195312,65.30062103271484,,58.478965759277344
2009-11-30,63.13485336303711,83.8205795288086,65.30838012695312,,58.61848449707031
2009-12-01,62.78668975830078,83.62967681884766,65.32475280761719,,57.96549987792969
2009-12-02,62.65745544433594,83.4963607788086,65.27021789550781,,58.014183044433594
2009-12-03,62.36509323120117,83.38536071777344,65.23124694824219,,57.41170883178711
2009-12-04,61.902748107910156,82.9263916015625,65.06745147705078,,56.80314254760742
2009-12-07,62.072715759277344,83.11888122558594,65.20775604248047,,56.87615966796875
2009-12-08,62.290321350097656,83.38536071777344,65.27021789550781,,56.961334228515625
2009-12-09,62.16792678833008,83.28910827636719,65.2234115600586,,56.69971466064453
2009-12-10,61.95714569091797,83.08921813964844,65.19998931884766,,56.048553466796875
2009-12-11,61.65116500854492,82.90421295166016,65.12984466552734,,56.042423248291016
2009-12-14,61.65116500854492,82.74868774414062,65.05961608886719,,56.10940170288086
2009-12-15,61.453975677490234,82.60064697265625,65.0440902709961,,55.85991287231445
2009-12-16,61.453975677490234,82.6154556274414,65.0908203125,,55.79296875
2009-12-17,61.99794387817383,83.08189392089844,65.21560668945312,,56.71189880371094
2009-12-18,61.691959381103516,82.84492492675781,65.1688003540039,,56.46846008300781
2009-12-21,61.05961608886719,82.40070343017578,65.06745147705078,,55.46433639526367
2009-12-22,60.787628173828125,82.17127227783203,64.98942565917969,,55.1539306640625
2009-12-23,60.760440826416016,82.10465240478516,64.98942565917969,,55.1661491394043
2009-12-24,60.54286193847656,81.95662689208984,64.91146087646484,,54.594058990478516
2009-12-28,60.37964630126953,81.70489501953125,64.81786346435547,,54.44197082519531
2009-12-29,60.539127349853516,81.84066009521484,64.86080169677734,,54.801048278808594
2009-12-30,60.64809036254883,81.86288452148438,64.83736419677734,,55.16139602661133
2009-12-31,60.35515213012695,81.7071304321289,64.7593765258789,,54.89876937866211
2010-01-04,60.50497817993164,81.7664794921875,64.84521484375,,54.84991455078125
2010-01-05,60.770694732666016,82.02606201171875,64.92329406738281,,55.204166412353516
2010-01-06,60.525428771972656,81.9148178100586,64.9310531616211,,54.46516036987305
2010-01-07,60.525428771972656,81.88512420654297,64.9154281616211,,54.556739807128906
2010-01-08,60.600318908691406,82.00379180908203,64.97791290283203,,54.532318115234375
2010-01-11,60.64122009277344,82.09280395507812,65.00912475585938,,54.233036041259766
2010-01-12,61.07720184326172,82.44888305664062,65.06377410888672,,55.16139602661133
2010-01-13,60.78431701660156,82.17437744140625,65.00912475585938,,54.52014923095703
2010-01-14,61.070369720458984,82.37460327148438,65.07162475585938,,55.28351593017578
2010-01-15,61.34283447265625,82.59719848632812,65.126220703125,,55.62553405761719
2010-01-19,61.23388671875,82.51559448242188,65.14188385009766,,55.46675491333008
2010-01-20,61.44511413574219,82.67137908935547,65.14188385009766,,56.028621673583984
2010-01-21,61.66984176635742,82.90129852294922,65.1965103149414,,56.285160064697266
2010-01-22,61.72434997558594,82.94578552246094,65.2510986328125,,56.18738555908203
2010-01-25,61.588134765625,82.8716049194336,65.1965103149414,,55.93092346191406
2010-01-26,61.71072006225586,82.9754867553711,65.20429992675781,,55.94925308227539
2010-01-27,61.56768035888672,82.79743957519531,65.1808090209961,,55.918739318847656
2010-01-28,61.547245025634766,82.90129852294922,65.21211242675781,,55.88818359375
2010-01-29,61.785667419433594,83.1015625,65.27452087402344,,56.376773834228516
2010-02-01,61.5737419128418,82.96408081054688,65.24635314941406,,55.86498260498047
2010-02-02,61.67631912231445,83.00125122070312,65.25423431396484,,56.0243034362793
2010-02-03,61.38240432739258,82.82288360595703,65.20731353759766,,55.37465286254883
2010-02-04,61.88818359375,83.29853820800781,65.3011474609375,,56.25111770629883
2010-02-05,62.08638381958008,83.49176025390625,65.40269470214844,,56.3736686706543
2010-02-08,62.03171920776367,83.40255737304688,65.35581970214844,,56.44721221923828
2010-02-09,61.69679260253906,83.22415161132812,65.29328155517578,,55.883365631103516
2010-02-10,61.525917053222656,82.9937744140625,65.22293853759766,,55.35015106201172
2010-02-11,61.450748443603516,83.0160903930664,65.24635314941406,,55.04983901977539
2010-02-12,61.59427261352539,83.17217254638672,65.3011474609375,,55.276607513427734
2010-02-16,61.73097229003906,83.24649047851562,65.30891418457031,,55.380828857421875
2010-02-17,61.40291976928711,82.96408081054688,65.25423431396484,,54.74953842163086
2010-02-18,61.18421173095703,82.79312133789062,65.21520233154297,,54.52890396118164
2010-02-19,61.21839904785156,82.69645690917969,65.1917495727539,,54.82307052612305
2010-02-22,61.170536041259766,82.71879577636719,65.21520233154297,,54.5963134765625
2010-02-23,61.635311126708984,83.11266326904297,65.2698745727539,,55.44820022583008
2010-02-24,61.669437408447266,83.09039306640625,65.3011474609375,,55.58307647705078
2010-02-25,61.89496612548828,83.35795593261719,65.35581970214844,,55.89562225341797
2010-02-26,61.990657806396484,83.43231201171875,65.37924194335938,,56.183685302734375
2010-03-01,62.05514907836914,83.47991943359375,65.36752319335938,,56.159061431884766
2010-03-02,62.089351654052734,83.55438995361328,65.36752319335938,,56.085289001464844
2010-03-03,62.02772903442383,83.55438995361328,65.35970306396484,,55.94388961791992
2010-03-04,62.13736343383789,83.57671356201172,65.33627319335938,,56.23900604248047
2010-03-05,61.84265899658203,83.29380798339844,65.28144073486328,,55.50120162963867
2010-03-08,61.67822265625,83.19699096679688,65.25018310546875,,55.212223052978516
2010-03-09,61.83582305908203,83.30118560791016,65.29711151123047,,55.22453689575195
2010-03-10,61.7330207824707,83.1746597290039,65.28144073486328,,55.0831184387207
2010-03-11,61.67822265625,83.07791137695312,65.20330047607422,,55.286041259765625
2010-03-12,61.77419662475586,83.08533477783203,65.21109771728516,,55.63032531738281
2010-03-15,61.77419662475586,83.12999725341797,65.23460388183594,,55.55657196044922
2010-03-16,62.014034271240234,83.33849334716797,65.25018310546875,,55.99922561645508
2010-03-17,62.089351654052734,83.33100891113281,65.2658462524414,,56.23900604248047
2010-03-18,61.92482376098633,83.1448745727539,65.22675323486328,,56.05459213256836
2010-03-19,61.84265899658203,83.0033950805664,65.17982482910156,,56.109962463378906
2010-03-22,62.04829788208008,83.2044448852539,65.20330047607422,,56.17141342163086
2010-03-23,61.91805648803711,83.12999725341797,65.17982482910156,,55.90700912475586
2010-03-24,61.30131530761719,82.58642578125,65.07814025878906,,54.886383056640625
2010-03-25,61.07516098022461,82.47480010986328,65.10164642333984,,54.535888671875
2010-03-26,61.21904373168945,82.60132598876953,65.14071655273438,,54.68961715698242
2010-03-29,61.12992477416992,82.60132598876953,65.17195129394531,,54.48059844970703
2010-03-30,61.1916389465332,82.63111877441406,65.15633392333984,,54.652732849121094
2010-03-31,61.33553695678711,82.78004455566406,65.20330047607422,,55.02777099609375
2010-04-01,61.208351135253906,82.68305969238281,65.1798095703125,,54.89323425292969
2010-04-05,60.658599853515625,82.13838958740234,64.9997329711914,,53.979949951171875
2010-04-06,60.837284088134766,82.30257415771484,65.0467300415039,,54.06631088256836
2010-04-07,61.21529006958008,82.60094451904297,65.14848327636719,,54.757503509521484
2010-04-08,61.14653015136719,82.54876708984375,65.1328353881836,,54.78218078613281
2010-04-09,61.21529006958008,82.57112121582031,65.14848327636719,,54.911781311035156
2010-04-12,61.3802375793457,82.727783203125,65.1798095703125,,55.20181655883789
2010-04-13,61.497047424316406,82.82474517822266,65.1641616821289,,55.38081741333008
2010-04-14,61.33210754394531,82.73526000976562,65.1641616821289,,54.99199295043945
2010-04-15,61.43522644042969,82.88449096679688,65.21110534667969,,55.053688049316406
2010-04-16,61.80631637573242,83.21275329589844,65.31288146972656,,55.454830169677734
2010-04-19,61.65517044067383,83.04122161865234,65.25025177001953,,55.31908416748047
2010-04-20,61.6826057434082,83.00389099121094,65.25814056396484,,55.51656723022461
2010-04-21,61.881919860839844,83.12326049804688,65.2658920288086,,55.97325134277344
2010-04-22,61.73762893676758,82.95914459228516,65.21891784667969,,55.80661392211914
2010-04-23,61.56581497192383,82.83224487304688,65.1954345703125,,55.609127044677734
2010-04-26,61.60702896118164,82.89942932128906,65.1954345703125,,55.67082977294922
2010-04-27,62.18436813354492,83.4589614868164,65.3207015991211,,56.454593658447266
2010-04-28,61.86822509765625,83.1755142211914,65.3050537109375,,55.97325134277344
2010-04-29,61.97128677368164,83.29488372802734,65.3207015991211,,56.20772933959961
2010-04-30,62.349300384521484,83.54852294921875,65.39900207519531,,56.85568618774414
2010-05-03,62.18589782714844,83.38929748535156,65.3347396850586,,56.78138732910156
2010-05-04,62.60641860961914,83.7331771850586,65.37393188476562,,57.80322265625
2010-05-05,62.847660064697266,84.00981140136719,65.4601058959961,,58.143821716308594
2010-05-06,63.53699493408203,84.48084259033203,65.60115051269531,,59.93973922729492
2010-05-07,63.364654541015625,84.49573516845703,65.57763671875,,59.19034957885742
2010-05-10,62.88215637207031,84.0845718383789,65.49146270751953,,57.96421432495117
2010-05-11,62.95791244506836,84.17426300048828,65.5306167602539,,57.81559371948242
2010-05-12,62.799407958984375,84.03970336914062,65.51493072509766,,57.375885009765625
2010-05-13,62.97171401977539,84.1817626953125,65.55416107177734,,57.753631591796875
2010-05-14,63.378448486328125,84.5780258178711,65.6403579711914,,58.75686264038086
2010-05-17,63.240604400634766,84.45841979980469,65.61682891845703,,58.5401496887207
2010-05-18,63.702449798583984,84.80233764648438,65.6873550415039,,59.43809509277344
2010-05-19,63.7575798034668,84.7574462890625,65.65596771240234,,59.63629913330078
2010-05-20,64.37799072265625,85.18357849121094,65.7343978881836,,60.893394470214844
2010-05-21,64.41248321533203,85.16107940673828,65.6873550415039,,60.95535659790039
2010-05-24,64.41248321533203,85.14617919921875,65.67950439453125,,60.7447395324707
2010-05-25,64.633056640625,85.23590087890625,65.67163848876953,,61.04206085205078
2010-05-26,64.50211334228516,85.07886505126953,65.61682891845703,,60.86861038208008
2010-05-27,63.88858413696289,84.61542510986328,65.56977081298828,,59.487579345703125
2010-05-28,64.17809295654297,84.8172836303711,65.69520568847656,,59.760108947753906
2010-06-01,64.26109313964844,85.05024719238281,65.69597625732422,,60.1801643371582
2010-06-02,63.89469528198242,84.77304077148438,65.64883422851562,,59.60847854614258
2010-06-03,63.8048095703125,84.70563507080078,65.63317108154297,,59.17356872558594
2010-06-04,64.689697265625,85.38735961914062,65.78224182128906,,60.76423645019531
2010-06-07,64.95235443115234,85.56718444824219,65.75871276855469,,61.230262756347656
2010-06-08,64.75189208984375,85.40232849121094,65.75086975097656,,60.925777435302734
2010-06-09,64.75872802734375,85.43230438232422,65.75871276855469,,60.857486724853516
2010-06-10,64.15733337402344,84.95284271240234,65.67237854003906,,59.77008056640625
2010-06-11,64.56522369384766,85.26750946044922,65.7430191040039,,60.528141021728516
2010-06-14,64.50990295410156,85.20004272460938,65.75871276855469,,60.21742248535156
2010-06-15,64.30943298339844,85.03524017333984,65.72732543945312,,59.96888732910156
2010-06-16,64.48916625976562,85.19255065917969,65.7430191040039,,60.310638427734375
2010-06-17,64.79340362548828,85.40980529785156,65.78224182128906,,60.80155563354492
2010-06-18,64.6619873046875,85.33484649658203,65.79009246826172,,60.702125549316406
2010-06-21,64.61360931396484,85.25996398925781,65.79790496826172,,60.528141021728516
2010-06-22,65.00070190429688,85.59709167480469,65.82927703857422,,61.248958587646484
2010-06-23,65.24269104003906,85.76939392089844,65.8763427734375,,61.665245056152344
2010-06-24,65.18740844726562,85.79936981201172,65.89202880859375,,61.29863739013672
2010-06-25,65.29108428955078,85.8892822265625,65.91556549072266,,61.54718780517578
2010-06-28,65.75422668457031,86.22637176513672,65.9548110961914,,62.12509536743164
2010-06-29,66.03764343261719,86.421142578125,65.98611450195312,,62.80241012573242
2010-06-30,66.13436889648438,86.398681640625,65.97049713134766,,63.224910736083984
2010-07-01,66.10529327392578,86.3476333618164,65.94923400878906,,63.32464599609375
2010-07-02,65.98751068115234,86.2951431274414,65.94923400878906,,62.81977462768555
2010-07-06,66.14691162109375,86.49773406982422,65.94923400878906,,63.337127685546875
2010-07-07,65.93899536132812,86.3927230834961,65.94142150878906,,62.59540939331055
2010-07-08,65.77954864501953,86.28760528564453,65.94923400878906,,62.19646072387695
2010-07-09,65.60628509521484,86.1900863647461,65.92571258544922,,61.84122848510742
2010-07-12,65.71720123291016,86.23505401611328,65.93357849121094,,61.81636047363281
2010-07-13,65.39143371582031,86.00239562988281,65.8864517211914,,61.2864990234375
2010-07-14,65.71720123291016,86.34012603759766,65.95707702636719,,61.90350341796875
2010-07-15,66.05680084228516,86.57276916503906,65.97279357910156,,62.52059555053711
2010-07-16,66.43795013427734,86.86544036865234,66.03559112548828,,62.82597732543945
2010-07-19,66.26475524902344,86.78294372558594,66.01206970214844,,62.43952941894531
2010-07-20,66.33402252197266,86.85797119140625,66.03559112548828,,62.532997131347656
2010-07-21,66.75682830810547,87.09809875488281,66.06696319580078,,63.5926399230957
2010-07-22,66.38945007324219,86.94049072265625,66.04340362548828,,62.85718536376953
2010-07-23,66.17463684082031,86.72289276123047,66.01206970214844,,62.190277099609375
2010-07-26,66.15385437011719,86.70036315917969,65.98846435546875,,62.0843391418457
2010-07-27,65.92508697509766,86.49021911621094,65.94923400878906,,61.486000061035156
2010-07-28,66.20928955078125,86.81292724609375,66.01206970214844,,61.685420989990234
2010-07-29,66.34790802001953,87.03804016113281,66.06696319580078,,61.666725158691406
2010-07-30,66.73602294921875,87.33824157714844,66.09843444824219,,62.62653732299805
2010-08-02,66.52965545654297,87.16011047363281,66.08345031738281,,61.747379302978516
2010-08-03,66.84236145019531,87.53595733642578,66.1305923461914,,62.103763580322266
2010-08-04,66.5643081665039,87.25028991699219,66.07560729980469,,61.62861251831055
2010-08-05,66.88401794433594,87.48330688476562,66.15418243408203,,61.916236877441406
2010-08-06,67.32180786132812,87.75398254394531,66.16986083984375,,62.5915641784668
2010-08-09,67.30792999267578,87.67129516601562,66.1305923461914,,62.36014175415039
2010-08-10,67.64845275878906,87.9870376586914,66.16207122802734,,62.491485595703125
2010-08-11,68.03059387207031,88.1599349975586,66.17778015136719,,63.32940673828125
2010-08-12,67.85684967041016,87.96448516845703,66.16207122802734,,63.173065185546875
2010-08-13,68.14874267578125,88.09980010986328,66.15418243408203,,63.96092987060547
2010-08-16,68.64212036132812,88.37796783447266,66.21697235107422,,65.5616455078125
2010-08-17,68.29466247558594,88.2200698852539,66.20130157470703,,65.1865005493164
2010-08-18,68.22513580322266,88.1449203491211,66.21697235107422,,65.361572265625
2010-08-19,68.53092956542969,88.30280303955078,66.23274993896484,,66.38079071044922
2010-08-20,68.30855560302734,88.09980010986328,66.20912170410156,,66.30575561523438
2010-08-23,68.39891815185547,88.25016021728516,66.21697235107422,,66.31829071044922
2010-08-24,68.94092559814453,88.58851623535156,66.2641830444336,,67.38126373291016
2010-08-25,68.62821197509766,88.35545349121094,66.20130157470703,,67.16239166259766
2010-08-26,68.94092559814453,88.4981918334961,66.20130157470703,,67.79399871826172
2010-08-27,68.14874267578125,87.9870376586914,66.15418243408203,,65.8743667602539
2010-08-30,68.66995239257812,88.4455795288086,66.23274993896484,,67.13740539550781
2010-08-31,68.9756851196289,88.60346221923828,66.25630950927734,,67.8814926147461
2010-09-01,68.47895812988281,88.3211441040039,66.21696472167969,,66.47794342041016
2010-09-02,68.19339752197266,88.20069122314453,66.20128631591797,,65.77550506591797
2010-09-03,67.80323791503906,87.95977020263672,66.16978454589844,,64.96021270751953
2010-09-07,68.33963775634766,88.3136215209961,66.24052429199219,,66.2897720336914
2010-09-08,68.15159606933594,88.14043426513672,66.19336700439453,,65.76298522949219
2010-09-09,67.61514282226562,87.71131134033203,66.1226577758789,,64.46475219726562
2010-09-10,67.42007446289062,87.598388671875,66.11473083496094,,64.1700439453125
2010-09-13,67.74055480957031,87.92210388183594,66.16978454589844,,64.48357391357422
2010-09-14,68.0819091796875,88.2157974243164,66.21696472167969,,65.10444641113281
2010-09-15,67.84503936767578,88.13292694091797,66.23274993896484,,64.1386489868164
2010-09-16,67.608154296875,88.05010223388672,66.24845123291016,,63.505271911621094
2010-09-17,67.76141357421875,88.15548706054688,66.26415252685547,,63.76242446899414
2010-09-20,67.97040557861328,88.3211441040039,66.27203369140625,,64.13236236572266
2010-09-21,68.60437774658203,88.75027465820312,66.31922149658203,,65.02298736572266
2010-09-22,68.70893859863281,88.72770690917969,66.31130981445312,,65.6062240600586
2010-09-23,68.80638122558594,88.79547119140625,66.31922149658203,,65.79436492919922
2010-09-24,68.46501922607422,88.61476135253906,66.31130981445312,,64.9100341796875
2010-09-27,68.99447631835938,88.9384994506836,66.32706451416016,,66.03895568847656
2010-09-28,69.2243881225586,89.1117172241211,66.3427963256836,,66.49048614501953
2010-09-29,69.05719757080078,89.05147552490234,66.32706451416016,,66.21453094482422
2010-09-30,68.97362518310547,89.0213851928711,66.33486938476562,,66.17062377929688
2010-10-01,69.01058197021484,89.08164978027344,66.34671783447266,,65.85088348388672
2010-10-04,69.25496673583984,89.24008178710938,66.3546371459961,,66.02078247070312
2010-10-05,69.26895904541016,89.33800506591797,66.38601684570312,,65.6242446899414
2010-10-06,69.71587371826172,89.54166412353516,66.39395141601562,,66.44883728027344
2010-10-07,69.78569030761719,89.63214874267578,66.44895935058594,,65.89495086669922
2010-10-08,69.81364440917969,89.70755004882812,66.44895935058594,,65.60533142089844
2010-10-11,69.88347625732422,89.74526977539062,66.45684814453125,,65.617919921875
2010-10-12,69.68093872070312,89.58690643310547,66.40969848632812,,64.96961212158203
2010-10-13,69.68093872070312,89.66991424560547,66.41758728027344,,64.8687744140625
2010-10-14,69.28295135498047,89.39833068847656,66.38601684570312,,63.89937973022461
2010-10-15,68.98267364501953,89.33050537109375,66.40969848632812,,63.11886978149414
2010-10-18,69.31085968017578,89.63968658447266,66.42533111572266,,63.628726959228516
2010-10-19,69.54827880859375,89.70755004882812,66.45684814453125,,64.01276397705078
2010-10-20,69.5063705444336,89.74526977539062,66.46473693847656,,64.15123748779297
2010-10-21,69.12235260009766,89.54922485351562,66.47257232666016,,63.38956832885742
2010-10-22,69.14325714111328,89.49642181396484,66.45684814453125,,63.81761169433594
2010-10-25,69.12235260009766,89.44366455078125,66.47257232666016,,64.00018310546875
2010-10-26,68.66145324707031,89.11934661865234,66.40969848632812,,63.011905670166016
2010-10-27,68.26337432861328,88.85540771484375,66.37820434570312,,62.45789337158203
2010-10-28,68.66145324707031,89.30034637451172,66.46473693847656,,62.627845764160156
2010-10-29,68.96868896484375,89.54166412353516,66.4804916381836,,63.213233947753906
2010-11-01,68.85321044921875,89.58173370361328,66.50960540771484,,62.94111251831055
2010-11-02,69.0842056274414,89.6496810913086,66.47029876708984,,63.76842498779297
2010-11-03,69.30815887451172,89.89891815185547,66.49388122558594,,62.4675178527832
2010-11-04,69.86812591552734,90.1858901977539,66.50960540771484,,62.953773498535156
2010-11-05,69.57412719726562,89.93667602539062,66.45451354980469,,61.87398147583008
2010-11-08,69.59513854980469,89.89134979248047,66.42301940917969,,62.1517333984375
2010-11-09,69.00715637207031,89.40046691894531,66.33641052246094,,60.781410217285156
2010-11-10,69.2662353515625,89.5740966796875,66.37574005126953,,60.86347961425781
2010-11-11,69.18917083740234,89.43820190429688,66.27336883544922,,60.831966400146484
2010-11-12,68.61519622802734,89.01519775390625,66.27336883544922,,60.503570556640625
2010-11-15,67.73330688476562,88.38843536376953,66.23400115966797,,59.240562438964844
2010-11-16,68.23723602294922,88.60740661621094,66.26554107666016,,60.71192932128906
2010-11-17,68.04130554199219,88.56962585449219,66.30488586425781,,60.3773078918457
2010-11-18,67.88029479980469,88.40349578857422,66.3127670288086,,60.62351608276367
2010-11-19,68.02031707763672,88.36570739746094,66.27336883544922,,60.99610900878906
2010-11-22,68.38422393798828,88.75086975097656,66.33641052246094,,61.2550163269043
2010-11-23,68.52424621582031,88.87174224853516,66.37574005126953,,61.55814743041992
2010-11-24,67.78927612304688,88.31285095214844,66.25765991210938,,60.4593620300293
2010-11-26,68.08328247070312,88.47901153564453,66.30488586425781,,61.29924011230469
2010-11-29,68.23030090332031,88.52434539794922,66.2970199584961,,61.82334518432617
2010-11-30,68.34918975830078,88.68289947509766,66.34420013427734,,62.14543533325195
2010-12-01,67.450439453125,88.09671783447266,66.24494934082031,,60.763999938964844
2010-12-02,67.28204345703125,87.89248657226562,66.24494934082031,,60.60554885864258
2010-12-03,67.2890853881836,88.06644439697266,66.33162689208984,,60.130271911621094
2010-12-06,67.71001434326172,88.39925384521484,66.3710708618164,,60.979427337646484
2010-12-07,66.5873794555664,87.68827819824219,66.25277709960938,,59.674072265625
2010-12-08,66.01899719238281,87.13606262207031,66.1504135131836,,59.097415924072266
2010-12-09,66.15941619873047,86.96973419189453,66.1425552368164,,59.388938903808594
2010-12-10,65.59807586669922,86.65958404541016,66.11892700195312,,59.02767562866211
2010-12-13,65.80856323242188,86.9621353149414,66.15825653076172,,59.249481201171875
2010-12-14,65.11390686035156,86.46295928955078,66.12672424316406,,58.38764190673828
2010-12-15,64.84722137451172,86.3040771484375,66.10307312011719,,57.62724685668945
2010-12-16,65.23319244384766,86.50070190429688,66.11892700195312,,58.02647399902344
2010-12-17,65.79451751708984,86.88652038574219,66.17405700683594,,59.08473587036133
2010-12-20,65.78748321533203,86.93186950683594,66.18975830078125,,59.0213623046875
2010-12-21,65.92784118652344,86.95452880859375,66.17405700683594,,59.43324661254883
2010-12-22,65.74537658691406,86.81840515136719,66.15825653076172,,59.008689880371094
2010-12-23,65.51383972167969,86.57638549804688,66.071533203125,,58.88827133178711
2010-12-27,65.7664566040039,86.67472076416016,66.1109848022461,,59.41425704956055
2010-12-28,65.07557678222656,86.24054718017578,66.02264404296875,,58.25062942504883
2010-12-29,65.8072738647461,86.86182403564453,66.18036651611328,,59.236183166503906
2010-12-30,65.673583984375,86.72550201416016,66.15672302246094,,59.19168472290039
2010-12-31,66.00419616699219,86.86943054199219,66.23561096191406,,59.846622467041016
2011-01-03,65.80020141601562,86.91490173339844,66.21985626220703,,59.395145416259766
2011-01-04,65.95504760742188,86.9678955078125,66.20403289794922,,59.465118408203125
2011-01-05,65.24442291259766,86.4830322265625,66.08576965332031,,58.1552619934082
2011-01-06,65.58214569091797,86.67240905761719,66.15672302246094,,58.409610748291016
2011-01-07,66.01834106445312,87.11190795898438,66.25140380859375,,58.721153259277344
2011-01-10,66.24345397949219,87.33163452148438,66.2829360961914,,59.03908157348633
2011-01-11,65.9831314086914,87.16496276855469,66.24343872070312,,58.70846939086914
2011-01-12,65.79315948486328,87.07402038574219,66.24343872070312,,58.25062942504883
2011-01-13,66.2363510131836,87.41500854492188,66.26713562011719,,58.772037506103516
2011-01-14,66.053466796875,87.34677124023438,66.26713562011719,,58.396881103515625
2011-01-18,65.89167785644531,87.2104263305664,66.25140380859375,,58.12343978881836
2011-01-19,66.06053924560547,87.31645965576172,66.2829360961914,,58.54314422607422
2011-01-20,65.5468978881836,86.93006134033203,66.21192169189453,,57.73561096191406
2011-01-21,65.76504516601562,87.05889892578125,66.22772216796875,,58.193424224853516
2011-01-24,65.77208709716797,87.06642150878906,66.21985626220703,,58.218868255615234
2011-01-25,66.10273742675781,87.33163452148438,66.26713562011719,,58.772037506103516
2011-01-26,65.70172882080078,87.11952209472656,66.25140380859375,,57.881858825683594
2011-01-27,65.94790649414062,87.30131530761719,66.2987060546875,,58.14255142211914
2011-01-28,66.25044250488281,87.5362319946289,66.33026885986328,,58.44772720336914
2011-01-31,65.99020385742188,87.39224243164062,66.32231903076172,,58.00270080566406
2011-02-01,65.68335723876953,87.11981201171875,66.24977111816406,,57.71547317504883
2011-02-02,65.5281982421875,86.90731048583984,66.21025085449219,,57.72828674316406
2011-02-03,65.15442657470703,86.5885009765625,66.1471176147461,,57.249725341796875
2011-02-04,64.7524185180664,86.2242431640625,66.09186553955078,,56.66902542114258
2011-02-07,64.72416687011719,86.15586853027344,66.06033325195312,,56.96255874633789
2011-02-08,64.27980041503906,85.74606323242188,65.97347259521484,,56.43933868408203
2011-02-09,64.64656829833984,86.00410461425781,66.02083587646484,,56.930660247802734
2011-02-10,64.43499755859375,85.81440734863281,65.98929595947266,,56.27342987060547
2011-02-11,64.73121643066406,85.9585952758789,65.98929595947266,,57.08382797241211
2011-02-14,64.7524185180664,85.97373962402344,65.98929595947266,,57.12209701538086
2011-02-15,64.9004898071289,86.08003234863281,66.02083587646484,,57.37732696533203
2011-02-16,64.80880737304688,86.04964447021484,66.012939453125,,57.19231033325195
2011-02-17,65.048583984375,86.29248809814453,66.09186553955078,,57.281612396240234
2011-02-18,65.03449249267578,86.35323333740234,66.11554718017578,,57.102935791015625
2011-02-22,65.66216278076172,86.88452911376953,66.18658447265625,,57.95799255371094
2011-02-23,65.49996948242188,86.76305389404297,66.1707992553711,,58.168548583984375
2011-02-24,65.66924285888672,86.8010025024414,66.20236206054688,,58.53864669799805
2011-02-25,65.88080596923828,86.91485595703125,66.21813201904297,,58.8831901550293
2011-02-28,65.85262298583984,87.0211181640625,66.24185180664062,,58.95981979370117
2011-03-01,65.92757415771484,87.13279724121094,66.2821044921875,,59.13072204589844
2011-03-02,65.58116912841797,86.90480041503906,66.25056457519531,,58.22169876098633
2011-03-03,65.13579559326172,86.4183578491211,66.11622619628906,,57.65199279785156
2011-03-04,65.60237884521484,86.90480041503906,66.26636505126953,,58.132080078125
2011-03-07,65.4398422241211,86.79084014892578,66.21896362304688,,57.76082229614258
2011-03-08,65.28426361083984,86.75279998779297,66.19522857666016,,57.40874099731445
2011-03-09,65.666015625,86.97321319580078,66.24258422851562,,57.965641021728516
2011-03-10,66.22447967529297,87.44450378417969,66.31371307373047,,58.93864059448242
2011-03-11,66.0689697265625,87.40652465820312,66.3216552734375,,58.605777740478516
2011-03-14,66.21739196777344,87.61931610107422,66.36112213134766,,58.58018493652344
2011-03-15,66.4577865600586,87.67256164550781,66.32952117919922,,59.457183837890625
2011-03-16,67.02330017089844,88.1666030883789,66.44795227050781,,60.129329681396484
2011-03-17,66.81831359863281,88.00699615478516,66.41641235351562,,59.66842269897461
2011-03-18,66.7758560180664,87.88536834716797,66.38484191894531,,59.82847595214844
2011-03-21,66.42947387695312,87.52051544189453,66.31371307373047,,59.476383209228516
2011-03-22,66.46482849121094,87.5053482055664,66.2979507446289,,59.67487335205078
2011-03-23,66.38001251220703,87.42930603027344,66.30586242675781,,59.5980224609375
2011-03-24,66.04067993164062,87.19367980957031,66.25843811035156,,59.14993667602539
2011-03-25,65.86392974853516,86.99604034423828,66.21102142333984,,59.00270080566406
2011-03-28,65.8851318359375,86.94285583496094,66.179443359375,,59.085933685302734
2011-03-29,65.69432830810547,86.76801300048828,66.15574645996094,,58.63138198852539
2011-03-30,65.92048645019531,86.98846435546875,66.19522857666016,,59.09866714477539
2011-03-31,65.75082397460938,86.79084014892578,66.15574645996094,,58.97707748413086
2011-04-01,65.89118194580078,86.86544799804688,66.20868682861328,,59.26377868652344
2011-04-04,66.04003143310547,87.07097625732422,66.2245101928711,,59.328067779541016
2011-04-05,65.70680236816406,86.74357604980469,66.15337371826172,,59.09023666381836
2011-04-06,65.42337799072266,86.5608901977539,66.15337371826172,,58.20308303833008
2011-04-07,65.43042755126953,86.72075653076172,66.20081329345703,,58.08736801147461
2011-04-08,65.23907470703125,86.59888458251953,66.17708587646484,,57.778778076171875
2011-04-11,65.32415008544922,86.62936401367188,66.16914367675781,,57.83026885986328
2011-04-12,65.69269561767578,87.04815673828125,66.27982330322266,,58.453792572021484
2011-04-13,65.9478530883789,87.14714050292969,66.31147766113281,,58.820220947265625
2011-04-14,65.7281494140625,86.994873046875,66.24824523925781,,58.77523422241211
2011-04-15,66.21015167236328,87.36796569824219,66.37474822998047,,59.572349548339844
2011-04-18,66.37316131591797,87.61921691894531,66.39054107666016,,59.70732879638672
2011-04-19,66.45824432373047,87.6573257446289,66.4063949584961,,59.964515686035156
2011-04-20,66.19597625732422,87.4441146850586,66.39846801757812,,59.57878875732422
2011-04-21,66.24560546875,87.45941162109375,66.38263702392578,,59.527381896972656
2011-04-25,66.4794921875,87.62683868408203,66.39054107666016,,59.75233459472656
2011-04-26,66.76303100585938,87.84768676757812,66.45380401611328,,60.330936431884766
2011-04-27,66.57161712646484,87.83246612548828,66.47747039794922,,59.71377944946289
2011-04-28,66.82679748535156,88.04569244384766,66.47747039794922,,60.17020797729492
2011-04-29,66.96143341064453,88.16749572753906,66.50916290283203,,60.356624603271484
2011-05-02,66.94087982177734,88.215576171875,66.49801635742188,,60.45344543457031
2011-05-03,67.11856079101562,88.29180908203125,66.52182006835938,,60.79568862915039
2011-05-04,67.28909301757812,88.32991790771484,66.55345916748047,,61.066795349121094
2011-05-05,67.62308502197266,88.56640625,66.56927490234375,,61.64777374267578
2011-05-06,67.65864562988281,88.63507843017578,66.5771484375,,61.37666320800781
2011-05-09,67.75806427001953,88.72660064697266,66.60881042480469,,61.31211471557617
2011-05-10,67.4311752319336,88.5053482055664,66.54548645019531,,60.8730583190918
2011-05-11,67.67280578613281,88.71134948730469,66.60881042480469,,61.221717834472656
2011-05-12,67.52360534667969,88.64269256591797,66.5771484375,,60.834354400634766
2011-05-13,67.78652954101562,88.77997589111328,66.60881042480469,,61.383155822753906
2011-05-16,67.95003509521484,88.93252563476562,66.64043426513672,,61.725318908691406
2011-05-17,68.14897918701172,89.0392837524414,66.64838409423828,,62.357940673828125
2011-05-18,67.75806427001953,88.77997589111328,66.61675262451172,,61.531585693359375
2011-05-19,67.82915496826172,88.86383819580078,66.62462615966797,,61.505741119384766
2011-05-20,67.99259948730469,88.99352264404297,66.64838409423828,,61.538063049316406
2011-05-23,68.08497619628906,89.046875,66.65624237060547,,61.83498001098633
2011-05-24,68.1560287475586,89.10037994384766,66.65624237060547,,62.06745529174805
2011-05-25,68.16311645507812,89.12316131591797,66.68795013427734,,61.776912689208984
2011-05-26,68.53975677490234,89.43590545654297,66.72747802734375,,62.306312561035156
2011-05-27,68.53272247314453,89.4892349243164,66.7512435913086,,62.280479431152344
2011-05-31,68.63931274414062,89.5960464477539,66.7512435913086,,62.42255401611328
2011-06-01,69.20494842529297,89.98493194580078,66.7955322265625,,63.26616287231445
2011-06-02,68.79167938232422,89.7022476196289,66.75594329833984,,62.060943603515625
2011-06-03,69.06242370605469,89.88558959960938,66.77970123291016,,62.417362213134766
2011-06-06,69.01974487304688,89.94670867919922,66.78767395019531,,61.944332122802734
2011-06-07,69.14794921875,90.09192657470703,66.83515167236328,,62.22942352294922
2011-06-08,69.2975845336914,90.26761627197266,66.84307098388672,,62.71540451049805
2011-06-09,69.01974487304688,90.00020599365234,66.77179718017578,,62.46269607543945
2011-06-10,69.24056243896484,90.09192657470703,66.82727813720703,,62.94221115112305
2011-06-13,69.09097290039062,90.03079223632812,66.80349731445312,,62.624664306640625
2011-06-14,68.54239654541016,89.61056518554688,66.748046875,,61.67866516113281
2011-06-15,69.2833023071289,90.1683349609375,66.84307098388672,,62.79969787597656
2011-06-16,69.47563171386719,90.2599868774414,66.85095977783203,,63.08473205566406
2011-06-17,69.42575073242188,90.28291320800781,66.86677551269531,,62.786712646484375
2011-06-20,69.31891632080078,90.23700714111328,66.86677551269531,,62.86439895629883
2011-06-21,69.2262954711914,90.1759262084961,66.87471771240234,,62.585811614990234
2011-06-22,69.19778442382812,90.20647430419922,66.85891723632812,,62.624664306640625
2011-06-23,69.56120300292969,90.47382354736328,66.89846801757812,,63.10416793823242
2011-06-24,69.85323333740234,90.75659942626953,66.93807220458984,,62.8385124206543
2011-06-27,69.58247375488281,90.55794525146484,66.87471771240234,,61.97676086425781
2011-06-28,68.94133758544922,89.99253845214844,66.75594329833984,,61.4777717590332
2011-06-29,68.52816772460938,89.70995330810547,66.75594329833984,,61.069602966308594
2011-06-30,68.29303741455078,89.46540832519531,66.748046875,,60.9724006652832
2011-07-01,68.12236785888672,89.33756256103516,66.72508239746094,,60.8748779296875
2011-07-05,68.55083465576172,89.77375793457031,66.8043212890625,,61.011417388916016
2011-07-06,68.67218780517578,89.86561584472656,66.82807159423828,,61.32350540161133
2011-07-07,68.40800476074219,89.56718444824219,66.76466369628906,,61.141456604003906
2011-07-08,69.13642883300781,90.17936706542969,66.85980224609375,,62.006202697753906
2011-07-11,69.66493225097656,90.5696029663086,66.90735626220703,,62.93588638305664
2011-07-12,69.76484680175781,90.69966125488281,66.89935302734375,,63.150482177734375
2011-07-13,69.87916564941406,90.77619934082031,66.91519927978516,,63.32600784301758
2011-07-14,69.47917938232422,90.53138732910156,66.89147186279297,,62.42226028442383
2011-07-15,69.76484680175781,90.75325775146484,66.90735626220703,,62.52627944946289
2011-07-18,69.7220230102539,90.7455825805664,66.90735626220703,,61.921627044677734
2011-07-19,69.98629760742188,90.86039733886719,66.90735626220703,,63.209007263183594
2011-07-20,69.64346313476562,90.64610290527344,66.88356018066406,,62.46129608154297
2011-07-21,69.25785064697266,90.42420196533203,66.85187530517578,,61.98016357421875
2011-07-22,69.52207946777344,90.53138732910156,66.85980224609375,,62.44829177856445
2011-07-25,69.30064392089844,90.43181610107422,66.82807159423828,,61.765586853027344
2011-07-26,69.59346771240234,90.63846588134766,66.86772155761719,,62.188209533691406
2011-07-27,69.47917938232422,90.51602172851562,66.82807159423828,,62.19472122192383
2011-07-28,69.61492919921875,90.6154556274414,66.86772155761719,,62.42877960205078
2011-07-29,70.45761108398438,91.28128814697266,66.93901062011719,,63.66407012939453
2011-08-01,70.7138900756836,91.40998840332031,66.91602325439453,,64.30664825439453
2011-08-02,71.36532592773438,91.82388305664062,67.00320434570312,,66.23748016357422
2011-08-03,71.42259216308594,91.77019500732422,66.9952621459961,,66.36797332763672
2011-08-04,72.36752319335938,92.33734130859375,67.05879211425781,,68.72938537597656
2011-08-05,71.53001403808594,91.78557586669922,67.0428695678711,,66.74633026123047
2011-08-08,72.66826629638672,92.32969665527344,67.06664276123047,,68.85335540771484
2011-08-09,73.09059143066406,92.72057342529297,67.13805389404297,,69.06205749511719
2011-08-10,74.05702209472656,93.16505432128906,67.18559265136719,,71.11697387695312
2011-08-11,72.96887969970703,92.66690063476562,67.16969299316406,,67.52909088134766
2011-08-12,73.4771957397461,92.91218566894531,67.177734375,,68.86643981933594
2011-08-15,73.20516204833984,92.7512435913086,67.15394592285156,,68.16839599609375
2011-08-16,73.54158020019531,92.9658203125,67.15394592285156,,69.29695892333984
2011-08-17,74.05702209472656,93.13449096679688,67.16969299316406,,70.51020812988281
2011-08-18,74.44355010986328,93.21105194091797,67.16184997558594,,71.95845794677734
2011-08-19,74.52227020263672,93.14209747314453,67.16184997558594,,72.53900146484375
2011-08-22,74.38629913330078,93.11910247802734,67.15394592285156,,72.35633087158203
2011-08-23,74.08564758300781,92.97348022460938,67.12220001220703,,71.3582992553711
2011-08-24,73.29106903076172,92.58264923095703,67.12220001220703,,69.32959747314453
2011-08-25,73.74207305908203,92.88151550292969,67.16184997558594,,70.07971954345703
2011-08-26,73.97825622558594,93.07318115234375,67.16969299316406,,70.771240234375
2011-08-29,73.49147033691406,92.87385559082031,67.15394592285156,,69.7927017211914
2011-08-30,73.99971771240234,93.04243469238281,67.16969299316406,,70.91470336914062
2011-08-31,73.73491668701172,92.95042419433594,67.16969299316406,,69.8188247680664
2011-09-01,74.32247924804688,93.26819610595703,67.18872833251953,,71.29886627197266
2011-09-02,75.00407409667969,93.39865112304688,67.15705871582031,,73.61502075195312
2011-09-06,75.10453033447266,93.32958221435547,67.16495513916016,,74.38053131103516
2011-09-07,74.70274353027344,93.2759017944336,67.14910888671875,,72.96072387695312
2011-09-08,75.06868743896484,93.42938232421875,67.17289733886719,,73.61502075195312
2011-09-09,75.43455505371094,93.66727447509766,67.19673919677734,,74.40020751953125
2011-09-12,75.2049331665039,93.42171478271484,67.14910888671875,,74.478759765625
2011-09-13,74.98257446289062,93.36795043945312,67.15705871582031,,73.41873931884766
2011-09-14,75.02557373046875,93.3219223022461,67.15705871582031,,74.0403060913086
2011-09-15,74.46592712402344,93.14544677734375,67.16495513916016,,72.9084243774414
2011-09-16,74.60948944091797,93.16841125488281,67.18083953857422,,73.43839263916016
2011-09-19,75.21929168701172,93.5291748046875,67.2126235961914,,74.83856964111328
2011-09-20,75.31976318359375,93.54451751708984,67.18083953857422,,75.15267181396484
2011-09-21,75.64265441894531,93.5291748046875,67.10946655273438,,77.63902282714844
2011-09-22,76.34577178955078,93.79771423339844,67.11738586425781,,80.55712890625
2011-09-23,75.71436309814453,93.50609588623047,67.12531280517578,,79.05883026123047
2011-09-26,75.39863586425781,93.33724975585938,67.10152435302734,,77.7894515991211
2011-09-27,74.896484375,93.14544677734375,67.07772064208984,,76.59861755371094
2011-09-28,74.91075134277344,93.12242889404297,67.05390167236328,,76.57247924804688
2011-09-29,74.91075134277344,93.0533447265625,67.06974792480469,,77.10245513916016
2011-09-30,75.38429260253906,93.22982788085938,67.10152435302734,,79.03916931152344
2011-10-03,76.08241271972656,93.5794448852539,67.1165771484375,,81.21438598632812
2011-10-04,75.69415283203125,93.4104232788086,67.07691955566406,,80.18447875976562
2011-10-05,75.3779067993164,93.21830749511719,67.07691955566406,,79.60725402832031
2011-10-06,74.85306549072266,92.98780059814453,67.06104278564453,,78.13792419433594
2011-10-07,74.46481323242188,92.7265396118164,67.03719329833984,,77.56062316894531
2011-10-10,73.68120574951172,92.46531677246094,66.98165130615234,,76.4651870727539
2011-10-11,73.9256591796875,92.4729995727539,67.01343536376953,,76.2093734741211
2011-10-12,73.67400360107422,92.41153717041016,67.01343536376953,,75.10079193115234
2011-10-13,73.96878814697266,92.59595489501953,67.02928161621094,,75.84859466552734
2011-10-14,73.6021957397461,92.52681732177734,67.06104278564453,,74.74655151367188
2011-10-17,74.08381652832031,92.7035140991211,67.06895446777344,,76.0388412475586
2011-10-18,74.00470733642578,92.80345916748047,67.06895446777344,,75.56654357910156
2011-10-19,74.11976623535156,92.841796875,67.0927963256836,,75.54026794433594
2011-10-20,73.96878814697266,92.77265930175781,67.1007080078125,,75.00241088867188
2011-10-21,73.83223724365234,92.7265396118164,67.07691955566406,,74.20869445800781
2011-10-24,73.79627990722656,92.66511535644531,67.07691955566406,,74.33331298828125
2011-10-25,74.42891693115234,93.06466674804688,67.1165771484375,,76.22251892089844
2011-10-26,73.88256072998047,92.7419662475586,67.07691955566406,,74.89090728759766
2011-10-27,72.9910888671875,92.31163787841797,67.02928161621094,,72.35231018066406
2011-10-28,73.42964935302734,92.60356903076172,67.06104278564453,,73.11322784423828
2011-10-31,74.41452026367188,93.21065521240234,67.12454223632812,,76.01261138916016
2011-11-01,75.30704498291016,93.55990600585938,67.13092041015625,,78.55704498291016
2011-11-02,75.12696838378906,93.5752944946289,67.14675903320312,,77.57711029052734
2011-11-03,74.7739486694336,93.45218658447266,67.15471649169922,,76.5117416381836
2011-11-04,74.99729919433594,93.52143859863281,67.15471649169922,,76.60380554199219
2011-11-07,75.08377075195312,93.51374816894531,67.13882446289062,,77.09049224853516
2011-11-08,74.74518585205078,93.40601348876953,67.13092041015625,,76.10399627685547
2011-11-09,75.40789794921875,93.61375427246094,67.14675903320312,,77.682373046875
2011-11-10,75.0405044555664,93.52143859863281,67.15471649169922,,76.5249252319336
2011-11-11,74.69474792480469,93.3521728515625,67.12295532226562,,76.0579833984375
2011-11-14,75.16297149658203,93.58296966552734,67.15471649169922,,77.28116607666016
2011-11-15,75.06212615966797,93.51374816894531,67.14675903320312,,77.17597198486328
2011-11-16,75.33588409423828,93.60604858398438,67.13092041015625,,77.8796615600586
2011-11-17,75.4871597290039,93.69060516357422,67.13882446289062,,78.5044174194336
2011-11-18,75.20619201660156,93.475341796875,67.11500549316406,,78.48470306396484
2011-11-21,75.41512298583984,93.53683471679688,67.12295532226562,,78.9516372680664
2011-11-22,75.64566040039062,93.6676025390625,67.13092041015625,,79.83291625976562
2011-11-23,75.90496063232422,93.7677001953125,67.13882446289062,,80.61550903320312
2011-11-25,75.4223403930664,93.59838104248047,67.13882446289062,,79.44486999511719
2011-11-28,75.42955017089844,93.61375427246094,67.14675903320312,,79.40544128417969
2011-11-29,75.28545379638672,93.55990600585938,67.15471649169922,,78.75436401367188
2011-11-30,74.84600830078125,93.42143249511719,67.15471649169922,,77.5245361328125
2011-12-01,74.82437896728516,93.42913818359375,67.15865325927734,,77.13557434082031
2011-12-02,75.15637969970703,93.61394500732422,67.1427993774414,,78.2167739868164
2011-12-05,75.11302947998047,93.5523452758789,67.15076446533203,,78.05853271484375
2011-12-06,74.91816711425781,93.53695678710938,67.15076446533203,,77.31359100341797
2011-12-07,75.25738525390625,93.70640563964844,67.1745834350586,,77.5904312133789
2011-12-08,75.63993835449219,93.89122772216797,67.18258666992188,,78.55958557128906
2011-12-09,75.12023162841797,93.7371597290039,67.18258666992188,,76.94436645507812
2011-12-12,75.38011169433594,93.82190704345703,67.18258666992188,,77.80142974853516
2011-12-13,75.72648620605469,93.90664672851562,67.18258666992188,,78.52662658691406
2011-12-14,76.04411315917969,93.96052551269531,67.16667938232422,,80.01001739501953
2011-12-15,75.97917175292969,93.89122772216797,67.15865325927734,,79.71334838867188
2011-12-16,76.34728240966797,94.13768005371094,67.19047546386719,,80.64293670654297
2011-12-19,76.60709381103516,94.12991333007812,67.18258666992188,,81.6648178100586
2011-12-20,75.91425323486328,93.90664672851562,67.16667938232422,,79.6275634765625
2011-12-21,75.6688461303711,93.72178649902344,67.1427993774414,,78.52000427246094
2011-12-22,75.76262664794922,93.76029968261719,67.13484954833984,,78.84967803955078
2011-12-23,75.45226287841797,93.53695678710938,67.15076446533203,,77.97284698486328
2011-12-27,75.49496459960938,93.5454330444336,67.12609100341797,,78.34323120117188
2011-12-28,75.97219848632812,93.79212188720703,67.14199829101562,,79.79169464111328
2011-12-29,76.0661849975586,93.86923217773438,67.14994049072266,,79.93724822998047
2011-12-30,76.33369445800781,94.08511352539062,67.18965148925781,,80.19515228271484
2012-01-03,75.8492660522461,93.8075180053711,67.14994049072266,,78.99139404296875
2012-01-04,75.61065673828125,93.77668762207031,67.15788269042969,,78.05219268798828
2012-01-05,75.62506103515625,93.7998275756836,67.1658706665039,,77.91333770751953
2012-01-06,75.92156982421875,93.97715759277344,67.15788269042969,,78.52841186523438
2012-01-09,75.93604278564453,93.96940612792969,67.17379760742188,,78.38951873779297
2012-01-10,75.7841567993164,93.93087768554688,67.18177032470703,,78.25724029541016
2012-01-11,76.22525787353516,94.12359619140625,67.20560455322266,,79.27581787109375
2012-01-12,76.0661849975586,94.077392578125,67.19770050048828,,79.16337585449219
2012-01-13,76.40599822998047,94.27005767822266,67.213623046875,,79.95042419433594
2012-01-17,76.47830963134766,94.28551483154297,67.22151184082031,,80.32081604003906
2012-01-18,76.23971557617188,94.22380065917969,67.213623046875,,79.34857177734375
2012-01-19,75.7841567993164,93.94634246826172,67.213623046875,,78.25724029541016
2012-01-20,75.52383422851562,93.86923217773438,67.19770050048828,,77.3709716796875
2012-01-23,75.35758972167969,93.77668762207031,67.20560455322266,,76.8815689086914
2012-01-24,75.44432067871094,93.8460922241211,67.20560455322266,,77.02040100097656
2012-01-25,75.80587005615234,94.20838928222656,67.24534606933594,,76.83519744873047
2012-01-26,76.2107925415039,94.41656494140625,67.25330352783203,,77.85379028320312
2012-01-27,76.44219970703125,94.47826385498047,67.26922607421875,,78.09849548339844
2012-01-30,76.70245361328125,94.57073211669922,67.24534606933594,,79.01786804199219
2012-01-31,76.99166107177734,94.67870330810547,67.24534606933594,,79.93055725097656
2012-02-01,76.72444152832031,94.59075927734375,67.22230529785156,,79.01499938964844
2012-02-02,76.83303833007812,94.6292724609375,67.2302474975586,,78.98188781738281
2012-02-03,76.224609375,94.35920715332031,67.2302474975586,,77.28456115722656
2012-02-06,76.43463897705078,94.46722412109375,67.21430969238281,,78.05365753173828
2012-02-07,75.94207000732422,94.23572540283203,67.1984634399414,,77.08572387695312
2012-02-08,75.97828674316406,94.22026062011719,67.1984634399414,,77.14535522460938
2012-02-09,75.80449676513672,94.08138275146484,67.16661071777344,,76.5685806274414
2012-02-10,76.23184204101562,94.29747009277344,67.1825180053711,,77.56307220458984
2012-02-13,76.18110656738281,94.2048568725586,67.14276885986328,,77.66255950927734
2012-02-14,76.34048461914062,94.24349212646484,67.15872192382812,,78.07353973388672
2012-02-15,76.39847564697266,94.32831573486328,67.16661071777344,,77.9343490600586
2012-02-16,76.05077362060547,94.05054473876953,67.14276885986328,,77.31111907958984
2012-02-17,75.97107696533203,94.04280853271484,67.12687683105469,,77.29124450683594
2012-02-21,75.69577026367188,93.87303161621094,67.1109619140625,,76.4360122680664
2012-02-22,75.9927978515625,94.08908081054688,67.14276885986328,,77.3973159790039
2012-02-23,76.10144805908203,94.09680938720703,67.13479614257812,,77.3973159790039
2012-02-24,76.15939331054688,94.01964569091797,67.11892700195312,,77.90115356445312
2012-02-27,76.41285705566406,94.21257781982422,67.13479614257812,,78.59075927734375
2012-02-28,76.44913482666016,94.23572540283203,67.15071105957031,,78.33213806152344
2012-02-29,76.14494323730469,94.08908081054688,67.15071105957031,,77.8547592163086
2012-03-01,75.89823150634766,93.99642944335938,67.1387710571289,,77.12179565429688
2012-03-02,76.20295715332031,94.26676940917969,67.15471649169922,,77.84613800048828
2012-03-05,76.05059051513672,94.14315795898438,67.15471649169922,,77.2281723022461
2012-03-06,76.36984252929688,94.32083129882812,67.15471649169922,,78.16511535644531
2012-03-07,76.2247314453125,94.23585510253906,67.1387710571289,,77.68668365478516
2012-03-08,75.99974822998047,94.0968017578125,67.11489868164062,,76.9092025756836
2012-03-09,75.94174194335938,94.08908081054688,67.11489868164062,,77.06206512451172
2012-03-12,75.91999816894531,94.01183319091797,67.12287902832031,,77.04873657226562
2012-03-13,75.3758316040039,93.64883422851562,67.08309173583984,,75.69315338134766
2012-03-14,74.51242065429688,93.1235580444336,66.98756408691406,,73.78606414794922
2012-03-15,74.49066162109375,93.21625518798828,67.02738189697266,,73.89900207519531
2012-03-16,74.46894073486328,93.13135528564453,67.06715393066406,,74.04518127441406
2012-03-19,74.01187896728516,92.85321044921875,67.01945495605469,,73.1613998413086
2012-03-20,74.04810333251953,92.7837142944336,67.00352478027344,,73.45381164550781
2012-03-21,74.42540740966797,93.05404663085938,67.0433120727539,,74.28443908691406
2012-03-22,74.51971435546875,93.1467514038086,67.05125427246094,,74.52367401123047
2012-03-23,74.79541015625,93.29351043701172,67.0592269897461,,75.22793579101562
2012-03-26,74.70836639404297,93.34759521484375,67.07513427734375,,74.84258270263672
2012-03-27,75.12193298339844,93.5947494506836,67.09899139404297,,75.3808822631836
2012-03-28,74.99132537841797,93.5252456665039,67.08309173583984,,75.27452087402344
2012-03-29,75.30329895019531,93.6951904296875,67.10696411132812,,75.83937072753906
2012-03-30,74.9332275390625,93.54068756103516,67.09899139404297,,74.55685424804688
2012-04-02,75.1128158569336,93.64352416992188,67.11492156982422,,74.96992492675781
2012-04-03,74.56046295166016,93.28787994384766,67.06715393066406,,73.67078399658203
2012-04-04,74.9383773803711,93.51981353759766,67.08308410644531,,74.6834945678711
2012-04-05,75.27264404296875,93.73624420166016,67.10697937011719,,75.22308349609375
2012-04-09,76.04306030273438,94.16924285888672,67.15472412109375,,76.9819564819336
2012-04-10,76.39916229248047,94.3470687866211,67.18657684326172,,77.85467529296875
2012-04-11,76.1011962890625,94.25432586669922,67.1786117553711,,76.9218978881836
2012-04-12,75.94857788085938,94.16924285888672,67.18657684326172,,76.60220336914062
2012-04-13,76.40644836425781,94.35479736328125,67.19454956054688,,77.84135437011719
2012-04-16,76.38463592529297,94.41669464111328,67.19454956054688,,77.72809600830078
2012-04-17,76.30471801757812,94.3393325805664,67.19454956054688,,77.68145751953125
2012-04-18,76.45732116699219,94.38577270507812,67.2104721069336,,77.9079818725586
2012-04-19,76.5445327758789,94.43986511230469,67.21837615966797,,77.98129272460938
2012-04-20,76.55184936523438,94.40886688232422,67.21837615966797,,77.9945297241211
2012-04-23,76.7044448852539,94.55583953857422,67.23432159423828,,78.56088256835938
2012-04-24,76.50819396972656,94.44759368896484,67.2104721069336,,78.0079116821289
2012-04-25,76.41371154785156,94.43986511230469,67.22636413574219,,77.60816192626953
2012-04-26,76.66802978515625,94.5712890625,67.23432159423828,,78.07450103759766
2012-04-27,76.74800872802734,94.59451293945312,67.21837615966797,,78.14118194580078
2012-04-30,76.8134536743164,94.65633392333984,67.23432159423828,,78.16112518310547
2012-05-01,76.67369079589844,94.61067962646484,67.23271942138672,,77.7557144165039
2012-05-02,76.81925964355469,94.64164733886719,67.2406997680664,,78.30335998535156
2012-05-03,76.81197357177734,94.64942169189453,67.23271942138672,,78.28337097167969
2012-05-04,77.11770629882812,94.78093719482422,67.25662994384766,,78.89776611328125
2012-05-07,77.0959243774414,94.80410766601562,67.25662994384766,,78.91108703613281
2012-05-08,77.27059173583984,94.8660659790039,67.26460266113281,,79.33181762695312
2012-05-09,77.33616638183594,94.90473937988281,67.25662994384766,,79.38526153564453
2012-05-10,77.2269515991211,94.8505859375,67.24861907958984,,79.15149688720703
2012-05-11,77.48175048828125,94.95892333984375,67.25662994384766,,79.80598449707031
2012-05-14,77.82383728027344,95.08274841308594,67.24861907958984,,80.92127990722656
2012-05-15,77.84569549560547,95.02080535888672,67.2406997680664,,81.24852752685547
2012-05-16,77.90389251708984,95.02080535888672,67.23271942138672,,81.48229217529297
2012-05-17,78.1950912475586,95.05175018310547,67.20088958740234,,82.92476654052734
2012-05-18,78.14411163330078,95.03631591796875,67.20886993408203,,82.94480895996094
2012-05-21,77.9402847290039,95.02080535888672,67.21680450439453,,82.77117919921875
2012-05-22,77.77285766601562,94.94343566894531,67.19293975830078,,81.84954071044922
2012-05-23,77.97672271728516,95.0285415649414,67.2247085571289,,82.41722869873047
2012-05-24,77.80923461914062,94.9124755859375,67.20088958740234,,82.10336303710938
2012-05-25,78.03491973876953,95.02080535888672,67.23271942138672,,82.4105224609375
2012-05-29,77.96941375732422,94.9511947631836,67.21680450439453,,82.15681457519531
2012-05-30,78.71189880371094,95.30713653564453,67.24861907958984,,84.24044036865234
2012-05-31,79.01768493652344,95.4542007446289,67.27257537841797,,85.21549224853516
2012-06-01,79.69644927978516,95.63694763183594,67.27889251708984,,87.23845672607422
2012-06-04,79.23712921142578,95.35037994384766,67.27092742919922,,86.5491714477539
2012-06-05,78.97464752197266,95.32718658447266,67.28691864013672,,85.39148712158203
2012-06-06,78.45702362060547,95.08704376220703,67.26300811767578,,83.68494415283203
2012-06-07,78.64659881591797,95.17220306396484,67.25503540039062,,83.81208801269531
2012-06-08,78.70484161376953,95.18777465820312,67.25503540039062,,83.79205322265625
2012-06-11,78.91634368896484,95.26519775390625,67.25503540039062,,84.17344665527344
2012-06-12,78.49343872070312,95.0328140258789,67.22314453125,,83.40384674072266
2012-06-13,78.90897369384766,95.23419189453125,67.2152099609375,,84.22702026367188
2012-06-14,78.69757843017578,95.12579345703125,67.22314453125,,84.11994934082031
2012-06-15,79.06212615966797,95.36582946777344,67.24700927734375,,84.58839416503906
2012-06-18,79.04023742675781,95.33487701416016,67.23112487792969,,85.0434799194336
2012-06-19,78.77045440673828,95.23419189453125,67.22314453125,,83.93258666992188
2012-06-20,78.61006927490234,95.071533203125,67.19927978515625,,84.34749603271484
2012-06-21,78.77775573730469,95.14898681640625,67.20718383789062,,84.7958984375
2012-06-22,78.43513488769531,95.0328140258789,67.2152099609375,,83.6648941040039
2012-06-25,78.86524963378906,95.21096801757812,67.2152099609375,,84.88285064697266
2012-06-26,78.6903076171875,95.15676879882812,67.19927978515625,,84.5482406616211
2012-06-27,78.79967498779297,95.21096801757812,67.19927978515625,,84.68206024169922
2012-06-28,79.05479431152344,95.33487701416016,67.20718383789062,,84.8895263671875
2012-06-29,78.6903076171875,95.26519775390625,67.20718383789062,,83.78536987304688
2012-07-02,79.05536651611328,95.42565155029297,67.22793579101562,,84.64981842041016
2012-07-03,78.85823822021484,95.32489776611328,67.21205139160156,,83.99925994873047
2012-07-05,79.06997680664062,95.41011810302734,67.23591613769531,,84.42848205566406
2012-07-06,79.3474349975586,95.53414154052734,67.25984191894531,,85.21314239501953
2012-07-09,79.56645202636719,95.627197265625,67.25984191894531,,85.96424865722656
2012-07-10,79.60296630859375,95.64265441894531,67.25984191894531,,86.13871002197266
2012-07-11,79.52999877929688,95.59616088867188,67.26773834228516,,86.24595642089844
2012-07-12,79.7125015258789,95.65044403076172,67.28369140625,,86.85626220703125
2012-07-13,79.64678192138672,95.66592407226562,67.29963684082031,,86.62824249267578
2012-07-16,79.82205963134766,95.78994750976562,67.32357788085938,,87.03064727783203
2012-07-17,79.61759948730469,95.7124252319336,67.3155746459961,,86.34656524658203
2012-07-18,79.69792938232422,95.78218841552734,67.33151245117188,,86.3935317993164
2012-07-19,79.5810546875,95.74345397949219,67.34744262695312,,86.1722183227539
2012-07-20,79.8950424194336,95.91398620605469,67.35540771484375,,87.22512817382812
2012-07-23,80.0264892578125,95.97596740722656,67.3634262084961,,87.71475982666016
2012-07-24,80.1798324584961,96.03023529052734,67.34744262695312,,88.4054946899414
2012-07-25,80.2236099243164,96.0379409790039,67.35540771484375,,88.6335220336914
2012-07-26,79.97539520263672,95.9372329711914,67.35540771484375,,87.82196044921875
2012-07-27,79.39852142333984,95.66592407226562,67.3076171875,,86.16551208496094
2012-07-30,79.65412902832031,95.82095336914062,67.33953094482422,,86.80928039550781
2012-07-31,79.79281616210938,95.92945861816406,67.35540771484375,,86.98370361328125
2012-08-01,79.5018081665039,95.79064178466797,67.34428405761719,,86.548828125
2012-08-02,79.69194793701172,95.89143371582031,67.35225677490234,,87.03947448730469
2012-08-03,79.27507781982422,95.64324188232422,67.32833099365234,,85.63487243652344
2012-08-06,79.32636260986328,95.70528411865234,67.33631134033203,,85.66845703125
2012-08-07,78.90948486328125,95.48033142089844,67.3044204711914,,84.56624603271484
2012-08-08,78.7998046875,95.3717269897461,67.2804946899414,,84.11592102050781
2012-08-09,78.74129486083984,95.37947845458984,67.2804946899414,,84.0554428100586
2012-08-10,78.96797180175781,95.46483612060547,67.29643249511719,,84.47886657714844
2012-08-13,78.91677856445312,95.48812866210938,67.3044204711914,,84.3377456665039
2012-08-14,78.52922821044922,95.31743621826172,67.28841400146484,,83.19525909423828
2012-08-15,78.13432312011719,95.1080322265625,67.26458740234375,,82.02586364746094
2012-08-16,77.9442367553711,94.99937438964844,67.256591796875,,81.32684326171875
2012-08-17,78.039306640625,95.0925064086914,67.26458740234375,,81.723388671875
2012-08-20,78.0831527709961,95.13127136230469,67.26458740234375,,81.89147186279297
2012-08-21,78.14895629882812,95.14678955078125,67.26458740234375,,82.25433349609375
2012-08-22,78.75592041015625,95.4958724975586,67.3044204711914,,83.6119613647461
2012-08-23,78.89486694335938,95.57343292236328,67.31236267089844,,83.96137237548828
2012-08-24,78.85832214355469,95.51911926269531,67.31236267089844,,83.88074493408203
2012-08-27,79.0630111694336,95.62773132324219,67.3044204711914,,84.3713607788086
2012-08-28,79.09236145019531,95.63550567626953,67.31236267089844,,84.57295227050781
2012-08-29,79.04115295410156,95.63550567626953,67.31236267089844,,84.20333099365234
2012-08-30,79.18739318847656,95.7673568725586,67.32035064697266,,84.64016723632812
2012-08-31,79.69921112060547,96.04657745361328,67.36023712158203,,85.83647918701172
2012-09-04,79.51692199707031,95.90534210205078,67.35540008544922,,85.75027465820312
2012-09-05,79.4875717163086,95.92089080810547,67.35540008544922,,85.3461685180664
2012-09-06,78.94572448730469,95.66475677490234,67.32353973388672,,83.92510223388672
2012-09-07,79.04823303222656,95.77338409423828,67.33951568603516,,83.53438568115234
2012-09-10,79.0848388671875,95.78893280029297,67.32353973388672,,83.73648834228516
2012-09-11,78.93841552734375,95.72686004638672,67.33951568603516,,83.21112060546875
2012-09-12,78.55028533935547,95.59486389160156,67.33151245117188,,82.17401123046875
2012-09-13,78.77731323242188,95.78118896484375,67.35540008544922,,81.85071563720703
2012-09-14,78.03773498535156,95.4474105834961,67.32353973388672,,79.67526245117188
2012-09-17,78.19884490966797,95.46295166015625,67.32353973388672,,80.63165283203125
2012-09-18,78.39653778076172,95.5716323852539,67.33151245117188,,81.03572845458984
2012-09-19,78.57958984375,95.6181411743164,67.33151245117188,,81.56780242919922
2012-09-20,78.62350463867188,95.63371276855469,67.3155517578125,,81.76985931396484
2012-09-21,78.7919692993164,95.73461151123047,67.32353973388672,,81.86412048339844
2012-09-24,78.96772003173828,95.78118896484375,67.33151245117188,,82.50401306152344
2012-09-25,79.2606430053711,95.82772064208984,67.3155517578125,,83.3188705444336
2012-09-26,79.59013366699219,96.00624084472656,67.33151245117188,,84.21469116210938
2012-09-27,79.42166900634766,95.96739959716797,67.33951568603516,,83.61526489257812
2012-09-28,79.42166900634766,96.0217514038086,67.37134552001953,,83.66236877441406
2012-10-01,79.56908416748047,96.03963470458984,67.3729476928711,,83.97281646728516
2012-10-02,79.51779174804688,96.05510711669922,67.35704803466797,,83.85814666748047
2012-10-03,79.5984115600586,96.093994140625,67.35704803466797,,83.88508605957031
2012-10-04,79.28311157226562,95.96971130371094,67.35704803466797,,82.83905029296875
2012-10-05,78.92386627197266,95.8066635131836,67.32510375976562,,81.76587677001953
2012-10-08,79.18047332763672,95.94645690917969,67.33308410644531,,82.45426940917969
2012-10-09,79.01913452148438,95.85327911376953,67.33308410644531,,82.30583953857422
2012-10-10,79.2098159790039,95.89210510253906,67.32510375976562,,82.88622283935547
2012-10-11,79.28311157226562,95.88433837890625,67.3171157836914,,83.4599609375
2012-10-12,79.29044342041016,95.90766143798828,67.341064453125,,83.66913604736328
2012-10-15,79.31243133544922,95.87653350830078,67.32510375976562,,83.48018646240234
2012-10-16,78.93852233886719,95.74455261230469,67.32510375976562,,82.3260726928711
2012-10-17,78.43989562988281,95.44945526123047,67.28520202636719,,81.56339263916016
2012-10-18,78.3006362915039,95.3718032836914,67.29320526123047,,81.06401062011719
2012-10-19,78.63056182861328,95.51152038574219,67.29320526123047,,82.1640853881836
2012-10-22,78.36662292480469,95.3563232421875,67.26935577392578,,81.63766479492188
2012-10-23,78.74056243896484,95.51934051513672,67.30118560791016,,82.80528259277344
2012-10-24,78.57189178466797,95.50383758544922,67.29320526123047,,81.98860168457031
2012-10-25,78.28589630126953,95.30195617675781,67.26935577392578,,81.5701904296875
2012-10-26,78.78450012207031,95.53486633300781,67.28520202636719,,82.7715072631836
2012-10-31,79.1071548461914,95.70574188232422,67.32510375976562,,83.25743865966797
2012-11-01,78.94930267333984,95.62806701660156,67.30921173095703,,82.5758056640625
2012-11-02,79.0154037475586,95.64356231689453,67.30118560791016,,82.51507568359375
2012-11-05,79.20623016357422,95.76009368896484,67.30118560791016,,82.98072052001953
2012-11-06,78.84656524658203,95.53486633300781,67.27726745605469,,82.19782257080078
2012-11-07,79.50732421875,95.8687744140625,67.33308410644531,,83.68939971923828
2012-11-08,79.85972595214844,96.03189086914062,67.33308410644531,,84.93119049072266
2012-11-09,79.86705780029297,96.02407836914062,67.33308410644531,,85.02572631835938
2012-11-12,79.91846466064453,96.0706558227539,67.33308410644531,,85.16751861572266
2012-11-13,80.01390075683594,96.10950469970703,67.341064453125,,85.450927734375
2012-11-14,80.03597259521484,96.093994140625,67.35704803466797,,85.53193664550781
2012-11-15,79.99919891357422,96.11729431152344,67.35704803466797,,85.3631591796875
2012-11-16,80.05062103271484,96.15612030029297,67.35704803466797,,85.28895568847656
2012-11-19,79.88905334472656,96.0706558227539,67.34906005859375,,84.80976867675781
2012-11-20,79.5587158203125,95.93092346191406,67.33308410644531,,83.95938873291016
2012-11-21,79.44121551513672,95.86099243164062,67.32510375976562,,83.91212463378906
2012-11-23,79.3971176147461,95.8377456665039,67.32510375976562,,83.83116149902344
2012-11-26,79.52938842773438,95.90766143798828,67.3171157836914,,84.22930145263672
2012-11-27,79.71285247802734,96.00077819824219,67.32510375976562,,84.5600357055664
2012-11-28,79.81563568115234,96.0706558227539,67.33308410644531,,84.43856811523438
2012-11-29,79.896484375,96.1017074584961,67.33308410644531,,84.4520492553711
2012-11-30,79.88175201416016,96.16387939453125,67.341064453125,,84.22257995605469
2012-12-03,79.85017395019531,96.13899993896484,67.34907531738281,,84.3003158569336
2012-12-04,79.98981475830078,96.17007446289062,67.34907531738281,,84.78721618652344
2012-12-05,80.05594635009766,96.23223876953125,67.36498260498047,,84.74671936035156
2012-12-06,80.10005187988281,96.24777221679688,67.36498260498047,,84.92926025390625
2012-12-07,79.87218475341797,96.17007446289062,67.36498260498047,,84.14483642578125
2012-12-10,79.94568634033203,96.20114135742188,67.36498260498047,,84.51676940917969
2012-12-11,79.79132843017578,96.13125610351562,67.36498260498047,,83.87430572509766
2012-12-12,79.45310974121094,96.02247619628906,67.3570556640625,,82.90052795410156
2012-12-13,79.2988052368164,95.8826675415039,67.3570556640625,,82.96141815185547
2012-12-14,79.47523498535156,95.93705749511719,67.3729476928711,,83.58353424072266
2012-12-17,79.05622100830078,95.72726440429688,67.3570556640625,,82.33243560791016
2012-12-18,78.74746704101562,95.55632019042969,67.31710815429688,,81.49393463134766
2012-12-19,78.85771942138672,95.64179992675781,67.33307647705078,,81.76447296142578
2012-12-20,78.90912628173828,95.61848449707031,67.32510375976562,,81.77796936035156
2012-12-21,79.12229919433594,95.74278259277344,67.33307647705078,,82.6706314086914
2012-12-24,79.04146575927734,95.70396423339844,67.33307647705078,,82.52180480957031
2012-12-26,79.20419311523438,95.75294494628906,67.3338851928711,,82.81865692138672
2012-12-27,79.36614227294922,95.86172485351562,67.35780334472656,,83.0965576171875
2012-12-28,79.5501708984375,95.93946838378906,67.35780334472656,,83.5709457397461
2012-12-31,79.13053131103516,95.77626037597656,67.35780334472656,,82.12740325927734
2013-01-02,78.76986694335938,95.714111328125,67.34185791015625,,81.02947998046875
2013-01-03,78.36495208740234,95.49640655517578,67.34185791015625,,79.93154907226562
2013-01-04,78.40168762207031,95.49640655517578,67.34983825683594,,80.24333953857422
2013-01-07,78.4459228515625,95.52753448486328,67.34983825683594,,80.27718353271484
2013-01-08,78.63740539550781,95.6363754272461,67.35780334472656,,80.80583190917969
2013-01-09,78.68148040771484,95.70631408691406,67.38178253173828,,80.73126983642578
2013-01-10,78.45330810546875,95.58968353271484,67.37383270263672,,80.50765228271484
2013-01-11,78.70362091064453,95.714111328125,67.36580657958984,,81.22599029541016
2013-01-14,78.67411804199219,95.714111328125,67.36580657958984,,81.00234985351562
2013-01-15,78.86555480957031,95.78400421142578,67.37383270263672,,81.37513732910156
2013-01-16,78.96862030029297,95.84617614746094,67.37383270263672,,81.54456329345703
2013-01-17,78.60786437988281,95.6518325805664,67.36580657958984,,80.73126983642578
2013-01-18,78.82872009277344,95.75294494628906,67.36580657958984,,81.35475158691406
2013-01-22,78.89496612548828,95.80732727050781,67.38178253173828,,81.51065826416016
2013-01-23,78.93183135986328,95.83063507080078,67.38178253173828,,81.388671875
2013-01-24,78.7992935180664,95.7451400756836,67.38178253173828,,81.10404968261719
2013-01-25,78.2766342163086,95.44198608398438,67.34983825683594,,79.99253845214844
2013-01-28,78.11463165283203,95.36429595947266,67.325927734375,,79.701171875
2013-01-29,77.99688720703125,95.33316802978516,67.3338851928711,,79.26058959960938
2013-01-30,78.0410385131836,95.3953857421875,67.35780334472656,,79.12505340576172
2013-01-31,78.10730743408203,95.40316772460938,67.36580657958984,,79.51136779785156
2013-02-01,77.84196472167969,95.3144760131836,67.35863494873047,,78.47889709472656
2013-02-04,78.29155731201172,95.57109832763672,67.37454223632812,,79.48417663574219
2013-02-05,78.011474609375,95.43891143798828,67.37454223632812,,78.77776336669922
2013-02-06,78.24735260009766,95.56333923339844,67.39056396484375,,79.42308044433594
2013-02-07,78.28416442871094,95.59443664550781,67.39056396484375,,79.24647521972656
2013-02-08,78.34317779541016,95.60225677490234,67.39849853515625,,79.55207061767578
2013-02-11,78.2620849609375,95.5555648803711,67.37454223632812,,79.4909896850586
2013-02-12,78.1810073852539,95.48558807373047,67.35863494873047,,79.29402923583984
2013-02-13,77.90828704833984,95.33006286621094,67.35063934326172,,78.64873504638672
2013-02-14,78.23998260498047,95.5245361328125,67.35863494873047,,79.36190032958984
2013-02-15,78.16629028320312,95.47003173828125,67.36663818359375,,79.13092803955078
2013-02-19,78.04093933105469,95.4078140258789,67.35863494873047,,78.73704528808594
2013-02-20,78.21048736572266,95.50113677978516,67.35863494873047,,78.9747314453125
2013-02-21,78.36528778076172,95.60225677490234,67.3825454711914,,79.4366455078125
2013-02-22,78.46112060546875,95.64895629882812,67.3825454711914,,79.4909896850586
2013-02-25,79.0655517578125,95.95217895507812,67.39849853515625,,81.05321502685547
2013-02-26,78.91814422607422,95.92113494873047,67.4145278930664,,80.58451080322266
2013-02-27,78.88130187988281,95.92889404296875,67.4145278930664,,80.34687805175781
2013-02-28,78.99185180664062,95.98328399658203,67.40653228759766,,80.49625396728516
2013-03-01,79.1888656616211,96.05879211425781,67.42091369628906,,80.9345703125
2013-03-04,79.00443267822266,96.0120849609375,67.4128646850586,,80.50581359863281
2013-03-05,78.9231948852539,95.94206237792969,67.40495300292969,,80.27432250976562
2013-03-06,78.67229461669922,95.80979919433594,67.39692687988281,,79.54598999023438
2013-03-07,78.3697280883789,95.62306213378906,67.38098907470703,,78.9333267211914
2013-03-08,77.97114562988281,95.4440689086914,67.38892364501953,,78.1097183227539
2013-03-11,78.008056640625,95.45965576171875,67.38098907470703,,78.18465423583984
2013-03-12,78.22211456298828,95.56082153320312,67.39692687988281,,78.74957275390625
2013-03-13,78.15569305419922,95.52969360351562,67.38098907470703,,78.66789245605469
2013-03-14,78.17784118652344,95.5530776977539,67.38098907470703,,78.42967224121094
2013-03-15,78.45088958740234,95.73194122314453,67.40495300292969,,78.79716491699219
2013-03-18,78.70922088623047,95.84877014160156,67.42091369628906,,79.39622497558594
2013-03-19,78.95272827148438,95.95761108398438,67.4128646850586,,79.93394470214844
2013-03-20,78.65015411376953,95.8409423828125,67.40495300292969,,79.04225158691406
2013-03-21,78.85682678222656,95.90314483642578,67.4128646850586,,79.80464935302734
2013-03-22,78.88633728027344,95.90314483642578,67.39692687988281,,79.86589050292969
2013-03-25,78.94534301757812,95.926513671875,67.39692687988281,,79.79106140136719
2013-03-26,79.02654266357422,95.99653625488281,67.40495300292969,,79.88633728027344
2013-03-27,79.3660659790039,96.15213012695312,67.42091369628906,,80.56707763671875
2013-03-28,79.21846008300781,96.0821533203125,67.4288330078125,,80.15865325927734
2013-04-01,79.42901611328125,96.1490707397461,67.43528747558594,,80.7623291015625
2013-04-02,79.27387237548828,96.10234832763672,67.43528747558594,,80.43490600585938
2013-04-03,79.60641479492188,96.29694366455078,67.4272232055664,,81.15801239013672
2013-04-04,79.92422485351562,96.42932891845703,67.4512710571289,,82.12669372558594
2013-04-05,80.1754379272461,96.46822357177734,67.4512710571289,,83.78429412841797
2013-04-08,79.9167709350586,96.36705017089844,67.43528747558594,,83.1430892944336
2013-04-09,79.94633483886719,96.42154693603516,67.43528747558594,,82.9384765625
2013-04-10,79.61376953125,96.2424545288086,67.43528747558594,,81.79923248291016
2013-04-11,79.70247650146484,96.29694366455078,67.43528747558594,,81.95610809326172
2013-04-12,80.1458740234375,96.46041107177734,67.44322204589844,,83.17726135253906
2013-04-15,80.32324981689453,96.52274322509766,67.4512710571289,,83.90034484863281
2013-04-16,80.09414672851562,96.42932891845703,67.4512710571289,,83.21134185791016
2013-04-17,80.24193572998047,96.47601318359375,67.4512710571289,,83.763916015625
2013-04-18,80.28630065917969,96.46041107177734,67.4512710571289,,83.96854400634766
2013-04-19,80.24193572998047,96.42154693603516,67.4512710571289,,83.79121398925781
2013-04-22,80.28630065917969,96.48379516601562,67.4592056274414,,83.85259246826172
2013-04-23,80.23458099365234,96.46041107177734,67.4512710571289,,83.55924987792969
2013-04-24,80.2715072631836,96.47601318359375,67.4592056274414,,83.77073669433594
2013-04-25,80.18282318115234,96.46041107177734,67.4512710571289,,83.40914916992188
2013-04-26,80.47105407714844,96.58501434326172,67.46724700927734,,84.17318725585938
2013-04-29,80.4415283203125,96.62394714355469,67.48313903808594,,83.8662338256836
2013-04-30,80.42674255371094,96.62394714355469,67.47520446777344,,83.91397094726562
2013-05-01,80.68942260742188,96.72676086425781,67.48880004882812,,84.7759780883789
2013-05-02,80.68942260742188,96.75789642333984,67.48079681396484,,84.66661834716797
2013-05-03,80.00125122070312,96.4074478149414,67.456787109375,,82.6705093383789
2013-05-06,79.89764404296875,96.37627410888672,67.456787109375,,82.46537017822266
2013-05-07,79.78670501708984,96.3450927734375,67.456787109375,,82.14407348632812
2013-05-08,79.88285064697266,96.36849212646484,67.4648666381836,,82.2739486694336
2013-05-09,79.8680419921875,96.3528823852539,67.456787109375,,82.06207275390625
2013-05-10,79.41674041748047,96.1192626953125,67.44886016845703,,81.18018341064453
2013-05-13,79.276123046875,96.04911804199219,67.43286895751953,,80.5580825805664
2013-05-14,78.95797729492188,95.93232727050781,67.43286895751953,,79.68302154541016
2013-05-15,79.16514587402344,96.01797485351562,67.4407730102539,,80.21627807617188
2013-05-16,79.54246520996094,96.2126693725586,67.456787109375,,81.0503158569336
2013-05-17,79.11329650878906,96.03358459472656,67.4407730102539,,80.02481842041016
2013-05-20,79.05416107177734,96.01018524169922,67.44886016845703,,79.92913818359375
2013-05-21,79.26133728027344,96.0958480834961,67.44886016845703,,80.5580825805664
2013-05-22,78.63239288330078,95.77654266357422,67.42484283447266,,79.36175537109375
2013-05-23,78.71375274658203,95.80768585205078,67.4407730102539,,79.73777770996094
2013-05-24,78.74341583251953,95.80768585205078,67.42484283447266,,79.84706115722656
2013-05-28,77.81845092773438,95.3170166015625,67.37696838378906,,77.82356262207031
2013-05-29,78.13661193847656,95.42601013183594,67.37696838378906,,78.69860076904297
2013-05-30,78.14408874511719,95.42601013183594,67.39295196533203,,78.5072021484375
2013-05-31,77.929443359375,95.32479095458984,67.38494110107422,,78.24063110351562
2013-06-03,78.04206848144531,95.35445404052734,67.40650939941406,,78.65520477294922
2013-06-04,77.84202575683594,95.25309753417969,67.40650939941406,,77.9288101196289
2013-06-05,78.21990203857422,95.39337921142578,67.41451263427734,,79.00465393066406
2013-06-06,78.31620025634766,95.42452239990234,67.40650939941406,,78.95671844482422
2013-06-07,77.70864868164062,95.1284408569336,67.39851379394531,,77.54501342773438
2013-06-10,77.5159912109375,95.01154327392578,67.37456512451172,,77.17498779296875
2013-06-11,77.70864868164062,95.08164978027344,67.36656188964844,,78.09324645996094
2013-06-12,77.36043548583984,94.90243530273438,67.35860443115234,,76.97630310058594
2013-06-13,77.94574737548828,95.22972869873047,67.39051055908203,,78.18231201171875
2013-06-14,78.04948425292969,95.35445404052734,67.43843841552734,,77.99732208251953
2013-06-17,77.86427307128906,95.3310546875,67.43843841552734,,77.58612823486328
2013-06-18,77.81982421875,95.28427124023438,67.43843841552734,,77.62726593017578
2013-06-19,76.75284576416016,94.50508880615234,67.35860443115234,,76.82550811767578
2013-06-20,76.40458679199219,94.36480712890625,67.3505630493164,,75.56462097167969
2013-06-21,75.59701538085938,93.81932067871094,67.29464721679688,,74.28317260742188
2013-06-24,75.41179656982422,93.67904663085938,67.26274108886719,,74.59154510498047
2013-06-25,75.32286071777344,93.67127227783203,67.25471496582031,,73.92683410644531
2013-06-26,75.62667083740234,93.85826873779297,67.28670501708984,,74.40654754638672
2013-06-27,76.03414916992188,94.13104248046875,67.32662200927734,,75.16714477539062
2013-06-28,75.94523620605469,94.0842056274414,67.31864166259766,,75.6811294555664
2013-07-01,75.97420501708984,94.16371154785156,67.34815979003906,,75.8336181640625
2013-07-02,76.00385284423828,94.17941284179688,67.35617065429688,,75.7854995727539
2013-07-03,75.85542297363281,94.06238555908203,67.34815979003906,,75.55882263183594
2013-07-05,74.57935333251953,93.31402587890625,67.27629089355469,,72.9832534790039
2013-07-08,75.01712036132812,93.68041229248047,67.32425689697266,,73.69068145751953
2013-07-09,75.1431884765625,93.74276733398438,67.31623077392578,,73.76617431640625
2013-07-10,74.87615203857422,93.61805725097656,67.31623077392578,,73.18925476074219
2013-07-11,75.62548828125,94.132568359375,67.37217712402344,,74.04779815673828
2013-07-12,75.56610107421875,94.06238555908203,67.33222198486328,,73.98601531982422
2013-07-15,75.80352020263672,94.20275115966797,67.36417388916016,,74.37748718261719
2013-07-16,75.84062194824219,94.22615051269531,67.37217712402344,,74.63162231445312
2013-07-17,76.17451477050781,94.47563934326172,67.39613342285156,,74.76899719238281
2013-07-18,75.81836700439453,94.32749938964844,67.38817596435547,,73.83487701416016
2013-07-19,76.23384857177734,94.5146484375,67.42008209228516,,75.00248718261719
2013-07-22,76.22649383544922,94.53801727294922,67.42008209228516,,75.11241912841797
2013-07-23,76.13741302490234,94.48347473144531,67.4121322631836,,74.79644775390625
2013-07-24,75.62548828125,94.22615051269531,67.38017272949219,,73.84861755371094
2013-07-25,75.73672485351562,94.32749938964844,67.42008209228516,,73.82115936279297
2013-07-26,75.80352020263672,94.37428283691406,67.42810821533203,,74.27447509765625
2013-07-29,75.64776611328125,94.34309387207031,67.42008209228516,,73.73186492919922
2013-07-30,75.62548828125,94.31187438964844,67.42810821533203,,73.70438385009766
2013-07-31,75.67739868164062,94.31973266601562,67.42810821533203,,73.97225952148438
2013-08-01,75.00944519042969,93.91165161132812,67.40251922607422,,72.54695129394531
2013-08-02,75.6484603881836,94.41100311279297,67.45047760009766,,73.34564208984375
2013-08-05,75.41065216064453,94.30174255371094,67.44249725341797,,72.78106689453125
2013-08-06,75.4329833984375,94.28614044189453,67.43449401855469,,72.9944839477539
2013-08-07,75.7078628540039,94.3797378540039,67.45047760009766,,73.53854370117188
2013-08-08,75.81930541992188,94.41878509521484,67.45047760009766,,73.73819732666016
2013-08-09,75.87129211425781,94.473388671875,67.43449401855469,,73.85523223876953
2013-08-12,75.72271728515625,94.40318298339844,67.43449401855469,,73.35256958007812
2013-08-13,75.03919982910156,94.0130386352539,67.40251922607422,,72.29216766357422
2013-08-14,75.10607147216797,94.02867889404297,67.40251922607422,,72.40235137939453
2013-08-15,74.69001770019531,93.83367919921875,67.37853240966797,,71.42454528808594
2013-08-16,74.40020751953125,93.66202545166016,67.38655090332031,,71.17667388916016
2013-08-19,74.08078002929688,93.5215835571289,67.37055969238281,,70.5569839477539
2013-08-20,74.48197937011719,93.74781799316406,67.38655090332031,,71.1009750366211
2013-08-21,74.01393127441406,93.4123306274414,67.34659576416016,,70.32290649414062
2013-08-22,73.98419189453125,93.24852752685547,67.32257843017578,,71.03897094726562
2013-08-23,74.40020751953125,93.44355773925781,67.32257843017578,,71.8101806640625
2013-08-26,74.54886627197266,93.60742950439453,67.34659576416016,,72.16822814941406
2013-08-27,74.97235870361328,93.83367919921875,67.37853240966797,,73.07710266113281
2013-08-28,74.66773986816406,93.64642333984375,67.33861541748047,,72.48497009277344
2013-08-29,74.74198913574219,93.6932144165039,67.35458374023438,,73.06336212158203
2013-08-30,74.60083770751953,93.5917739868164,67.36255645751953,,72.98074340820312
2013-09-03,74.17750549316406,93.3966293334961,67.33699035644531,,71.95137023925781
2013-09-04,73.93193054199219,93.1467514038086,67.2730484008789,,71.79258728027344
2013-09-05,73.36640930175781,92.73296356201172,67.20915222167969,,70.79156494140625
2013-09-06,73.81287384033203,93.09210968017578,67.2730484008789,,71.14363861083984
2013-09-09,73.96167755126953,93.26390838623047,67.28898620605469,,71.17818450927734
2013-09-10,73.619384765625,93.04533386230469,67.26507568359375,,70.68108367919922
2013-09-11,73.99146270751953,93.31076049804688,67.2970199584961,,71.30937194824219
2013-09-12,73.99889373779297,93.29509735107422,67.2970199584961,,71.21268463134766
2013-09-13,74.09561157226562,93.36540222167969,67.2970199584961,,71.48880004882812
2013-09-16,74.25927734375,93.60741424560547,67.34500885009766,,71.01246643066406
2013-09-17,74.40814208984375,93.70891571044922,67.36894226074219,,71.59930419921875
2013-09-18,75.33075714111328,94.37248992919922,67.45686340332031,,72.48296356201172
2013-09-19,75.07036590576172,94.21638488769531,67.43286895751953,,72.05493927001953
2013-09-20,75.1447982788086,94.2085952758789,67.44088745117188,,72.43461608886719
2013-09-23,75.42754364013672,94.35687255859375,67.45686340332031,,72.96624755859375
2013-09-24,75.70281219482422,94.4818115234375,67.46488952636719,,73.7532730102539
2013-09-25,75.91116333007812,94.62228393554688,67.48885345458984,,73.90512084960938
2013-09-26,75.74744415283203,94.53644561767578,67.45686340332031,,73.38737487792969
2013-09-27,75.85169982910156,94.66136932373047,67.49681091308594,,73.56687927246094
2013-09-30,75.97811889648438,94.72383117675781,67.5127944946289,,73.45642852783203
2013-10-01,75.80900573730469,94.57147979736328,67.49523162841797,,73.23352813720703
2013-10-02,75.93569946289062,94.71990966796875,67.50322723388672,,73.34428405761719
2013-10-03,76.0400161743164,94.79804229736328,67.50322723388672,,73.22659301757812
2013-10-04,75.83134460449219,94.63394927978516,67.4792709350586,,73.17119598388672
2013-10-07,75.89839172363281,94.66521453857422,67.4792709350586,,73.46886444091797
2013-10-08,75.86112213134766,94.54801177978516,67.42330169677734,,73.4896011352539
2013-10-09,75.7270278930664,94.53235626220703,67.4472427368164,,72.90127563476562
2013-10-10,75.56310272216797,94.52457427978516,67.4472427368164,,73.01895141601562
2013-10-11,75.6749038696289,94.60271453857422,67.4472427368164,,72.99816131591797
2013-10-14,75.42147827148438,94.42303466796875,67.42330169677734,,72.4098129272461
2013-10-15,75.43638610839844,94.50112915039062,67.4472427368164,,72.36138916015625
2013-10-16,75.80155181884766,94.73555755615234,67.47124481201172,,73.26813507080078
2013-10-17,76.23371887207031,94.95427703857422,67.49523162841797,,73.93268585205078
2013-10-18,76.24121856689453,94.96990966796875,67.49523162841797,,74.09186553955078
2013-10-21,76.18902587890625,94.92304229736328,67.49523162841797,,73.85651397705078
2013-10-22,76.71813201904297,95.18868255615234,67.55123138427734,,74.68020629882812
2013-10-23,76.85224151611328,95.22779083251953,67.52718353271484,,74.97095489501953
2013-10-24,76.69575500488281,95.1731185913086,67.5192642211914,,74.68020629882812
2013-10-25,76.82992553710938,95.25123596191406,67.53520965576172,,74.95709228515625
2013-10-28,76.75540161132812,95.22779083251953,67.55123138427734,,74.70094299316406
2013-10-29,76.85973358154297,95.29810333251953,67.55123138427734,,74.79788208007812
2013-10-30,76.65850830078125,95.19652557373047,67.55123138427734,,74.3479232788086
2013-10-31,76.56904602050781,95.19652557373047,67.55923461914062,,74.50714874267578
2013-11-01,76.14434814453125,94.95099639892578,67.5344467163086,,73.70059967041016
2013-11-04,76.29366302490234,95.06046295166016,67.5503921508789,,73.77002716064453
2013-11-05,75.95036315917969,94.9275131225586,67.5503921508789,,72.88861083984375
2013-11-06,76.18175506591797,95.13084411621094,67.56642150878906,,72.92333221435547
2013-11-07,76.38325500488281,95.22467803955078,67.58235168457031,,73.54102325439453
2013-11-08,75.52493286132812,94.77889251708984,67.5344467163086,,71.77120208740234
2013-11-11,75.48760986328125,94.7554702758789,67.5503921508789,,71.50053405761719
2013-11-12,75.42045593261719,94.66948699951172,67.5344467163086,,71.83368682861328
2013-11-13,75.73392486572266,94.89622497558594,67.5344467163086,,72.09740447998047
2013-11-14,76.09967803955078,95.1699447631836,67.57442474365234,,72.54161834716797
2013-11-15,76.0399169921875,95.146484375,67.57442474365234,,72.68738555908203
2013-11-18,76.30858612060547,95.27941131591797,67.60633087158203,,73.12460327148438
2013-11-19,76.02495574951172,95.12299346923828,67.58235168457031,,72.56937408447266
2013-11-20,75.60704803466797,95.03697967529297,67.59038543701172,,71.3339614868164
2013-11-21,75.67423248291016,95.0682601928711,67.62237548828125,,71.45198059082031
2013-11-22,75.89064025878906,95.13862609863281,67.60633087158203,,72.11827087402344
2013-11-25,75.95036315917969,95.19340515136719,67.60633087158203,,72.32642364501953
2013-11-26,76.11451721191406,95.27159881591797,67.61438751220703,,72.59712219238281
2013-11-27,75.94290924072266,95.20906066894531,67.61438751220703,,72.47222900390625
2013-11-29,75.89811706542969,95.20906066894531,67.62237548828125,,72.49300384521484
2013-12-02,75.5721664428711,95.00007629394531,67.58160400390625,,71.92920684814453
2013-12-03,75.70671844482422,95.08618927001953,67.5975341796875,,72.19371032714844
2013-12-04,75.36290740966797,94.91401672363281,67.58160400390625,,71.5045166015625
2013-12-05,75.17594146728516,94.78878021240234,67.58963012695312,,71.30267333984375
2013-12-06,75.24324035644531,94.7418212890625,67.56561279296875,,71.64379119873047
2013-12-09,75.33294677734375,94.75743103027344,67.56561279296875,,71.81084442138672
2013-12-10,75.64691925048828,94.92183685302734,67.58963012695312,,72.32595825195312
2013-12-11,75.35533905029297,94.78878021240234,67.56561279296875,,71.76908111572266
2013-12-12,75.13859558105469,94.6087875366211,67.54151916503906,,71.49762725830078
2013-12-13,75.25070190429688,94.59310913085938,67.55757904052734,,71.84565734863281
2013-12-16,75.21333312988281,94.63225555419922,67.55757904052734,,71.58111572265625
2013-12-17,75.45255279541016,94.78099822998047,67.57359313964844,,71.9013442993164
2013-12-18,75.16849517822266,94.62442779541016,67.57359313964844,,71.53939819335938
2013-12-19,74.8544921875,94.35836791992188,67.53360748291016,,71.46975708007812
2013-12-20,75.08625030517578,94.26441192626953,67.50959014892578,,72.56962585449219
2013-12-23,74.84700012207031,94.1705551147461,67.5016098022461,,72.15890502929688
2013-12-24,74.55545806884766,93.98274230957031,67.47760772705078,,71.58111572265625
2013-12-26,74.49104309082031,93.99523162841797,67.47039794921875,,71.30525207519531
2013-12-27,74.4461441040039,93.98736572265625,67.50239562988281,,71.10271453857422
2013-12-30,74.64828491210938,94.12056732177734,67.51841735839844,,71.59164428710938
2013-12-31,74.31135559082031,94.0108413696289,67.50239562988281,,71.13765716552734
2014-01-02,74.60338592529297,94.10490417480469,67.53438568115234,,71.35414123535156
2014-01-03,74.55845642089844,94.03435516357422,67.51040649414062,,71.35414123535156
2014-01-06,74.76810455322266,94.18318939208984,67.51841735839844,,71.65449523925781
2014-01-07,74.88792419433594,94.261474609375,67.51841735839844,,71.83604431152344
2014-01-08,74.52100372314453,93.90906524658203,67.45438385009766,,71.64048767089844
2014-01-09,74.7156982421875,94.02655792236328,67.47039794921875,,72.05952453613281
2014-01-10,75.34471130371094,94.49650573730469,67.53438568115234,,72.9185562133789
2014-01-13,75.56187438964844,94.66096496582031,67.5504150390625,,73.2817611694336
2014-01-14,75.27730560302734,94.41032409667969,67.53438568115234,,72.94644165039062
2014-01-15,75.20991516113281,94.32418823242188,67.51040649414062,,72.86967468261719
2014-01-16,75.41957092285156,94.44949340820312,67.52640533447266,,73.35855865478516
2014-01-17,75.59928894042969,94.55135345458984,67.52640533447266,,73.66581726074219
2014-01-21,75.51692199707031,94.43386840820312,67.51841735839844,,73.72166442871094
2014-01-22,75.30723571777344,94.27721405029297,67.48635864257812,,73.54006958007812
2014-01-23,75.8164291381836,94.64530944824219,67.5504150390625,,74.58071899414062
2014-01-24,76.12348937988281,94.83323669433594,67.57442474365234,,75.06260681152344
2014-01-27,75.89131927490234,94.72366333007812,67.56644439697266,,74.53882598876953
2014-01-28,76.00364685058594,94.84896087646484,67.56644439697266,,74.72039794921875
2014-01-29,76.36306762695312,95.04473876953125,67.61438751220703,,75.3349380493164
2014-01-30,76.28817749023438,95.00560760498047,67.60643005371094,,75.11844635009766
2014-01-31,76.58771514892578,95.217041015625,67.63835906982422,,75.62126922607422
2014-02-03,77.00404357910156,95.49771118164062,67.65678405761719,,76.54271697998047
2014-02-04,76.77151489257812,95.38793182373047,67.6648178100586,,75.73056030273438
2014-02-05,76.49395751953125,95.23118591308594,67.6327896118164,,75.03034973144531
2014-02-06,76.3514404296875,95.13709259033203,67.64079284667969,,74.70826721191406
2014-02-07,76.5539779663086,95.33306121826172,67.65678405761719,,74.77128601074219
2014-02-10,76.59149932861328,95.3095932006836,67.64079284667969,,74.9813232421875
2014-02-11,76.25393676757812,95.09004974365234,67.62483978271484,,74.54721069335938
2014-02-12,76.07389831542969,94.9567642211914,67.59281158447266,,74.16212463378906
2014-02-13,76.43394470214844,95.1998519897461,67.6327896118164,,74.58226776123047
2014-02-14,76.38143920898438,95.17630767822266,67.6327896118164,,74.62427520751953
2014-02-18,76.5689468383789,95.3409652709961,67.65678405761719,,74.79228973388672
2014-02-19,76.41893005371094,95.23118591308594,67.6327896118164,,74.47721099853516
2014-02-20,76.33643341064453,95.12141418457031,67.64079284667969,,74.29518127441406
2014-02-21,76.43394470214844,95.14495849609375,67.64879608154297,,74.68724822998047
2014-02-24,76.35891723632812,95.10578918457031,67.64879608154297,,74.49826049804688
2014-02-25,76.62149810791016,95.2625732421875,67.64079284667969,,75.16338348388672
2014-02-26,76.84648895263672,95.40361785888672,67.67279052734375,,75.56248474121094
2014-02-27,76.93651580810547,95.43496704101562,67.6648178100586,,75.97557067871094
2014-02-28,76.86150360107422,95.3565902709961,67.6648178100586,,76.01763153076172
2014-03-03,77.24171447753906,95.59432220458984,67.70318603515625,,76.52506256103516
2014-03-04,76.64813995361328,95.24917602539062,67.64718627929688,,75.37397003173828
2014-03-05,76.73078918457031,95.28047943115234,67.67118072509766,,75.53544616699219
2014-03-06,76.40017700195312,95.11573791503906,67.6312026977539,,74.79143524169922
2014-03-07,76.06961822509766,94.86466217041016,67.58319091796875,,74.32115936279297
2014-03-10,76.15225982666016,94.90390014648438,67.59111022949219,,74.42644500732422
2014-03-11,76.22737884521484,94.95879364013672,67.59111022949219,,74.62297058105469
2014-03-12,76.52792358398438,95.0921630859375,67.61518859863281,,75.14238739013672
2014-03-13,76.97872924804688,95.3589859008789,67.6551742553711,,76.15306091308594
2014-03-14,76.98621368408203,95.36681365966797,67.63922882080078,,76.1670913696289
2014-03-17,76.67816162109375,95.17060089111328,67.61518859863281,,75.59858703613281
2014-03-18,76.86603546142578,95.31192779541016,67.6312026977539,,75.8722915649414
2014-03-19,76.15225982666016,94.6842041015625,67.51910400390625,,75.28272247314453
2014-03-20,76.16727447509766,94.65286254882812,67.5271224975586,,75.14938354492188
2014-03-21,76.31002807617188,94.64498138427734,67.53514099121094,,75.96353912353516
2014-03-24,76.34013366699219,94.55867004394531,67.50312805175781,,76.50398254394531
2014-03-25,76.29502868652344,94.55084991455078,67.51116180419922,,76.21626281738281
2014-03-26,76.61808013916016,94.81755065917969,67.55917358398438,,76.81280517578125
2014-03-27,76.69319915771484,94.78618621826172,67.55115509033203,,77.19880676269531
2014-03-28,76.4227523803711,94.61360931396484,67.55115509033203,,76.763671875
2014-03-31,76.43023681640625,94.707763671875,67.59111022949219,,76.57415008544922
2014-04-01,76.27215576171875,94.66292572021484,67.55194854736328,,75.91974639892578
2014-04-02,75.94104766845703,94.41168212890625,67.52793884277344,,75.48345184326172
2014-04-03,75.99369812011719,94.41951751708984,67.54393005371094,,75.81420135498047
2014-04-04,76.46036529541016,94.78865051269531,67.59996032714844,,76.32083892822266
2014-04-07,76.64099884033203,94.89067840576172,67.60795593261719,,76.77821350097656
2014-04-08,76.74640655517578,94.9771728515625,67.61597442626953,,76.96122741699219
2014-04-09,76.72383117675781,95.13421630859375,67.64801025390625,,76.58123779296875
2014-04-10,77.04744720458984,95.30703735351562,67.68805694580078,,77.2919692993164
2014-04-11,77.20557403564453,95.38555908203125,67.68000793457031,,77.91822052001953
2014-04-14,77.0851058959961,95.2677230834961,67.67205047607422,,77.714111328125
2014-04-15,77.17542266845703,95.25984191894531,67.67205047607422,,78.19969940185547
2014-04-16,77.05501556396484,95.102783203125,67.64801025390625,,78.2982177734375
2014-04-17,76.61841583251953,94.77287292480469,67.63199615478516,,77.43972778320312
2014-04-21,76.60337829589844,94.85929870605469,67.63199615478516,,77.37635803222656
2014-04-22,76.57324981689453,94.76508331298828,67.59996032714844,,77.6367416381836
2014-04-23,76.76896667480469,94.89860534667969,67.63199615478516,,78.08003234863281
2014-04-24,76.74640655517578,94.86713409423828,67.61597442626953,,78.22781372070312
2014-04-25,76.85179138183594,94.96141815185547,67.6240234375,,78.34040069580078
2014-04-28,76.73888397216797,94.89067840576172,67.6240234375,,77.96044921875
2014-04-29,76.80665588378906,94.94573211669922,67.61597442626953,,77.8548583984375
2014-04-30,77.0098648071289,95.17346954345703,67.66397094726562,,78.1785659790039
2014-05-01,77.23158264160156,95.27568817138672,67.6647720336914,,79.01725769042969
2014-05-02,77.34468841552734,95.228515625,67.65679168701172,,79.50394439697266
2014-05-05,77.29940795898438,95.2049331665039,67.6647720336914,,79.02434539794922
2014-05-06,77.38996887207031,95.22064208984375,67.64078521728516,,79.34175109863281
2014-05-07,77.45026397705078,95.3306884765625,67.6647720336914,,79.0595474243164
2014-05-08,77.53324890136719,95.46435546875,67.68084716796875,,78.72100067138672
2014-05-09,77.47288513183594,95.47222137451172,67.70484161376953,,78.46707916259766
2014-05-12,77.26927947998047,95.34642028808594,67.68881225585938,,78.14965057373047
2014-05-13,77.57090759277344,95.51153564453125,67.71281433105469,,78.82678985595703
2014-05-14,77.92536163330078,95.73162841796875,67.73688507080078,,79.68030548095703
2014-05-15,78.20439147949219,95.87315368652344,67.74491882324219,,80.315185546875
2014-05-16,78.03851318359375,95.79450225830078,67.75289916992188,,80.08942413330078
2014-05-19,77.94047546386719,95.81024169921875,67.76886749267578,,79.4969482421875
2014-05-20,78.16667938232422,95.96751403808594,67.77696228027344,,79.67327117919922
2014-05-21,78.04600524902344,95.90460205078125,67.77696228027344,,79.18659973144531
2014-05-22,77.9630355834961,95.80240631103516,67.76091766357422,,79.07367706298828
2014-05-23,78.12144470214844,95.88887023925781,67.74491882324219,,79.4969482421875
2014-05-27,78.14408111572266,95.93605041503906,67.76091766357422,,79.96250915527344
2014-05-28,78.57392120361328,96.15618133544922,67.77696228027344,,80.95000457763672
2014-05-29,78.47587585449219,96.08539581298828,67.76886749267578,,80.51976013183594
2014-05-30,78.41558074951172,95.99897003173828,67.7848892211914,,80.48446655273438
2014-06-02,78.05670166015625,95.76524353027344,67.73927307128906,,79.88615417480469
2014-06-03,77.66393280029297,95.56062316894531,67.72325897216797,,78.90316772460938
2014-06-04,77.60347747802734,95.56847381591797,67.74730682373047,,78.88190460205078
2014-06-05,77.716796875,95.6392822265625,67.75531005859375,,78.9172592163086
2014-06-06,77.65637969970703,95.55276489257812,67.73927307128906,,78.9172592163086
2014-06-09,77.54303741455078,95.42680358886719,67.69122314453125,,78.80416107177734
2014-06-10,77.4070816040039,95.32451629638672,67.6751937866211,,78.5141830444336
2014-06-11,77.51284790039062,95.40320587158203,67.69928741455078,,78.65565490722656
2014-06-12,77.8150405883789,95.59210205078125,67.72325897216797,,79.35576629638672
2014-06-13,77.66393280029297,95.45040130615234,67.6832275390625,,79.31333923339844
2014-06-16,77.66393280029297,95.41891479492188,67.66718292236328,,79.51134490966797
2014-06-17,77.33905029296875,95.16717529296875,67.61109924316406,,78.88190460205078
2014-06-18,77.74701690673828,95.45040130615234,67.66718292236328,,79.49009704589844
2014-06-19,77.55064392089844,95.44254302978516,67.65918731689453,,78.47172546386719
2014-06-20,77.64124298095703,95.41891479492188,67.65918731689453,,79.0657958984375
2014-06-23,77.58843994140625,95.39537811279297,67.65918731689453,,78.81830596923828
2014-06-24,77.90568542480469,95.52127075195312,67.6832275390625,,79.61743927001953
2014-06-25,77.98116302490234,95.63142395019531,67.69122314453125,,79.82249450683594
2014-06-26,78.18514251708984,95.74950408935547,67.70722961425781,,80.20439910888672
2014-06-27,78.18514251708984,95.80458068847656,67.72325897216797,,80.08415985107422
2014-06-30,78.24559783935547,95.85179901123047,67.73126220703125,,80.28218841552734
2014-07-01,77.98977661132812,95.70448303222656,67.70316314697266,,79.61003875732422
2014-07-02,77.67190551757812,95.49180603027344,67.6792221069336,,78.7591781616211
2014-07-03,77.51297760009766,95.36575317382812,67.67115783691406,,78.4755630493164
2014-07-07,77.70221710205078,95.40512084960938,67.65516662597656,,79.04987335205078
2014-07-08,78.05792236328125,95.55484771728516,67.67115783691406,,79.9362564086914
2014-07-09,78.07307434082031,95.6099624633789,67.6792221069336,,80.0
2014-07-10,78.23950958251953,95.74385833740234,67.71122741699219,,80.0213394165039
2014-07-11,78.36823272705078,95.8226547241211,67.72726440429688,,80.53180694580078
2014-07-14,78.19412994384766,95.69658660888672,67.71925354003906,,80.1844253540039
2014-07-15,78.12601470947266,95.6099624633789,67.68717956542969,,80.0213394165039
2014-07-16,78.23950958251953,95.5942153930664,67.6792221069336,,80.44671630859375
2014-07-17,78.69365692138672,95.86205291748047,67.73526000976562,,81.46060943603516
2014-07-18,78.5346908569336,95.70448303222656,67.6792221069336,,81.19828033447266
2014-07-21,78.5573959350586,95.68087005615234,67.68717956542969,,81.6024398803711
2014-07-22,78.65576934814453,95.79115295410156,67.68717956542969,,81.7725830078125
2014-07-23,78.64823913574219,95.81476593017578,67.71122741699219,,81.66622161865234
2014-07-24,78.33031463623047,95.56266784667969,67.68717956542969,,81.05647277832031
2014-07-25,78.6330795288086,95.69658660888672,67.69522094726562,,82.01364135742188
2014-07-28,78.54230499267578,95.6414566040039,67.66312408447266,,81.90023040771484
2014-07-29,78.64823913574219,95.6729965209961,67.6792221069336,,82.19795989990234
2014-07-30,78.09577178955078,95.37360382080078,67.64717102050781,,81.05647277832031
2014-07-31,78.07307434082031,95.40512084960938,67.6792221069336,,80.81543731689453
2014-08-01,78.53253936767578,95.80652618408203,67.76497650146484,,81.44097900390625
2014-08-04,78.57804107666016,95.8932876586914,67.76497650146484,,81.22774505615234
2014-08-05,78.61591339111328,95.87751007080078,67.76497650146484,,81.49073791503906
2014-08-06,78.68418884277344,95.91693878173828,67.78096771240234,,81.5405044555664
2014-08-07,79.04055786132812,96.10616302490234,67.81302642822266,,82.30115509033203
2014-08-08,78.97233581542969,96.05099487304688,67.77294158935547,,82.12344360351562
2014-08-11,78.93443298339844,96.06676483154297,67.77294158935547,,82.1163330078125
2014-08-12,78.82066345214844,96.03523254394531,67.77294158935547,,81.58316040039062
2014-08-13,79.0784683227539,96.21659088134766,67.80508422851562,,82.1163330078125
2014-08-14,79.23774719238281,96.2718276977539,67.82106018066406,,82.77747344970703
2014-08-15,79.55614471435547,96.37431335449219,67.82106018066406,,83.68032836914062
2014-08-18,79.30592346191406,96.2718276977539,67.82106018066406,,82.84856414794922
2014-08-19,79.2225570678711,96.25604248046875,67.82106018066406,,82.5926284790039
2014-08-20,78.98750305175781,96.02729034423828,67.75692749023438,,82.45758819580078
2014-08-21,79.15432739257812,96.08251953125,67.75692749023438,,82.91964721679688
2014-08-22,79.16187286376953,96.00370025634766,67.74089050292969,,83.38172149658203
2014-08-25,79.2225570678711,95.95636749267578,67.71685028076172,,83.69450378417969
2014-08-26,79.2073745727539,96.02729034423828,67.74089050292969,,83.42437744140625
2014-08-27,79.42723083496094,96.11408996582031,67.75692749023438,,84.13531494140625
2014-08-28,79.5334243774414,96.20870971679688,67.77294158935547,,84.5760726928711
2014-08-29,79.54106140136719,96.2718276977539,67.80508422851562,,84.63294982910156
2014-09-02,79.03289794921875,95.96392059326172,67.74726104736328,,83.1729736328125
2014-09-03,79.14680480957031,96.02706909179688,67.7633285522461,,83.63610076904297
2014-09-04,78.86578369140625,95.90079498291016,67.75531768798828,,82.61717987060547
2014-09-05,78.88855743408203,95.97965240478516,67.77934265136719,,82.46043395996094
2014-09-08,78.80500030517578,95.8533706665039,67.73927307128906,,82.49612426757812
2014-09-09,78.62271118164062,95.69554901123047,67.69924926757812,,82.43195343017578
2014-09-10,78.42520141601562,95.60869598388672,67.70719909667969,,81.91181182861328
2014-09-11,78.32647705078125,95.58497619628906,67.7151870727539,,81.64104461669922
2014-09-12,78.03024291992188,95.4665756225586,67.69924926757812,,80.7860336303711
2014-09-15,78.17454528808594,95.5692367553711,67.73125457763672,,80.90713500976562
2014-09-16,78.15177917480469,95.63231658935547,67.77134704589844,,80.57937622070312
2014-09-17,77.95431518554688,95.42710876464844,67.69924926757812,,80.37274169921875
2014-09-18,77.9011001586914,95.35606384277344,67.70719909667969,,80.62926483154297
2014-09-19,78.19735717773438,95.47450256347656,67.69924926757812,,81.65533447265625
2014-09-22,78.36448669433594,95.64817810058594,67.74726104736328,,81.75507354736328
2014-09-23,78.53155517578125,95.71914672851562,67.7633285522461,,82.26093292236328
2014-09-24,78.31124877929688,95.59288024902344,67.73927307128906,,81.80494689941406
2014-09-25,78.69107818603516,95.83759307861328,67.78742980957031,,82.77398681640625
2014-09-26,78.52391815185547,95.67183685302734,67.75531768798828,,82.65280151367188
2014-09-29,78.77461242675781,95.80602264404297,67.77134704589844,,83.31546783447266
2014-09-30,78.70626831054688,95.77445983886719,67.75531768798828,,82.8451919555664
2014-10-01,79.36756134033203,96.20672607421875,67.82750701904297,,84.45169830322266
2014-10-02,79.13160705566406,96.09610748291016,67.81947326660156,,83.71592712402344
2014-10-03,79.1087875366211,96.00128173828125,67.75528717041016,,84.0731201171875
2014-10-06,79.23817443847656,96.1435775756836,67.81947326660156,,84.12311553955078
2014-10-07,79.70233917236328,96.43592834472656,67.8595962524414,,85.25885009765625
2014-10-08,79.98388671875,96.78368377685547,67.93174743652344,,85.28028106689453
2014-10-09,79.84688568115234,96.66515350341797,67.93174743652344,,84.90882110595703
2014-10-10,80.15892791748047,96.79158782958984,67.96382904052734,,85.75172424316406
2014-10-13,80.57748413085938,97.17884826660156,67.98789978027344,,86.27315521240234
2014-10-14,80.73725128173828,97.24209594726562,68.02799224853516,,86.83745574951172
2014-10-15,81.1938247680664,97.67679595947266,68.11625671386719,,87.52317810058594
2014-10-16,80.97309875488281,97.51083374023438,68.07614135742188,,86.96601104736328
2014-10-17,80.73725128173828,97.31319427490234,68.03600311279297,,86.48027038574219
2014-10-20,80.85136413574219,97.42386627197266,68.07614135742188,,86.79460906982422
2014-10-21,80.63072204589844,97.32111358642578,68.06009674072266,,86.10173034667969
2014-10-22,80.6078872680664,97.2974624633789,68.04400634765625,,86.19457244873047
2014-10-23,80.27301788330078,97.06820678710938,68.01195526123047,,85.4302749633789
2014-10-24,80.34154510498047,97.07615661621094,68.02799224853516,,85.51597595214844
2014-10-27,80.42526245117188,97.14724731445312,68.02799224853516,,85.673095703125
2014-10-28,80.22740173339844,97.0286865234375,68.01195526123047,,85.13746643066406
2014-10-29,79.96105194091797,96.6967544555664,67.92374420166016,,85.330322265625
2014-10-30,80.04478454589844,96.78368377685547,67.94781494140625,,85.40167999267578
2014-10-31,79.91544342041016,96.6967544555664,67.93174743652344,,85.18024444580078
2014-11-03,79.8857192993164,96.61531066894531,67.9229736328125,,85.18025207519531
2014-11-04,79.8780517578125,96.61531066894531,67.91488647460938,,85.4451904296875
2014-11-05,79.90089416503906,96.62320709228516,67.89885711669922,,85.32347106933594
2014-11-06,79.65704345703125,96.49658966064453,67.88282012939453,,84.77210998535156
2014-11-07,80.167724609375,96.83683776855469,67.930908203125,,85.74598693847656
2014-11-10,79.83998107910156,96.62320709228516,67.88282012939453,,84.95832061767578
2014-11-11,79.8475570678711,96.61531066894531,67.87482452392578,,85.01558685302734
2014-11-12,79.81707763671875,96.64692687988281,67.89885711669922,,84.94396209716797
2014-11-13,79.94666290283203,96.71025085449219,67.91488647460938,,85.14443969726562
2014-11-14,80.1143569946289,96.81310272216797,67.94699096679688,,85.55976867675781
2014-11-17,80.02291870117188,96.76561737060547,67.93902587890625,,85.34495544433594
2014-11-18,80.1143569946289,96.83683776855469,67.930908203125,,85.5811996459961
2014-11-19,79.90089416503906,96.7022933959961,67.9229736328125,,85.03704833984375
2014-11-20,80.0457534790039,96.78932189941406,67.93902587890625,,85.48100280761719
2014-11-21,80.20581817626953,96.89224243164062,67.95502471923828,,85.99654388427734
2014-11-24,80.29731750488281,96.9555435180664,67.96304321289062,,86.06814575195312
2014-11-25,80.4955062866211,97.05831909179688,67.9710693359375,,86.78416442871094
2014-11-26,80.6326904296875,97.17705535888672,67.97911834716797,,87.02044677734375
2014-11-28,80.94525909423828,97.3510971069336,68.00312805175781,,87.70787811279297
2014-12-01,80.74669647216797,97.31151580810547,68.00234985351562,,87.19619750976562
2014-12-02,80.38788604736328,97.01841735839844,67.96221160888672,,86.3493423461914
2014-12-03,80.41836547851562,96.97884368896484,67.93014526367188,,86.68663024902344
2014-12-04,80.70089721679688,97.10552215576172,67.97029113769531,,87.41148376464844
2014-12-05,80.25042724609375,96.67784881591797,67.84188079833984,,86.90193939208984
2014-12-08,80.51763153076172,96.75700378417969,67.8338394165039,,87.96410369873047
2014-12-09,80.8154296875,96.9471435546875,67.85787200927734,,88.4161605834961
2014-12-10,81.18196868896484,97.24022674560547,67.91407775878906,,89.06211853027344
2014-12-11,81.04448699951172,97.05802154541016,67.8819808959961,,89.42810821533203
2014-12-12,81.70880889892578,97.46197509765625,67.94615936279297,,90.6409912109375
2014-12-15,81.4110336303711,97.19268035888672,67.8980484008789,,90.45436096191406
2014-12-16,81.82332611083984,97.47781372070312,67.93816375732422,,91.57394409179688
2014-12-17,81.25826263427734,97.02635192871094,67.87393951416016,,90.74864959716797
2014-12-18,80.8001937866211,96.7887191772461,67.8338394165039,,89.13387298583984
2014-12-19,81.09793090820312,96.90750885009766,67.7856674194336,,90.33235168457031
2014-12-22,81.09793090820312,96.8758544921875,67.80168914794922,,90.45436096191406
2014-12-23,80.42599487304688,96.54315948486328,67.72948455810547,,88.66020202636719
2014-12-24,80.4841537475586,96.54630279541016,67.76399230957031,,89.14281463623047
2014-12-26,80.5911865234375,96.55428314208984,67.73992156982422,,89.47364044189453
2014-12-29,80.866455078125,96.74454498291016,67.80412292480469,,90.1424331665039
2014-12-30,80.95822143554688,96.87934875488281,67.82820129394531,,90.386962890625
2014-12-31,81.0500259399414,96.99040985107422,67.80412292480469,,90.5595703125
2015-01-02,81.46295928955078,97.20451354980469,67.8764419555664,,91.56646728515625
2015-01-05,81.95999908447266,97.426513671875,67.8764419555664,,93.00480651855469
2015-01-06,82.51058197021484,97.72786712646484,67.90850830078125,,94.68052673339844
2015-01-07,82.49530029296875,97.81513977050781,67.940673828125,,94.49356079101562
2015-01-08,82.15880584716797,97.69615936279297,67.93260192871094,,93.24217987060547
2015-01-09,82.56409454345703,97.98162078857422,67.98880767822266,,94.26341247558594
2015-01-12,82.85467529296875,98.19574737548828,68.02896881103516,,94.80281066894531
2015-01-13,82.93111419677734,98.2908706665039,68.06912231445312,,94.80281066894531
2015-01-14,83.31344604492188,98.5526123046875,68.1092529296875,,95.52193450927734
2015-01-15,84.024658203125,99.09979248046875,68.21363067626953,,97.02506256103516
2015-01-16,83.40526580810547,98.65565490722656,68.1493911743164,,95.78804779052734
2015-01-20,83.59644317626953,98.67943572998047,68.1173324584961,,97.06107330322266
2015-01-21,83.19879913330078,98.45745086669922,68.1173324584961,,95.9390869140625
2015-01-22,82.99230194091797,98.31465911865234,68.09318542480469,,95.59388732910156
2015-01-23,83.53527069091797,98.60810089111328,68.12532043457031,,96.92438507080078
2015-01-26,83.34412384033203,98.45745086669922,68.08517456054688,,96.6295166015625
2015-01-27,83.45881652832031,98.5526123046875,68.12532043457031,,96.78054809570312
2015-01-28,84.10114288330078,98.90940856933594,68.17354583740234,,98.36273956298828
2015-01-29,83.80290222167969,98.76669311523438,68.1493911743164,,97.7154541015625
2015-01-30,84.53703308105469,99.23458099365234,68.22967529296875,,99.4487075805664
2015-02-02,84.43135833740234,99.1805648803711,68.20799255371094,,99.07325744628906
2015-02-03,83.71900939941406,98.77568817138672,68.15178680419922,,96.9761962890625
2015-02-04,83.85686492919922,98.83126831054688,68.15979766845703,,97.14198303222656
2015-02-05,83.55044555664062,98.69633483886719,68.13572692871094,,96.07535552978516
2015-02-06,82.61600494384766,97.91826629638672,67.97503662109375,,94.37471771240234
2015-02-09,82.57769775390625,97.87063598632812,67.9670639038086,,94.2233657836914
2015-02-10,82.37093353271484,97.74364471435547,67.95097351074219,,93.4738998413086
2015-02-11,82.34024810791016,97.71981048583984,67.95901489257812,,93.64683532714844
2015-02-12,82.37093353271484,97.83096313476562,67.98316192626953,,93.33697509765625
2015-02-13,82.09513092041016,97.71981048583984,67.98316192626953,,92.3785171508789
2015-02-17,81.51302337646484,97.36258697509766,67.95097351074219,,90.98770141601562
2015-02-18,81.90369415283203,97.71189880371094,68.0312728881836,,91.5281753540039
2015-02-19,81.69685363769531,97.53717803955078,67.99110412597656,,90.92281341552734
2015-02-20,81.65088653564453,97.46580505371094,67.98316192626953,,91.18944549560547
2015-02-23,82.02619934082031,97.69596099853516,68.01522827148438,,92.23445129394531
2015-02-24,82.57003784179688,98.0770263671875,68.0714340209961,,93.44510650634766
2015-02-25,82.64665222167969,98.11676025390625,68.0714340209961,,93.84859466552734
2015-02-26,82.15645599365234,97.73566436767578,68.00714874267578,,92.56587219238281
2015-02-27,82.44747161865234,97.91034698486328,68.0312728881836,,93.34420013427734
2015-03-02,81.83372497558594,97.58373260498047,67.97583770751953,,91.60551452636719
2015-03-03,81.65727996826172,97.46451568603516,67.95980072021484,,91.27338409423828
2015-03-04,81.71863555908203,97.55989837646484,67.97583770751953,,91.3022232055664
2015-03-05,81.76469421386719,97.63932800292969,67.99994659423828,,91.18670654296875
2015-03-06,80.9284439086914,97.09099578857422,67.92761993408203,,89.1722412109375
2015-03-09,81.30439758300781,97.32942199707031,67.95980072021484,,89.99531555175781
2015-03-10,81.64970397949219,97.51216888427734,67.97583770751953,,91.17953491210938
2015-03-11,81.79537963867188,97.5678482055664,67.97583770751953,,91.84378051757812
2015-03-12,81.8721694946289,97.64728546142578,67.99192810058594,,91.77881622314453
2015-03-13,81.7493667602539,97.62342834472656,67.99994659423828,,91.49717712402344
2015-03-16,82.03321838378906,97.75064849853516,68.00802612304688,,92.37810516357422
2015-03-17,82.20196533203125,97.82217407226562,67.99192810058594,,93.14344024658203
2015-03-18,83.14561462402344,98.52147674560547,68.15259552001953,,94.94132995605469
2015-03-19,82.75434875488281,98.16388702392578,68.0642318725586,,94.45755767822266
2015-03-20,83.09188842773438,98.47379302978516,68.11244201660156,,94.95577239990234
2015-03-23,83.19929504394531,98.54536437988281,68.13652801513672,,94.84025573730469
2015-03-24,83.45246887207031,98.70428466796875,68.1606674194336,,95.75723266601562
2015-03-25,83.09188842773438,98.49764251708984,68.14457702636719,,94.94852447509766
2015-03-26,82.62394714355469,98.2672348022461,68.11244201660156,,93.4683609008789
2015-03-27,82.94613647460938,98.43403625488281,68.15259552001953,,94.63085174560547
2015-03-30,82.93843078613281,98.49764251708984,68.14457702636719,,94.16149139404297
2015-03-31,83.15328216552734,98.6804428100586,68.20084381103516,,94.36371612548828
2015-04-01,83.54899597167969,98.88886260986328,68.23056030273438,,95.60311126708984
2015-04-02,83.31079864501953,98.81727600097656,68.22251892089844,,94.59015655517578
2015-04-06,83.41840362548828,99.01615905761719,68.27879333496094,,94.06195831298828
2015-04-07,83.48754119873047,98.92068481445312,68.23056030273438,,94.85064697265625
2015-04-08,83.41072082519531,98.88886260986328,68.23056030273438,,94.87959289550781
2015-04-09,83.0726089477539,98.67407989501953,68.20645904541016,,93.64956665039062
2015-04-10,83.04953002929688,98.64222717285156,68.19038391113281,,93.78697204589844
2015-04-13,83.21857452392578,98.77751922607422,68.23056030273438,,93.91728973388672
2015-04-14,83.46446228027344,98.92068481445312,68.2627182006836,,94.58291625976562
2015-04-15,83.51055908203125,98.96841430664062,68.2627182006836,,94.50335693359375
2015-04-16,83.57203674316406,99.10370635986328,68.29489135742188,,94.03302764892578
2015-04-17,83.74114227294922,99.0718765258789,68.2627182006836,,95.11112213134766
2015-04-20,83.58747100830078,99.04005432128906,68.25469207763672,,94.2718276977539
2015-04-21,83.41072082519531,98.96841430664062,68.2627182006836,,93.84490203857422
2015-04-22,82.92659759521484,98.67407989501953,68.20645904541016,,92.41231536865234
2015-04-23,83.18021392822266,98.81727600097656,68.23863220214844,,92.81024932861328
2015-04-24,83.47218322753906,99.04798889160156,68.2627182006836,,93.38907623291016
2015-04-27,83.341552734375,98.93666076660156,68.25469207763672,,93.38907623291016
2015-04-28,82.95732116699219,98.69792938232422,68.22251892089844,,92.10116577148438
2015-04-29,82.64997863769531,98.60249328613281,68.23056030273438,,90.97241973876953
2015-04-30,82.62692260742188,98.57855987548828,68.22251892089844,,91.13163757324219
2015-05-01,82.17522430419922,98.2647476196289,68.19437408447266,,89.90479278564453
2015-05-04,82.00584411621094,98.24089813232422,68.19437408447266,,89.05653381347656
2015-05-05,81.86734008789062,98.15321350097656,68.1783218383789,,88.93328094482422
2015-05-06,81.46717834472656,97.95417785644531,68.15419006347656,,87.41069030761719
2015-05-07,81.8134765625,98.06562805175781,68.13008117675781,,88.58524322509766
2015-05-08,82.12901306152344,98.39218139648438,68.22657012939453,,88.8245620727539
2015-05-11,81.32093811035156,97.95417785644531,68.16219329833984,,86.66390228271484
2015-05-12,81.38249206542969,97.99398040771484,68.17024993896484,,86.88864135742188
2015-05-13,81.2748031616211,98.00189971923828,68.20246887207031,,86.19265747070312
2015-05-14,81.55184173583984,98.24884033203125,68.26677703857422,,86.42462158203125
2015-05-15,82.13674926757812,98.49577331542969,68.26677703857422,,88.157470703125
2015-05-18,81.58260345458984,98.2249755859375,68.22657012939453,,86.67841339111328
2015-05-19,81.2209243774414,97.89839935302734,68.18639373779297,,85.90984344482422
2015-05-20,81.39793395996094,98.0736312866211,68.2104721069336,,86.05487060546875
2015-05-21,81.88272094726562,98.32853698730469,68.234619140625,,87.25839233398438
2015-05-22,81.69805908203125,98.2010726928711,68.18639373779297,,87.29466247558594
2015-05-26,82.20600891113281,98.35234832763672,68.19437408447266,,88.78829193115234
2015-05-27,82.15980529785156,98.3364486694336,68.20246887207031,,88.99126434326172
2015-05-28,82.23673248291016,98.44793701171875,68.234619140625,,88.77375793457031
2015-05-29,82.28289794921875,98.5117416381836,68.25070190429688,,88.96949768066406
2015-06-01,81.9198989868164,98.28680419921875,68.20803833007812,,88.0133285522461
2015-06-02,81.3494873046875,98.02364349365234,68.20002746582031,,86.78536224365234
2015-06-03,80.65576171875,97.65679931640625,68.17584228515625,,85.3902816772461
2015-06-04,81.04889678955078,97.84026336669922,68.1839370727539,,86.50199890136719
2015-06-05,80.46308898925781,97.44149017333984,68.11954498291016,,85.4484634399414
2015-06-08,80.57868194580078,97.60098266601562,68.1597900390625,,85.3539810180664
2015-06-09,80.3166275024414,97.40957641601562,68.12761688232422,,84.67819213867188
2015-06-10,80.00837707519531,97.22618865966797,68.11151885986328,,83.93709564208984
2015-06-11,80.64037322998047,97.5531005859375,68.12761688232422,,85.70272064208984
2015-06-12,80.59415435791016,97.5132827758789,68.11151885986328,,85.70272064208984
2015-06-15,80.78681182861328,97.6806640625,68.14366149902344,,85.84077453613281
2015-06-16,81.09512329101562,97.83226776123047,68.1678237915039,,86.51653289794922
2015-06-17,81.14142608642578,98.00767517089844,68.21610260009766,,85.84803771972656
2015-06-18,81.0797348022461,97.99171447753906,68.23220825195312,,85.42658233642578
2015-06-19,81.51133728027344,98.2389907836914,68.24827575683594,,86.52379608154297
2015-06-22,80.82533264160156,97.85616302490234,68.20002746582031,,84.75816345214844
2015-06-23,80.57868194580078,97.73655700683594,68.1839370727539,,84.24948120117188
2015-06-24,80.81771087646484,97.88009643554688,68.21610260009766,,84.97611999511719
2015-06-25,80.61723327636719,97.71260833740234,68.20002746582031,,84.67819213867188
2015-06-26,80.2318115234375,97.5531005859375,68.1597900390625,,83.72635650634766
2015-06-29,81.16448974609375,98.1193618774414,68.27240753173828,,85.94255065917969
2015-06-30,80.94094848632812,98.05555725097656,68.27240753173828,,85.3467025756836
2015-07-01,80.51792907714844,97.78807067871094,68.21446228027344,,84.1946792602539
2015-07-02,80.80353546142578,98.07550048828125,68.31906127929688,,84.47138977050781
2015-07-06,81.37481689453125,98.41078186035156,68.33517456054688,,86.03701782226562
2015-07-07,81.59097290039062,98.52259063720703,68.3271713256836,,86.84529113769531
2015-07-08,81.91517639160156,98.69024658203125,68.39959716796875,,87.59537506103516
2015-07-09,81.34392547607422,98.36287689208984,68.35130310058594,,85.86951446533203
2015-07-10,80.78036499023438,98.02759552001953,68.28691101074219,,84.5077896118164
2015-07-13,80.56425476074219,97.84396362304688,68.25471496582031,,84.24566650390625
2015-07-14,80.8189926147461,98.02759552001953,68.28691101074219,,84.52234649658203
2015-07-15,81.12773895263672,98.21923065185547,68.31100463867188,,85.4180679321289
2015-07-16,81.0969009399414,98.13139343261719,68.27885437011719,,86.00787353515625
2015-07-17,81.10460662841797,98.06755065917969,68.26275634765625,,86.45207214355469
2015-07-20,80.94254302978516,97.91582489013672,68.22248077392578,,86.08800506591797
2015-07-21,81.16637420654297,98.05955505371094,68.2305908203125,,86.55408477783203
2015-07-22,81.26678466796875,98.0515365600586,68.22248077392578,,87.09288024902344
2015-07-23,81.59870910644531,98.2431411743164,68.2305908203125,,88.17794799804688
2015-07-24,81.67587280273438,98.29904174804688,68.24665832519531,,88.3963623046875
2015-07-27,81.94607543945312,98.53850555419922,68.2949447631836,,88.86973571777344
2015-07-28,81.7145004272461,98.45071411132812,68.27885437011719,,88.22164154052734
2015-07-29,81.59870910644531,98.33898162841797,68.26275634765625,,87.8939208984375
2015-07-30,81.69137573242188,98.33898162841797,68.2305908203125,,88.57109832763672
2015-07-31,82.16999053955078,98.71417236328125,68.30297088623047,,89.22653198242188
2015-08-03,82.42054748535156,98.79010772705078,68.32555389404297,,90.16580200195312
2015-08-04,81.99524688720703,98.42243194580078,68.22087860107422,,89.45062255859375
2015-08-05,81.67823791503906,98.23859405517578,68.22889709472656,,88.7791519165039
2015-08-06,81.96434020996094,98.38253021240234,68.24496459960938,,89.56732940673828
2015-08-07,82.2890853881836,98.55030822753906,68.21282196044922,,90.7423324584961
2015-08-10,81.94883728027344,98.41445922851562,68.21282196044922,,89.61846160888672
2015-08-11,82.49009704589844,98.77412414550781,68.30137634277344,,91.04150390625
2015-08-12,82.45912170410156,98.82206726074219,68.30137634277344,,90.54528045654297
2015-08-13,82.2426528930664,98.5822982788086,68.24496459960938,,90.25336456298828
2015-08-14,82.1576156616211,98.49440002441406,68.21282196044922,,90.4649887084961
2015-08-17,82.30448150634766,98.646240234375,68.25304412841797,,90.87371063232422
2015-08-18,82.17305755615234,98.5822982788086,68.24496459960938,,90.15850067138672
2015-08-19,82.67562103271484,98.94192504882812,68.30941009521484,,91.04884338378906
2015-08-20,82.89984893798828,98.99791717529297,68.28528594970703,,91.96836853027344
2015-08-21,83.23228454589844,99.22970581054688,68.35774230957031,,92.24566650390625
2015-08-24,83.37144470214844,99.46949005126953,68.38994598388672,,92.21649169921875
2015-08-25,82.91531372070312,99.17378997802734,68.35774230957031,,90.73502349853516
2015-08-26,82.40501403808594,98.9179916381836,68.31751251220703,,88.9835205078125
2015-08-27,82.35863494873047,98.8940200805664,68.32555389404297,,89.0345687866211
2015-08-28,82.37410736083984,98.830078125,68.29332733154297,,89.29736328125
2015-08-31,82.23494720458984,98.67021179199219,68.2691879272461,,88.611328125
2015-09-01,82.60429382324219,98.89825439453125,68.29329681396484,,89.24982452392578
2015-09-02,82.37965393066406,98.85022735595703,68.3094711303711,,88.48187255859375
2015-09-03,82.58108520507812,98.98626708984375,68.3094711303711,,88.91337585449219
2015-09-04,82.83659362792969,99.0663070678711,68.3175277709961,,89.72523498535156
2015-09-08,82.47265625,98.84221649169922,68.29329681396484,,88.40142059326172
2015-09-09,82.50363159179688,98.89031219482422,68.27723693847656,,88.82559204101562
2015-09-10,82.31778717041016,98.82628631591797,68.30142974853516,,88.2258529663086
2015-09-11,82.53459930419922,98.97830200195312,68.32559204101562,,88.78172302246094
2015-09-14,82.61209869384766,99.03431701660156,68.3094711303711,,88.92069244384766
2015-09-15,81.96150970458984,98.60218811035156,68.2127914428711,,87.21659088134766
2015-09-16,81.93830871582031,98.58617401123047,68.20475769042969,,86.887451171875
2015-09-17,82.61980438232422,99.13835906982422,68.35780334472656,,87.947998046875
2015-09-18,83.00696563720703,99.34639739990234,68.39000701904297,,89.3010025024414
2015-09-21,82.53459930419922,99.09032440185547,68.34976196289062,,87.8456039428711
2015-09-22,82.94506072998047,99.34639739990234,68.39000701904297,,89.0669937133789
2015-09-23,82.85210418701172,99.27433776855469,68.36582946777344,,89.05968475341797
2015-09-24,82.97598266601562,99.3703842163086,68.40618896484375,,89.66673278808594
2015-09-25,82.75920104980469,99.25834655761719,68.37387084960938,,88.89144897460938
2015-09-28,83.2315444946289,99.50638580322266,68.42224884033203,,90.41272735595703
2015-09-29,83.51809692382812,99.67446899414062,68.4544906616211,,90.66869354248047
2015-09-30,83.53362274169922,99.74647521972656,68.47058868408203,,90.35418701171875
2015-10-01,83.59871673583984,99.7649154663086,68.4705810546875,,90.73969268798828
2015-10-02,84.00204467773438,100.117431640625,68.56729888916016,,91.28938293457031
2015-10-05,83.53667449951172,99.86912536621094,68.51891326904297,,90.05078125
2015-10-06,83.70730590820312,99.94916534423828,68.51089477539062,,90.43917846679688
2015-10-07,83.49788665771484,99.78087615966797,68.49471282958984,,90.13874053955078
2015-10-08,83.28072357177734,99.64473724365234,68.47866821289062,,89.38384246826172
2015-10-09,83.32727813720703,99.60470581054688,68.47866821289062,,89.61840057373047
2015-10-12,83.60649108886719,99.79695129394531,68.4625473022461,,90.29998779296875
2015-10-13,83.68404388427734,99.86103057861328,68.4867172241211,,90.45389556884766
2015-10-14,84.14161682128906,100.23764038085938,68.58344268798828,,91.24539947509766
2015-10-15,83.85467529296875,99.99726104736328,68.5430908203125,,90.79833221435547
2015-10-16,83.78488159179688,99.93315124511719,68.51089477539062,,90.82763671875
2015-10-19,83.74604797363281,99.941162109375,68.5350341796875,,90.57845306396484
2015-10-20,83.4591293334961,99.7488784790039,68.49471282958984,,90.02143859863281
2015-10-21,83.74604797363281,99.83705139160156,68.51891326904297,,90.91563415527344
2015-10-22,83.83140563964844,99.95720672607422,68.5430908203125,,91.06948852539062
2015-10-23,83.3582534790039,99.63677215576172,68.4867172241211,,90.29264068603516
2015-10-26,83.57546997070312,99.74085998535156,68.4867172241211,,90.89360809326172
2015-10-27,83.78488159179688,99.87704467773438,68.51089477539062,,91.12081146240234
2015-10-28,83.35052490234375,99.4845199584961,68.42223358154297,,90.75439453125
2015-10-29,82.83871459960938,99.22015380859375,68.37383270263672,,89.31055450439453
2015-10-30,83.00154113769531,99.26824951171875,68.37383270263672,,89.98485565185547
2015-11-02,82.76307678222656,99.06527709960938,68.33434295654297,,89.5713119506836
2015-11-03,82.54556274414062,98.96903228759766,68.3263168334961,,88.83677673339844
2015-11-04,82.46009063720703,98.7765121459961,68.25373077392578,,88.93962860107422
2015-11-05,82.40576934814453,98.7364273071289,68.25373077392578,,88.70459747314453
2015-11-06,81.84648895263672,98.3594741821289,68.189208984375,,87.404541015625
2015-11-09,81.7066879272461,98.27127075195312,68.17306518554688,,86.91243743896484
2015-11-10,81.86200714111328,98.4556884765625,68.20531463623047,,87.16950225830078
2015-11-11,81.82318115234375,98.4316177368164,68.189208984375,,86.98590087890625
2015-11-12,81.86982727050781,98.4637222290039,68.21337890625,,87.404541015625
2015-11-13,82.1805191040039,98.704345703125,68.26983642578125,,87.90396881103516
2015-11-16,82.2892837524414,98.76853942871094,68.26983642578125,,87.82319641113281
2015-11-17,82.26595306396484,98.72843170166016,68.24564361572266,,87.97010040283203
2015-11-18,82.22708892822266,98.63218688964844,68.22150421142578,,88.15374755859375
2015-11-19,82.40576934814453,98.7203598022461,68.20531463623047,,88.7413330078125
2015-11-20,82.29701232910156,98.66426086425781,68.20531463623047,,88.46954345703125
2015-11-23,82.40576934814453,98.7203598022461,68.19722747802734,,88.7413330078125
2015-11-24,82.48344421386719,98.78457641601562,68.19722747802734,,88.73397827148438
2015-11-25,82.53002166748047,98.7765121459961,68.20531463623047,,88.93962860107422
2015-11-27,82.6154556274414,98.85676574707031,68.22150421142578,,88.85148620605469
2015-11-30,82.64656066894531,98.85676574707031,68.19722747802734,,89.20402526855469
2015-12-01,83.08609771728516,99.11769104003906,68.23838806152344,,90.40895080566406
2015-12-02,82.85271453857422,98.92504119873047,68.18193817138672,,90.43842315673828
2015-12-03,81.98137664794922,98.48334503173828,68.18193817138672,,87.98001098632812
2015-12-04,82.2847900390625,98.61988830566406,68.19802856445312,,88.7529067993164
2015-12-07,82.5492935180664,98.75634765625,68.19001007080078,,89.61405944824219
2015-12-08,82.59597778320312,98.82061004638672,68.18193817138672,,89.65821075439453
2015-12-09,82.72039794921875,98.9491195678711,68.20612335205078,,89.5625228881836
2015-12-10,82.54151916503906,98.80453491210938,68.1657943725586,,89.68025970458984
2015-12-11,83.20278930664062,99.24620056152344,68.24646759033203,,91.09346771240234
2015-12-14,82.58821105957031,98.86883544921875,68.1657943725586,,89.91584014892578
2015-12-15,82.37816619873047,98.6921615600586,68.15770721435547,,89.38587188720703
2015-12-16,82.16029357910156,98.52349090576172,68.10120391845703,,89.19449615478516
2015-12-17,82.5026626586914,98.65999603271484,68.10120391845703,,90.20289611816406
2015-12-18,82.79821014404297,98.87684631347656,68.19001007080078,,90.70337677001953
2015-12-21,82.83710479736328,98.90895080566406,68.18193817138672,,90.68128967285156
2015-12-22,82.60379028320312,98.74032592773438,68.1657943725586,,90.02625274658203
2015-12-23,82.41706085205078,98.61988830566406,68.14154815673828,,89.34906768798828
2015-12-24,82.56819915771484,98.674560546875,68.16822814941406,,89.86099243164062
2015-12-28,82.58378601074219,98.71472930908203,68.12788391113281,,90.12646484375
2015-12-29,82.14742279052734,98.44938659667969,68.11170959472656,,88.62916564941406
2015-12-30,82.1785888671875,98.47352600097656,68.12788391113281,,88.54068756103516
2015-12-31,82.27213287353516,98.57804870605469,68.09562683105469,,88.93898010253906
2016-01-04,82.62279510498047,98.77904510498047,68.18437194824219,,89.58061981201172
2016-01-05,82.59940338134766,98.8192367553711,68.14398193359375,,89.21926879882812
2016-01-06,83.09801483154297,99.10869598388672,68.18437194824219,,90.42149353027344
2016-01-07,83.2772445678711,99.33380126953125,68.20856475830078,,90.5837631225586
2016-01-08,83.48761749267578,99.53482818603516,68.25702667236328,,90.98947143554688
2016-01-11,83.22271728515625,99.41425323486328,68.28129577636719,,89.99371337890625
2016-01-12,83.5967025756836,99.59910583496094,68.2893295288086,,91.2918701171875
2016-01-13,83.92396545410156,99.80011749267578,68.32964324951172,,92.19172668457031
2016-01-14,83.75252532958984,99.77599334716797,68.34583282470703,,91.32872772216797
2016-01-15,84.14215087890625,100.04934692382812,68.40229797363281,,92.75231170654297
2016-01-19,84.03305053710938,99.9528579711914,68.39424133300781,,92.46464538574219
2016-01-20,84.44599151611328,100.21818542480469,68.44265747070312,,93.4382553100586
2016-01-21,84.23561096191406,100.12177276611328,68.43460845947266,,92.803955078125
2016-01-22,84.04863739013672,99.97696685791016,68.41036987304688,,92.4498519897461
2016-01-25,84.32913208007812,100.08149719238281,68.41036987304688,,92.95146942138672
2016-01-26,84.39144897460938,100.16996002197266,68.44265747070312,,92.9957504272461
2016-01-27,84.45378875732422,100.23423767089844,68.45883178710938,,92.9736099243164
2016-01-28,84.56285858154297,100.3548812866211,68.45883178710938,,93.10637664794922
2016-01-29,85.01477813720703,100.69257354736328,68.5395278930664,,93.89559173583984
2016-02-01,84.81893157958984,100.5138931274414,68.50321197509766,,93.60810852050781
2016-02-02,85.41976165771484,100.92438507080078,68.5920639038086,,95.3447494506836
2016-02-03,85.326171875,100.94854736328125,68.60820007324219,,94.55403900146484
2016-02-04,85.52897644042969,101.04512023925781,68.62434387207031,,95.01223754882812
2016-02-05,85.63823699951172,101.0531997680664,68.60820007324219,,95.12306213378906
2016-02-08,86.27809143066406,101.44762420654297,68.68895721435547,,97.17012023925781
2016-02-09,86.29371643066406,101.41541290283203,68.66473388671875,,97.27350616455078
2016-02-10,86.55121612548828,101.53614044189453,68.66473388671875,,98.13077545166016
2016-02-11,86.94916534423828,101.69712829589844,68.72933197021484,,98.81800079345703
2016-02-12,86.2859115600586,101.34294891357422,68.6485366821289,,97.17745971679688
2016-02-16,86.02838134765625,101.21415710449219,68.60820007324219,,96.15025329589844
2016-02-17,85.81771850585938,101.06925201416016,68.62434387207031,,95.55904388427734
2016-02-18,86.21565246582031,101.30272674560547,68.6808853149414,,96.73408508300781
2016-02-19,86.21565246582031,101.21415710449219,68.61626434326172,,96.8153305053711
2016-02-22,86.12982177734375,101.18998718261719,68.62434387207031,,96.76361846923828
2016-02-23,86.30150604248047,101.27054595947266,68.6324462890625,,97.15522003173828
2016-02-24,86.30150604248047,101.30272674560547,68.6485366821289,,96.96317291259766
2016-02-25,86.55899810791016,101.47977447509766,68.66473388671875,,97.31047058105469
2016-02-26,86.13765716552734,101.20612335205078,68.57588958740234,,96.37188720703125
2016-02-29,86.27809143066406,101.24638366699219,68.61626434326172,,96.79314422607422
2016-03-01,85.6037368774414,100.78136444091797,68.52499389648438,,95.08879852294922
2016-03-02,85.45528411865234,100.69281005859375,68.51685333251953,,95.48123168945312
2016-03-03,85.55680084228516,100.70082092285156,68.5411376953125,,95.8292236328125
2016-03-04,85.26775360107422,100.55580139160156,68.49262237548828,,95.21461486816406
2016-03-07,85.0958480834961,100.40267181396484,68.44415283203125,,95.18498992919922
2016-03-08,85.5881118774414,100.72502136230469,68.49262237548828,,96.23638153076172
2016-03-09,85.25210571289062,100.5477523803711,68.46837615966797,,95.65145874023438
2016-03-10,84.94738006591797,100.28185272216797,68.4603042602539,,95.25907897949219
2016-03-11,84.70512390136719,100.14482116699219,68.39567565917969,,94.29656982421875
2016-03-14,84.76763153076172,100.12872314453125,68.39567565917969,,94.59272766113281
2016-03-15,84.75203704833984,100.13673400878906,68.41989135742188,,94.6815414428711
2016-03-16,85.19744110107422,100.55580139160156,68.55725860595703,,94.96288299560547
2016-03-17,85.29120635986328,100.62828063964844,68.54923248291016,,95.3553466796875
2016-03-18,85.43968200683594,100.83782196044922,68.56533813476562,,95.5551986694336
2016-03-21,85.19744110107422,100.6202621459961,68.55725860595703,,94.82223510742188
2016-03-22,85.01770782470703,100.50752258300781,68.51685333251953,,94.80003356933594
2016-03-23,85.40841674804688,100.74919128417969,68.55725860595703,,95.87361145019531
2016-03-24,85.32244110107422,100.69281005859375,68.52499389648438,,95.91060638427734
2016-03-28,85.4474868774414,100.74112701416016,68.5411376953125,,96.0364990234375
2016-03-29,86.02568817138672,101.1762466430664,68.67037963867188,,97.04341888427734
2016-03-30,85.90852355957031,101.26490020751953,68.67852020263672,,96.02169036865234
2016-03-31,86.22106170654297,101.49048614501953,68.7108154296875,,96.70287322998047
2016-04-01,86.19601440429688,101.41392517089844,68.67118072509766,,96.95507049560547
2016-04-04,86.29769897460938,101.49453735351562,68.71973419189453,,97.01445007324219
2016-04-05,86.64210510253906,101.70426177978516,68.74397277832031,,98.07540893554688
2016-04-06,86.4542465209961,101.61555480957031,68.71973419189453,,97.36317443847656
2016-04-07,86.90034484863281,101.87372589111328,68.76016998291016,,98.56505584716797
2016-04-08,86.76729583740234,101.80111694335938,68.76016998291016,,97.94185638427734
2016-04-11,86.75167846679688,101.80111694335938,68.75202178955078,,97.81574249267578
2016-04-12,86.40733337402344,101.58329010009766,68.73589324951172,,97.14057159423828
2016-04-13,86.46991729736328,101.53488159179688,68.70358276367188,,97.48191833496094
2016-04-14,86.26642608642578,101.41392517089844,68.70358276367188,,97.01445007324219
2016-04-15,86.52473449707031,101.58329010009766,68.75202178955078,,97.84542083740234
2016-04-18,86.43863677978516,101.53488159179688,68.74397277832031,,97.42250061035156
2016-04-19,86.29769897460938,101.41392517089844,68.71973419189453,,97.11831665039062
2016-04-20,85.85952758789062,101.18800354003906,68.67118072509766,,96.04991912841797
2016-04-21,85.71863555908203,101.04278564453125,68.65503692626953,,95.47865295410156
2016-04-22,85.62472534179688,101.0185546875,68.65503692626953,,95.23383331298828
2016-04-25,85.5308609008789,100.9217758178711,68.63880157470703,,94.84059143066406
2016-04-26,85.35076904296875,100.83303833007812,68.6226806640625,,94.41023254394531
2016-04-27,85.82039642333984,101.13961029052734,68.67118072509766,,95.35249328613281
2016-04-28,86.11773681640625,101.33321380615234,68.71162414550781,,95.74577331542969
2016-04-29,86.0864486694336,101.34934997558594,68.73589324951172,,95.99060821533203
2016-05-02,85.83642578125,101.21041107177734,68.7107925415039,,95.0241470336914
2016-05-03,86.34587860107422,101.5334701538086,68.78363037109375,,96.2210464477539
2016-05-04,86.50263977050781,101.64652252197266,68.77555084228516,,96.74888610839844
2016-05-05,86.7377700805664,101.78386688232422,68.79979705810547,,97.39567565917969
2016-05-06,86.53398132324219,101.66267395019531,68.78363037109375,,96.97933959960938
2016-05-09,86.69860076904297,101.832275390625,68.81594848632812,,97.28414154052734
2016-05-10,86.68289184570312,101.81612396240234,68.83218383789062,,97.2915267944336
2016-05-11,86.81615447998047,101.80802154541016,68.80787658691406,,97.84171295166016
2016-05-12,86.58096313476562,101.68693542480469,68.7674331665039,,97.39567565917969
2016-05-13,86.91016387939453,101.80003356933594,68.77555084228516,,98.33978271484375
2016-05-16,86.59664916992188,101.59811401367188,68.74320983886719,,97.49227905273438
2016-05-17,86.4791030883789,101.47698211669922,68.71885681152344,,97.65583038330078
2016-05-18,85.78157806396484,101.01660919189453,68.59750366210938,,96.26564025878906
2016-05-19,85.86782836914062,101.0650634765625,68.61371612548828,,96.68199920654297
2016-05-20,85.92263793945312,101.15390014648438,68.63796997070312,,96.75629425048828
2016-05-23,85.97748565673828,101.14585876464844,68.62989807128906,,96.97185516357422
2016-05-24,85.83642578125,101.00851440429688,68.58134460449219,,96.54072570800781
2016-05-25,85.79722595214844,100.97624969482422,68.62181091308594,,96.17647552490234
2016-05-26,86.06370544433594,101.24271392822266,68.66224670410156,,96.67448425292969
2016-05-27,85.89912414550781,101.03276062011719,68.62181091308594,,96.53327941894531
2016-05-31,86.00102233886719,101.12967681884766,68.6541519165039,,96.76376342773438
2016-06-01,85.97196197509766,101.07305145263672,68.60640716552734,,97.15635681152344
2016-06-02,86.23883819580078,101.22667694091797,68.66304779052734,,97.85660552978516
2016-06-03,87.03945922851562,101.82498931884766,68.77643585205078,,99.24964904785156
2016-06-06,86.81184387207031,101.7037124633789,68.76020050048828,,98.5121841430664
2016-06-07,86.93745422363281,101.80879974365234,68.77643585205078,,98.75052642822266
2016-06-08,87.03945922851562,101.82498931884766,68.7925796508789,,99.27938842773438
2016-06-09,87.17289733886719,101.89775848388672,68.80880737304688,,99.92008972167969
2016-06-10,87.47898864746094,102.09992980957031,68.84925079345703,,100.4043197631836
2016-06-13,87.65170288085938,102.28583526611328,68.86543273925781,,100.85131072998047
2016-06-14,87.62814331054688,102.26970672607422,68.87355041503906,,100.77678680419922
2016-06-15,87.8950424194336,102.54460144042969,68.9544677734375,,101.16410827636719
2016-06-16,87.98919677734375,102.51224517822266,68.91400909423828,,101.65580749511719
2016-06-17,87.69098663330078,102.41522979736328,68.92210388183594,,101.02259826660156
2016-06-20,87.3141860961914,102.13221740722656,68.88164520263672,,99.94242858886719
2016-06-21,87.11796569824219,102.0190658569336,68.8330307006836,,99.48057556152344
2016-06-22,87.29058837890625,102.14032745361328,68.85735321044922,,99.64447021484375
2016-06-23,86.8746337890625,101.84929656982422,68.8330307006836,,98.50468444824219
2016-06-24,88.07555389404297,102.61732482910156,68.9949951171875,,101.14929962158203
2016-06-27,88.83692932128906,103.037841796875,69.03546142578125,,103.67463684082031
2016-06-28,88.82124328613281,103.0458755493164,69.05977630615234,,103.89068603515625
2016-06-29,88.460205078125,102.85181427001953,69.03546142578125,,103.09355926513672
2016-06-30,88.65640258789062,102.96500396728516,69.06780242919922,,103.47354888916016
2016-07-01,88.89061737060547,103.12202453613281,69.09208679199219,,104.91015625
2016-07-05,89.37796020507812,103.33242797851562,69.12446594238281,,106.22373962402344
2016-07-06,89.3936996459961,103.29198455810547,69.09208679199219,,106.39534759521484
2016-07-07,89.27576446533203,103.2677001953125,69.05977630615234,,106.38785552978516
2016-07-08,89.44866943359375,103.29198455810547,69.05977630615234,,107.1715087890625
2016-07-11,88.97710418701172,102.93588256835938,68.98685455322266,,106.23114776611328
2016-07-12,88.45044708251953,102.66881561279297,68.96253967285156,,104.4847412109375
2016-07-13,88.67842102050781,102.76588439941406,68.97872161865234,,105.7162094116211
2016-07-14,88.30899810791016,102.59593200683594,68.938232421875,,104.17879486083984
2016-07-15,87.97096252441406,102.40165710449219,68.90579986572266,,103.28318786621094
2016-07-18,87.9473648071289,102.42597198486328,68.94629669189453,,103.18622589111328
2016-07-19,88.1832275390625,102.5716323852539,68.95439910888672,,103.76830291748047
2016-07-20,88.00242614746094,102.45024108886719,68.9220199584961,,103.2010726928711
2016-07-21,88.19892883300781,102.62830352783203,68.97064208984375,,103.41006469726562
2016-07-22,88.12820434570312,102.53119659423828,68.94629669189453,,103.58917999267578
2016-07-25,88.05745697021484,102.42597198486328,68.89775085449219,,103.5145492553711
2016-07-26,88.11248779296875,102.45024108886719,68.90579986572266,,103.67877197265625
2016-07-27,88.48978424072266,102.70115661621094,68.95439910888672,,104.96981048583984
2016-07-28,88.53691101074219,102.76588439941406,68.94629669189453,,104.77584075927734
2016-07-29,88.87489318847656,103.02490234375,69.03543853759766,,105.64898681640625
2016-08-01,88.56632995605469,102.86693572998047,69.01191711425781,,104.50357055664062
2016-08-02,88.35384368896484,102.76156616210938,68.9875717163086,,103.42689514160156
2016-08-03,88.40105438232422,102.85073852539062,68.99567413330078,,103.48672485351562
2016-08-04,88.61355590820312,102.99654388427734,69.04434204101562,,104.26432800292969
2016-08-05,88.0626220703125,102.5265884399414,68.94707489013672,,103.18018341064453
2016-08-08,88.0154037475586,102.47796630859375,68.92279052734375,,103.37458801269531
2016-08-09,88.3302001953125,102.6967544555664,68.96327209472656,,104.39138793945312
2016-08-10,88.56632995605469,102.84263610839844,68.99567413330078,,104.79519653320312
2016-08-11,88.14131927490234,102.5103759765625,68.93087005615234,,103.86060333251953
2016-08-12,88.4561538696289,102.76156616210938,68.9794921875,,104.73535919189453
2016-08-15,88.1964340209961,102.59141540527344,68.96327209472656,,103.74840545654297
2016-08-16,88.04685974121094,102.44559478759766,68.93901824951172,,103.47179412841797
2016-08-17,88.18852233886719,102.54279327392578,68.93901824951172,,104.09230041503906
2016-08-18,88.34598541259766,102.6805419921875,68.9875717163086,,104.25687408447266
2016-08-19,88.04685974121094,102.4374771118164,68.92279052734375,,103.71105194091797
2016-08-22,88.24364471435547,102.58333587646484,68.93087005615234,,104.58582305908203
2016-08-23,88.23577117919922,102.59141540527344,68.93901824951172,,104.69791412353516
2016-08-24,88.20427703857422,102.59141540527344,68.92279052734375,,104.45127868652344
2016-08-25,88.0626220703125,102.4374771118164,68.8984375,,104.05492401123047
2016-08-26,87.72413635253906,102.14582061767578,68.83358001708984,,103.44932556152344
2016-08-29,88.08622741699219,102.39700317382812,68.8741455078125,,104.83255004882812
2016-08-30,88.07833099365234,102.38888549804688,68.88224792480469,,104.42878723144531
2016-08-31,87.97601318359375,102.28361511230469,68.8741455078125,,104.57831573486328
2016-09-01,88.11393737792969,102.40760040283203,68.90660095214844,,104.69368743896484
2016-09-02,87.8853759765625,102.31842803955078,68.90660095214844,,103.83975982666016
2016-09-06,88.29524230957031,102.65906524658203,68.95526123046875,,104.59637451171875
2016-09-07,88.34252166748047,102.63472747802734,68.95526123046875,,104.52143096923828
2016-09-08,87.90904998779297,102.36705017089844,68.90660095214844,,103.2105941772461
2016-09-09,87.49127197265625,102.15619659423828,68.88227081298828,,101.5102310180664
2016-09-12,87.570068359375,102.23731231689453,68.90660095214844,,101.56267547607422
2016-09-13,87.24689483642578,102.09131622314453,68.88227081298828,,100.4091796875
2016-09-14,87.4439926147461,102.23731231689453,68.92280578613281,,100.5589370727539
2016-09-15,87.46761322021484,102.35901641845703,68.97958374023438,,100.12455749511719
2016-09-16,87.56218719482422,102.350830078125,68.9471206665039,,100.93350219726562
2016-09-19,87.41242980957031,102.26976776123047,68.93091583251953,,100.60391235351562
2016-09-20,87.54645538330078,102.31842803955078,68.91468048095703,,100.95597839355469
2016-09-21,87.68828582763672,102.36705017089844,68.93091583251953,,101.77243041992188
2016-09-22,87.94847106933594,102.44821166992188,68.91468048095703,,102.58135986328125
2016-09-23,87.98786926269531,102.52118682861328,68.95526123046875,,102.4840316772461
2016-09-26,88.24008178710938,102.69152069091797,68.9957504272461,,103.13566589355469
2016-09-27,88.38982391357422,102.76451110839844,69.0038833618164,,103.89221954345703
2016-09-28,88.35043334960938,102.69152069091797,68.9957504272461,,103.66756439208984
2016-09-29,88.40558624267578,102.7726058959961,69.02009582519531,,103.92965698242188
2016-09-30,88.18486022949219,102.63472747802734,68.96333312988281,,103.00083923339844
2016-10-03,87.97966003417969,102.51293182373047,68.95440673828125,,102.66096496582031
2016-10-04,87.5771713256836,102.28560638427734,68.89763641357422,,101.4603042602539
2016-10-05,87.37985229492188,102.18006896972656,68.85702514648438,,100.98753356933594
2016-10-06,87.19833374023438,101.99327850341797,68.85702514648438,,100.42478942871094
2016-10-07,87.32455444335938,102.09072875976562,68.88137817382812,,100.4923324584961
2016-10-10,87.09569549560547,101.93649291992188,68.84893035888672,,99.89952850341797
2016-10-11,87.0720443725586,101.9120864868164,68.8408432006836,,99.67437744140625
2016-10-12,87.0720443725586,101.92839050292969,68.8408432006836,,99.77194213867188
2016-10-13,87.25355529785156,102.098876953125,68.86516571044922,,100.14716339111328
2016-10-14,86.9852294921875,101.99327850341797,68.84893035888672,,98.743896484375
2016-10-17,87.17465209960938,102.12324523925781,68.90573120117188,,99.37419891357422
2016-10-18,87.3482666015625,102.2449951171875,68.93009185791016,,99.69689178466797
2016-10-19,87.38776397705078,102.2612533569336,68.93009185791016,,99.77946472167969
2016-10-20,87.3088150024414,102.18006896972656,68.89763641357422,,99.88451385498047
2016-10-21,87.40351104736328,102.20445251464844,68.91384887695312,,100.03460693359375
2016-10-24,87.28508758544922,102.11507415771484,68.88951873779297,,99.5993423461914
2016-10-25,87.26937866210938,102.11507415771484,68.88951873779297,,99.86195373535156
2016-10-26,87.07991027832031,102.01769256591797,68.86516571044922,,99.18663787841797
2016-10-27,86.77997589111328,101.84721374511719,68.88137817382812,,98.10604095458984
2016-10-28,86.7957763671875,101.94458770751953,68.88137817382812,,97.88844299316406
2016-10-31,86.86683654785156,101.99327850341797,68.93009185791016,,98.48876190185547
2016-11-01,86.86998748779297,102.07866668701172,68.930908203125,,98.49629974365234
2016-11-02,87.13079071044922,102.2412109375,68.97149658203125,,98.92475891113281
2016-11-03,87.07550048828125,102.25747680664062,68.97962951660156,,98.16544342041016
2016-11-04,87.34419250488281,102.42819213867188,69.00395965576172,,99.04515075683594
2016-11-07,86.98062133789062,102.1681137084961,68.97962951660156,,98.2030258178711
2016-11-08,86.67243957519531,101.93238067626953,68.90653228759766,,97.80459594726562
2016-11-09,85.35250091552734,101.24148559570312,68.81720733642578,,93.65454864501953
2016-11-10,84.83869934082031,100.98136138916016,68.79283905029297,,92.27116394042969
2016-11-11,84.66488647460938,100.81069946289062,68.79283905029297,,91.75243377685547
2016-11-14,84.1748275756836,100.46932983398438,68.6873779296875,,91.20360565185547
2016-11-15,84.1748275756836,100.42058563232422,68.71166229248047,,91.65472412109375
2016-11-16,84.25386047363281,100.42058563232422,68.70355987548828,,92.48172760009766
2016-11-17,83.8823471069336,100.21739196777344,68.69542694091797,,91.12090301513672
2016-11-18,83.51087188720703,99.97351837158203,68.6548080444336,,90.8577651977539
2016-11-21,83.58201599121094,99.98979949951172,68.64673614501953,,91.08331298828125
2016-11-22,83.66106414794922,100.08733367919922,68.6304702758789,,91.05323791503906
2016-11-23,83.36068725585938,99.7865982055664,68.58989715576172,,90.69983673095703
2016-11-25,83.28960418701172,99.80286407470703,68.5817642211914,,90.8351821899414
2016-11-28,83.66896057128906,100.00603485107422,68.6223373413086,,91.50438690185547
2016-11-29,83.75592803955078,100.07110595703125,68.6304702758789,,91.88774108886719
2016-11-30,83.1947250366211,99.76221466064453,68.60610961914062,,90.39912414550781
2016-12-01,82.87735748291016,99.583984375,68.57364654541016,,89.44463348388672
2016-12-02,83.24935913085938,99.88508605957031,68.64671325683594,,90.1000747680664
2016-12-05,83.2176513671875,99.81182098388672,68.64671325683594,,90.00213623046875
2016-12-06,83.24935913085938,99.89319610595703,68.63050842285156,,89.93435668945312
2016-12-07,83.52637481689453,100.08036041259766,68.6549072265625,,90.70274353027344
2016-12-08,83.20977783203125,99.92572784423828,68.64671325683594,,89.63298034667969
2016-12-09,82.7823715209961,99.67346954345703,68.63855743408203,,88.51805877685547
2016-12-12,82.79818725585938,99.6897964477539,68.61425018310547,,88.68380737304688
2016-12-13,82.84568786621094,99.66539001464844,68.60610961914062,,89.00020599365234
2016-12-14,82.15713500976562,99.08766174316406,68.47614288330078,,88.00578308105469
2016-12-15,81.92757415771484,98.87613677978516,68.44364166259766,,88.45026397705078
2016-12-16,82.03050994873047,98.9900131225586,68.47614288330078,,88.24683380126953
2016-12-19,82.41035461425781,99.25851440429688,68.50863647460938,,89.19607543945312
2016-12-20,82.23632049560547,99.17717742919922,68.5167465209961,,88.75157928466797
2016-12-21,82.370849609375,99.24227905273438,68.54926300048828,,89.14337921142578
2016-12-22,82.33514404296875,99.23005676269531,68.56632995605469,,88.98395538330078
2016-12-23,82.41439056396484,99.31969451904297,68.56632995605469,,89.16522979736328
2016-12-27,82.2955093383789,99.18931579589844,68.53382873535156,,88.8781967163086
2016-12-28,82.59674072265625,99.40107727050781,68.5582046508789,,89.5278091430664
2016-12-29,82.85041809082031,99.63728332519531,68.63135528564453,,89.84500885009766
2016-12-30,83.09613800048828,99.783935546875,68.65573120117188,,89.98094177246094
2017-01-03,83.05653381347656,99.75947570800781,68.5988540649414,,90.36616516113281
2017-01-04,83.15169525146484,99.82467651367188,68.61509704589844,,90.71363067626953
2017-01-05,83.69071960449219,100.12603759765625,68.66386413574219,,92.13367462158203
2017-01-06,83.31023406982422,99.84912109375,68.60700988769531,,91.28768157958984
2017-01-09,83.62731170654297,100.0445556640625,68.66386413574219,,92.02035522460938
2017-01-10,83.58765411376953,100.06084442138672,68.6395492553711,,91.95989227294922
2017-01-11,83.68280029296875,100.06084442138672,68.67201232910156,,92.26959991455078
2017-01-12,83.73039245605469,100.15858459472656,68.69636535644531,,92.0656509399414
2017-01-13,83.54806518554688,100.00379943847656,68.66386413574219,,91.62757873535156
2017-01-17,83.96820831298828,100.34589385986328,68.71263885498047,,92.58685302734375
2017-01-18,83.3736343383789,99.90608215332031,68.64764404296875,,91.4009780883789
2017-01-19,83.05653381347656,99.75135803222656,68.6232681274414,,90.77407836914062
2017-01-20,83.09613800048828,99.8653793334961,68.66386413574219,,90.59281158447266
2017-01-23,83.53217315673828,100.17483520507812,68.7289047241211,,91.49915313720703
2017-01-24,83.21505737304688,99.96307373046875,68.68824005126953,,90.87220764160156
2017-01-25,82.80282592773438,99.71876525878906,68.67201232910156,,89.73171997070312
2017-01-26,82.91382598876953,99.80833435058594,68.68013763427734,,90.03386688232422
2017-01-27,83.0168685913086,99.85723114013672,68.71263885498047,,90.358642578125
2017-01-30,82.99314880371094,99.88166046142578,68.71263885498047,,90.0866928100586
2017-01-31,83.27850341796875,100.0771484375,68.7289047241211,,90.71363067626953
2017-02-01,83.11897277832031,99.94745635986328,68.70531463623047,,90.15271759033203
2017-02-02,83.15068054199219,99.98827362060547,68.72974395751953,,90.11489868164062
2017-02-03,83.21421813964844,100.02899932861328,68.70531463623047,,90.07701110839844
2017-02-06,83.6111831665039,100.33075714111328,68.77854919433594,,90.62203979492188
2017-02-07,83.76200103759766,100.37149810791016,68.76227569580078,,91.28816223144531
2017-02-08,84.10342407226562,100.59986114501953,68.82733154296875,,92.52954864501953
2017-02-09,83.60322570800781,100.29812622070312,68.77042388916016,,91.4622573852539
2017-02-10,83.54765319824219,100.24921417236328,68.76227569580078,,91.40929412841797
2017-02-13,83.42057800292969,100.15949249267578,68.74600982666016,,91.12165832519531
2017-02-14,83.11897277832031,99.87409973144531,68.69715881347656,,90.46305847167969
2017-02-15,82.9600830078125,99.77622985839844,68.67276763916016,,90.04673767089844
2017-02-16,83.29356384277344,100.0534896850586,68.70531463623047,,90.5387954711914
2017-02-17,83.51585388183594,100.2247543334961,68.75411224365234,,91.07624816894531
2017-02-21,83.47618865966797,100.17578887939453,68.76227569580078,,90.91726684570312
2017-02-22,83.6111831665039,100.2655258178711,68.77854919433594,,91.06863403320312
2017-02-23,83.83350372314453,100.42862701416016,68.81108093261719,,91.34115600585938
2017-02-24,84.22250366210938,100.67321014404297,68.84362030029297,,92.35545349121094
2017-02-27,83.9207992553711,100.42862701416016,68.78668212890625,,91.8104248046875
2017-02-28,83.88111114501953,100.33889770507812,68.75411224365234,,92.15104675292969
2017-03-01,83.29676055908203,99.89158630371094,68.70038604736328,,90.60697937011719
2017-03-02,83.05824279785156,99.72831726074219,68.62715148925781,,90.28083801269531
2017-03-03,83.13774871826172,99.8099365234375,68.64344024658203,,90.51593780517578
2017-03-06,83.121826171875,99.82626342773438,68.65972900390625,,90.08367156982422
2017-03-07,83.0025863647461,99.69564056396484,68.63531494140625,,89.81062316894531
2017-03-08,82.72428894042969,99.53236389160156,68.57837677001953,,89.32527160644531
2017-03-09,82.49375915527344,99.34463500976562,68.57022857666016,,88.61236572265625
2017-03-10,82.66867065429688,99.49971008300781,68.61083984375,,88.9233169555664
2017-03-13,82.46194458007812,99.37725067138672,68.57837677001953,,88.36207580566406
2017-03-14,82.54942321777344,99.42628479003906,68.57022857666016,,88.78675079345703
2017-03-15,83.27288818359375,99.94869232177734,68.70038604736328,,89.87128448486328
2017-03-16,83.04234313964844,99.76912689208984,68.65157318115234,,89.416259765625
2017-03-17,83.26498413085938,99.92423248291016,68.68414306640625,,89.97748565673828
2017-03-20,83.46370697021484,100.0629653930664,68.72484588623047,,90.3642578125
2017-03-21,83.74199676513672,100.2669906616211,68.75738525390625,,91.11502838134766
2017-03-22,83.90096282958984,100.34051513671875,68.7736587524414,,91.4791259765625
2017-03-23,83.81351470947266,100.29975128173828,68.7736587524414,,91.35018920898438
2017-03-24,83.86123657226562,100.30786895751953,68.7736587524414,,91.67633819580078
2017-03-27,84.06796264648438,100.43849182128906,68.79814147949219,,92.09343719482422
2017-03-28,83.7817611694336,100.23443603515625,68.76551818847656,,91.4791259765625
2017-03-29,84.0202407836914,100.41398620605469,68.80624389648438,,92.025146484375
2017-03-30,83.7817611694336,100.28337097167969,68.78996276855469,,91.28194427490234
2017-03-31,83.94872283935547,100.44666290283203,68.79814147949219,,91.54743194580078
2017-04-03,84.36195373535156,100.71144104003906,68.86164855957031,,92.47077178955078
2017-04-04,84.24252319335938,100.63790893554688,68.83720397949219,,91.96920013427734
2017-04-05,84.40177154541016,100.84220886230469,68.83720397949219,,92.25037384033203
2017-04-06,84.34601593017578,100.75228881835938,68.853515625,,92.1135482788086
2017-04-07,84.09123229980469,100.49893951416016,68.76386260986328,,91.74122619628906
2017-04-10,84.24252319335938,100.62153625488281,68.79644775390625,,92.16680908203125
2017-04-11,84.63265991210938,100.89942169189453,68.86164855957031,,93.04078674316406
2017-04-12,84.89541625976562,101.0873794555664,68.9105224609375,,93.55000305175781
2017-04-13,85.15023803710938,101.2671890258789,68.94309997558594,,93.83885192871094
2017-04-17,85.01487731933594,101.20181274414062,68.9349136352539,,93.55000305175781
2017-04-18,85.50057983398438,101.54503631591797,68.99189758300781,,94.77365112304688
2017-04-19,85.277587890625,101.36524963378906,68.9593734741211,,94.25686645507812
2017-04-20,85.0865249633789,101.25900268554688,68.95123291015625,,93.89205932617188
2017-04-21,85.1263427734375,101.33258819580078,68.98381042480469,,93.89205932617188
2017-04-24,84.95118713378906,101.1772689819336,68.9105224609375,,93.42839813232422
2017-04-25,84.51318359375,100.87490844726562,68.84537506103516,,92.30360412597656
2017-04-26,84.73616027832031,101.02203369140625,68.86974334716797,,92.81281280517578
2017-04-27,84.79193115234375,101.0873794555664,68.89420318603516,,92.78240966796875
2017-04-28,84.8795166015625,101.11192321777344,68.92681121826172,,92.98760986328125
2017-05-01,84.69609069824219,101.03663635253906,68.87948608398438,,92.21458435058594
2017-05-02,84.87151336669922,101.16754150390625,68.90398406982422,,92.686767578125
2017-05-03,84.69609069824219,100.98751068115234,68.85505676269531,,92.74771118164062
2017-05-04,84.50474548339844,100.87297058105469,68.84689331054688,,92.2907485961914
2017-05-05,84.5206527709961,100.89751434326172,68.871337890625,,92.37451171875
2017-05-08,84.31330108642578,100.75841522216797,68.83877563476562,,91.87185668945312
2017-05-09,84.21762084960938,100.70934295654297,68.80615234375,,91.8642578125
2017-05-10,84.18572235107422,100.6684341430664,68.82246398925781,,91.75764465332031
2017-05-11,84.24951171875,100.75841522216797,68.83059692382812,,91.75764465332031
2017-05-12,84.68014526367188,101.06114959716797,68.91213989257812,,92.45065307617188
2017-05-15,84.6243667602539,101.0202407836914,68.90398406982422,,92.19937133789062
2017-05-16,84.73593139648438,101.0775375366211,68.90398406982422,,92.5420913696289
2017-05-17,85.4137954711914,101.51937866210938,68.97734832763672,,93.89013671875
2017-05-18,85.38986206054688,101.42936706542969,68.94471740722656,,93.99674987792969
2017-05-19,85.365966796875,101.42936706542969,68.9610366821289,,94.21763610839844
2017-05-22,85.2702407836914,101.38847351074219,68.93658447265625,,93.95867156982422
2017-05-23,85.04695892333984,101.20025634765625,68.91213989257812,,93.32650756835938
2017-05-24,85.22239685058594,101.4048843383789,68.95284271240234,,93.85203552246094
2017-05-25,85.2702407836914,101.39665222167969,68.95284271240234,,93.88247680664062
2017-05-26,85.32603454589844,101.42936706542969,68.94471740722656,,94.04242706298828
2017-05-30,85.54139709472656,101.5521011352539,68.96916961669922,,94.50699615478516
2017-05-31,85.58126831054688,101.5521011352539,68.97734832763672,,94.74312591552734
2017-06-01,85.53649139404297,101.53901672363281,68.9642333984375,,94.75304412841797
2017-06-02,85.91187286376953,101.76839447021484,69.01323699951172,,95.87496185302734
2017-06-05,85.76812744140625,101.6373062133789,68.95611572265625,,95.2796401977539
2017-06-06,86.0396499633789,101.83392333984375,68.98056030273438,,95.79863739013672
2017-06-07,85.87996673583984,101.68649291992188,68.95611572265625,,95.3407211303711
2017-06-08,85.74420928955078,101.59630584716797,68.93981170654297,,95.0888442993164
2017-06-09,85.66424560546875,101.53901672363281,68.91529846191406,,94.94383239746094
2017-06-12,85.64832305908203,101.53082275390625,68.90717315673828,,94.91332244873047
2017-06-13,85.68030548095703,101.54719543457031,68.90717315673828,,94.92858123779297
2017-06-14,86.12755584716797,101.7847671508789,68.93981170654297,,96.39398193359375
2017-06-15,85.97579193115234,101.6373062133789,68.91529846191406,,96.24128723144531
2017-06-16,86.0237045288086,101.7110595703125,68.94794464111328,,96.43209838867188
2017-06-19,85.78411102294922,101.53901672363281,68.90717315673828,,96.29470825195312
2017-06-20,85.99972534179688,101.6373062133789,68.91529846191406,,97.15718078613281
2017-06-21,85.99174499511719,101.6618881225586,68.92349243164062,,97.3556137084961
2017-06-22,86.07164001464844,101.7110595703125,68.93158721923828,,97.56929779052734
2017-06-23,86.09554290771484,101.73563385009766,68.972412109375,,97.52350616455078
2017-06-26,86.16747283935547,101.77661895751953,68.972412109375,,97.88981628417969
2017-06-27,85.74420928955078,101.51441955566406,68.93158721923828,,96.84426879882812
2017-06-28,85.66424560546875,101.57178497314453,68.9642333984375,,96.52368927001953
2017-06-29,85.34485626220703,101.38333892822266,68.92349243164062,,95.71465301513672
2017-06-30,85.14515686035156,101.2358627319336,68.92349243164062,,95.49333953857422
2017-07-03,84.8324203491211,101.04065704345703,68.87203979492188,,95.18588256835938
2017-07-05,84.89642333984375,101.0898208618164,68.89654541015625,,95.2088394165039
2017-07-06,84.73646545410156,101.01608276367188,68.91287994384766,,94.42109680175781
2017-07-07,84.60044860839844,100.97503662109375,68.90469360351562,,93.85514068603516
2017-07-10,84.71247100830078,101.08165740966797,68.9373550415039,,93.99283599853516
2017-07-11,84.82442474365234,101.18013000488281,68.96186828613281,,94.15345001220703
2017-07-12,85.07238006591797,101.36055755615234,68.9945068359375,,94.80352020263672
2017-07-13,84.9843978881836,101.28672790527344,68.96186828613281,,94.20696258544922
2017-07-14,85.10437774658203,101.40975952148438,68.9945068359375,,94.32167053222656
2017-07-17,85.20840454101562,101.44259643554688,69.00267791748047,,94.58172607421875
2017-07-18,85.52031707763672,101.63130187988281,69.01899719238281,,95.40770721435547
2017-07-19,85.52031707763672,101.61485290527344,69.01899719238281,,95.44591522216797
2017-07-20,85.5443344116211,101.61485290527344,69.01899719238281,,95.72126007080078
2017-07-21,85.6962661743164,101.73787689208984,69.0516586303711,,96.12657165527344
2017-07-24,85.64028930664062,101.6394271850586,69.02716827392578,,95.75182342529297
2017-07-25,85.160400390625,101.35235595703125,68.98631286621094,,94.5052719116211
2017-07-26,85.43235778808594,101.60665130615234,69.03532409667969,,94.65816497802734
2017-07-27,85.29640197753906,101.53280639648438,69.01899719238281,,94.19171142578125
2017-07-28,85.44032287597656,101.64762115478516,69.05982208251953,,94.7499771118164
2017-07-31,85.46435546875,101.61485290527344,69.0516586303711,,94.86468505859375
2017-08-01,85.6766128540039,101.78816986083984,69.07698059082031,,95.53076171875
2017-08-02,85.59647369384766,101.70601654052734,69.04430389404297,,95.58435821533203
2017-08-03,85.89290618896484,101.862060546875,69.06880950927734,,96.57308959960938
2017-08-04,85.66062927246094,101.7470703125,69.04430389404297,,95.7530288696289
2017-08-07,85.70867156982422,101.7717056274414,69.06880950927734,,95.86033630371094
2017-08-08,85.63652038574219,101.71424865722656,69.06880950927734,,95.51541137695312
2017-08-09,85.74068450927734,101.8045654296875,69.06063842773438,,96.03656005859375
2017-08-10,86.06114196777344,101.99347686767578,69.08512115478516,,96.85669708251953
2017-08-11,86.15728759765625,102.14131927490234,69.17503356933594,,96.9026870727539
2017-08-14,85.94900512695312,101.98529815673828,69.11784362792969,,96.40450286865234
2017-08-15,85.69265747070312,101.7963638305664,69.08512115478516,,95.99826049804688
2017-08-16,85.85286712646484,101.92778778076172,69.12602996826172,,96.35082244873047
2017-08-17,86.15728759765625,102.10025024414062,69.142333984375,,97.07128143310547
2017-08-18,86.17328643798828,102.10025024414062,69.13420867919922,,97.04833221435547
2017-08-21,86.22938537597656,102.12489318847656,69.15052795410156,,97.285888671875
2017-08-22,86.06114196777344,102.0099105834961,69.142333984375,,96.9103775024414
2017-08-23,86.3575668334961,102.21524810791016,69.20772552490234,,97.56954956054688
2017-08-24,86.22139739990234,102.07559967041016,69.142333984375,,97.20928955078125
2017-08-25,86.36554718017578,102.15776062011719,69.16687774658203,,97.58483123779297
2017-08-28,86.44566345214844,102.22340393066406,69.142333984375,,97.5235366821289
2017-08-29,86.64593505859375,102.36309814453125,69.17503356933594,,97.83773040771484
2017-08-30,86.5738296508789,102.30560302734375,69.1913833618164,,97.80714416503906
2017-08-31,86.70999145507812,102.3876953125,69.1913833618164,,98.0983657836914
2017-09-01,86.45487213134766,102.21581268310547,69.17668914794922,,97.34797668457031
2017-09-05,87.05660247802734,102.64347076416016,69.24207305908203,,98.89176940917969
2017-09-06,86.8479995727539,102.40497589111328,69.23389434814453,,98.28498077392578
2017-09-07,87.22511291503906,102.75859069824219,69.27482604980469,,99.29114532470703
2017-09-08,87.16091918945312,102.70106506347656,69.25847625732422,,99.07604217529297
2017-09-11,86.6634750366211,102.43788146972656,69.19303131103516,,97.89328002929688
2017-09-12,86.45487213134766,102.22406768798828,69.16032409667969,,97.37872314453125
2017-09-13,86.27841186523438,102.11715698242188,69.14392852783203,,96.99468231201172
2017-09-14,86.29446411132812,102.11715698242188,69.15211486816406,,97.39407348632812
2017-09-15,86.39877319335938,102.04309844970703,69.14392852783203,,97.43246459960938
2017-09-18,86.061767578125,101.95267486572266,69.1030502319336,,96.87181091308594
2017-09-19,85.96549987792969,101.9033203125,69.11126708984375,,96.63374328613281
2017-09-20,85.7970199584961,101.69771575927734,69.0539779663086,,96.70287322998047
2017-09-21,85.68468475341797,101.68950653076172,69.03765106201172,,96.64906311035156
2017-09-22,85.83710479736328,101.7964096069336,69.0539779663086,,96.92559051513672
2017-09-25,86.09386444091797,101.94444274902344,69.09487915039062,,97.53234100341797
2017-09-26,86.02165985107422,101.87042236328125,69.07855224609375,,97.35569763183594
2017-09-27,85.58039855957031,101.66484832763672,69.07036590576172,,95.88873291015625
2017-09-28,85.56436157226562,101.7223892211914,69.07855224609375,,95.60453796386719
2017-09-29,85.46004486083984,101.57437133789062,69.0621337890625,,95.819580078125
2017-10-02,85.3628158569336,101.51507568359375,69.11378479003906,,95.64418029785156
2017-10-03,85.48333740234375,101.64679718017578,69.07280731201172,,95.73651885986328
2017-10-04,85.45923614501953,101.58920288085938,69.20376586914062,,95.74419403076172
2017-10-05,85.370849609375,101.53976440429688,69.05644226074219,,95.38245391845703
2017-10-06,85.26641082763672,101.46568298339844,69.03191375732422,,95.11312103271484
2017-10-09,85.3628158569336,101.53158569335938,69.03191375732422,,95.41331481933594
2017-10-10,85.39494323730469,101.5479965209961,69.04826354980469,,95.56713104248047
2017-10-11,85.49137878417969,101.57273864746094,69.04006958007812,,95.75188446044922
2017-10-12,85.5717544555664,101.60568237304688,69.03191375732422,,96.15974426269531
2017-10-13,85.86100769042969,101.77861785888672,69.07280731201172,,96.85237884521484
2017-10-16,85.71638488769531,101.6138916015625,69.0073471069336,,96.78313446044922
2017-10-17,85.68423461914062,101.56446075439453,69.01553344726562,,96.9062728881836
2017-10-18,85.46727752685547,101.44092559814453,68.99095153808594,,96.26752471923828
2017-10-19,85.55567932128906,101.53158569335938,69.03191375732422,,96.436767578125
2017-10-20,85.20213317871094,101.29273986816406,68.99095153808594,,95.41331481933594
2017-10-23,85.28245544433594,101.37508392333984,68.99095153808594,,95.58257293701172
2017-10-24,85.0253677368164,101.2515640258789,68.97459411621094,,94.98999786376953
2017-10-25,84.88876342773438,101.19393920898438,68.958251953125,,94.53595733642578
2017-10-26,84.77629089355469,101.11160278320312,68.958251953125,,94.22041320800781
2017-10-27,85.0494613647461,101.30097198486328,69.0073471069336,,94.8437728881836
2017-10-30,85.35482788085938,101.47391510009766,69.04006958007812,,95.75188446044922
2017-10-31,85.298583984375,101.38333129882812,68.99913787841797,,95.78267669677734
2017-11-01,85.35002899169922,101.39569091796875,68.98931121826172,,96.20914459228516
2017-11-02,85.46268463134766,101.46994018554688,69.0057144165039,,96.63330078125
2017-11-03,85.59952545166016,101.52761840820312,68.96471405029297,,96.89553833007812
2017-11-06,85.70413970947266,101.58536529541016,69.0057144165039,,97.25804901123047
2017-11-07,85.73634338378906,101.55235290527344,68.97294616699219,,97.6667251586914
2017-11-08,85.63175201416016,101.4781723022461,68.96471405029297,,97.45084381103516
2017-11-09,85.59952545166016,101.48641967773438,68.95655059814453,,97.17314910888672
2017-11-10,85.16497039794922,101.2802963256836,68.93191528320312,,95.70783996582031
2017-11-13,85.12471771240234,101.19782257080078,68.92379760742188,,95.90837097167969
2017-11-14,85.24543762207031,101.26374053955078,68.94020080566406,,96.55619812011719
2017-11-15,85.55123138427734,101.39569091796875,68.91558837890625,,97.60501861572266
2017-11-16,85.33396911621094,101.27198791503906,68.92379760742188,,96.75672149658203
2017-11-17,85.44664001464844,101.32145690917969,68.88282012939453,,97.47393798828125
2017-11-20,85.30978393554688,101.18132019042969,68.85823822021484,,97.43534851074219
2017-11-21,85.32588958740234,101.0988540649414,68.84187316894531,,97.74384307861328
2017-11-22,85.59952545166016,101.36272430419922,68.89921569824219,,98.06004333496094
2017-11-24,85.52708435058594,101.29673767089844,68.89921569824219,,97.79013061523438
2017-11-27,85.58342742919922,101.35446166992188,68.89921569824219,,97.65131378173828
2017-11-28,85.59952545166016,101.33797454833984,68.90738677978516,,97.78246307373047
2017-11-29,85.32588958740234,101.1895523071289,68.8910140991211,,96.81839752197266
2017-11-30,85.06034851074219,101.00812530517578,68.85003662109375,,96.49452209472656
2017-12-01,85.37467193603516,101.15760803222656,68.86563873291016,,97.79662322998047
2017-12-04,85.3343505859375,101.08329772949219,68.82465362548828,,97.84302520751953
2017-12-05,85.39885711669922,101.091552734375,68.81641387939453,,98.32987213134766
2017-12-06,85.57612609863281,101.2071533203125,68.84920501708984,,98.66988372802734
2017-12-07,85.42304992675781,101.11632537841797,68.85745239257812,,97.89710998535156
2017-12-08,85.3584976196289,101.12458801269531,68.85745239257812,,97.90483856201172
2017-12-11,85.3021240234375,101.05027770996094,68.82465362548828,,97.70387268066406
2017-12-12,85.2295913696289,101.00895690917969,68.82465362548828,,97.66526794433594
2017-12-13,85.57612609863281,101.25669860839844,68.89842224121094,,98.39942932128906
2017-12-14,85.54391479492188,101.1740951538086,68.8738021850586,,98.81672668457031
2017-12-15,85.5278091430664,101.10806274414062,68.8410415649414,,99.18769836425781
2017-12-18,85.3343505859375,101.06676483154297,68.8410415649414,,98.28349304199219
2017-12-19,84.947509765625,100.82735443115234,68.8082046508789,,97.00841522216797
2017-12-20,84.69766998291016,100.7447509765625,68.81641387939453,,95.93424224853516
2017-12-21,84.75740814208984,100.71916961669922,68.81147766113281,,96.49335479736328
2017-12-22,84.78968811035156,100.73571014404297,68.78688049316406,,96.62496948242188
2017-12-26,84.82198333740234,100.74393463134766,68.7786636352539,,96.91151428222656
2017-12-27,85.18525695800781,100.9754638671875,68.81147766113281,,98.17384338378906
2017-12-28,85.08027648925781,100.91758728027344,68.81968688964844,,98.08871459960938
2017-12-29,85.21748352050781,101.00029754638672,68.83613586425781,,98.2435531616211
2018-01-02,84.93504333496094,100.85968780517578,68.81147766113281,,97.18257141113281
2018-01-03,85.02375793457031,100.88447570800781,68.81147766113281,,97.64725494384766
2018-01-04,84.98336029052734,100.7852783203125,68.7786636352539,,97.63175201416016
2018-01-05,84.87848663330078,100.72740936279297,68.7786636352539,,97.35298919677734
2018-01-08,84.83814239501953,100.71916961669922,68.7786636352539,,97.29100799560547
2018-01-09,84.43450927734375,100.5124740600586,68.7540283203125,,95.989990234375
2018-01-10,84.41030883789062,100.5207290649414,68.7786636352539,,95.87380981445312
2018-01-11,84.4668197631836,100.55380249023438,68.7540283203125,,96.26876831054688
2018-01-12,84.41030883789062,100.49589538574219,68.74586486816406,,96.43143463134766
2018-01-16,84.45066833496094,100.48768615722656,68.73763275146484,,96.8341064453125
2018-01-17,84.26500701904297,100.33051300048828,68.71298217773438,,96.7024917602539
2018-01-18,83.9986572265625,100.22306060791016,68.69654083251953,,95.80413055419922
2018-01-19,83.78067779541016,100.0907974243164,68.72119140625,,95.30073547363281
2018-01-22,83.74837493896484,100.04943084716797,68.68839263916016,,95.39366149902344
2018-01-23,83.99055480957031,100.2396011352539,68.72942352294922,,95.80413055419922
2018-01-24,83.82911682128906,100.14864349365234,68.71298217773438,,95.28524017333984
2018-01-25,84.0147705078125,100.2396011352539,68.69654083251953,,96.06742095947266
2018-01-26,83.76454162597656,100.024658203125,68.6554946899414,,95.7111587524414
2018-01-29,83.55467224121094,99.90888214111328,68.63090515136719,,95.04521179199219
2018-01-30,83.36090850830078,99.84276580810547,68.63909912109375,,94.48763275146484
2018-01-31,83.38516998291016,99.76834869384766,68.63909912109375,,95.04521179199219
2018-02-01,82.95501708984375,99.78160095214844,68.61115264892578,,93.66773986816406
2018-02-02,82.64772033691406,99.46698760986328,68.61936950683594,,92.79859161376953
2018-02-05,83.3269271850586,99.95548248291016,68.74264526367188,,93.67550659179688
2018-02-06,82.96306610107422,99.6656723022461,68.69332885742188,,93.0934829711914
2018-02-07,82.72052001953125,99.53323364257812,68.64405059814453,,92.20877838134766
2018-02-08,82.79329681396484,99.6656723022461,68.65225982666016,,92.10791015625
2018-02-09,82.64772033691406,99.6822509765625,68.70977020263672,,91.52586364746094
2018-02-12,82.62353515625,99.5911636352539,68.67691040039062,,91.92938232421875
2018-02-13,82.76091003417969,99.6822509765625,68.67691040039062,,92.34069061279297
2018-02-14,82.2596664428711,99.2599868774414,68.57830047607422,,91.31632232666016
2018-02-15,82.28392791748047,99.27655029296875,68.55365753173828,,91.6267318725586
2018-02-16,82.47798156738281,99.4007339477539,68.57010650634766,,92.12342071533203
2018-02-20,82.38903045654297,99.33455657958984,68.56185913085938,,91.7198715209961
2018-02-21,82.14646911621094,99.18550109863281,68.57010650634766,,90.59461212158203
2018-02-22,82.2596664428711,99.30966186523438,68.57830047607422,,90.86622619628906
2018-02-23,82.57501220703125,99.46698760986328,68.5947494506836,,91.67328643798828
2018-02-26,82.67205047607422,99.53323364257812,68.60289764404297,,91.70438385009766
2018-02-27,82.41329193115234,99.32621002197266,68.55365753173828,,91.5724105834961
2018-02-28,82.60731506347656,99.4007339477539,68.57010650634766,,92.15444946289062
2018-03-01,82.96280670166016,99.70169067382812,68.66548156738281,,92.78353881835938
2018-03-02,82.65510559082031,99.50273895263672,68.63261413574219,,92.02926635742188
2018-03-05,82.54981994628906,99.46959686279297,68.63261413574219,,91.78044128417969
2018-03-06,82.54170227050781,99.4364242553711,68.61612701416016,,91.86598205566406
2018-03-07,82.54170227050781,99.4364242553711,68.61612701416016,,91.76487731933594
2018-03-08,82.7117691040039,99.552490234375,68.63261413574219,,92.29366302490234
2018-03-09,82.53364562988281,99.45295715332031,68.59968566894531,,91.68712615966797
2018-03-12,82.72799682617188,99.552490234375,68.63261413574219,,92.21587371826172
2018-03-13,82.86563873291016,99.61048126220703,68.6490249633789,,92.68244934082031
2018-03-14,83.02763366699219,99.69341278076172,68.64080047607422,,93.49893188476562
2018-03-15,82.99520874023438,99.67681121826172,68.6490249633789,,93.49893188476562
2018-03-16,82.89805603027344,99.59391021728516,68.61612701416016,,93.1645736694336
2018-03-19,82.81706237792969,99.552490234375,68.61612701416016,,92.86908721923828
2018-03-20,82.65510559082031,99.40322875976562,68.59141540527344,,92.49581146240234
2018-03-21,82.7117691040039,99.48612213134766,68.64080047607422,,92.59687042236328
2018-03-22,83.05192565917969,99.68512725830078,68.6737289428711,,93.51449584960938
2018-03-23,83.16523742675781,99.79287719726562,68.69017791748047,,93.44445037841797
2018-03-26,82.93850708007812,99.63539123535156,68.65726470947266,,93.08680725097656
2018-03-27,83.408203125,99.933837890625,68.70663452148438,,94.08210754394531
2018-03-28,83.39204406738281,99.89237213134766,68.71487426757812,,94.3309555053711
2018-03-29,83.56208801269531,100.0001449584961,68.7395248413086,,94.78974914550781
2018-04-02,83.64727020263672,100.07323455810547,68.75929260253906,,94.97679901123047
2018-04-03,83.37958526611328,99.89054107666016,68.72630310058594,,94.2442626953125
2018-04-04,83.33085632324219,99.84905242919922,68.68521118164062,,94.04949188232422
2018-04-05,83.1199722290039,99.73281860351562,68.70166015625,,93.34809875488281
2018-04-06,83.48505401611328,99.99018096923828,68.75929260253906,,94.36890411376953
2018-04-09,83.50122833251953,99.98190307617188,68.75106811523438,,94.52481842041016
2018-04-10,83.35518646240234,99.84905242919922,68.7181396484375,,94.35334014892578
2018-04-11,83.43632507324219,99.87397766113281,68.7181396484375,,94.68840026855469
2018-04-12,83.13621520996094,99.67465209960938,68.67694091796875,,93.99490356445312
2018-04-13,83.20919036865234,99.66637420654297,68.66046905517578,,94.2131118774414
2018-04-16,83.16866302490234,99.64143371582031,68.6522216796875,,94.2442626953125
2018-04-17,83.21734619140625,99.65807342529297,68.6522216796875,,94.50143432617188
2018-04-18,82.89287567138672,99.42558288574219,68.5946044921875,,93.74552917480469
2018-04-19,82.66574096679688,99.32594299316406,68.5946044921875,,92.9818344116211
2018-04-20,82.38988494873047,99.1349868774414,68.5699234008789,,92.3116683959961
2018-04-23,82.30885314941406,99.06855010986328,68.5616683959961,,92.33505249023438
2018-04-24,82.21146392822266,99.03536224365234,68.5781021118164,,91.91426849365234
2018-04-25,82.03305053710938,98.98551940917969,68.5699234008789,,91.29864501953125
2018-04-26,82.26826477050781,99.10175323486328,68.58638000488281,,91.9376220703125
2018-04-27,82.40618896484375,99.18479919433594,68.60282135009766,,92.64676666259766
2018-04-30,82.49541473388672,99.2346420288086,68.5781021118164,,92.81040954589844
2018-05-01,82.36614990234375,99.1107406616211,68.54759216308594,,92.47615814208984
2018-05-02,82.3824462890625,99.17728424072266,68.5723876953125,,92.37459564208984
2018-05-03,82.59371948242188,99.32691955566406,68.62183380126953,,92.78854370117188
2018-05-04,82.60185241699219,99.32691955566406,68.59709930419922,,92.92911529541016
2018-05-07,82.5612564086914,99.29366302490234,68.59709930419922,,92.78074645996094
2018-05-08,82.423095703125,99.21878814697266,68.6053466796875,,92.69480895996094
2018-05-09,82.23616027832031,99.10244750976562,68.5723876953125,,92.14033508300781
2018-05-10,82.40676879882812,99.16896057128906,68.5723876953125,,92.88224792480469
2018-05-11,82.4149398803711,99.15231323242188,68.5723876953125,,93.1165542602539
2018-05-14,82.23616027832031,99.0941162109375,68.5723876953125,,92.62454223632812
2018-05-15,81.78102111816406,98.79468536376953,68.53109741210938,,91.57024383544922
2018-05-16,81.61034393310547,98.69493865966797,68.53109741210938,,91.21876525878906
2018-05-17,81.56161499023438,98.73648834228516,68.54759216308594,,90.75799560546875
2018-05-18,81.87855529785156,98.92778015136719,68.58057403564453,,91.53897857666016
2018-05-21,81.9354476928711,98.95272827148438,68.58057403564453,,91.5858383178711
2018-05-22,81.90294647216797,98.94440460205078,68.58057403564453,,91.44525909423828
2018-05-23,82.27677917480469,99.19385528564453,68.63829803466797,,92.10907745361328
2018-05-24,82.48807525634766,99.33526611328125,68.6795425415039,,92.84321594238281
2018-05-25,82.81317901611328,99.60968780517578,68.73725128173828,,93.421142578125
2018-05-29,83.70710754394531,100.26667785644531,68.93515014648438,,95.46728515625
2018-05-30,83.34954071044922,99.97560119628906,68.8526840209961,,94.82687377929688
2018-05-31,83.3088607788086,99.96727752685547,68.81970977783203,,94.67070007324219
2018-06-01,83.00109100341797,99.69737243652344,68.76685333251953,,94.17051696777344
2018-06-04,82.70793914794922,99.4641342163086,68.70904541015625,,93.48944091796875
2018-06-05,82.91969299316406,99.64741516113281,68.75037384033203,,93.70863342285156
2018-06-06,82.58583068847656,99.43077087402344,68.72560119628906,,92.94933319091797
2018-06-07,82.93592834472656,99.66404724121094,68.79163360595703,,93.84956359863281
2018-06-08,82.82194519042969,99.58074188232422,68.7751235961914,,93.56774139404297
2018-06-11,82.74053955078125,99.51412963867188,68.75037384033203,,93.39550018310547
2018-06-12,82.6916732788086,99.4641342163086,68.7173080444336,,93.41900634765625
2018-06-13,82.59396362304688,99.36414337158203,68.68427276611328,,93.37205505371094
2018-06-14,82.8545150756836,99.4974136352539,68.70904541015625,,94.14704895019531
2018-06-15,82.91969299316406,99.5307388305664,68.74208068847656,,94.23312377929688
2018-06-18,82.96037292480469,99.57240295410156,68.75860595703125,,94.14704895019531
2018-06-19,83.18024444580078,99.71405029296875,68.78338623046875,,94.6949462890625
2018-06-20,82.91153717041016,99.56405639648438,68.75037384033203,,93.865234375
2018-06-21,83.13140869140625,99.69737243652344,68.79163360595703,,94.35840606689453
2018-06-22,83.14764404296875,99.7306900024414,68.79991912841797,,94.3505630493164
2018-06-25,83.26166534423828,99.82231140136719,68.8246841430664,,94.56192779541016
2018-06-26,83.30239868164062,99.85565948486328,68.8246841430664,,94.6949462890625
2018-06-27,83.61997985839844,100.07222747802734,68.86597442626953,,95.58737182617188
2018-06-28,83.53849029541016,99.98894500732422,68.86597442626953,,95.61084747314453
2018-06-29,83.4733657836914,99.96392059326172,68.84944152832031,,95.28205871582031
2018-07-02,83.41625213623047,99.87467193603516,68.84120178222656,,95.20755767822266
2018-07-03,83.62841796875,100.01651763916016,68.86601257324219,,95.71747589111328
2018-07-05,83.63654327392578,99.99149322509766,68.85773468017578,,95.9920883178711
2018-07-06,83.70993041992188,100.07494354248047,68.87427520751953,,96.30592346191406
2018-07-09,83.49785614013672,99.9414291381836,68.8329086303711,,95.68610382080078
2018-07-10,83.43257141113281,99.86630249023438,68.82464599609375,,95.67826843261719
2018-07-11,83.60392761230469,99.98311614990234,68.84944152832031,,96.04704284667969
2018-07-12,83.5712890625,99.9581069946289,68.84120178222656,,96.03919219970703
2018-07-13,83.70993041992188,100.08328247070312,68.85773468017578,,96.28237915039062
2018-07-16,83.5712890625,99.9581069946289,68.84120178222656,,95.88224029541016
2018-07-17,83.5223388671875,99.92472076416016,68.8329086303711,,95.70177459716797
2018-07-18,83.45707702636719,99.89136505126953,68.82464599609375,,95.31737518310547
2018-07-19,83.68550109863281,100.08328247070312,68.85773468017578,,95.92150115966797
2018-07-20,83.39180755615234,99.94971466064453,68.85773468017578,,94.7446517944336
2018-07-23,82.9838638305664,99.70780181884766,68.81636810302734,,93.5755844116211
2018-07-24,83.0409927368164,99.71611785888672,68.82464599609375,,93.89729309082031
2018-07-25,82.9838638305664,99.66605377197266,68.79985046386719,,93.74824523925781
2018-07-26,82.89414978027344,99.56596374511719,68.79985046386719,,93.56778717041016
2018-07-27,83.02470397949219,99.66605377197266,68.80809783935547,,93.72467803955078
2018-07-30,82.91863250732422,99.63275146484375,68.80809783935547,,93.40303039550781
2018-07-31,83.03284454345703,99.6827621459961,68.80809783935547,,93.91299438476562
2018-08-01,82.8366470336914,99.55824279785156,68.81474304199219,,93.14791107177734
2018-08-02,82.93477630615234,99.6836166381836,68.85613250732422,,93.28158569335938
2018-08-03,83.14725494384766,99.85911560058594,68.86446380615234,,93.74553680419922
2018-08-06,83.18814086914062,99.89253997802734,68.8809814453125,,93.800537109375
2018-08-07,83.0164794921875,99.74212646484375,68.85613250732422,,93.31303405761719
2018-08-08,83.09001922607422,99.80062866210938,68.86446380615234,,93.40740203857422
2018-08-09,83.31892395019531,99.9427261352539,68.90585327148438,,94.19373321533203
2018-08-10,83.6785888671875,100.20182037353516,68.9721450805664,,94.8778305053711
2018-08-13,83.65406036376953,100.21854400634766,68.9555892944336,,94.68125915527344
2018-08-14,83.57234191894531,100.13496398925781,68.9555892944336,,94.46895599365234
2018-08-15,83.77667236328125,100.29374694824219,68.98872375488281,,95.0193862915039
2018-08-16,83.75218963623047,100.26034545898438,68.9721450805664,,95.01151275634766
2018-08-17,83.78485107421875,100.26034545898438,68.99698638916016,,95.12942504882812
2018-08-20,84.04644775390625,100.46927642822266,69.03841400146484,,95.76634979248047
2018-08-21,83.9320297241211,100.37732696533203,69.02183532714844,,95.44400024414062
2018-08-22,84.08726501464844,100.4776611328125,69.03841400146484,,95.8214340209961
2018-08-23,84.07913208007812,100.4442367553711,69.03012084960938,,95.97080993652344
2018-08-24,84.1036605834961,100.42748260498047,69.03841400146484,,96.15950775146484
2018-08-27,83.9156494140625,100.32720947265625,69.01356506347656,,95.60906982421875
2018-08-28,83.72769165039062,100.18512725830078,68.98872375488281,,95.03506469726562
2018-08-29,83.70313262939453,100.13496398925781,68.98043060302734,,95.16088104248047
2018-08-30,83.85846710205078,100.2854232788086,69.03012084960938,,95.36532592773438
2018-08-31,83.87477111816406,100.36066436767578,69.04667663574219,,95.1451416015625
2018-09-04,83.6830825805664,100.26351928710938,69.03092193603516,,94.59508514404297
2018-09-05,83.6749038696289,100.25513458251953,69.03092193603516,,94.3428726196289
2018-09-06,83.84693145751953,100.3807373046875,69.05586242675781,,94.68964385986328
2018-09-07,83.47019958496094,100.07093811035156,68.98112487792969,,93.88578033447266
2018-09-10,83.51929473876953,100.08766174316406,68.98945617675781,,94.2325668334961
2018-09-11,83.21623992919922,99.87834930419922,68.94795227050781,,93.51536560058594
2018-09-12,83.31451416015625,99.92861938476562,68.94795227050781,,93.73604583740234
2018-09-13,83.3063735961914,99.91184997558594,68.95625305175781,,93.87791442871094
2018-09-14,83.15070343017578,99.77789306640625,68.93136596679688,,93.42868041992188
2018-09-17,83.16710662841797,99.81974029541016,68.91478729248047,,93.42868041992188
2018-09-18,82.82310485839844,99.6187973022461,68.90644836425781,,92.45145416259766
2018-09-19,82.68387603759766,99.5434341430664,68.8898696899414,,91.8997802734375
2018-09-20,82.69205474853516,99.5685806274414,68.91478729248047,,92.32537078857422
2018-09-21,82.72480010986328,99.5853271484375,68.89813995361328,,92.28591918945312
2018-09-24,82.63473510742188,99.55183410644531,68.89813995361328,,92.04952239990234
2018-09-25,82.55280303955078,99.50159454345703,68.90644836425781,,91.95498657226562
2018-09-26,82.82310485839844,99.6690444946289,68.91478729248047,,92.6012191772461
2018-09-27,82.82310485839844,99.66072082519531,68.91478729248047,,92.66424560546875
2018-09-28,82.86407470703125,99.69416809082031,68.94795227050781,,92.41991424560547
2018-10-01,82.65396118164062,99.60111236572266,68.92882537841797,,91.74146270751953
2018-10-02,82.86732482910156,99.72687530517578,68.95377349853516,,92.30223846435547
2018-10-03,82.25183868408203,99.38298797607422,68.92054748535156,,90.69883728027344
2018-10-04,82.0384292602539,99.28236389160156,68.9039077758789,,90.05903625488281
2018-10-05,81.84146118164062,99.19010162353516,68.89559936523438,,89.2850112915039
2018-10-08,81.87428283691406,99.23200988769531,68.87897491455078,,88.98487854003906
2018-10-09,82.03023529052734,99.28236389160156,68.9039077758789,,89.88529968261719
2018-10-10,82.07127380371094,99.36621856689453,68.92054748535156,,89.64047241210938
2018-10-11,82.40774536132812,99.53399658203125,68.9454574584961,,90.73043060302734
2018-10-12,82.30924224853516,99.47525787353516,68.9454574584961,,90.41448211669922
2018-10-15,82.3584976196289,99.50045776367188,68.97039031982422,,90.37499237060547
2018-10-16,82.35026550292969,99.50045776367188,68.9454574584961,,90.58036041259766
2018-10-17,82.11231994628906,99.33267211914062,68.9454574584961,,90.04322814941406
2018-10-18,82.26004791259766,99.46691131591797,68.98701477050781,,90.01166534423828
2018-10-19,82.16153717041016,99.39977264404297,68.9454574584961,,89.81417846679688
2018-10-22,82.17796325683594,99.3913803100586,68.92882537841797,,89.69573211669922
2018-10-23,82.39134216308594,99.55913543701172,68.97039031982422,,89.9801025390625
2018-10-24,82.83451843261719,99.90304565429688,69.07842254638672,,90.65936279296875
2018-10-25,82.63756561279297,99.73524475097656,69.05352020263672,,90.28022003173828
2018-10-26,83.00682830810547,100.04560852050781,69.09506225585938,,90.82522583007812
2018-10-29,82.99864959716797,100.03722381591797,69.12003326416016,,90.61984252929688
2018-10-30,82.81810760498047,99.8946304321289,69.08677673339844,,90.16963195800781
2018-10-31,82.6129150390625,99.76044464111328,69.05352020263672,,89.71150970458984
2018-11-01,82.68364715576172,99.8520278930664,69.0918197631836,,89.7946548461914
2018-11-02,82.22309875488281,99.54953002929688,69.00849914550781,,88.67829132080078
2018-11-05,82.27242279052734,99.58311462402344,69.03352355957031,,89.02666473388672
2018-11-06,82.18194580078125,99.49907684326172,69.01689147949219,,88.97123718261719
2018-11-07,82.18194580078125,99.44865417480469,68.99187469482422,,89.08995819091797
2018-11-08,82.06681060791016,99.33106231689453,68.98356628417969,,89.08206939697266
2018-11-09,82.3875503540039,99.57469940185547,69.01689147949219,,89.74714660644531
2018-11-12,82.6343002319336,99.77640533447266,69.06682586669922,,90.33308410644531
2018-11-13,82.70010375976562,99.82679748535156,69.07516479492188,,90.27764892578125
2018-11-14,82.87286376953125,100.00331115722656,69.12509155273438,,90.33308410644531
2018-11-15,82.93040466308594,100.07890319824219,69.1584243774414,,90.29344940185547
2018-11-16,83.18535614013672,100.28056335449219,69.2083740234375,,90.81605529785156
2018-11-19,83.3087158203125,100.38981628417969,69.26667785644531,,91.06939697265625
2018-11-20,83.29229736328125,100.34783172607422,69.2500228881836,,91.10107421875
2018-11-21,83.27584838867188,100.30577850341797,69.2500228881836,,91.06939697265625
2018-11-23,83.3251724243164,100.356201171875,69.2333755493164,,91.1644058227539
2018-11-26,83.25940704345703,100.2973861694336,69.24172973632812,,90.95856475830078
2018-11-27,83.34162139892578,100.3309555053711,69.2500228881836,,91.06147003173828
2018-11-28,83.33342742919922,100.38141632080078,69.27498626708984,,90.61810302734375
2018-11-29,83.5472640991211,100.5074462890625,69.29164123535156,,90.97441864013672
2018-11-30,83.71174621582031,100.58305358886719,69.31661987304688,,91.31486511230469
2018-12-03,83.89471435546875,100.64371490478516,69.25992584228516,,91.96324920654297
2018-12-04,84.28214263916016,100.82046508789062,69.30995178222656,,93.50287628173828
2018-12-06,84.49639892578125,100.99722290039062,69.37670135498047,,93.79645538330078
2018-12-07,84.74366760253906,101.25816345214844,69.4517593383789,,93.9710693359375
2018-12-10,84.79307556152344,101.2750473022461,69.4517593383789,,94.35997009277344
2018-12-11,84.57882690429688,101.1151123046875,69.38500213623047,,94.34403991699219
2018-12-12,84.34801483154297,100.97198486328125,69.37670135498047,,93.92344665527344
2018-12-13,84.39747619628906,101.039306640625,69.44338989257812,,93.70123291015625
2018-12-14,84.52935791015625,101.16556549072266,69.4850845336914,,94.026611328125
2018-12-17,84.77664184570312,101.35921478271484,69.55181884765625,,94.57418823242188
2018-12-18,84.9855728149414,101.51605224609375,69.5927734375,,95.14057922363281
2018-12-19,85.28289031982422,101.62569427490234,69.60943603515625,,96.3974609375
2018-12-20,85.175537109375,101.58351135253906,69.60113525390625,,96.04750061035156
2018-12-21,85.24983978271484,101.65943908691406,69.65120697021484,,96.03153228759766
2018-12-24,85.46460723876953,101.87864685058594,69.70967864990234,,96.50888061523438
2018-12-26,85.05990600585938,101.60040283203125,69.64287567138672,,95.47467803955078
2018-12-27,85.27464294433594,101.8449478149414,69.71803283691406,,95.49061584472656
2018-12-28,85.73712921142578,102.20753479003906,69.81827545166016,,96.29403686523438
2018-12-31,86.05927276611328,102.37621307373047,69.84333038330078,,96.65995788574219
2019-01-02,86.24095916748047,102.51958465576172,69.8516845703125,,97.16910552978516
2019-01-03,86.92646026611328,103.10144805908203,69.9936752319336,,98.27485656738281
2019-01-04,86.22444152832031,102.52799224853516,69.84333038330078,,97.13729095458984
2019-01-07,85.98490142822266,102.32564544677734,69.79320526123047,,96.85090637207031
2019-01-08,85.77017211914062,102.1401138305664,69.75144958496094,,96.59636688232422
2019-01-09,85.81974029541016,102.22443389892578,69.78488159179688,,96.44523620605469
2019-01-10,85.77843475341797,102.20753479003906,69.79320526123047,,95.82470703125
2019-01-11,86.03443145751953,102.39309692382812,69.8349380493164,,96.19860076904297
2019-01-14,85.98490142822266,102.37621307373047,69.8349380493164,,95.84059143066406
2019-01-15,85.90229034423828,102.33407592773438,69.86002349853516,,95.49061584472656
2019-01-16,85.85275268554688,102.30030822753906,69.84333038330078,,95.58609771728516
2019-01-17,85.69586944580078,102.18229675292969,69.8349380493164,,95.60995483398438
2019-01-18,85.42329406738281,101.97144317626953,69.77653503417969,,95.10872650146484
2019-01-22,85.72057342529297,102.18229675292969,69.8349380493164,,95.75312805175781
2019-01-23,85.6793212890625,102.1401138305664,69.81827545166016,,95.71334838867188
2019-01-24,85.95187377929688,102.33407592773438,69.87675476074219,,96.3417739868164
2019-01-25,85.75365447998047,102.18229675292969,69.82659149169922,,95.88043975830078
2019-01-28,85.77843475341797,102.19914245605469,69.8349380493164,,95.78494262695312
2019-01-29,86.02622985839844,102.40996551513672,69.868408203125,,96.27017211914062
2019-01-30,86.22444152832031,102.62075805664062,69.9602279663086,,96.19860076904297
2019-01-31,86.620849609375,102.90748596191406,70.01871490478516,,97.02588653564453
2019-02-01,86.15736389160156,102.54419708251953,69.93672180175781,,96.43988037109375
2019-02-04,85.96704864501953,102.434326171875,69.93672180175781,,96.00934600830078
2019-02-05,86.11595916748047,102.53570556640625,69.93672180175781,,96.44789123535156
2019-02-06,86.18218231201172,102.60333251953125,69.97021484375,,96.49573516845703
2019-02-07,86.46358489990234,102.78919982910156,70.02040100097656,,97.133544921875
2019-02-08,86.57946014404297,102.8652572631836,70.04551696777344,,97.54814910888672
2019-02-11,86.44705963134766,102.7723159790039,70.02040100097656,,97.1654052734375
2019-02-12,86.33119201660156,102.67937469482422,70.01204681396484,,96.91825866699219
2019-02-13,86.11595916748047,102.5273208618164,69.96184539794922,,96.55152130126953
2019-02-14,86.52155303955078,102.80609130859375,70.05390167236328,,97.10165405273438
2019-02-15,86.43878173828125,102.73851013183594,70.02040100097656,,97.25312042236328
2019-02-19,86.58775329589844,102.8652572631836,70.0705795288086,,97.50030517578125
2019-02-20,86.5711898803711,102.8567886352539,70.06222534179688,,97.22125244140625
2019-02-21,86.31465911865234,102.6962661743164,70.0371322631836,,96.35222625732422
2019-02-22,86.5711898803711,102.87369537353516,70.08735656738281,,96.92623901367188
2019-02-25,86.43878173828125,102.80609130859375,70.0790023803711,,96.63922882080078
2019-02-26,86.69532775878906,102.97509002685547,70.11247253417969,,97.11759185791016
2019-02-27,86.38912200927734,102.80609130859375,70.09571075439453,,96.01736450195312
2019-02-28,86.1656265258789,102.67937469482422,70.0790023803711,,95.69046020507812
2019-03-01,85.88289642333984,102.45762634277344,70.03202056884766,,94.80597686767578
2019-03-04,86.14823913574219,102.63536071777344,70.0488052368164,,95.54901885986328
2019-03-05,86.19805908203125,102.65226745605469,70.05715942382812,,95.74878692626953
2019-03-06,86.43846130371094,102.83849334716797,70.10748291015625,,96.10032653808594
2019-03-07,86.72869110107422,103.083984375,70.1661376953125,,96.72354125976562
2019-03-08,86.85311126708984,103.1601333618164,70.19131469726562,,97.1310043334961
2019-03-11,86.78675842285156,103.09243774414062,70.17457580566406,,96.84337615966797
2019-03-12,87.02721405029297,103.24475860595703,70.19969940185547,,97.5224838256836
2019-03-13,86.99408721923828,103.24475860595703,70.20806884765625,,97.33875274658203
2019-03-14,86.86967468261719,103.18553161621094,70.22484588623047,,96.6356430053711
2019-03-15,87.143310546875,103.35480499267578,70.2499771118164,,97.27481842041016
2019-03-18,87.02721405029297,103.27863311767578,70.2331771850586,,97.21887969970703
2019-03-19,86.9691390991211,103.22785949707031,70.22484588623047,,97.00316619873047
2019-03-20,87.57450103759766,103.68489837646484,70.32542419433594,,98.0178451538086
2019-03-21,87.53302764892578,103.63414764404297,70.32542419433594,,98.23357391357422
2019-03-22,88.17982482910156,104.09966278076172,70.44278717041016,,99.7596206665039
2019-03-25,88.40370178222656,104.31969451904297,70.51828002929688,,99.91943359375
2019-03-26,88.32908630371094,104.27741241455078,70.5098876953125,,99.84749603271484
2019-03-27,88.586181640625,104.45514678955078,70.56852722167969,,100.76631927490234
2019-03-28,88.5944595336914,104.41280364990234,70.56016540527344,,101.11787414550781
2019-03-29,88.45346069335938,104.27741241455078,70.51828002929688,,101.02196502685547
2019-04-01,87.84527587890625,103.87797546386719,70.44600677490234,,99.58711242675781
2019-04-02,87.99482727050781,104.01370239257812,70.47964477539062,,99.77124786376953
2019-04-03,87.72062683105469,103.86954498291016,70.44600677490234,,98.9064712524414
2019-04-04,87.81201934814453,103.92040252685547,70.46281433105469,,99.18670654296875
2019-04-05,87.85358428955078,103.94588470458984,70.45438385009766,,99.31484985351562
2019-04-08,87.71229553222656,103.85255432128906,70.43760681152344,,98.96249389648438
2019-04-09,87.87020111083984,103.94588470458984,70.44600677490234,,99.27478790283203
2019-04-10,88.07791137695312,104.0899887084961,70.50482177734375,,99.5150146484375
2019-04-11,87.87853240966797,103.94588470458984,70.46281433105469,,98.93045806884766
2019-04-12,87.47135162353516,103.6659927368164,70.42082214355469,,98.22579193115234
2019-04-15,87.58768463134766,103.73387908935547,70.42920684814453,,98.47405242919922
2019-04-16,87.2885513305664,103.55574035644531,70.42082214355469,,97.85749053955078
2019-04-17,87.30513000488281,103.60660552978516,70.44600677490234,,97.89753723144531
2019-04-18,87.51290130615234,103.73387908935547,70.46281433105469,,98.40999603271484
2019-04-22,87.38825225830078,103.68292999267578,70.4712142944336,,97.93758392333984
2019-04-23,87.546142578125,103.81861877441406,70.50482177734375,,98.14575958251953
2019-04-24,87.87853240966797,104.05606079101562,70.54682922363281,,98.94650268554688
2019-04-25,87.77049255371094,103.97126007080078,70.54682922363281,,98.80239868164062
2019-04-26,88.00314331054688,104.18326568603516,70.62236785888672,,99.13866424560547
2019-04-29,87.82034301757812,104.07302856445312,70.59722137451172,,98.50609588623047
2019-04-30,87.99482727050781,104.2256851196289,70.64762878417969,,99.01060485839844
2019-05-01,87.95487213134766,104.11354064941406,70.58534240722656,,99.41897583007812
2019-05-02,87.70509338378906,103.93513488769531,70.5516586303711,,98.9455337524414
2019-05-03,87.82164001464844,104.01161193847656,70.57691955566406,,99.2264404296875
2019-05-06,88.04644775390625,104.18997955322266,70.61898040771484,,99.49919891357422
2019-05-07,88.3461685180664,104.36839294433594,70.65264129638672,,100.26152038574219
2019-05-08,88.17964935302734,104.25798034667969,70.64422607421875,,99.82818603515625
2019-05-09,88.41275787353516,104.43637084960938,70.68627166748047,,100.23744201660156
2019-05-10,88.35449981689453,104.39386749267578,70.7031478881836,,100.10105895996094
2019-05-13,88.79580688476562,104.76768493652344,70.78729248046875,,100.88742065429688
2019-05-14,88.71250915527344,104.7166748046875,70.78729248046875,,100.59048461914062
2019-05-15,88.99559020996094,104.93759155273438,70.83776092529297,,101.20834350585938
2019-05-16,88.82077026367188,104.82717895507812,70.79569244384766,,100.87136840820312
2019-05-17,88.86241149902344,104.85259246826172,70.81258392333984,,101.09600830078125
2019-05-20,88.71250915527344,104.70821380615234,70.77886199951172,,100.88742065429688
2019-05-21,88.61262512207031,104.58930969238281,70.74520111083984,,100.72689056396484
2019-05-22,88.87905883789062,104.8186264038086,70.77886199951172,,101.30467224121094
2019-05-23,89.42022705078125,105.20945739746094,70.90509796142578,,102.44408416748047
2019-05-24,89.39524841308594,105.17550659179688,70.8798599243164,,102.5323715209961
2019-05-28,89.78655242919922,105.41337585449219,70.93875885009766,,103.27056884765625
2019-05-29,89.75325012207031,105.37089538574219,70.9471664428711,,103.58348846435547
2019-05-30,90.07797241210938,105.60028076171875,71.0060806274414,,104.47418212890625
2019-05-31,90.6774673461914,106.1100082397461,71.15754699707031,,105.78211975097656
2019-06-03,91.11372375488281,106.48104095458984,71.29159545898438,,106.48969268798828
2019-06-04,90.78004455566406,106.27679443359375,71.24101257324219,,105.27556610107422
2019-06-05,90.78004455566406,106.37042236328125,71.27476501464844,,104.68054962158203
2019-06-06,90.76333618164062,106.26829528808594,71.23258209228516,,105.01824951171875
2019-06-07,91.1220932006836,106.49810028076172,71.30846405029297,,105.92682647705078
2019-06-10,90.67157745361328,106.18318176269531,71.24101257324219,,104.9298095703125
2019-06-11,90.67157745361328,106.17467498779297,71.2157211303711,,104.99415588378906
2019-06-12,90.90516662597656,106.37892150878906,71.27476501464844,,105.07454681396484
2019-06-13,91.13038635253906,106.57466125488281,71.35064697265625,,105.4364013671875
2019-06-14,91.19717407226562,106.55766296386719,71.32535552978516,,105.70172119140625
2019-06-17,91.18048858642578,106.53214263916016,71.29159545898438,,105.88665008544922
2019-06-18,91.35565948486328,106.60018920898438,71.3000717163086,,106.41732025146484
2019-06-19,91.60589599609375,106.91512298583984,71.45181274414062,,106.57012939453125
2019-06-20,91.75608825683594,107.00874328613281,71.48555755615234,,106.85151672363281
2019-06-21,91.38066101074219,106.80448150634766,71.45181274414062,,105.67757415771484
2019-06-24,91.6976547241211,107.01721954345703,71.49398040771484,,106.4655532836914
2019-06-25,91.83949279785156,107.13639068603516,71.5108413696289,,106.79524993896484
2019-06-26,91.46406555175781,106.80448150634766,71.426513671875,,106.11178588867188
2019-06-27,91.73937225341797,107.00874328613281,71.48555755615234,,106.85957336425781
2019-06-28,91.7811050415039,107.03428649902344,71.48555755615234,,106.78723907470703
2019-07-01,91.665771484375,106.94308471679688,71.43993377685547,,106.53749084472656
2019-07-02,91.99166870117188,107.13063049316406,71.48219299316406,,107.35919189453125
2019-07-03,92.16719818115234,107.19029998779297,71.4990463256836,,108.12454986572266
2019-07-05,91.58219146728516,106.74699401855469,71.35549926757812,,106.69050598144531
2019-07-08,91.49031829833984,106.63615417480469,71.32166290283203,,106.83553314208984
2019-07-09,91.43177795410156,106.5423812866211,71.29634094238281,,106.79519653320312
2019-07-10,91.48192596435547,106.78105926513672,71.42302703857422,,106.20716094970703
2019-07-11,91.03067016601562,106.52531433105469,71.3892822265625,,104.78917694091797
2019-07-12,91.13095092773438,106.59354400634766,71.39771270751953,,104.91010284423828
2019-07-15,91.3231430053711,106.71287536621094,71.4145736694336,,105.51431274414062
2019-07-16,91.12258911132812,106.55089569091797,71.3892822265625,,105.20011138916016
2019-07-17,91.54876708984375,106.84927368164062,71.45684814453125,,106.33602905273438
2019-07-18,91.77444458007812,107.09650421142578,71.54132080078125,,106.34407806396484
2019-07-19,91.60726928710938,106.90042114257812,71.46526336669922,,106.09432983398438
2019-07-22,91.6490707397461,106.94308471679688,71.47371673583984,,106.29574584960938
2019-07-23,91.49862670898438,106.84071350097656,71.45684814453125,,105.71569061279297
2019-07-24,91.63237762451172,106.90042114257812,71.47371673583984,,106.1749038696289
2019-07-25,91.47355651855469,106.7555160522461,71.43150329589844,,105.66736602783203
2019-07-26,91.45682525634766,106.7555160522461,71.43993377685547,,105.91712951660156
2019-07-29,91.54041290283203,106.7981185913086,71.43993377685547,,105.9493179321289
2019-07-30,91.58219146728516,106.82369995117188,71.4483871459961,,106.20716094970703
2019-07-31,91.81616973876953,106.8663330078125,71.43993377685547,,107.06107330322266
2019-08-01,92.85762023925781,107.65120697021484,71.64308166503906,,109.1873779296875
2019-08-02,93.05018615722656,107.73658752441406,71.65997314453125,,110.19645690917969
2019-08-05,93.85388946533203,108.31731414794922,71.8038101196289,,112.10154724121094
2019-08-06,94.00454711914062,108.4027328491211,71.837646484375,,112.99754333496094
2019-08-07,94.00454711914062,108.39421844482422,71.84615325927734,,113.03790283203125
2019-08-08,94.01287078857422,108.36859130859375,71.82074737548828,,113.28009033203125
2019-08-09,93.8705825805664,108.22340393066406,71.77842712402344,,113.05406188964844
2019-08-12,94.46498107910156,108.58212280273438,71.85459899902344,,115.41120910644531
2019-08-13,94.1301040649414,108.26608276367188,71.76997375488281,,115.01566314697266
2019-08-14,94.75801849365234,108.59919738769531,71.8630599975586,,117.60689544677734
2019-08-15,95.36074829101562,109.04326629638672,72.01539611816406,,118.91465759277344
2019-08-16,95.10953521728516,109.00057220458984,72.00690460205078,,117.96209716796875
2019-08-19,94.65754699707031,108.67601776123047,71.93079376220703,,116.27493286132812
2019-08-20,95.07608795166016,108.94078826904297,71.98152160644531,,117.47777557373047
2019-08-21,94.82495880126953,108.73584747314453,71.91382598876953,,116.69473266601562
2019-08-22,94.61566925048828,108.58212280273438,71.8800048828125,,115.91978454589844
2019-08-23,95.25190734863281,109.04326629638672,71.99845123291016,,117.82479858398438
2019-08-26,95.1598129272461,108.96641540527344,71.96463012695312,,117.34856414794922
2019-08-27,95.57001495361328,109.17138671875,71.9900131225586,,119.15682983398438
2019-08-28,95.60347747802734,109.19702911376953,72.00690460205078,,119.31017303466797
2019-08-29,95.41934967041016,109.08595275878906,71.97309112548828,,118.85810089111328
2019-08-30,95.44445037841797,109.10304260253906,71.99845123291016,,118.89044952392578
2019-09-03,95.65408325195312,109.33830261230469,72.05443572998047,,119.0440444946289
2019-09-04,95.80502319335938,109.51799011230469,72.11378479003906,,119.22196960449219
2019-09-05,95.0335693359375,108.93623352050781,71.95269012451172,,117.06280517578125
2019-09-06,95.09224700927734,108.97903442382812,71.9611587524414,,117.89575958251953
2019-09-09,94.5052719116211,108.64537048339844,71.8848876953125,,115.80132293701172
2019-09-10,93.81766510009766,108.17488098144531,71.7662124633789,,113.77152252197266
2019-09-11,93.72538757324219,108.1064224243164,71.7662124633789,,113.56940460205078
2019-09-12,93.51578521728516,107.94387817382812,71.74922943115234,,112.82539367675781
2019-09-13,92.66043090820312,107.37928771972656,71.63053894042969,,110.41555786132812
2019-09-16,93.06292724609375,107.65302276611328,71.68988037109375,,111.82263946533203
2019-09-17,93.30611419677734,107.8070297241211,71.72383117675781,,112.42918395996094
2019-09-18,93.33966827392578,107.75569915771484,71.68138122558594,,112.90623474121094
2019-09-19,93.38159942626953,107.84123229980469,71.68988037109375,,113.24589538574219
2019-09-20,93.91830444335938,108.14064025878906,71.7662124633789,,114.74195098876953
2019-09-23,94.05243682861328,108.26041412353516,71.80857849121094,,114.71768188476562
2019-09-24,94.52204132080078,108.59403991699219,71.8848876953125,,116.10053253173828
2019-09-25,93.90152740478516,108.16632843017578,71.7916259765625,,114.4023208618164
2019-09-26,94.10275268554688,108.27748107910156,71.82553100585938,,115.1381607055664
2019-09-27,94.23692321777344,108.4058609008789,71.86788940429688,,115.42120361328125
2019-09-30,94.3123779296875,108.47431945800781,71.90182495117188,,115.70427703857422
2019-10-01,94.57359313964844,108.7313461303711,71.98245239257812,,116.05259704589844
2019-10-02,94.901123046875,109.01408386230469,72.05891418457031,,116.33612060546875
2019-10-03,95.3966293334961,109.41680145263672,72.21176147460938,,117.3973617553711
2019-10-04,95.58138275146484,109.50250244140625,72.2032470703125,,118.26411437988281
2019-10-07,95.26219177246094,109.25399017333984,72.12682342529297,,117.283935546875
2019-10-08,95.46380615234375,109.39107513427734,72.16929626464844,,117.59986877441406
2019-10-09,95.22025299072266,109.26254272460938,72.12682342529297,,116.93559265136719
2019-10-10,94.62397003173828,108.85128784179688,72.0418930053711,,115.19389343261719
2019-10-11,93.97730255126953,108.44855499267578,71.97402954101562,,113.7681884765625
2019-10-14,94.23765563964844,108.51714324951172,71.98245239257812,,114.59445190429688
2019-10-15,93.78414154052734,108.28575134277344,71.96548461914062,,113.20916748046875
2019-10-16,93.9688949584961,108.44002532958984,71.9994888305664,,113.346923828125
2019-10-17,93.93533325195312,108.40574645996094,71.9994888305664,,113.07152557373047
2019-10-18,94.01930236816406,108.4999771118164,72.02494049072266,,113.07152557373047
2019-10-21,93.67497253417969,108.26008605957031,71.990966796875,,112.22089385986328
2019-10-22,93.8933334350586,108.3885726928711,72.01641845703125,,112.87705993652344
2019-10-23,93.92692565917969,108.34574127197266,72.00796508789062,,112.9905014038086
2019-10-24,93.9101333618164,108.37146759033203,72.00796508789062,,112.76366424560547
2019-10-25,93.7085189819336,108.20870208740234,71.96548461914062,,112.21278381347656
2019-10-28,93.3558349609375,108.05445098876953,71.94001770019531,,111.19210815429688
2019-10-29,93.43978881835938,108.07157135009766,71.95701599121094,,111.2650146484375
2019-10-30,93.8933334350586,108.33717346191406,71.9994888305664,,112.89325714111328
2019-10-31,94.48958587646484,108.79133605957031,72.12682342529297,,114.41624450683594
2019-11-01,94.31127166748047,108.64631652832031,72.08429718017578,,114.06401062011719
2019-11-04,93.83190155029297,108.38883209228516,72.03326416015625,,112.56272888183594
2019-11-05,93.32723236083984,108.06278991699219,71.98223876953125,,111.29683685302734
2019-11-06,93.59638214111328,108.24298095703125,72.02477264404297,,111.97035217285156
2019-11-07,92.84782409667969,107.75386047363281,71.9397201538086,,109.9416275024414
2019-11-08,92.72163391113281,107.71092224121094,71.94821166992188,,109.47909545898438
2019-11-11,92.82258605957031,107.75386047363281,71.96522521972656,,109.5521240234375
2019-11-12,92.86463928222656,107.8224868774414,71.97372436523438,,110.0551986694336
2019-11-13,93.11693572998047,108.01126098632812,72.00776672363281,,110.76935577392578
2019-11-14,93.58797454833984,108.32878112792969,72.0757827758789,,111.9135513305664
2019-11-15,93.51224517822266,108.21725463867188,72.0502700805664,,111.79180145263672
2019-11-18,93.67205810546875,108.33736419677734,72.08429718017578,,111.9947280883789
2019-11-19,93.84867858886719,108.37171936035156,72.0757827758789,,112.92794036865234
2019-11-20,94.19351196289062,108.59479522705078,72.10981750488281,,114.09651947021484
2019-11-21,93.9580078125,108.44892120361328,72.0757827758789,,113.3824234008789
2019-11-22,93.94122314453125,108.42316436767578,72.06726837158203,,113.52847290039062
2019-11-25,93.98326110839844,108.4317626953125,72.0757827758789,,113.86117553710938
2019-11-26,94.15991973876953,108.55188751220703,72.10981750488281,,114.52658081054688
2019-11-27,93.91600799560547,108.38026428222656,72.06726837158203,,114.19389343261719
2019-11-29,93.84030151367188,108.38883209228516,72.09283447265625,,113.95045471191406
2019-12-02,93.50335693359375,108.25310516357422,72.0706787109375,,112.43112182617188
2019-12-03,94.33723449707031,108.77726745605469,72.17288970947266,,114.78849792480469
2019-12-04,93.97505187988281,108.53665161132812,72.13880157470703,,113.6423568725586
2019-12-05,93.75605010986328,108.41634368896484,72.10470581054688,,113.08954620361328
2019-12-06,93.46971130371094,108.22724914550781,72.07917022705078,,112.46363067626953
2019-12-09,93.54545593261719,108.21871948242188,72.07917022705078,,112.7074966430664
2019-12-10,93.43596649169922,108.11554718017578,72.04509735107422,,112.7155990600586
2019-12-11,93.82345581054688,108.35619354248047,72.10470581054688,,113.6016616821289
2019-12-12,93.08223724365234,107.90934753417969,72.0365982055664,,111.73198699951172
2019-12-13,93.62973022460938,108.28744506835938,72.12176513671875,,113.02446746826172
2019-12-16,93.19173431396484,108.03824615478516,72.07917022705078,,112.00840759277344
2019-12-17,93.20011138916016,108.04683685302734,72.09622192382812,,111.85394287109375
2019-12-18,92.94744873046875,107.93509674072266,72.10470581054688,,110.93538665771484
2019-12-19,93.02000427246094,108.00138854980469,72.11923217773438,,111.11289978027344
2019-12-20,93.02000427246094,107.98416900634766,72.11923217773438,,111.2593994140625
2019-12-23,92.93563079833984,107.92394256591797,72.1021499633789,,111.09664154052734
2019-12-24,93.09588623046875,108.03580474853516,72.11071014404297,,111.41416931152344
2019-12-26,93.23088836669922,108.12186431884766,72.13630676269531,,111.68285369873047
2019-12-27,93.36580657958984,108.31116485595703,72.18749237060547,,111.80498504638672
2019-12-30,93.3067855834961,108.33699035644531,72.21308135986328,,111.3978500366211
2019-12-31,92.96937561035156,108.21649932861328,72.20453643798828,,110.30684661865234
2020-01-02,93.39956665039062,108.40584564208984,72.23865509033203,,111.55255889892578
2020-01-03,94.02373504638672,108.75006866455078,72.2983627319336,,113.27046203613281
2020-01-06,93.92249298095703,108.68983459472656,72.27279663085938,,112.62728118896484
2020-01-07,93.78754425048828,108.64683532714844,72.27279663085938,,112.07362365722656
2020-01-08,93.56824493408203,108.5004653930664,72.23865509033203,,111.33272552490234
2020-01-09,93.63573455810547,108.5004653930664,72.24720764160156,,111.7235336303711
2020-01-10,93.83816528320312,108.603759765625,72.26426696777344,,112.71685028076172
2020-01-13,93.72856903076172,108.54352569580078,72.25574493408203,,112.37490844726562
2020-01-14,93.91413116455078,108.65541076660156,72.26426696777344,,112.9530258178711
2020-01-15,94.15028381347656,108.77588653564453,72.2983627319336,,113.7020263671875
2020-01-16,93.95626831054688,108.69844055175781,72.2983627319336,,113.34375
2020-01-17,93.88034057617188,108.68123626708984,72.3239974975586,,112.37490844726562
2020-01-21,94.25148010253906,108.93077850341797,72.34105682373047,,113.55550384521484
2020-01-22,94.26837921142578,108.9480209350586,72.35811614990234,,113.95442962646484
2020-01-23,94.50452423095703,109.08567810058594,72.38368225097656,,114.75238800048828
2020-01-24,94.8419189453125,109.2750244140625,72.4093246459961,,115.6805419921875
2020-01-27,95.48299407958984,109.6536865234375,72.48611450195312,,117.47990417480469
2020-01-28,95.16243743896484,109.50737762451172,72.45199584960938,,116.55987548828125
2020-01-29,95.61792755126953,109.77415466308594,72.52024841308594,,117.69975280761719
2020-01-30,95.710693359375,109.86880493164062,72.52875518798828,,117.7160415649414
2020-01-31,96.19152069091797,110.20442962646484,72.62260437011719,,118.79069519042969
2020-02-03,96.10955047607422,110.09149932861328,72.60124206542969,,118.69447326660156
2020-02-04,95.5521469116211,109.76399993896484,72.52433013916016,,117.09603118896484
2020-02-05,95.13829040527344,109.53125762939453,72.47307586669922,,115.81564331054688
2020-02-06,95.20581817626953,109.53988647460938,72.49015045166016,,116.33755493164062
2020-02-07,95.66193389892578,109.7984848022461,72.53288269042969,,117.7891845703125
2020-02-10,95.8477783203125,109.96226501464844,72.56708526611328,,118.11546325683594
2020-02-11,95.61971282958984,109.80706024169922,72.53288269042969,,117.52012634277344
2020-02-12,95.374755859375,109.66056060791016,72.49867248535156,,116.92472839355469
2020-02-13,95.45924377441406,109.71229553222656,72.51581573486328,,117.37328338623047
2020-02-14,95.69573211669922,109.7984848022461,72.54996490478516,,117.8870620727539
2020-02-18,95.8477783203125,109.93635559082031,72.57561492919922,,118.69447326660156
2020-02-19,95.83084106445312,109.8932876586914,72.58415222167969,,118.68631744384766
2020-02-20,96.10955047607422,110.08293151855469,72.60124206542969,,119.61609649658203
2020-02-21,96.49809265136719,110.32423400878906,72.66108703613281,,120.73331451416016
2020-02-24,97.24983215332031,110.85000610351562,72.78069305419922,,122.53570556640625
2020-02-25,97.52011108398438,111.0482406616211,72.85763549804688,,123.18818664550781
2020-02-26,97.46942901611328,111.0654525756836,72.90886688232422,,122.53570556640625
2020-02-27,97.94236755371094,111.42745208740234,72.99430084228516,,123.86508178710938
2020-02-28,99.04044342041016,112.28938293457031,73.25923919677734,,126.66239166259766
2020-03-02,98.9727783203125,112.13488006591797,73.22931671142578,,125.73042297363281
2020-03-03,100.12286376953125,113.06705474853516,73.520263671875,,127.68246459960938
2020-03-04,99.90299224853516,112.98938751220703,73.5287857055664,,126.32678985595703
2020-03-05,100.79088592529297,113.4554214477539,73.682861328125,,129.4712677001953
2020-03-06,101.8140869140625,113.87836456298828,73.76844787597656,,136.2093505859375
2020-03-09,102.72740936279297,114.40485382080078,74.17062377929688,,139.901123046875
2020-03-10,100.84162902832031,113.78339385986328,73.8454360961914,,132.72998046875
2020-03-11,99.8353500366211,113.51583862304688,73.75987243652344,,127.8458480834961
2020-03-12,99.88606262207031,113.64534759521484,73.74275970458984,,128.6381378173828
2020-03-13,99.23489379882812,113.11019897460938,73.83688354492188,,125.73042297363281
2020-03-16,101.85637664794922,114.28402709960938,73.9566650390625,,133.8734893798828
2020-03-17,99.30256652832031,113.03254699707031,73.78555297851562,,124.94637298583984
2020-03-18,97.92420196533203,112.29885864257812,73.69143676757812,,117.89789581298828
2020-03-19,98.24555206298828,112.54051971435547,73.81979370117188,,121.10762023925781
2020-03-20,100.74860382080078,113.88700103759766,74.01659393310547,,130.21444702148438
2020-03-23,101.94090270996094,114.69835662841797,74.10218048095703,,135.5805206298828
2020-03-24,101.24752044677734,114.1545639038086,73.99949645996094,,133.05673217773438
2020-03-25,101.30672454833984,114.1890640258789,74.08503723144531,,132.75445556640625
2020-03-26,101.55191802978516,114.41348266601562,74.17062377929688,,133.4079132080078
2020-03-27,102.30457305908203,114.8450698852539,74.15349578857422,,136.96890258789062
2020-03-30,102.54134368896484,114.86228942871094,74.1877670288086,,135.8418731689453
2020-03-31,102.72740936279297,115.08670043945312,74.17062377929688,,134.73927307128906
2020-04-01,103.1456527709961,115.17489624023438,74.21863555908203,,136.62698364257812
2020-04-02,103.16254425048828,115.0970687866211,74.23577117919922,,137.49400329589844
2020-04-03,103.23876190185547,115.11436462402344,74.21863555908203,,137.8211669921875
2020-04-06,102.77311706542969,114.83786010742188,74.16724395751953,,137.4613037109375
2020-04-07,102.31592559814453,114.64768981933594,74.15009307861328,,136.021728515625
2020-04-08,102.18893432617188,114.66503143310547,74.19290161132812,,135.03207397460938
2020-04-09,102.40904235839844,114.90699005126953,74.21863555908203,,135.2775115966797
2020-04-13,102.18893432617188,114.7860107421875,74.2271499633789,,134.0423126220703
2020-04-14,102.3243637084961,114.9328842163086,74.2271499633789,,134.0096435546875
2020-04-15,103.23876190185547,115.32176208496094,74.25291442871094,,137.55943298339844
2020-04-16,103.34880828857422,115.32176208496094,74.27001190185547,,139.1217041015625
2020-04-17,103.07788848876953,115.20079803466797,74.24430847167969,,137.25685119628906
2020-04-20,103.34880828857422,115.29585266113281,74.24430847167969,,138.36097717285156
2020-04-21,103.63666534423828,115.38224029541016,74.261474609375,,140.10321044921875
2020-04-22,103.31497192382812,115.21806335449219,74.23577117919922,,138.6718292236328
2020-04-23,103.38262939453125,115.21806335449219,74.2271499633789,,139.40798950195312
2020-04-24,103.40806579589844,115.24398040771484,74.2271499633789,,139.73513793945312
2020-04-27,102.85774230957031,115.01065063476562,74.2271499633789,,137.13417053222656
2020-04-28,103.30648040771484,115.21806335449219,74.25291442871094,,138.71267700195312
2020-04-29,103.25569152832031,115.26992797851562,74.24430847167969,,137.9928741455078
2020-04-30,103.01016998291016,115.22667694091797,74.37284851074219,,136.38168334960938
2020-05-01,103.15254211425781,115.23101043701172,74.26309967041016,,137.54953002929688
2020-05-04,103.16947174072266,115.25696563720703,74.26309967041016,,136.90249633789062
2020-05-05,103.09320068359375,115.23101043701172,74.25450897216797,,136.02621459960938
2020-05-06,102.7118148803711,115.15321350097656,74.28026580810547,,133.83131408691406
2020-05-07,103.33900451660156,115.53377532958984,74.33167266845703,,136.067138671875
2020-05-08,103.0,115.41268157958984,74.31452941894531,,134.29808044433594
2020-05-11,102.7118148803711,115.25696563720703,74.28877258300781,,133.24981689453125
2020-05-12,103.05084991455078,115.39533996582031,74.30596160888672,,134.61749267578125
2020-05-13,103.26270294189453,115.47321319580078,74.30596160888672,,135.55929565429688
2020-05-14,103.4237289428711,115.54238891601562,74.28877258300781,,136.88612365722656
2020-05-15,103.35594940185547,115.53377532958984,74.33167266845703,,136.53395080566406
2020-05-18,102.72030639648438,115.24834442138672,74.27168273925781,,133.53648376464844
2020-05-19,103.00843811035156,115.4040298461914,74.31452941894531,,134.03611755371094
2020-05-20,103.03386688232422,115.41268157958984,74.31452941894531,,134.43728637695312
2020-05-21,103.10167694091797,115.42132568359375,74.29740142822266,,134.77313232421875
2020-05-22,103.29662322998047,115.45591735839844,74.29740142822266,,135.5839385986328
2020-05-26,103.025390625,115.41268157958984,74.29740142822266,,133.76573181152344
2020-05-27,103.11016845703125,115.42132568359375,74.28026580810547,,133.5200958251953
2020-05-28,103.01691436767578,115.41268157958984,74.31452941894531,,133.02870178222656
2020-05-29,103.34745788574219,115.59432983398438,74.31452941894531,,133.9786834716797
2020-06-01,103.30677795410156,115.56314849853516,74.30594635009766,,133.0766143798828
2020-06-02,103.13705444335938,115.48521423339844,74.30594635009766,,132.5928192138672
2020-06-03,102.52626037597656,115.20818328857422,74.24589538574219,,130.82972717285156
2020-06-04,102.11904907226562,115.03501892089844,74.26304626464844,,128.9354248046875
2020-06-05,101.60997772216797,114.75799560546875,74.23731231689453,,128.0169219970703
2020-06-08,101.72025299072266,114.81853485107422,74.22016143798828,,128.50904846191406
2020-06-09,102.08509826660156,115.0523681640625,74.24589538574219,,129.96868896484375
2020-06-10,102.84858703613281,115.47660827636719,74.28878021240234,,131.89578247070312
2020-06-11,103.21343994140625,115.5112075805664,74.25444030761719,,134.38876342773438
2020-06-12,102.98438262939453,115.45063018798828,74.28025817871094,,133.09307861328125
2020-06-15,102.89950561523438,115.40729522705078,74.26304626464844,,133.1668701171875
2020-06-16,102.68740844726562,115.35537719726562,74.25444030761719,,131.1249237060547
2020-06-17,102.84858703613281,115.3899917602539,74.28025817871094,,131.66615295410156
2020-06-18,103.07766723632812,115.44193267822266,74.27165985107422,,133.060302734375
2020-06-19,103.11161804199219,115.47660827636719,74.28878021240234,,133.1668701171875
2020-06-22,103.01828002929688,115.42465209960938,74.27165985107422,,133.1832275390625
2020-06-23,102.98438262939453,115.46793365478516,74.28878021240234,,132.2730255126953
2020-06-24,103.17950439453125,115.52852630615234,74.29737091064453,,133.6916961669922
2020-06-25,103.19644165039062,115.54582977294922,74.29737091064453,,134.07711791992188
2020-06-26,103.47642517089844,115.69300079345703,74.32318115234375,,135.51214599609375
2020-06-29,103.57820129394531,115.7708969116211,74.3403091430664,,135.08578491210938
2020-06-30,103.3915786743164,115.72765350341797,74.3316879272461,,134.42971801757812
2020-07-01,103.23021697998047,115.61845397949219,74.3067626953125,,134.16867065429688
2020-07-02,103.35763549804688,115.72242736816406,74.34117126464844,,134.30821228027344
2020-07-06,103.20477294921875,115.63578796386719,74.31538391113281,,133.75819396972656
2020-07-07,103.53594207763672,115.75711059570312,74.33258056640625,,135.6382293701172
2020-07-08,103.37460327148438,115.70514678955078,74.33258056640625,,135.09645080566406
2020-07-09,103.70580291748047,115.81775665283203,74.3497314453125,,137.24740600585938
2020-07-10,103.5019760131836,115.72242736816406,74.32400512695312,,136.5577850341797
2020-07-13,103.6123275756836,115.7744140625,74.32400512695312,,137.00929260253906
2020-07-14,103.60387420654297,115.7484130859375,74.33258056640625,,137.20635986328125
2020-07-15,103.56990814208984,115.75711059570312,74.34117126464844,,136.5659637451172
2020-07-16,103.64630889892578,115.81775665283203,74.34117126464844,,137.2145538330078
2020-07-17,103.62081909179688,115.80044555664062,74.35833740234375,,136.92718505859375
2020-07-20,103.68877410888672,115.80044555664062,74.34117126464844,,137.26385498046875
2020-07-21,103.79917907714844,115.87837219238281,74.35833740234375,,137.34593200683594
2020-07-22,103.83312225341797,115.86969757080078,74.3497314453125,,137.75648498535156
2020-07-23,103.93502807617188,115.86969757080078,74.3497314453125,,139.36561584472656
2020-07-24,103.88407897949219,115.88702392578125,74.35833740234375,,139.3573455810547
2020-07-27,103.72274017333984,115.80044555664062,74.33258056640625,,138.84017944335938
2020-07-28,103.96897888183594,115.93037414550781,74.3497314453125,,139.80078125
2020-07-29,104.10487365722656,116.01705932617188,74.36693572998047,,139.5626678466797
2020-07-30,104.24922180175781,116.12102508544922,74.39268493652344,,140.48223876953125
2020-07-31,104.27467346191406,116.17304229736328,74.40125274658203,,140.39183044433594
2020-08-03,104.22368621826172,116.1600112915039,74.4012680053711,,139.68502807617188
2020-08-04,104.58061981201172,116.29878997802734,74.4098892211914,,141.0165252685547
2020-08-05,104.2322006225586,116.1513671875,74.39266967773438,,139.7836456298828
2020-08-06,104.35118865966797,116.16868591308594,74.39266967773438,,140.5645294189453
2020-08-07,104.13019561767578,116.08196258544922,74.38407897949219,,139.6275177001953
2020-08-10,104.01972961425781,116.05593872070312,74.3669204711914,,139.0028076171875
2020-08-11,103.66281127929688,115.88249206542969,74.34970092773438,,137.3507537841797
2020-08-12,103.35689544677734,115.74372863769531,74.3325424194336,,136.10140991210938
2020-08-13,103.14443969726562,115.64835357666016,74.3239517211914,,134.64666748046875
2020-08-14,103.19540405273438,115.72640228271484,74.3325424194336,,134.12059020996094
2020-08-17,103.3653793334961,115.79580688476562,74.34115600585938,,134.45761108398438
2020-08-18,103.54381561279297,115.8652114868164,74.34970092773438,,135.4192657470703
2020-08-19,103.40782165527344,115.79580688476562,74.34970092773438,,134.5726776123047
2020-08-20,103.7052993774414,115.89116668701172,74.34970092773438,,135.78912353515625
2020-08-21,103.78178405761719,115.90850067138672,74.34115600585938,,136.602783203125
2020-08-24,103.6373062133789,115.84777069091797,74.3325424194336,,136.38092041015625
2020-08-25,103.39090728759766,115.7610855102539,74.34115600585938,,135.3370819091797
2020-08-26,103.34839630126953,115.7610855102539,74.34115600585938,,134.81924438476562
2020-08-27,102.98292541503906,115.67440032958984,74.3325424194336,,132.526123046875
2020-08-28,103.15290069580078,115.83050537109375,74.35832977294922,,132.4275360107422
2020-08-31,103.26337432861328,115.85648345947266,74.38407897949219,,133.30690002441406
2020-09-01,103.60187530517578,115.9571304321289,74.36603546142578,,134.8316650390625
2020-09-02,103.7464599609375,115.98316955566406,74.37466430664062,,136.1153106689453
2020-09-03,103.88249969482422,116.0265884399414,74.36603546142578,,136.50205993652344
2020-09-04,103.30422973632812,115.76622772216797,74.34026336669922,,133.91006469726562
2020-09-08,103.52529907226562,115.88772583007812,74.34883117675781,,134.73292541503906
2020-09-09,103.47431945800781,115.88772583007812,74.35746002197266,,134.37088012695312
2020-09-10,103.60187530517578,115.92241668701172,74.34883117675781,,135.05389404296875
2020-09-11,103.76343536376953,116.0265884399414,74.36603546142578,,135.34185791015625
2020-09-14,103.66989135742188,115.9571304321289,74.35746002197266,,135.33358764648438
2020-09-15,103.61885833740234,115.93977355957031,74.36603546142578,,135.0044403076172
2020-09-16,103.55934143066406,115.91378021240234,74.37466430664062,,134.60121154785156
2020-09-17,103.5933837890625,115.92241668701172,74.35746002197266,,135.01266479492188
2020-09-18,103.49981689453125,115.8790283203125,74.36603546142578,,134.59307861328125
2020-09-21,103.6868667602539,115.9484634399414,74.35746002197266,,135.2760467529297
2020-09-22,103.6868667602539,115.96583557128906,74.37466430664062,,135.16908264160156
2020-09-23,103.6868667602539,115.9571304321289,74.37466430664062,,135.35011291503906
2020-09-24,103.73792266845703,115.97450256347656,74.36603546142578,,135.86846923828125
2020-09-25,103.8230209350586,116.0265884399414,74.37466430664062,,135.86846923828125
2020-09-28,103.80597686767578,116.01792907714844,74.38322448730469,,135.48167419433594
2020-09-29,103.88249969482422,116.07000732421875,74.37466430664062,,135.63804626464844
2020-09-30,103.60187530517578,115.9484634399414,74.38322448730469,,134.33795166015625
2020-10-01,103.66058349609375,115.97020721435547,74.36602020263672,,134.55958557128906
2020-10-02,103.5584716796875,115.9267807006836,74.37464904785156,,134.05709838867188
2020-10-05,102.9032211303711,115.64881134033203,74.34881591796875,,131.4376983642578
2020-10-06,103.14144897460938,115.73570251464844,74.34881591796875,,132.14610290527344
2020-10-07,102.84363555908203,115.62278747558594,74.34022521972656,,131.18234252929688
2020-10-08,103.03083038330078,115.70095825195312,74.34022521972656,,131.89076232910156
2020-10-09,102.9797592163086,115.65750122070312,74.34022521972656,,131.86605834960938
2020-10-12,103.09039306640625,115.70095825195312,74.3574447631836,,132.28614807128906
2020-10-13,103.32019805908203,115.82252502441406,74.34881591796875,,133.2333526611328
2020-10-14,103.35420227050781,115.83125305175781,74.34881591796875,,133.53807067871094
2020-10-15,103.24359130859375,115.78778076171875,74.36602020263672,,133.30751037597656
2020-10-16,103.18402862548828,115.77039337158203,74.3574447631836,,132.9368438720703
2020-10-19,103.0138168334961,115.70095825195312,74.3574447631836,,132.4344024658203
2020-10-20,102.79255676269531,115.62278747558594,74.34881591796875,,131.1741180419922
2020-10-21,102.65642547607422,115.57063293457031,74.34881591796875,,130.72105407714844
2020-10-22,102.29894256591797,115.43167877197266,74.32302856445312,,129.36203002929688
2020-10-23,102.44364929199219,115.47517395019531,74.33161163330078,,130.1527862548828
2020-10-26,102.71595764160156,115.5793228149414,74.34022521972656,,131.36351013183594
2020-10-27,102.94577026367188,115.68357849121094,74.34022521972656,,132.2449951171875
2020-10-28,102.93721008300781,115.68357849121094,74.34022521972656,,132.36846923828125
2020-10-29,102.5031967163086,115.5359115600586,74.3574447631836,,131.0835418701172
2020-10-30,102.17134857177734,115.44036102294922,74.34881591796875,,129.79031372070312
2020-11-02,102.34674072265625,115.45950317382812,74.34794616699219,,130.7624969482422
2020-11-03,102.11680603027344,115.39866638183594,74.33077239990234,,130.00392150878906
2020-11-04,102.97689056396484,115.75501251220703,74.34794616699219,,132.82391357421875
2020-11-05,102.95988464355469,115.72895812988281,74.33077239990234,,133.0548858642578
2020-11-06,102.61072540283203,115.58988952636719,74.33931732177734,,131.4468994140625
2020-11-09,101.85285186767578,115.24220275878906,74.31353759765625,,128.6846160888672
2020-11-10,101.56333923339844,115.1117935180664,74.30492401123047,,127.94245910644531
2020-11-11,101.72512817382812,115.16398620605469,74.2876968383789,,128.4040985107422
2020-11-12,102.30416870117188,115.41605377197266,74.29633331298828,,130.5893096923828
2020-11-13,102.16790008544922,115.36388397216797,74.29633331298828,,130.4161834716797
2020-11-16,102.09130859375,115.34648895263672,74.31353759765625,,130.1028594970703
2020-11-17,102.35523986816406,115.45950317382812,74.30492401123047,,130.95213317871094
2020-11-18,102.32119750976562,115.42474365234375,74.30492401123047,,131.33148193359375
2020-11-19,102.43186950683594,115.46815490722656,74.3221435546875,,132.0076446533203
2020-11-20,102.61072540283203,115.52901458740234,74.33077239990234,,133.1785430908203
2020-11-23,102.40636444091797,115.47686767578125,74.33077239990234,,132.56834411621094
2020-11-24,102.24453735351562,115.44212341308594,74.33931732177734,,131.24900817871094
2020-11-25,102.27861022949219,115.46815490722656,74.34794616699219,,130.84486389160156
2020-11-27,102.58517456054688,115.58988952636719,74.34794616699219,,132.1148223876953
2020-11-30,102.51707458496094,115.60726165771484,74.36517333984375,,131.94989013671875
2020-12-01,101.9717025756836,115.36366271972656,74.3247299194336,,130.00442504882812
2020-12-02,101.80130767822266,115.33757781982422,74.3419189453125,,128.9726104736328
2020-12-03,102.0739517211914,115.46809387207031,74.3591537475586,,130.01260375976562
2020-12-04,101.67350006103516,115.32888793945312,74.35052490234375,,128.10592651367188
2020-12-07,101.98876190185547,115.4854965209961,74.36776733398438,,129.26153564453125
2020-12-08,102.09102630615234,115.51158142089844,74.35052490234375,,129.87232971191406
2020-12-09,101.94615936279297,115.43331909179688,74.3419189453125,,129.44305419921875
2020-12-10,102.17620086669922,115.5637435913086,74.3591537475586,,130.59042358398438
2020-12-11,102.38072204589844,115.68551635742188,74.40216827392578,,131.0526580810547
2020-12-14,102.32106018066406,115.68551635742188,74.3935546875,,130.68943786621094
2020-12-15,102.21878814697266,115.6420669555664,74.3935546875,,130.2519989013672
2020-12-16,102.13359069824219,115.62464141845703,74.3935546875,,129.90541076660156
2020-12-17,102.05943298339844,115.58726501464844,74.39529418945312,,129.5616455078125
2020-12-18,101.97418975830078,115.57855987548828,74.3866958618164,,129.1732940673828
2020-12-21,102.04239654541016,115.58726501464844,74.3866958618164,,129.68551635742188
2020-12-22,102.2129135131836,115.66554260253906,74.3866958618164,,130.35482788085938
2020-12-23,101.99974060058594,115.60464477539062,74.40387725830078,,129.4541473388672
2020-12-24,102.14472198486328,115.65687561035156,74.3866958618164,,129.9664764404297
2020-12-28,102.1532211303711,115.66554260253906,74.39529418945312,,130.02427673339844
2020-12-29,102.13616943359375,115.67422485351562,74.39529418945312,,129.8590545654297
2020-12-30,102.20439147949219,115.691650390625,74.40387725830078,,130.1400146484375
2020-12-31,102.27257537841797,115.73516082763672,74.39529418945312,,130.32997131347656
2021-01-04,102.29816436767578,115.77000427246094,74.40387725830078,,130.17308044433594
2021-01-05,102.05943298339844,115.67422485351562,74.40387725830078,,129.20631408691406
2021-01-06,101.46259307861328,115.39574432373047,74.36087036132812,,126.55390930175781
2021-01-07,101.10453033447266,115.2564697265625,74.37805938720703,,125.43842315673828
2021-01-08,100.81461334228516,115.11722564697266,74.36949157714844,,125.0335464477539
2021-01-11,100.61849975585938,115.03890991210938,74.36087036132812,,124.82704162597656
2021-01-12,100.60142517089844,115.01280975341797,74.36087036132812,,124.72782897949219
2021-01-13,100.9510269165039,115.16078186035156,74.3522720336914,,126.13249206542969
2021-01-14,100.72077941894531,115.12596893310547,74.36087036132812,,124.95092010498047
2021-01-15,100.9936752319336,115.26519012451172,74.36949157714844,,125.44668579101562
2021-01-19,101.05331420898438,115.31742095947266,74.39529418945312,,125.8515853881836
2021-01-20,101.0959701538086,115.31742095947266,74.3866958618164,,125.97552490234375
2021-01-21,100.9510269165039,115.29999542236328,74.39529418945312,,125.09142303466797
2021-01-22,101.10453033447266,115.3609619140625,74.39529418945312,,125.49626159667969
2021-01-25,101.51374053955078,115.5089111328125,74.40387725830078,,126.97529602050781
2021-01-26,101.47962188720703,115.49151611328125,74.39529418945312,,126.73570251464844
2021-01-27,101.59901428222656,115.53498077392578,74.39529418945312,,127.05796813964844
2021-01-28,101.3346939086914,115.43058013916016,74.3866958618164,,126.3556137084961
2021-01-29,101.15564727783203,115.41311645507812,74.41255950927734,,125.59540557861328
2021-02-01,101.28192138671875,115.49764251708984,74.42113494873047,,125.74102020263672
2021-02-02,101.02599334716797,115.35826873779297,74.39529418945312,,124.93032836914062
2021-02-03,100.77853393554688,115.27118682861328,74.4039077758789,,123.82186126708984
2021-02-04,100.74439239501953,115.27991485595703,74.4039077758789,,123.49092864990234
2021-02-05,100.53112030029297,115.22764587402344,74.42113494873047,,122.456787109375
2021-02-08,100.57376098632812,115.21025085449219,74.41253662109375,,122.99453735351562
2021-02-09,100.65057373046875,115.21025085449219,74.39529418945312,,123.08558654785156
2021-02-10,100.906494140625,115.33213806152344,74.4039077758789,,123.90453338623047
2021-02-11,100.82976531982422,115.30601501464844,74.4039077758789,,123.22624206542969
2021-02-12,100.49695587158203,115.18412017822266,74.41253662109375,,121.69586944580078
2021-02-16,99.77179718017578,114.79216766357422,74.38670349121094,,119.84275817871094
2021-02-17,99.84005737304688,114.84447479248047,74.4039077758789,,120.60382843017578
2021-02-18,99.83153533935547,114.87928771972656,74.4039077758789,,120.11575317382812
2021-02-19,99.43047332763672,114.7225112915039,74.41253662109375,,118.5191879272461
2021-02-22,99.26837158203125,114.6267318725586,74.39529418945312,,117.61746978759766
2021-02-23,99.34517669677734,114.70516204833984,74.4039077758789,,117.27831268310547
2021-02-24,99.20865631103516,114.59188842773438,74.38670349121094,,116.50900268554688
2021-02-25,97.88624572753906,113.61652374267578,74.27466583251953,,114.60629272460938
2021-02-26,98.76502990722656,114.14778900146484,74.36946105957031,,118.39507293701172
2021-03-01,98.6540298461914,114.1808853149414,74.3625717163086,,116.83137512207031
2021-03-02,98.83328247070312,114.3377456665039,74.37976837158203,,116.83971405029297
2021-03-03,98.30399322509766,114.0501937866211,74.33670043945312,,115.57246398925781
2021-03-04,97.81742858886719,113.79745483398438,74.33670043945312,,114.82707214355469
2021-03-05,97.68082427978516,113.71903991699219,74.33670043945312,,115.05065155029297
2021-03-08,97.2966537475586,113.39662170410156,74.3108901977539,,114.15615844726562
2021-03-09,97.7576675415039,113.62316131591797,74.3108901977539,,115.73812866210938
2021-03-10,97.9625244140625,113.76261138916016,74.33670043945312,,115.97006225585938
2021-03-11,97.92838287353516,113.79745483398438,74.33670043945312,,115.13349914550781
2021-03-12,97.21981811523438,113.47505187988281,74.32809448242188,,112.69017028808594
2021-03-15,97.33930969238281,113.52731323242188,74.33670043945312,,113.3528060913086
2021-03-16,97.3222427368164,113.57091522216797,74.33670043945312,,112.89725494384766
2021-03-17,97.1600570678711,113.6406021118164,74.35392761230469,,112.05245208740234
2021-03-18,96.55390930175781,113.3530044555664,74.34530639648438,,110.91777038574219
2021-03-19,96.49414825439453,113.2920150756836,74.34530639648438,,111.60518646240234
2021-03-22,96.81002044677734,113.41399383544922,74.33670043945312,,112.8558120727539
2021-03-23,97.28812408447266,113.6493148803711,74.34530639648438,,113.87458038330078
2021-03-24,97.41616821289062,113.6841812133789,74.3625717163086,,114.48748779296875
2021-03-25,97.28812408447266,113.6841812133789,74.37117004394531,,113.58467102050781
2021-03-26,96.96368408203125,113.50984954833984,74.37117004394531,,113.18711853027344
2021-03-29,96.63072967529297,113.3617172241211,74.35392761230469,,112.22639465332031
2021-03-30,96.5453872680664,113.2920150756836,74.35392761230469,,112.81442260742188
2021-03-31,96.40880584716797,113.18741607666016,74.32809448242188,,112.18498229980469
2021-04-01,96.83592987060547,113.3165283203125,74.32726287841797,,114.04686737060547
2021-04-05,96.56253814697266,113.15953826904297,74.3099594116211,,113.54925537109375
2021-04-06,97.03237915039062,113.47344970703125,74.32726287841797,,114.32060241699219
2021-04-07,96.97259521484375,113.47344970703125,74.3358154296875,,113.52439880371094
2021-04-08,97.30575561523438,113.6478271484375,74.36172485351562,,114.46162414550781
2021-04-09,97.0494613647461,113.49088287353516,74.3358154296875,,114.04686737060547
2021-04-12,96.98965454101562,113.42111206054688,74.31858825683594,,113.99712371826172
2021-04-13,97.39115142822266,113.6478271484375,74.3444595336914,,114.8514175415039
2021-04-14,97.27155303955078,113.56063842773438,74.3444595336914,,114.48644256591797
2021-04-15,97.89515686035156,113.83967590332031,74.36172485351562,,116.40229034423828
2021-04-16,97.63033294677734,113.70014190673828,74.35307312011719,,115.49829864501953
2021-04-19,97.5278091430664,113.70014190673828,74.3444595336914,,115.16651916503906
2021-04-20,97.81826782226562,113.89198303222656,74.36172485351562,,115.69735717773438
2021-04-21,97.86954498291016,113.90070343017578,74.3789291381836,,115.92961120605469
2021-04-22,97.94638061523438,113.91815948486328,74.37029266357422,,116.43550872802734
2021-04-23,97.81826782226562,113.8134994506836,74.35307312011719,,116.16179656982422
2021-04-26,97.71575164794922,113.73503875732422,74.3358154296875,,115.99591064453125
2021-04-27,97.33134460449219,113.56935119628906,74.32726287841797,,114.98412322998047
2021-04-28,97.4594497680664,113.70014190673828,74.3444595336914,,115.05870819091797
2021-04-29,97.28864288330078,113.6478271484375,74.36172485351562,,114.71866607666016
2021-04-30,97.37406921386719,113.72634887695312,74.37029266357422,,114.98412322998047
2021-05-03,97.53987884521484,113.82146453857422,74.36341857910156,,115.0530776977539
2021-05-04,97.66812133789062,113.873779296875,74.36341857910156,,115.83378601074219
2021-05-05,97.78779602050781,113.98719787597656,74.38063049316406,,116.02483367919922
2021-05-06,97.8305435180664,113.98719787597656,74.38063049316406,,116.2158203125
2021-05-07,97.86470031738281,114.13552856445312,74.40650177001953,,115.64271545410156
2021-05-10,97.66812133789062,114.04828643798828,74.38063049316406,,114.47161102294922
2021-05-11,97.50572204589844,113.96101379394531,74.37206268310547,,113.82378387451172
2021-05-12,97.03556823730469,113.67310333251953,74.36341857910156,,112.6277084350586
2021-05-13,97.36038970947266,113.84759521484375,74.38063049316406,,112.80215454101562
2021-05-14,97.57408142089844,113.91741180419922,74.38063049316406,,113.85694885253906
2021-05-17,97.48004150390625,113.86505126953125,74.38063049316406,,113.61608123779297
2021-05-18,97.48004150390625,113.9086685180664,74.38926696777344,,113.32540893554688
2021-05-19,97.18941497802734,113.74288177490234,74.36341857910156,,113.05132293701172
2021-05-20,97.59115600585938,113.95231628417969,74.39790344238281,,113.98155212402344
2021-05-21,97.62541198730469,113.92613220214844,74.38063049316406,,114.34703063964844
2021-05-24,97.71943664550781,114.00465393066406,74.39790344238281,,114.77061462402344
2021-05-25,98.07840728759766,114.18788146972656,74.39790344238281,,115.83378601074219
2021-05-26,97.96726989746094,114.1529312133789,74.41514587402344,,115.63446044921875
2021-05-27,97.79631805419922,114.0744400024414,74.41514587402344,,115.1693115234375
2021-05-28,97.78779602050781,114.10929870605469,74.41514587402344,,114.98658752441406
2021-06-01,97.76982116699219,114.09707641601562,74.39959716796875,,114.9607925415039
2021-06-02,97.88104248046875,114.14949035644531,74.40824127197266,,115.22695922851562
2021-06-03,97.63296508789062,113.93124389648438,74.38241577148438,,114.79446411132812
2021-06-04,98.171875,114.24553680419922,74.40824127197266,,116.36651611328125
2021-06-07,98.09485626220703,114.20187377929688,74.39959716796875,,116.00881958007812
2021-06-08,98.37714385986328,114.33280181884766,74.41685485839844,,116.82394409179688
2021-06-09,98.6850814819336,114.46373748779297,74.39959716796875,,117.85537719726562
2021-06-10,99.03581237792969,114.6034164428711,74.42549896240234,,118.56238555908203
2021-06-11,98.89036560058594,114.48992156982422,74.40824127197266,,118.37110137939453
2021-06-14,98.58243560791016,114.2891616821289,74.38241577148438,,117.46446228027344
2021-06-15,98.59955596923828,114.31531524658203,74.37376403808594,,117.32306671142578
2021-06-16,97.92378234863281,113.75662231445312,74.30479431152344,,117.22321319580078
2021-06-17,98.27447509765625,113.82649993896484,74.30479431152344,,118.9782943725586
2021-06-18,98.83052062988281,113.87889862060547,74.24440002441406,,121.21583557128906
2021-06-21,98.51397705078125,113.80900573730469,74.26164245605469,,119.18621063232422
2021-06-22,98.6936264038086,113.97488403320312,74.30479431152344,,119.47738647460938
2021-06-23,98.49690246582031,113.82649993896484,74.2530746459961,,119.16960144042969
2021-06-24,98.47978210449219,113.80028533935547,74.26164245605469,,119.36094665527344
2021-06-25,98.27447509765625,113.71299743652344,74.2530746459961,,118.12159729003906
2021-06-28,98.58243560791016,113.8526840209961,74.27892303466797,,119.33598327636719
2021-06-29,98.63374328613281,113.89634704589844,74.27030944824219,,119.53560638427734
2021-06-30,98.78777313232422,113.94869232177734,74.28753662109375,,120.0679702758789
2021-07-01,98.71665954589844,113.89104461669922,74.27287292480469,,120.07463836669922
2021-07-02,99.07617950439453,114.10066223144531,74.30736541748047,,120.79916381835938
2021-07-06,99.59832000732422,114.40641784667969,74.33323669433594,,122.215087890625
2021-07-07,99.88932800292969,114.51117706298828,74.34184265136719,,123.29783630371094
2021-07-08,100.14608764648438,114.72083282470703,74.37635040283203,,123.78084564208984
2021-07-09,99.64111328125,114.48503875732422,74.35047149658203,,122.04019165039062
2021-07-12,99.58975219726562,114.4326400756836,74.33323669433594,,121.88194274902344
2021-07-13,99.2816162109375,114.19678497314453,74.27287292480469,,120.94915771484375
2021-07-14,99.70963287353516,114.45879364013672,74.32463073730469,,122.32332611083984
2021-07-15,100.12899780273438,114.58979797363281,74.33323669433594,,123.67259216308594
2021-07-16,100.11185455322266,114.5636215209961,74.32463073730469,,123.43939971923828
2021-07-19,100.96781921386719,115.00033569335938,74.359130859375,,126.146240234375
2021-07-20,100.83943939208984,115.07019805908203,74.39361572265625,,124.93022155761719
2021-07-21,100.25740814208984,114.77328491210938,74.36772918701172,,123.34774017333984
2021-07-22,100.48848724365234,114.91304779052734,74.37635040283203,,124.5137939453125
2021-07-23,100.33443450927734,114.87808227539062,74.38497924804688,,123.68098449707031
2021-07-26,100.26596069335938,114.8431625366211,74.36772918701172,,123.31442260742188
2021-07-27,100.69389343261719,114.99160766601562,74.38497924804688,,124.63046264648438
2021-07-28,100.77950286865234,115.04402160644531,74.39361572265625,,124.63873291015625
2021-07-29,100.47140502929688,114.87808227539062,74.39361572265625,,123.9474868774414
2021-07-30,100.75383758544922,115.07019805908203,74.41082763671875,,124.5304183959961
2021-08-02,101.19580078125,115.3044662475586,74.43841552734375,,125.64122772216797
2021-08-03,101.22151947021484,115.3306884765625,74.43841552734375,,125.7078857421875
2021-08-04,101.19580078125,115.24327850341797,74.41259002685547,,125.96638488769531
2021-08-05,100.82747650146484,114.98981475830078,74.37808227539062,,125.32427215576172
2021-08-06,100.23650360107422,114.69268798828125,74.3521957397461,,123.23125457763672
2021-08-09,100.02237701416016,114.56157684326172,74.32630920410156,,122.789306640625
2021-08-10,99.83396911621094,114.4217529296875,74.30042266845703,,122.2222900390625
2021-08-11,99.9453125,114.51788330078125,74.33499145507812,,122.14727783203125
2021-08-12,99.84253692626953,114.43047332763672,74.33499145507812,,121.94710540771484
2021-08-13,100.41638946533203,114.66643524169922,74.34355926513672,,123.87334442138672
2021-08-16,100.63905334472656,114.82376861572266,74.36080169677734,,124.17362976074219
2021-08-17,100.58771514892578,114.76258850097656,74.34355926513672,,124.12353515625
2021-08-18,100.53629302978516,114.71014404296875,74.34355926513672,,124.54054260253906
2021-08-19,100.75895690917969,114.78877258300781,74.34355926513672,,125.45774841308594
2021-08-20,100.66475677490234,114.71014404296875,74.34355926513672,,125.5411376953125
2021-08-23,100.69044494628906,114.76258850097656,74.34355926513672,,125.45774841308594
2021-08-24,100.41638946533203,114.63150787353516,74.33499145507812,,124.4821548461914
2021-08-25,100.02237701416016,114.47418975830078,74.32630920410156,,123.44807434082031
2021-08-26,100.02237701416016,114.44791412353516,74.32630920410156,,123.79003143310547
2021-08-27,100.34786224365234,114.67520904541016,74.37808227539062,,124.6322021484375
2021-08-30,100.54486846923828,114.85003662109375,74.39531707763672,,124.95740509033203
2021-08-31,100.3564224243164,114.77130889892578,74.38667297363281,,124.10680389404297
2021-09-01,100.3992919921875,114.79669952392578,74.38066864013672,,124.31477355957031
2021-09-02,100.51924896240234,114.83165740966797,74.38066864013672,,124.85739135742188
2021-09-03,100.27925872802734,114.77043151855469,74.38066864013672,,123.72193908691406
2021-09-07,99.88505554199219,114.5693130493164,74.35477447509766,,122.67826080322266
2021-09-08,100.1592788696289,114.67425537109375,74.37200927734375,,123.51319885253906
2021-09-09,100.44213104248047,114.79669952392578,74.38929748535156,,125.00776672363281
2021-09-10,100.12501525878906,114.6392593383789,74.36341094970703,,123.9056625366211
2021-09-13,100.24497985839844,114.69171142578125,74.38066864013672,,124.65703582763672
2021-09-14,100.62212371826172,114.83165740966797,74.38929748535156,,126.16835021972656
2021-09-15,100.45069122314453,114.76172637939453,74.38929748535156,,125.72575378417969
2021-09-16,100.1335678100586,114.53435516357422,74.36341094970703,,125.14968872070312
2021-09-17,99.84220123291016,114.37690734863281,74.34619903564453,,124.54853057861328
2021-09-20,100.34784698486328,114.61308288574219,74.36341094970703,,126.09313201904297
2021-09-21,100.28788757324219,114.5955581665039,74.38066864013672,,125.98461151123047
2021-09-22,100.38212585449219,114.49935913085938,74.33751678466797,,126.73607635498047
2021-09-23,99.4736557006836,114.0796127319336,74.29439544677734,,123.87217712402344
2021-09-24,99.17366790771484,113.93090057373047,74.26853942871094,,122.6614990234375
2021-09-27,98.90795135498047,113.76473999023438,74.25990295410156,,122.21065521240234
2021-09-28,98.53084564208984,113.65110778808594,74.26853942871094,,120.30701446533203
2021-09-29,98.63367462158203,113.7559814453125,74.29439544677734,,120.51573181152344
2021-09-30,98.753662109375,113.83470153808594,74.31163024902344,,120.49908447265625
2021-10-01,99.15679931640625,114.11824035644531,74.34700012207031,,121.51311492919922
2021-10-04,99.03671264648438,114.02197265625,74.31251525878906,,121.20381164550781
2021-10-05,98.72795104980469,113.88194274902344,74.30387878417969,,120.03340911865234
2021-10-06,98.75366973876953,113.8469467163086,74.29522705078125,,120.71055603027344
2021-10-07,98.35913848876953,113.645751953125,74.2693862915039,,119.44816589355469
2021-10-08,98.14472198486328,113.50569915771484,74.24349975585938,,118.61215209960938
2021-10-11,97.90455627441406,113.2607421875,74.18311309814453,,118.31123352050781
2021-10-12,98.35057067871094,113.46196746826172,74.21763610839844,,120.33430480957031
2021-10-13,98.53923034667969,113.42697143554688,74.19176483154297,,121.50475311279297
2021-10-14,98.77083587646484,113.54945373535156,74.19176483154297,,121.95623016357422
2021-10-15,98.28192138671875,113.21696472167969,74.14862060546875,,121.24557495117188
2021-10-18,98.14472198486328,113.04199981689453,74.09683990478516,,121.81411743164062
2021-10-19,97.79308319091797,112.98947143554688,74.12272644042969,,120.13371276855469
2021-10-20,97.75018310546875,113.01571655273438,74.14862060546875,,119.32276916503906
2021-10-21,97.49288177490234,112.71823120117188,74.06233215332031,,119.1806869506836
2021-10-22,97.74159240722656,112.81446075439453,74.04505920410156,,120.49320220947266
2021-10-25,97.86168670654297,112.96320343017578,74.07959747314453,,120.3093032836914
2021-10-26,97.98175048828125,112.92823028564453,74.06233215332031,,121.30414581298828
2021-10-27,98.53067779541016,113.12071990966797,74.04505920410156,,123.51119995117188
2021-10-28,98.27336120605469,112.93698120117188,74.05369567871094,,123.09317779541016
2021-10-29,98.31624603271484,112.91950225830078,74.06233215332031,,123.46934509277344
2021-11-01,98.30856323242188,112.93525695800781,74.0287094116211,,122.58039855957031
2021-11-02,98.548828125,113.1628646850586,74.1063232421875,,123.12445831298828
2021-11-03,98.2398452758789,113.04904174804688,74.08907318115234,,121.8521499633789
2021-11-04,98.77196502685547,113.3905029296875,74.15813446044922,,123.13285064697266
2021-11-05,99.31272888183594,113.65318298339844,74.19261932373047,,124.97440338134766
2021-11-08,98.8835678100586,113.2942123413086,74.1063232421875,,124.74003601074219
2021-11-09,99.33849334716797,113.5393295288086,74.14948272705078,,126.36396026611328
2021-11-10,98.48876190185547,112.83013916015625,74.00281524658203,,124.05367279052734
2021-11-11,98.17118835449219,112.57627868652344,73.95103454589844,,123.86949920654297
2021-11-12,98.377197265625,112.78640747070312,74.01143646240234,,123.32536315917969
2021-11-15,97.99095916748047,112.62007141113281,74.00281524658203,,121.77684020996094
2021-11-16,97.9051284790039,112.59378051757812,74.00281524658203,,121.467041015625
2021-11-17,98.25702667236328,112.7951431274414,74.0287094116211,,122.42969512939453
2021-11-18,98.31713104248047,112.85643768310547,74.02003479003906,,122.89012908935547
2021-11-19,98.58318328857422,112.86518859863281,74.00281524658203,,124.1875991821289
2021-11-22,97.86221313476562,112.35737609863281,73.91651153564453,,122.7310562133789
2021-11-23,97.45881652832031,112.23480224609375,73.91651153564453,,120.95650482177734
2021-11-24,97.75923156738281,112.2785873413086,73.89924621582031,,122.89852142333984
2021-11-26,99.02090454101562,113.10154724121094,74.04592895507812,,126.00399780273438
2021-11-29,98.79776763916016,113.09280395507812,74.08049011230469,,124.99115753173828
2021-11-30,99.38996887207031,113.24165344238281,74.02003479003906,,126.8912582397461
2021-12-01,99.57723999023438,113.34329223632812,74.02867889404297,,127.67407989501953
2021-12-02,99.36248779296875,113.03668212890625,73.93373107910156,,127.83329010009766
2021-12-03,99.94656372070312,113.34329223632812,73.97691345214844,,129.358642578125
2021-12-06,99.44839477539062,113.04544830322266,73.91647338867188,,127.5818862915039
2021-12-07,99.07041931152344,112.75631713867188,73.82145690917969,,126.55103302001953
2021-12-08,98.75262451171875,112.65121459960938,73.84739685058594,,124.3636474609375
2021-12-09,99.00177764892578,112.73007202148438,73.82145690917969,,125.05929565429688
2021-12-10,99.07041931152344,112.78263854980469,73.85604095458984,,124.75751495361328
2021-12-13,99.54283905029297,113.01041412353516,73.8991928100586,,126.60133361816406
2021-12-14,99.37105560302734,112.86145782470703,73.85604095458984,,126.29959106445312
2021-12-15,99.22503662109375,112.84391784667969,73.88195037841797,,125.08441162109375
2021-12-16,99.513916015625,113.15336608886719,73.94061279296875,,125.13307189941406
2021-12-17,99.73743438720703,113.19721221923828,73.9061050415039,,126.55103302001953
2021-12-20,99.65148162841797,113.24100494384766,73.92337036132812,,125.60293579101562
2021-12-21,99.2560043334961,112.96927642822266,73.88021087646484,,125.12469482421875
2021-12-22,99.35060119628906,112.9868392944336,73.87157440185547,,125.70365142822266
2021-12-23,99.14424133300781,112.89038848876953,73.8629379272461,,124.61288452148438
2021-12-27,99.17864990234375,112.8465347290039,73.83700561523438,,124.91486358642578
2021-12-28,99.16142272949219,112.88162994384766,73.83700561523438,,124.41985321044922
2021-12-29,98.65414428710938,112.68878936767578,73.8283920288086,,123.06060791015625
2021-12-30,98.98088073730469,112.82904052734375,73.87157440185547,,124.0926742553711
2021-12-31,98.8691177368164,112.79399871826172,73.8629379272461,,124.33599090576172
2022-01-03,97.94921875,112.32061004638672,73.77660369873047,,121.07218933105469
2022-01-04,97.89762878417969,112.35565948486328,73.81976318359375,,120.5687255859375
2022-01-05,97.48497772216797,112.01378631591797,73.72477722167969,,119.91429138183594
2022-01-06,97.24424743652344,111.78587341308594,73.6643295288086,,120.22472381591797
2022-01-07,96.9261245727539,111.62808227539062,73.64705657958984,,119.36053466796875
2022-01-10,96.90037536621094,111.52286529541016,73.60389709472656,,119.6541519165039
2022-01-11,97.13248443603516,111.61932373046875,73.62979888916016,,120.4512710571289
2022-01-12,97.14966583251953,111.6718978881836,73.60389709472656,,119.98979949951172
2022-01-13,97.4592056274414,111.84721374511719,73.638427734375,,121.05543518066406
2022-01-14,96.78857421875,111.4264907836914,73.5434341430664,,119.22627258300781
2022-01-18,96.05780792236328,110.9004898071289,73.43119049072266,,117.54821014404297
2022-01-19,96.28996276855469,111.05826568603516,73.46572875976562,,118.36212921142578
2022-01-20,96.49626159667969,111.14595031738281,73.44847106933594,,119.0920181274414
2022-01-21,97.05511474609375,111.45274353027344,73.5089111328125,,120.5099868774414
2022-01-24,96.96910858154297,111.48783111572266,73.55208587646484,,119.51992797851562
2022-01-25,96.84017944335938,111.4089584350586,73.51754760742188,,119.32693481445312
2022-01-26,96.15238952636719,110.88294219970703,73.38801574707031,,117.88384246826172
2022-01-27,96.55647277832031,110.94432067871094,73.32758331298828,,120.04853057861328
2022-01-28,96.77999114990234,111.14595031738281,73.3534927368164,,120.09049224853516
2022-01-31,96.77999114990234,111.18102264404297,73.3534927368164,,119.46961975097656
2022-02-01,96.64918518066406,111.10293579101562,73.34744262695312,,119.07304382324219
2022-02-02,96.84709167480469,111.2345199584961,73.36470794677734,,119.47631072998047
2022-02-03,96.43402862548828,110.97135162353516,73.30420684814453,,118.543701171875
2022-02-04,95.69393920898438,110.36609649658203,73.15742492675781,,116.79605865478516
2022-02-07,95.71976470947266,110.4187240600586,73.17469787597656,,116.87168884277344
2022-02-08,95.40996551513672,110.17313385009766,73.09691619873047,,116.09033203125
2022-02-09,95.53907012939453,110.17313385009766,73.08833312988281,,116.30879974365234
2022-02-10,94.66131591796875,109.32228088378906,72.71690368652344,,114.46031951904297
2022-02-11,95.64229583740234,110.05030059814453,72.94145202636719,,116.15753173828125
2022-02-14,94.97968292236328,109.57664489746094,72.78600311279297,,114.71241760253906
2022-02-15,94.6957015991211,109.48896026611328,72.81190490722656,,113.41009521484375
2022-02-16,94.89360809326172,109.70824432373047,72.90691375732422,,114.08223724365234
2022-02-17,95.4013900756836,110.00645446777344,72.95011138916016,,114.93085479736328
2022-02-18,95.71117401123047,110.14682006835938,72.95874786376953,,116.14075469970703
2022-02-22,95.70255279541016,110.05030059814453,72.8896713256836,,116.44322967529297
2022-02-23,95.20343780517578,109.77842712402344,72.84646606445312,,114.83840942382812
2022-02-24,95.42720031738281,109.98892211914062,72.90691375732422,,114.91402435302734
2022-02-25,95.4013900756836,109.96260833740234,72.90691375732422,,114.99806213378906
2022-02-28,96.48566436767578,110.66435241699219,73.03649139404297,,117.51868438720703
2022-03-01,97.42538452148438,111.40077209472656,73.20492553710938,,118.87738800048828
2022-03-02,95.96110534667969,110.39136505126953,72.96302032470703,,114.8138198852539
2022-03-03,96.37454223632812,110.59326171875,72.96302032470703,,115.98326873779297
2022-03-04,97.33061981201172,111.1198959350586,73.04077911376953,,117.98560333251953
2022-03-07,96.91719818115234,110.74246215820312,72.94573974609375,,117.08538818359375
2022-03-08,96.28841400146484,110.29481506347656,72.85074615478516,,115.90755462646484
2022-03-09,95.69407653808594,109.95252227783203,72.8075180053711,,114.77178955078125
2022-03-10,95.25479888916016,109.66288757324219,72.7470474243164,,113.1228256225586
2022-03-11,95.22896575927734,109.56632232666016,72.72111511230469,,113.50139617919922
2022-03-14,94.02313232421875,108.767578125,72.53106689453125,,110.85128021240234
2022-03-15,93.98002624511719,108.74125671386719,72.55697631835938,,110.65772247314453
2022-03-16,93.85084533691406,108.54816436767578,72.48788452148438,,111.74307250976562
2022-03-17,93.66996765136719,108.46038818359375,72.4619369506836,,110.91014862060547
2022-03-18,93.94561004638672,108.52181243896484,72.44464111328125,,112.26466369628906
2022-03-21,92.72250366210938,107.6090087890625,72.2027359008789,,109.6650161743164
2022-03-22,92.2143325805664,107.28421783447266,72.15092468261719,,108.25999450683594
2022-03-23,92.83447265625,107.67920684814453,72.21138000488281,,110.6325454711914
2022-03-24,92.31769561767578,107.38956451416016,72.1941146850586,,109.7659683227539
2022-03-25,91.37019348144531,106.57328796386719,71.9953842163086,,108.2431640625
2022-03-28,91.57691955566406,106.62596893310547,71.9262466430664,,109.16861724853516
2022-03-29,92.03343200683594,106.88924407958984,71.96087646484375,,109.9931640625
2022-03-30,92.39519500732422,107.12622833251953,72.01266479492188,,110.85128021240234
2022-03-31,92.56745910644531,107.12622833251953,72.01266479492188,,111.1205062866211
2022-04-01,91.96471405029297,106.5790023803711,71.86225128173828,,111.54346466064453
2022-04-04,91.90433502197266,106.6580581665039,71.90550994873047,,110.76824951171875
2022-04-05,90.80924987792969,105.92019653320312,71.77584075927734,,108.2657470703125
2022-04-06,90.49015808105469,105.92019653320312,71.82767486572266,,107.38944244384766
2022-04-07,90.2659683227539,106.00801086425781,71.87955474853516,,106.58053588867188
2022-04-08,89.80894470214844,105.6741943359375,71.79312133789062,,105.42618560791016
2022-04-11,89.3778076171875,105.54248046875,71.8104019165039,,103.75785064697266
2022-04-12,89.80894470214844,106.06951141357422,71.99195098876953,,103.61457824707031
2022-04-13,90.00727081298828,106.22761535644531,72.02649688720703,,103.82522583007812
2022-04-14,89.19671630859375,105.64787292480469,71.8968505859375,,101.74403381347656
2022-04-18,88.93802642822266,105.55123901367188,71.8968505859375,,101.23848724365234
2022-04-19,88.35164642333984,104.9978256225586,71.73261260986328,,100.48014831542969
2022-04-20,89.04151916503906,105.32286834716797,71.77584075927734,,102.50238037109375
2022-04-21,88.55000305175781,104.89242553710938,71.65480041503906,,101.74403381347656
2022-04-22,88.59309387207031,104.93634033203125,71.63753509521484,,101.1036376953125
2022-04-25,89.16221618652344,105.34040832519531,71.74991607666016,,102.1147689819336
2022-04-26,89.75719451904297,105.82353973388672,71.87955474853516,,103.14273071289062
2022-04-27,89.257080078125,105.56881713867188,71.8449935913086,,101.81983947753906
2022-04-28,89.12772369384766,105.41071319580078,71.79312133789062,,101.97152709960938
2022-04-29,88.65345764160156,105.0154037475586,71.65480041503906,,100.64861297607422
2022-05-02,87.99300384521484,104.6329574584961,71.6496353149414,,98.90401458740234
2022-05-03,88.09662628173828,104.67693328857422,71.61505889892578,,99.57080841064453
2022-05-04,88.6664047241211,105.24835205078125,71.8052749633789,,100.11943817138672
2022-05-05,87.77717590332031,104.69452667236328,71.68424224853516,,97.3763198852539
2022-05-06,87.27640533447266,104.45714569091797,71.67559051513672,,95.94147491455078
2022-05-09,87.92391967773438,105.03739166259766,71.8571548461914,,96.78549194335938
2022-05-10,88.21745300292969,105.14288330078125,71.81396484375,,97.66329193115234
2022-05-11,88.76138305664062,105.32748413085938,71.82259368896484,,99.54549407958984
2022-05-12,89.05493927001953,105.61761474609375,71.92637634277344,,99.35982513427734
2022-05-13,88.58869934082031,105.37141418457031,71.900390625,,97.89118957519531
2022-05-16,88.95994567871094,105.64397430419922,71.94367218017578,,97.78987884521484
2022-05-17,88.28653717041016,105.0285873413086,71.78800964355469,,96.60824584960938
2022-05-18,88.9167709350586,105.3362808227539,71.82259368896484,,98.66770935058594
2022-05-19,89.23623657226562,105.61761474609375,71.92637634277344,,98.90401458740234
2022-05-20,89.65064239501953,105.8285903930664,71.97826385498047,,100.02659606933594
2022-05-23,89.10670471191406,105.50331115722656,71.94367218017578,,98.3807373046875
2022-05-24,89.87508392333984,106.09233856201172,72.10799407958984,,100.32199096679688
2022-05-25,90.05642700195312,106.2945327758789,72.15988159179688,,100.71870422363281
2022-05-26,90.01325225830078,106.28571319580078,72.17719268798828,,100.26290893554688
2022-05-27,90.14273071289062,106.30330657958984,72.19446563720703,,100.50769805908203
2022-05-31,89.20167541503906,105.77584838867188,72.08203125,,98.3807373046875
2022-06-01,88.6994857788086,105.30158996582031,71.94789123535156,,98.26824188232422
2022-06-02,88.82913208007812,105.39837646484375,71.9651870727539,,98.31897735595703
2022-06-03,88.65625762939453,105.24880981445312,71.93923950195312,,98.10760498046875
2022-06-06,87.99061584472656,104.82645416259766,71.84403991699219,,96.29816436767578
2022-06-07,88.34503173828125,105.02005767822266,71.8526840209961,,97.33818817138672
2022-06-08,88.01654815673828,104.83525848388672,71.80073547363281,,96.47572326660156
2022-06-09,87.9387435913086,104.71211242675781,71.74884033203125,,96.7970199584961
2022-06-10,87.07432556152344,103.85862731933594,71.44593811035156,,96.19668579101562
2022-06-13,85.52700805664062,102.69721221923828,71.08240509033203,,93.17813873291016
2022-06-14,84.84408569335938,102.26605224609375,70.94395446777344,,92.0028305053711
2022-06-15,86.02836608886719,103.18994903564453,71.22090911865234,,93.71928405761719
2022-06-16,86.59024810791016,103.56827545166016,71.31608581542969,,94.46337890625
2022-06-17,86.61617279052734,103.47148132324219,71.29875183105469,,94.76776123046875
2022-06-21,86.16667938232422,103.25149536132812,71.2728042602539,,93.16123962402344
2022-06-22,87.255859375,104.05220794677734,71.48052978515625,,95.72322845458984
2022-06-23,87.74858093261719,104.43052673339844,71.5411148071289,,96.50955200195312
2022-06-24,87.4374008178711,104.28975677490234,71.5238037109375,,95.17359161376953
2022-06-27,86.94466400146484,103.96419525146484,71.44593811035156,,94.36188507080078
2022-06-28,87.05703735351562,103.97300720214844,71.42859649658203,,94.80155944824219
2022-06-29,87.7572021484375,104.44813537597656,71.51515197753906,,96.28126525878906
2022-06-30,88.4314956665039,105.00243377685547,71.65365600585938,,97.12679290771484
2022-07-01,89.37944030761719,105.87351989746094,71.86929321289062,,98.12397003173828
2022-07-05,89.70849609375,105.98799133300781,71.86065673828125,,98.89490509033203
2022-07-06,88.94661712646484,105.34502410888672,71.66143035888672,,97.23436737060547
2022-07-07,88.40117645263672,104.96630859375,71.60945129394531,,96.3786849975586
2022-07-08,87.86444091796875,104.61405944824219,71.5228042602539,,95.31120300292969
2022-07-11,88.5570068359375,105.0103530883789,71.54881286621094,,96.95480346679688
2022-07-12,88.7647933959961,105.16888427734375,71.58345031738281,,97.53092956542969
2022-07-13,89.14573669433594,105.19532775878906,71.5055160522461,,98.64923095703125
2022-07-14,88.65226745605469,104.86943817138672,71.47952270507812,,97.84437561035156
2022-07-15,88.95523071289062,105.05441284179688,71.53146362304688,,98.39506530761719
2022-07-18,88.69552612304688,104.9046859741211,71.4881591796875,,97.36994934082031
2022-07-19,88.28861236572266,104.60523986816406,71.41020202636719,,96.84463500976562
2022-07-20,88.2020492553711,104.50833129882812,71.40151977539062,,97.09882354736328
2022-07-21,89.20628356933594,105.32743072509766,71.60078430175781,,98.77629089355469
2022-07-22,90.2278823852539,106.04962921142578,71.78268432617188,,100.43684387207031
2022-07-25,89.90756225585938,105.86466979980469,71.72209167480469,,99.45407104492188
2022-07-26,89.94218444824219,105.82943725585938,71.68741607666016,,99.53033447265625
2022-07-27,90.1240234375,106.12007141113281,71.80001831054688,,98.9711685180664
2022-07-28,91.01571655273438,106.77183532714844,71.95597076416016,,99.7590560913086
2022-07-29,91.05036163330078,106.7982177734375,71.94731140136719,,99.48796081542969
2022-08-01,91.5828628540039,106.95964813232422,71.94556427001953,,101.88397216796875
2022-08-02,90.31664276123047,105.9632339477539,71.69405364990234,,99.7281494140625
2022-08-03,90.68956756591797,106.15719604492188,71.72010803222656,,101.29834747314453
2022-08-04,91.14925384521484,106.51873779296875,71.81549072265625,,101.26439666748047
2022-08-05,89.83098602294922,105.48705291748047,71.52064514160156,,98.85396575927734
2022-08-08,90.36002349853516,105.80448913574219,71.59000396728516,,100.44960021972656
2022-08-09,90.0911865234375,105.55760955810547,71.52064514160156,,100.05915832519531
2022-08-10,90.1432113647461,105.71632385253906,71.59000396728516,,99.40563201904297
2022-08-11,89.54478454589844,105.39891815185547,71.5639877319336,,97.08853912353516
2022-08-12,89.90037536621094,105.60166931152344,71.58133697509766,,98.07308197021484
2022-08-15,90.18657684326172,105.8221206665039,71.64204406738281,,97.98823547363281
2022-08-16,90.08251190185547,105.61931610107422,71.58133697509766,,98.3956298828125
2022-08-17,89.47541809082031,105.19606018066406,71.52064514160156,,97.36860656738281
2022-08-18,89.64887237548828,105.34597778320312,71.62472534179688,,97.512939453125
2022-08-19,88.87702941894531,104.98445892333984,71.5726547241211,,95.94274139404297
2022-08-22,88.48670196533203,104.6758041381836,71.4772720336914,,95.62019348144531
2022-08-23,88.2699203491211,104.59648895263672,71.51197814941406,,95.09395599365234
2022-08-24,87.97508239746094,104.38484191894531,71.43390655517578,,94.39801788330078
2022-08-25,88.53878784179688,104.68463134765625,71.4772720336914,,95.71356964111328
2022-08-26,88.43470001220703,104.5171127319336,71.45994567871094,,96.43498229980469
2022-08-29,87.93171691894531,104.21729278564453,71.40789794921875,,95.63719177246094
2022-08-30,87.90568542480469,104.18204498291016,71.3731918334961,,95.87480926513672
2022-08-31,87.54143524169922,103.95275115966797,71.36453247070312,,94.95817565917969
2022-09-01,86.84551239013672,103.592529296875,71.31243896484375,,93.21968078613281
2022-09-02,87.3320541381836,104.06045532226562,71.46873474121094,,93.74700927734375
2022-09-06,86.35899353027344,103.43360137939453,71.31243896484375,,91.42501068115234
2022-09-07,86.92369842529297,103.86624908447266,71.4166030883789,,92.87094116210938
2022-09-08,86.60222625732422,103.592529296875,71.32980346679688,,91.91831970214844
2022-09-09,86.61092376708984,103.52190399169922,71.26902770996094,,92.12248229980469
2022-09-12,86.40245056152344,103.46892547607422,71.26032257080078,,91.36548614501953
2022-09-13,85.9158935546875,102.88621520996094,71.0172119140625,,91.57810974121094
2022-09-14,85.9593276977539,102.78907012939453,70.95643615722656,,91.892822265625
2022-09-15,85.6639404296875,102.53302764892578,70.87828063964844,,91.8332748413086
2022-09-16,85.73340606689453,102.69195556640625,70.91301727294922,,91.06778717041016
2022-09-19,85.49018096923828,102.47122192382812,70.83486938476562,,91.28042602539062
2022-09-20,84.9601821899414,102.17985534667969,70.80013275146484,,90.37034606933594
2022-09-21,85.29902648925781,102.23285675048828,70.73934936523438,,91.88433837890625
2022-09-22,84.01318359375,101.40288543701172,70.60914611816406,,89.53681945800781
2022-09-23,84.11749267578125,101.23513793945312,70.52227783203125,,89.90253448486328
2022-09-26,82.71869659423828,100.35223388671875,70.36600494384766,,88.1844482421875
2022-09-27,82.15397644042969,100.07853698730469,70.36600494384766,,85.86243438720703
2022-09-28,84.0045394897461,101.44705200195312,70.66987609863281,,88.73729705810547
2022-09-29,83.61357879638672,101.13802337646484,70.57440948486328,,88.27800750732422
2022-09-30,83.39637756347656,100.89962768554688,70.51358032226562,,87.1382827758789
2022-10-03,84.3861083984375,101.59107971191406,70.66838073730469,,88.5228500366211
2022-10-04,84.56024932861328,101.78558349609375,70.6944580078125,,88.27558898925781
2022-10-05,83.75936889648438,101.28160858154297,70.62489318847656,,87.43154907226562
2022-10-06,83.2979965209961,100.936767578125,70.53795623779297,,86.94557189941406
2022-10-07,82.88887786865234,100.5742416381836,70.45100402832031,,86.1015396118164
2022-10-10,82.40140533447266,100.35319519042969,70.42493438720703,,84.76300048828125
2022-10-11,82.61029052734375,100.46819305419922,70.45970916748047,,85.13812255859375
2022-10-12,82.88015747070312,100.7157211303711,70.5292739868164,,85.55589294433594
2022-10-13,82.531982421875,100.25598907470703,70.32061004638672,,84.73741149902344
2022-10-14,82.07057189941406,99.99954223632812,70.28579711914062,,84.03831481933594
2022-10-17,82.15763854980469,100.15869903564453,70.36405944824219,,83.62904357910156
2022-10-18,82.36656188964844,100.31788635253906,70.39883422851562,,83.82516479492188
2022-10-19,81.50477600097656,99.73432922363281,70.26842498779297,,82.29906463623047
2022-10-20,80.89543151855469,99.31874084472656,70.190185546875,,80.89231872558594
2022-10-21,81.07823181152344,99.76083374023438,70.37275695800781,,79.43441009521484
2022-10-24,80.9737319946289,99.74314880371094,70.35537719726562,,78.77790069580078
2022-10-25,81.98355102539062,100.28250122070312,70.42493438720703,,81.07135772705078
2022-10-26,82.40140533447266,100.52124786376953,70.48578643798828,,82.23938751220703
2022-10-27,82.984619140625,101.05171966552734,70.63359069824219,,83.10047912597656
2022-10-28,82.55809020996094,100.63618469238281,70.5292739868164,,82.52925109863281
2022-10-31,82.18376159667969,100.38859558105469,70.42493438720703,,81.94097900390625
2022-11-01,82.16891479492188,100.24958038330078,70.3561019897461,,82.7067642211914
2022-11-02,82.02935791015625,100.16099548339844,70.32129669189453,,82.3477783203125
2022-11-03,81.67166900634766,99.84221649169922,70.19062042236328,,81.90338134765625
2022-11-04,81.4971923828125,99.92191314697266,70.26902770996094,,80.52734375
2022-11-07,81.20928955078125,99.71826171875,70.20804595947266,,79.72395324707031
2022-11-08,81.75019836425781,100.07245635986328,70.27771759033203,,80.595703125
2022-11-09,82.02935791015625,100.38238525390625,70.3909683227539,,80.86066436767578
2022-11-10,83.87004852294922,101.8257827758789,70.77417755126953,,83.97168731689453
2022-11-11,83.6955795288086,101.70179748535156,70.75676727294922,,83.66400146484375
2022-11-14,83.49494934082031,101.54238891601562,70.6957778930664,,83.45889282226562
2022-11-15,84.11430358886719,101.99405670166016,70.7654800415039,,84.80925750732422
2022-11-16,84.73371887207031,102.30396270751953,70.77417755126953,,86.66388702392578
2022-11-17,84.157958984375,101.8966293334961,70.6871337890625,,85.74940490722656
2022-11-18,83.86133575439453,101.63099670410156,70.6087417602539,,85.15968322753906
2022-11-21,83.80899047851562,101.5955581665039,70.59127044677734,,85.51864624023438
2022-11-22,84.28878021240234,101.78152465820312,70.64353942871094,,86.73228454589844
2022-11-23,84.74241638183594,102.08259582519531,70.70449829101562,,88.24504089355469
2022-11-25,84.71626281738281,102.10032653808594,70.71322631835938,,87.94590759277344
2022-11-28,84.75116729736328,102.10914611816406,70.73064422607422,,88.19376373291016
2022-11-29,84.39347076416016,101.94977569580078,70.70449829101562,,87.15959930419922
2022-11-30,85.15245056152344,102.64045715332031,70.9135513305664,,87.80061340332031
2022-12-01,86.08251190185547,103.26395416259766,71.0662841796875,,90.60549926757812
2022-12-02,86.25731658935547,103.35265350341797,71.04881286621094,,91.74491882324219
2022-12-05,85.38320922851562,102.63423919677734,70.84806060791016,,90.45987701416016
2022-12-06,85.90767669677734,102.93579864501953,70.9266128540039,,91.62496185302734
2022-12-07,86.65940856933594,103.52117156982422,71.07499694824219,,93.78385925292969
2022-12-08,86.16989135742188,103.13978576660156,71.00519561767578,,93.52685546875
2022-12-09,85.53182220458984,102.82938385009766,70.97028350830078,,91.0938491821289
2022-12-12,85.40943908691406,102.75843811035156,70.9266128540039,,91.38512420654297
2022-12-13,86.17864990234375,103.36152648925781,71.1361083984375,,92.26750946044922
2022-12-14,86.4146499633789,103.55667114257812,71.14482116699219,,92.6615982055664
2022-12-15,86.58280181884766,103.5761947631836,71.15442657470703,,93.02313232421875
2022-12-16,86.36386108398438,103.55842590332031,71.22441864013672,,91.98402404785156
2022-12-19,85.66319274902344,103.15864562988281,71.13691711425781,,90.4382095336914
2022-12-20,85.04137420654297,102.82994079589844,71.13691711425781,,88.83229064941406
2022-12-21,85.14649963378906,102.91877746582031,71.20691680908203,,89.05553436279297
2022-12-22,85.12022399902344,102.84774780273438,71.16316223144531,,89.03839874267578
2022-12-23,84.73486328125,102.6611557006836,71.1281967163086,,87.73303985595703
2022-12-27,84.02545928955078,102.18142700195312,71.03195190429688,,85.9983139038086
2022-12-28,83.82402038574219,102.11036682128906,71.03195190429688,,85.49163818359375
2022-12-29,84.23564147949219,102.29693603515625,71.08445739746094,,86.4620590209961
2022-12-30,83.88533020019531,102.06593322753906,70.99696350097656,,85.50020599365234
2023-01-03,84.54219055175781,102.36798095703125,71.05821228027344,,87.13191223144531
2023-01-04,85.19026184082031,102.76775360107422,71.1281967163086,,88.32561492919922
2023-01-05,85.06768798828125,102.5989761352539,71.03195190429688,,88.69486236572266
2023-01-06,86.16242218017578,103.48735809326172,71.3031234741211,,90.32656860351562
2023-01-09,86.38140106201172,103.67388916015625,71.37312316894531,,90.8074951171875
2023-01-10,85.83839416503906,103.45182037353516,71.31184387207031,,89.30460357666016
2023-01-11,86.39013671875,103.76276397705078,71.37312316894531,,90.75596618652344
2023-01-12,87.16085815429688,104.38462829589844,71.53055572509766,,92.542236328125
2023-01-13,86.69668579101562,104.0559310913086,71.40811157226562,,91.67485809326172
2023-01-17,86.42517852783203,104.00260925292969,71.45181274414062,,91.08228302001953
2023-01-18,87.59873962402344,104.81103515625,71.6092758178711,,93.28938293457031
2023-01-19,87.43236541748047,104.65113067626953,71.59178161621094,,92.70539093017578
2023-01-20,86.85433197021484,104.26912689208984,71.53055572509766,,91.20252227783203
2023-01-23,86.57408142089844,104.01150512695312,71.4605712890625,,90.77312469482422
2023-01-24,87.07328796386719,104.26912689208984,71.48682403564453,,92.07848358154297
2023-01-25,87.16958618164062,104.37574768066406,71.53055572509766,,92.30174255371094
2023-01-26,86.85433197021484,104.15362548828125,71.48682403564453,,91.87236022949219
2023-01-27,86.72296142578125,104.06480407714844,71.48682403564453,,91.64048767089844
2023-01-30,86.45145416259766,103.81605529785156,71.41685485839844,,91.30558776855469
2023-01-31,86.88935089111328,104.20695495605469,71.54803466796875,,92.03553771972656
2023-02-01,87.51426696777344,104.75059509277344,71.6724624633789,,93.14191436767578
2023-02-02,87.47917175292969,104.7327880859375,71.68122863769531,,93.26245880126953
2023-02-03,86.54005432128906,103.94092559814453,71.41835021972656,,91.86763000488281
2023-02-06,85.79399108886719,103.21128845214844,71.216796875,,91.18745422363281
2023-02-07,85.58335876464844,103.17571258544922,71.2518539428711,,90.45561981201172
2023-02-08,85.89932250976562,103.3536605834961,71.27814483642578,,90.8861312866211
2023-02-09,85.5131607055664,103.06893920898438,71.22554779052734,,90.02513122558594
2023-02-10,85.10062408447266,102.81094360351562,71.19049835205078,,89.01775360107422
2023-02-13,85.30250549316406,102.89098358154297,71.2080307006836,,89.76686096191406
2023-02-14,84.91632843017578,102.45503234863281,71.0590591430664,,89.56018829345703
2023-02-15,84.66175079345703,102.38382720947266,71.06783294677734,,88.72503662109375
2023-02-16,84.38092041015625,102.25926208496094,71.07659912109375,,87.46797943115234
2023-02-17,84.61790466308594,102.45503234863281,71.13790893554688,,88.14815521240234
2023-02-21,83.69634246826172,101.81439971923828,70.9977035522461,,86.4347915649414
2023-02-22,83.84554290771484,101.91226959228516,71.03279113769531,,87.22691345214844
2023-02-23,84.17028045654297,102.10798645019531,71.07659912109375,,88.07930755615234
2023-02-24,83.66126251220703,101.63641357421875,70.9276123046875,,86.93415069580078
2023-02-27,83.91573333740234,101.83216857910156,70.98896789550781,,87.17522430419922
2023-02-28,84.04740905761719,101.8766860961914,70.97142028808594,,87.5713119506836
2023-03-01,83.37548828125,101.41498565673828,70.84146881103516,,86.6304931640625
2023-03-02,83.03248596191406,101.22783660888672,70.86779022216797,,85.86235046386719
2023-03-03,83.70089721679688,101.5665283203125,70.91173553466797,,87.94242858886719
2023-03-06,83.55136108398438,101.4952392578125,70.8766098022461,,87.26058959960938
2023-03-07,83.56018829345703,101.28131866455078,70.72733306884766,,87.79571533203125
2023-03-08,83.5337905883789,101.20114135742188,70.69220733642578,,87.88201141357422
2023-03-09,84.05268859863281,101.80716705322266,70.92049407958984,,88.09781646728516
2023-03-10,85.60057830810547,102.99251556396484,71.30683135986328,,91.13597869873047
2023-03-13,86.63836669921875,104.23133850097656,72.01807403564453,,91.34312438964844
2023-03-14,85.8204574584961,103.56293487548828,71.74586486816406,,89.8412857055664
2023-03-15,87.060546875,104.75719451904297,72.16731262207031,,91.57616424560547
2023-03-16,86.27778625488281,104.03528594970703,71.87757873535156,,90.85977935791016
2023-03-17,87.29798889160156,104.92652893066406,72.23760223388672,,92.22347259521484
2023-03-20,86.94619750976562,104.63243865966797,72.14976501464844,,91.41217041015625
2023-03-21,86.18982696533203,103.94617462158203,71.87757873535156,,90.6267318725586
2023-03-22,87.32439422607422,104.93543243408203,72.21125030517578,,91.83507537841797
2023-03-23,87.82569122314453,105.53257751464844,72.4219741821289,,91.83507537841797
2023-03-24,87.85208129882812,105.505859375,72.45709228515625,,92.22347259521484
2023-03-27,86.77033233642578,104.64131927490234,72.14976501464844,,90.05704498291016
2023-03-28,86.71755981445312,104.44524383544922,72.07075500488281,,90.22106170654297
2023-03-29,86.56800079345703,104.34721374511719,72.04440307617188,,90.03977966308594
2023-03-30,86.6999282836914,104.40958404541016,72.05318450927734,,90.45411682128906
2023-03-31,87.17487335205078,104.8552474975586,72.1409912109375,,91.80917358398438
2023-04-03,87.58551788330078,105.17129516601562,72.22899627685547,,92.2409439086914
2023-04-04,88.1495132446289,105.72480010986328,72.39620971679688,,92.69957733154297
2023-04-05,88.51959228515625,105.93014526367188,72.49297332763672,,93.6687240600586
2023-04-06,88.54603576660156,105.92122650146484,72.46658325195312,,93.91100311279297
2023-04-10,87.67362213134766,105.19805908203125,72.21138763427734,,92.39674377441406
2023-04-11,87.63839721679688,105.162353515625,72.20258331298828,,92.58706665039062
2023-04-12,87.89395141601562,105.47481536865234,72.28182220458984,,92.49190521240234
2023-04-13,87.60316467285156,105.36770629882812,72.32576751708984,,91.76507568359375
2023-04-14,87.17134857177734,104.9301986694336,72.15860748291016,,90.92571258544922
2023-04-17,86.61616516113281,104.51060485839844,72.05297088623047,,89.84407806396484
2023-04-18,86.75714874267578,104.57308959960938,72.03539276123047,,90.16423034667969
2023-04-19,86.57209014892578,104.42129516601562,71.97380065917969,,90.07771301269531
2023-04-20,87.07439422607422,104.87666320800781,72.14978790283203,,90.84783172607422
2023-04-21,86.86293029785156,104.71592712402344,72.10580444335938,,90.3373031616211
2023-04-24,87.28591918945312,105.02842712402344,72.18498229980469,,91.21125030517578
2023-04-25,88.1495132446289,105.86766052246094,72.46658325195312,,92.5524673461914
2023-04-26,87.80583190917969,105.6087417602539,72.37858581542969,,91.56604766845703
2023-04-27,87.23304748535156,105.06413269042969,72.2377700805664,,90.657470703125
2023-04-28,87.8851547241211,105.51055145263672,72.3169937133789,,92.1198501586914
2023-05-01,86.8507308959961,104.8407211303711,72.15911102294922,,89.46359252929688
2023-05-02,87.9814224243164,105.71714782714844,72.39727020263672,,91.69300842285156
2023-05-03,88.55558776855469,106.29842376708984,72.57365417480469,,92.20484161376953
2023-05-04,88.53794860839844,106.45941162109375,72.68832397460938,,91.29400634765625
2023-05-05,88.06092071533203,105.97647094726562,72.51190185546875,,90.99034881591797
2023-05-08,87.52208709716797,105.60086822509766,72.39727020263672,,89.71516418457031
2023-05-09,87.41608428955078,105.52039337158203,72.37960815429688,,89.39420318603516
2023-05-10,88.06975555419922,106.12850189208984,72.5560302734375,,90.26168823242188
2023-05-11,88.3965835571289,106.26266479492188,72.60014343261719,,91.21591186523438
2023-05-12,87.86656188964844,105.85125732421875,72.47663116455078,,90.45250701904297
2023-05-15,87.67223358154297,105.79761505126953,72.48545837402344,,89.5156478881836
2023-05-16,87.3895492553711,105.5561294555664,72.39727020263672,,89.2467041015625
2023-05-17,87.10691833496094,105.25208282470703,72.31786346435547,,88.98650360107422
2023-05-18,86.56804656982422,104.78702545166016,72.18556213378906,,88.32717895507812
2023-05-19,86.2412109375,104.50980377197266,72.1326675415039,,87.70259857177734
2023-05-22,86.08222198486328,104.44721221923828,72.10615539550781,,87.39031219482422
2023-05-23,86.22355651855469,104.55452728271484,72.09735107421875,,87.64188385009766
2023-05-24,86.00271606445312,104.33094787597656,72.00918579101562,,87.20813751220703
2023-05-25,85.46388244628906,103.785400390625,71.85042572021484,,86.99124908447266
2023-05-26,85.62287902832031,103.71387481689453,71.8327865600586,,87.69392395019531
2023-05-30,86.29425048828125,104.30408477783203,71.9738998413086,,88.57010650634766
2023-05-31,86.62105560302734,104.52769470214844,72.04442596435547,,89.3421401977539
2023-06-01,86.86190032958984,104.82337951660156,72.15673065185547,,89.69267272949219
2023-06-02,86.1712417602539,104.1782455444336,71.953369140625,,88.70979309082031
2023-06-05,86.14469146728516,104.2140884399414,71.97107696533203,,88.5445556640625
2023-06-06,86.19783020019531,104.1782455444336,71.93571472167969,,89.06639862060547
2023-06-07,85.56918334960938,103.7929458618164,71.88262939453125,,87.74433135986328
2023-06-08,86.14469146728516,104.2140884399414,71.9975814819336,,88.77069854736328
2023-06-09,85.83480834960938,103.882568359375,71.86494445800781,,88.6489028930664
2023-06-12,85.97644805908203,104.05279541015625,71.92684936523438,,88.90984344482422
2023-06-13,85.3655014038086,103.55104064941406,71.79421997070312,,88.0313949584961
2023-06-14,85.48059844970703,103.51521301269531,71.7500228881836,,88.73588562011719
2023-06-15,86.14469146728516,104.04383850097656,71.90033721923828,,89.58829498291016
2023-06-16,85.7728271484375,103.69441986083984,71.80306243896484,,89.24037170410156
2023-06-20,86.02957916259766,103.85569763183594,71.82957458496094,,89.85794067382812
2023-06-21,86.10928344726562,103.90048217773438,71.82957458496094,,90.07537078857422
2023-06-22,85.6222915649414,103.56895446777344,71.7500228881836,,88.98815155029297
2023-06-23,85.97644805908203,103.74813842773438,71.8119125366211,,89.87532043457031
2023-06-26,86.18896484375,103.9452896118164,71.86494445800781,,89.97101593017578
2023-06-27,85.88794708251953,103.64959716796875,71.75886535644531,,89.73615264892578
2023-06-28,86.23322296142578,103.91840362548828,71.83841705322266,,90.11886596679688
2023-06-29,85.34778594970703,103.24641418457031,71.66161346435547,,88.49236297607422
2023-06-30,85.5337142944336,103.27328491210938,71.6881332397461,,89.53608703613281
2023-07-03,85.16272735595703,102.98780059814453,71.60478973388672,,89.0285415649414
2023-07-05,84.75445556640625,102.77234649658203,71.58706665039062,,88.18254852294922
2023-07-06,84.06212615966797,102.29652404785156,71.54273223876953,,86.93537902832031
2023-07-07,83.95561981201172,102.34141540527344,71.62252807617188,,86.412109375
2023-07-10,84.39055633544922,102.81723022460938,71.72891235351562,,86.52546691894531
2023-07-11,84.56806945800781,102.84416198730469,71.72006225585938,,86.97025299072266
2023-07-12,85.39350891113281,103.5982437133789,71.93279266357422,,87.9383544921875
2023-07-13,86.10355377197266,104.26258087158203,72.13665008544922,,88.86283874511719
2023-07-14,85.67753601074219,103.79576873779297,71.95051574707031,,88.33952331542969
2023-07-17,85.81954193115234,103.92142486572266,71.97709655761719,,88.38310241699219
2023-07-18,85.91716003417969,103.94835662841797,71.97709655761719,,88.7843246459961
2023-07-19,86.21007537841797,104.1099624633789,72.00370788574219,,89.78727722167969
2023-07-20,85.52664947509766,103.6341781616211,71.91507720947266,,88.69711303710938
2023-07-21,85.5976333618164,103.6341781616211,71.92390441894531,,88.72329711914062
2023-07-24,85.39350891113281,103.41868591308594,71.83528900146484,,88.40058898925781
2023-07-25,85.2337646484375,103.31097412109375,71.826416015625,,88.23486328125
2023-07-26,85.52664947509766,103.58030700683594,71.89730834960938,,88.32208251953125
2023-07-27,84.59466552734375,102.99679565429688,71.79093170166016,,86.60395050048828
2023-07-28,84.86981201171875,103.2571029663086,71.8884506225586,,87.04873657226562
2023-07-31,84.9763412475586,103.34690856933594,71.90618896484375,,87.25811004638672
2023-08-01,84.47982788085938,103.05721282958984,71.84575653076172,,85.82817840576172
2023-08-02,84.31075286865234,103.04826354980469,71.88129425048828,,84.90989685058594
2023-08-03,83.68789672851562,102.78739166259766,71.90797424316406,,82.95093536376953
2023-08-04,84.57770538330078,103.45301818847656,72.05016326904297,,84.4201431274414
2023-08-07,84.37303924560547,103.39907836914062,72.07683563232422,,83.58935546875
2023-08-08,84.8001480102539,103.6419448852539,72.11237335205078,,84.5600814819336
2023-08-09,84.8535385131836,103.58796691894531,72.06793212890625,,84.99735260009766
2023-08-10,84.20396423339844,103.201171875,72.03237915039062,,83.59809112548828
2023-08-11,83.75906372070312,102.82339477539062,71.9613037109375,,83.40570068359375
2023-08-14,83.62557983398438,102.63448333740234,71.89908599853516,,83.22203826904297
2023-08-15,83.46542358398438,102.59849548339844,71.92574310302734,,82.71479034423828
2023-08-16,83.14509582519531,102.40059661865234,71.89019775390625,,82.067626953125
2023-08-17,83.03831481933594,102.45458984375,71.9701919555664,,81.71778869628906
2023-08-18,83.28746032714844,102.59849548339844,71.9968490600586,,82.00639343261719
2023-08-21,82.77134704589844,102.2477035522461,71.9168701171875,,80.9132080078125
2023-08-22,82.80695343017578,102.17572784423828,71.88129425048828,,81.5341567993164
2023-08-23,83.70567321777344,102.75141143798828,72.01460266113281,,83.55438232421875
2023-08-24,83.39424896240234,102.55352020263672,71.9701919555664,,83.00337982177734
2023-08-25,83.36752319335938,102.44557189941406,71.92574310302734,,83.27449798583984
2023-08-28,83.59889221191406,102.61650085449219,71.9701919555664,,83.36195373535156
2023-08-29,84.195068359375,103.14720153808594,72.1301498413086,,84.22774505615234
2023-08-30,84.18618774414062,103.12918853759766,72.1301498413086,,84.14030456542969
2023-08-31,84.3552474975586,103.31809997558594,72.20123291015625,,84.5163345336914
2023-09-01,83.839599609375,103.00446319580078,72.16204071044922,,83.19974517822266
2023-09-05,83.33110809326172,102.73402404785156,72.07295227050781,,82.0330810546875
2023-09-06,83.11701965332031,102.44562530517578,71.99273681640625,,82.23482513427734
2023-09-07,83.40247344970703,102.7520523071289,72.12639617919922,,82.4629135131836
2023-09-08,83.42032623291016,102.69798278808594,72.09075164794922,,82.77869415283203
2023-09-11,83.277587890625,102.65291595458984,72.10858154296875,,82.18219757080078
2023-09-12,83.39354705810547,102.65291595458984,72.07295227050781,,82.6558837890625
2023-09-13,83.49169921875,102.78811645507812,72.13531494140625,,82.63832092285156
2023-09-14,83.3043441772461,102.67097473144531,72.11750793457031,,82.04187774658203
2023-09-15,83.0456314086914,102.49969482421875,72.08186340332031,,81.54187774658203
2023-09-18,83.12592315673828,102.4906997680664,72.07295227050781,,82.00675201416016
2023-09-19,82.82262420654297,102.26535034179688,72.01949310302734,,81.40152740478516
2023-09-20,82.76016235351562,102.15719604492188,71.97493743896484,,81.65589904785156
2023-09-21,82.14462280273438,101.90480041503906,72.01057434082031,,79.55945587158203
2023-09-22,82.46578216552734,102.15719604492188,72.08186340332031,,80.1998291015625
2023-09-25,81.85914611816406,101.91382598876953,72.05514526367188,,78.22615814208984
2023-09-26,81.83238220214844,101.89578247070312,72.06404876708984,,77.95426177978516
2023-09-27,81.46665954589844,101.63441467285156,72.01057434082031,,77.55075073242188
2023-09-28,81.68965148925781,101.94085693359375,72.13531494140625,,77.78759002685547
2023-09-29,81.70748901367188,101.99494934082031,72.14423370361328,,77.79634094238281
2023-10-02,81.04473114013672,101.57308959960938,72.07185363769531,,76.49402618408203
2023-10-03,80.3738784790039,101.17567443847656,72.0182876586914,,74.8485107421875
2023-10-04,80.88375091552734,101.5911865234375,72.1790542602539,,75.90446472167969
2023-10-05,81.03575134277344,101.80797576904297,72.25052642822266,,75.52608489990234
2023-10-06,80.56171417236328,101.46472930908203,72.1880111694336,,74.61092376708984
2023-10-09,81.59032440185547,102.28668975830078,72.40238189697266,,76.36202239990234
2023-10-10,81.42929077148438,102.1150894165039,72.35774230957031,,76.25645446777344
2023-10-11,81.87655639648438,102.25056457519531,72.3398666381836,,77.8491439819336
2023-10-12,81.08940887451172,101.7899169921875,72.25052642822266,,75.73726654052734
2023-10-13,81.60820007324219,102.05184173583984,72.29518127441406,,77.09241485595703
2023-10-16,81.12521362304688,101.75379180908203,72.25052642822266,,75.85164642333984
2023-10-17,80.32914733886719,101.0943832397461,72.0897216796875,,75.01573181152344
2023-10-18,79.95349884033203,100.86857604980469,72.0897216796875,,74.35576629638672
2023-10-19,79.55994415283203,100.81438446044922,72.1880111694336,,72.83343505859375
2023-10-20,80.02507019042969,101.24794006347656,72.30414581298828,,73.24699401855469
2023-10-23,80.40071868896484,101.4827880859375,72.34878540039062,,74.12693786621094
2023-10-24,80.5438003540039,101.47376251220703,72.33094024658203,,75.10369110107422
2023-10-25,79.83724212646484,101.0582504272461,72.25052642822266,,73.43177795410156
2023-10-26,80.44542694091797,101.55506134033203,72.3934555053711,,74.55814361572266
2023-10-27,80.5706787109375,101.72664642333984,72.43812561035156,,74.24137115478516
2023-10-30,80.30233001708984,101.52793884277344,72.41132354736328,,73.90693664550781
2023-10-31,80.13237762451172,101.42855834960938,72.38453674316406,,73.54620361328125
2023-11-01,81.05531311035156,102.11225891113281,72.5457763671875,,75.14082336425781
2023-11-02,81.5575942993164,102.28427124023438,72.55472564697266,,76.85382080078125
2023-11-03,82.1854476928711,102.91814422607422,72.7518081665039,,77.37474060058594
2023-11-06,81.71009063720703,102.51065826416016,72.617431640625,,76.62422943115234
2023-11-07,82.17648315429688,102.78231811523438,72.67119598388672,,77.75443267822266
2023-11-08,82.50836944580078,102.90000915527344,72.65327453613281,,79.0788803100586
2023-11-09,81.69213104248047,102.33860778808594,72.5457763671875,,77.25996398925781
2023-11-10,81.78184509277344,102.33860778808594,72.5636978149414,,77.69264221191406
2023-11-13,81.73698425292969,102.3838882446289,72.590576171875,,77.51603698730469
2023-11-14,82.96577453613281,103.38899993896484,72.87724304199219,,79.27314758300781
2023-11-15,82.31999206542969,102.91814422607422,72.74285888671875,,78.16060638427734
2023-11-16,82.9388656616211,103.40709686279297,72.8683090209961,,79.13188934326172
2023-11-17,82.99267578125,103.32561492919922,72.81452941894531,,79.50271606445312
2023-11-20,83.10931396484375,103.38899993896484,72.82349395751953,,79.98834228515625
2023-11-21,83.21691131591797,103.52482604980469,72.8683090209961,,79.95303344726562
2023-11-22,83.19001770019531,103.46143341064453,72.87724304199219,,80.23558807373047
2023-11-24,82.75946044921875,103.20789337158203,72.82349395751953,,79.29081726074219
2023-11-27,83.38733673095703,103.6243896484375,72.9130630493164,,80.61524963378906
2023-11-28,83.75508880615234,104.04095458984375,73.04745483398438,,80.77420043945312
2023-11-29,84.19456481933594,104.38504791259766,73.19075775146484,,81.78962707519531
2023-11-30,83.78199768066406,104.16769409179688,73.14598846435547,,80.8448257446289
2023-12-01,84.57249450683594,104.78943634033203,73.35897064208984,,82.36746215820312
2023-12-04,84.22172546386719,104.46268463134766,73.25111389160156,,82.03973388671875
2023-12-05,84.81531524658203,104.85299682617188,73.3409652709961,,83.80241394042969
2023-12-06,85.16604614257812,104.98007202148438,73.32300567626953,,84.9184799194336
2023-12-07,85.0401382446289,104.98007202148438,73.3769302368164,,84.43128967285156
2023-12-08,84.49154663085938,104.46268463134766,73.21517181396484,,83.74039459228516
2023-12-11,84.50055694580078,104.47177124023438,73.233154296875,,83.563232421875
2023-12-12,84.68041229248047,104.60791778564453,73.24211883544922,,83.8112564086914
2023-12-13,85.93946838378906,105.724365234375,73.61054229736328,,85.77765655517578
2023-12-14,86.65383911132812,106.19024658203125,73.73676300048828,,88.00896453857422
2023-12-15,86.58165740966797,106.0537338256836,73.65560913085938,,88.10675048828125
2023-12-18,86.39225769042969,105.92634582519531,73.64659881591797,,87.40470886230469
2023-12-19,86.55460357666016,106.01734924316406,73.67366027832031,,87.87568664550781
2023-12-20,86.9785385131836,106.37220764160156,73.7728042602539,,88.47106170654297
2023-12-21,86.84326934814453,106.37220764160156,73.84493255615234,,87.91120910644531
2023-12-22,86.76209259033203,106.36310577392578,73.87196350097656,,87.5113754272461
2023-12-26,86.81617736816406,106.3358154296875,73.83590698242188,,87.76017761230469
2023-12-27,87.49268341064453,106.79989624023438,73.92604064941406,,89.31525421142578
2023-12-28,87.15894317626953,106.60879516601562,73.91703033447266,,88.66657257080078
2023-12-29,86.94245910644531,106.58149719238281,73.95309448242188,,87.8667984008789
2024-01-02,86.61772155761719,106.27214813232422,73.86296844482422,,87.36029052734375
2024-01-03,86.82522583007812,106.41769409179688,73.88098907470703,,87.72464752197266
2024-01-04,86.30207061767578,106.08102416992188,73.83590698242188,,86.3917236328125
2024-01-05,85.98634338378906,105.89904022216797,73.81788635253906,,85.56529235839844
2024-01-08,86.27499389648438,106.1174545288086,73.88098907470703,,86.40947723388672
2024-01-09,86.23890686035156,106.14472961425781,73.8990249633789,,85.85853576660156
2024-01-10,86.10362243652344,106.08102416992188,73.8990249633789,,85.45864868164062
2024-01-11,86.56364440917969,106.55420684814453,74.07028198242188,,85.93852233886719
2024-01-12,86.79817199707031,106.82720184326172,74.2234878540039,,85.76966857910156
2024-01-16,86.09459686279297,106.37220764160156,74.1063461303711,,84.25902557373047
2024-01-17,85.81497955322266,106.00822448730469,73.96212005615234,,84.1257095336914
2024-01-18,85.62557983398438,105.95365142822266,73.99815368652344,,83.34375762939453
2024-01-19,85.63461303710938,105.89904022216797,73.94408416748047,,83.61032104492188
2024-01-22,85.89617156982422,106.08102416992188,73.9801254272461,,84.1079330444336
2024-01-23,85.67969512939453,105.96276092529297,73.97113800048828,,83.44149780273438
2024-01-24,85.4361572265625,105.78985595703125,73.93505859375,,82.9527359008789
2024-01-25,85.80596923828125,106.13563537597656,74.07028198242188,,83.49480438232422
2024-01-26,85.65263366699219,105.99913787841797,74.02522277832031,,83.33485412597656
2024-01-29,86.166748046875,106.34491729736328,74.09732055664062,,84.29456329345703
2024-01-30,86.28399658203125,106.26302337646484,74.05224609375,,85.05878448486328
2024-01-31,87.00560760498047,106.90908813476562,74.18746948242188,,85.8940658569336
2024-02-01,87.54452514648438,107.21647644042969,74.29776763916016,,87.5789794921875
2024-02-02,86.40522766113281,106.34077453613281,74.06270599365234,,85.64445495605469
2024-02-05,85.5643081665039,105.74791717529297,73.91805267333984,,83.91500091552734
2024-02-06,86.02546691894531,106.13098907470703,74.03558349609375,,84.73514556884766
2024-02-07,85.87174987792969,106.01243591308594,74.00843811035156,,84.3250732421875
2024-02-08,85.5914535522461,105.82086181640625,73.99034881591797,,83.83475494384766
2024-02-09,85.43772888183594,105.71139526367188,73.96324157714844,,83.66536712646484
2024-02-12,85.51911163330078,105.79349517822266,73.97228240966797,,83.76345825195312
2024-02-13,84.57872009277344,104.95430755615234,73.7372055053711,,82.32813262939453
2024-02-14,84.89522552490234,105.27357482910156,73.84571075439453,,82.74712371826172
2024-02-15,85.13028717041016,105.45599365234375,73.91805267333984,,83.17506408691406
2024-02-16,84.75956726074219,105.13675689697266,73.82765197753906,,82.69364929199219
2024-02-20,84.90424346923828,105.32828521728516,73.87283325195312,,82.76496887207031
2024-02-21,84.63300323486328,105.09114837646484,73.8095703125,,82.1766128540039
2024-02-22,84.64204406738281,105.0363998413086,73.80052185058594,,82.57777404785156
2024-02-23,85.03083038330078,105.23709106445312,73.83667755126953,,83.6832275390625
2024-02-26,84.90424346923828,105.13675689697266,73.78244018554688,,83.43360137939453
2024-02-27,84.71436309814453,105.05463409423828,73.78244018554688,,82.84521484375
2024-02-28,85.02178192138672,105.31002044677734,73.85476684570312,,83.37117767333984
2024-02-29,85.19359588623047,105.43775177001953,73.89997100830078,,83.95954895019531
2024-03-01,85.58250427246094,105.81721496582031,74.0450439453125,,84.48272705078125
2024-03-04,85.39215850830078,105.64349365234375,73.97249603271484,,84.14289093017578
2024-03-05,85.91795349121094,105.97265625,74.02692413330078,,85.34123229980469
2024-03-06,86.1264877319336,106.0732192993164,74.0450439453125,,85.84202575683594
2024-03-07,86.27153015136719,106.2743911743164,74.13571166992188,,85.76154327392578
2024-03-08,86.33499908447266,106.38409423828125,74.1719970703125,,85.60951232910156
2024-03-11,86.22618865966797,106.2378158569336,74.10853576660156,,85.5647964477539
2024-03-12,85.87262725830078,105.94522857666016,74.0359878540039,,84.84938049316406
2024-03-13,85.68225860595703,105.78977966308594,73.99970245361328,,84.43798065185547
2024-03-14,85.04763793945312,105.36003112792969,73.93623352050781,,83.14129638671875
2024-03-15,84.90259552001953,105.20459747314453,73.89090728759766,,83.1144790649414
2024-03-18,84.80284118652344,105.12230682373047,73.89997863769531,,82.86408996582031
2024-03-19,85.04763793945312,105.35088348388672,73.96344757080078,,83.09656524658203
2024-03-20,85.24707794189453,105.59777069091797,74.08129119873047,,83.06974029541016
2024-03-21,85.25615692138672,105.60691833496094,74.08129119873047,,83.24860382080078
2024-03-22,85.67318725585938,105.89035034179688,74.13571166992188,,84.04452514648438
2024-03-25,85.446533203125,105.75320434570312,74.09945678710938,,83.62421417236328
2024-03-26,85.57347106933594,105.82635498046875,74.11758422851562,,83.85671997070312
2024-03-27,85.89984893798828,106.0457992553711,74.19920349121094,,84.68840789794922
2024-03-28,85.81825256347656,105.89035034179688,74.15385437011719,,84.6168441772461
2024-04-01,85.04174041748047,105.38248443603516,73.99919128417969,,83.03950500488281
2024-04-02,84.85989379882812,105.35496520996094,74.03558349609375,,82.58191680908203
2024-04-03,84.95989990234375,105.43745422363281,74.09017181396484,,82.56396484375
2024-04-04,85.2508544921875,105.66669464111328,74.16295623779297,,83.1561508178711
2024-04-05,84.68712615966797,105.23577117919922,74.04468536376953,,81.99869537353516
2024-04-08,84.4961929321289,105.04325866699219,73.97190856933594,,81.98973846435547
2024-04-09,84.83262634277344,105.28162384033203,74.04468536376953,,82.75241088867188
2024-04-10,83.70513153076172,104.2731704711914,73.7444839477539,,80.94893646240234
2024-04-11,83.5869369506836,104.29153442382812,73.83544158935547,,80.58108520507812
2024-04-12,83.93247985839844,104.557373046875,73.88094329833984,,81.0117416381836
2024-04-15,83.39600372314453,104.22735595703125,73.85363006591797,,79.755615234375
2024-04-16,83.06867218017578,103.98900604248047,73.80813598632812,,79.22622680664062
2024-04-17,83.59603118896484,104.34651947021484,73.86276245117188,,80.10553741455078
2024-04-18,83.30506896972656,104.10814666748047,73.82632446289062,,79.7017822265625
2024-04-19,83.41419982910156,104.1906967163086,73.84453582763672,,79.98887634277344
2024-04-22,83.42330169677734,104.22735595703125,73.88094329833984,,79.85433197021484
2024-04-23,83.53237915039062,104.38320922851562,73.94461822509766,,79.88124084472656
2024-04-24,83.27780151367188,104.25484466552734,73.91732788085938,,79.31598663330078
2024-04-25,82.95957946777344,104.00733184814453,73.86276245117188,,78.75968170166016
2024-04-26,83.18687438964844,104.12650299072266,73.88094329833984,,79.17240905761719
2024-04-29,83.5232925415039,104.31903839111328,73.91732788085938,,79.83636474609375
2024-04-30,83.13233184814453,104.05315399169922,73.82632446289062,,79.15447998046875
2024-05-01,83.4615249633789,104.33441162109375,73.97419738769531,,79.7379150390625
2024-05-02,83.8536605834961,104.73884582519531,74.08372497558594,,80.08006286621094
2024-05-03,84.31877136230469,105.1249008178711,74.202392578125,,80.89041137695312
2024-05-06,84.3917236328125,105.1524887084961,74.19325256347656,,81.20555877685547
2024-05-07,84.61061096191406,105.25359344482422,74.202392578125,,81.70075225830078
2024-05-08,84.37348175048828,105.14327239990234,74.18412780761719,,81.20555877685547
2024-05-09,84.62881469726562,105.31793212890625,74.24800872802734,,81.60173034667969
2024-05-10,84.3552474975586,105.1249008178711,74.18412780761719,,81.14249420166016
2024-05-13,84.45555114746094,105.17086791992188,74.202392578125,,81.349609375
2024-05-14,84.7018051147461,105.37308502197266,74.27538299560547,,81.80879211425781
2024-05-15,85.34014129638672,105.8878173828125,74.41229248046875,,82.92526245117188
2024-05-16,85.17597961425781,105.71315002441406,74.3575210571289,,82.84423828125
2024-05-17,84.91153717041016,105.53853607177734,74.3118896484375,,82.28599548339844
2024-05-20,84.78386688232422,105.4558334350586,74.29365539550781,,82.04290008544922
2024-05-21,85.00273895263672,105.61206817626953,74.33016967773438,27.20956802368164,82.46607971191406
2024-05-22,84.89329528808594,105.4558334350586,74.27538299560547,27.18875503540039,82.56510925292969
2024-05-23,84.59235382080078,105.23519897460938,74.23887634277344,27.110034942626953,82.03388977050781
2024-05-24,84.7018051147461,105.25359344482422,74.26627349853516,27.141708374023438,82.27699279785156
2024-05-28,84.22756958007812,104.99622344970703,74.202392578125,27.028593063354492,81.09748840332031
2024-05-29,83.81718444824219,104.75724029541016,74.17496490478516,26.942628860473633,80.11608123779297
2024-05-30,84.2366714477539,105.0513687133789,74.25715637207031,27.027687072753906,80.89041137695312
2024-05-31,84.62881469726562,105.4190444946289,74.3575210571289,27.119077682495117,81.43965148925781
2024-06-03,85.18311309814453,105.77751922607422,74.44178771972656,27.256811141967773,82.75688934326172
2024-06-04,85.64960479736328,106.12772369384766,74.5150375366211,27.365554809570312,83.72357940673828
2024-06-05,85.9605712890625,106.34890747070312,74.58828735351562,27.45073127746582,84.33792877197266
2024-06-06,85.92401123046875,106.37654876708984,74.59741973876953,27.45616912841797,84.21146392822266
2024-06-07,85.01846313476562,105.66694641113281,74.40514373779297,27.24231719970703,82.6665267944336
2024-06-10,84.83555603027344,105.58399200439453,74.41429901123047,27.20244789123535,82.11543273925781
2024-06-11,85.28373718261719,105.90655517578125,74.49671173095703,27.3021183013916,82.96468353271484
2024-06-12,85.75935363769531,106.27519226074219,74.59741973876953,27.401798248291016,83.58807373046875
2024-06-13,86.32646942138672,106.70830535888672,74.7164535522461,27.55493927001953,84.81676483154297
2024-06-14,86.52767181396484,106.78204345703125,74.72562408447266,27.61021614074707,85.53050231933594
2024-06-17,86.12523651123047,106.49635314941406,74.65238189697266,27.501480102539062,84.6812744140625
2024-06-18,86.5002670288086,106.79125213623047,74.75310516357422,27.601150512695312,85.45820617675781
2024-06-20,86.28072357177734,106.6622314453125,74.72562408447266,27.546781539916992,84.88906860351562
2024-06-21,86.29900360107422,106.6806869506836,74.75310516357422,27.55584144592285,84.88906860351562
2024-06-24,86.37218475341797,106.70830535888672,74.76223754882812,27.576684951782227,85.23236846923828
2024-06-25,86.44538116455078,106.77283477783203,74.77140808105469,27.601150512695312,85.3769302368164
2024-06-26,85.92401123046875,106.41341400146484,74.69815063476562,27.465232849121094,84.15724182128906
2024-06-27,86.11608123779297,106.57926940917969,74.75310516357422,27.510536193847656,84.49152374267578
2024-06-28,85.65873718261719,106.41341400146484,74.76223754882812,27.412675857543945,82.91951751708984
2024-07-01,85.0210952758789,106.0078125,74.69793701171875,27.240766525268555,81.4884033203125
2024-07-02,85.34220886230469,106.22032165527344,74.76223754882812,27.33172035217285,82.12284088134766
2024-07-03,85.91105651855469,106.62684631347656,74.87250518798828,27.450870513916016,83.2013931274414
2024-07-05,86.38813781738281,107.05188751220703,75.01029968261719,27.568206787109375,83.89018249511719
2024-07-08,86.41566467285156,107.03340911865234,75.00110626220703,27.577302932739258,84.07146453857422
2024-07-09,86.29640197753906,107.00568389892578,74.98273468017578,27.550016403198242,83.69983673095703
2024-07-10,86.37895202636719,107.04263305664062,75.01029968261719,27.571842193603516,83.96271514892578
2024-07-11,86.92945861816406,107.5323486328125,75.1848373413086,27.716461181640625,84.77840423583984
2024-07-12,87.11292266845703,107.73560333251953,75.29509735107422,27.764663696289062,85.14093780517578
2024-07-15,86.83769226074219,107.64324188232422,75.29509735107422,27.701906204223633,84.16207885742188
2024-07-16,87.22301483154297,107.8372802734375,75.3226547241211,27.80195426940918,85.34940338134766
2024-07-17,87.29643249511719,107.8927001953125,75.33184051513672,27.8228759765625,85.36750030517578
2024-07-18,87.0487060546875,107.72637176513672,75.29509735107422,27.75102424621582,84.7149658203125
2024-07-19,86.77347564697266,107.54158782958984,75.25833892822266,27.695545196533203,84.21643829345703
2024-07-22,86.69088745117188,107.48615264892578,75.26752471923828,27.66825294494629,83.97177124023438
2024-07-23,86.75511169433594,107.56006622314453,75.30428314208984,27.686445236206055,83.85394287109375
2024-07-24,86.56243896484375,107.56006622314453,75.34101104736328,27.63551139831543,82.94760131835938
2024-07-25,86.75511169433594,107.64324188232422,75.35020446777344,27.686445236206055,83.6273422241211
2024-07-26,87.16795349121094,107.97587585449219,75.45126342773438,27.78012466430664,84.27989959716797
2024-07-29,87.31474304199219,108.04976654052734,75.46044158935547,27.81468963623047,84.73307800292969
2024-07-30,87.4982681274414,108.1976089477539,75.48800659179688,27.859256744384766,85.05935668945312
2024-07-31,88.1404800415039,108.7242660522461,75.6441879272461,27.996599197387695,85.929443359375
2024-08-01,88.5168685913086,109.08094024658203,75.77507019042969,28.13172149658203,86.67058563232422
2024-08-02,89.88798522949219,110.24830627441406,76.19906616210938,28.494173049926758,89.371337890625
2024-08-05,89.98002624511719,110.24830627441406,76.18062591552734,28.527040481567383,89.84420776367188
2024-08-06,89.17941284179688,109.69242095947266,76.08845520019531,28.320709228515625,87.83453369140625
2024-08-07,88.85733032226562,109.534912109375,76.04237365722656,28.23305892944336,87.21617126464844
2024-08-08,88.5904769897461,109.30331420898438,76.0055160522461,28.183759689331055,86.67964935302734
2024-08-09,88.94939422607422,109.48859405517578,76.0239486694336,28.255884170532227,87.5344467163086
2024-08-12,89.19782257080078,109.72947692871094,76.07003021240234,28.310665130615234,87.85272216796875
2024-08-13,89.59352111816406,110.04448699951172,76.18985748291016,28.402875900268555,88.46197509765625
2024-08-14,89.7131576538086,110.07228088378906,76.18062591552734,28.43939208984375,89.01668548583984
2024-08-15,89.1518325805664,109.54419708251953,75.99629211425781,28.295141220092773,88.29830169677734
2024-08-16,89.32666015625,109.69242095947266,76.07927703857422,28.34992218017578,88.60749816894531
2024-08-19,89.44629669189453,109.72947692871094,76.06080627441406,28.384618759155273,89.01668548583984
2024-08-20,89.80517578125,109.99813079833984,76.17140197753906,28.475921630859375,89.72598266601562
2024-08-21,89.98920440673828,110.22977447509766,76.25437927246094,28.53069305419922,89.78057098388672
2024-08-22,89.57512664794922,109.905517578125,76.15298461914062,28.412004470825195,88.88938903808594
2024-08-23,89.98920440673828,110.30387878417969,76.32807922363281,28.51243019104004,89.47136688232422
2024-08-26,89.8787841796875,110.19270324707031,76.29122161865234,28.494173049926758,89.24403381347656
2024-08-27,89.84198760986328,110.2668228149414,76.33731842041016,28.49234962463379,89.08943176269531
2024-08-28,89.79597473144531,110.24830627441406,76.32807922363281,28.475921630859375,88.9803237915039
2024-08-29,89.6395263671875,110.11860656738281,76.3188705444336,28.43939208984375,88.68931579589844
2024-08-30,89.32666015625,109.98887634277344,76.3188705444336,28.368183135986328,87.74360656738281
2024-09-03,89.91551208496094,110.36976623535156,76.40027618408203,28.513879776000977,89.17867279052734
2024-09-04,90.44159698486328,110.80641174316406,76.5667724609375,28.657739639282227,90.32819366455078
2024-09-05,90.65388488769531,110.90856170654297,76.59449005126953,28.708133697509766,90.83908081054688
2024-09-06,90.78308868408203,111.15937805175781,76.73326110839844,28.76311683654785,90.82997131347656
2024-09-09,90.9123306274414,111.20581817626953,76.74250793457031,28.788774490356445,91.2222671508789
2024-09-10,91.29997253417969,111.54026794433594,76.85348510742188,28.89048194885254,91.86087799072266
2024-09-11,91.23534393310547,111.42877960205078,76.78873443603516,28.85932731628418,91.78789520263672
2024-09-12,91.08769989013672,111.33587646484375,76.79801177978516,28.831838607788086,91.3591079711914
2024-09-13,91.26303100585938,111.54955291748047,76.90901184082031,28.883148193359375,91.60543823242188
2024-09-16,91.50302124023438,111.68887329101562,76.95525360107422,28.953704833984375,92.44475555419922
2024-09-17,91.3368911743164,111.5681381225586,76.89974212646484,28.90972900390625,91.99771118164062
2024-09-18,90.94000244140625,111.32659149169922,76.87200164794922,28.798845291137695,90.85731506347656
2024-09-19,90.8661880493164,111.33587646484375,76.93675994873047,28.783273696899414,90.5562744140625
2024-09-20,90.83846282958984,111.35447692871094,76.96449279785156,28.795181274414062,90.20957946777344
2024-09-23,90.78308868408203,111.29871368408203,76.96449279785156,28.767698287963867,90.01799011230469
2024-09-24,90.88461303710938,111.45663452148438,77.03849792480469,28.79702377319336,89.999755859375
2024-09-25,90.51542663574219,111.23370361328125,76.97373962402344,28.708133697509766,89.25166320800781
2024-09-26,90.45083618164062,111.08505249023438,76.89974212646484,28.69622039794922,89.46149444580078
2024-09-27,90.81078338623047,111.40090942382812,77.01998901367188,28.75395393371582,89.9267578125
2024-09-30,90.56158447265625,111.11292266845703,76.90901184082031,28.699888229370117,89.49797058105469
2024-10-01,90.89112091064453,111.3504409790039,76.95819854736328,28.780813217163086,90.14413452148438
2024-10-02,90.63195037841797,111.21073913574219,76.93962860107422,28.70724105834961,89.38450622558594
2024-10-03,90.16911315917969,110.84747314453125,76.83753204345703,28.610692977905273,88.54243469238281
2024-10-04,89.29898834228516,110.00920104980469,76.57771301269531,28.4038028717041,87.45327758789062
2024-10-07,88.9749984741211,109.76704406738281,76.47562408447266,28.330242156982422,86.7942886352539
2024-10-08,89.04906463623047,109.85088348388672,76.54058837890625,28.3486328125,86.94072723388672
2024-10-09,88.71581268310547,109.59938049316406,76.46635437011719,28.256683349609375,86.44649505615234
2024-10-10,88.7065658569336,109.67389678955078,76.53131103515625,28.26587677001953,86.10782623291016
2024-10-11,88.73431396484375,109.75773620605469,76.59628295898438,28.255756378173828,85.76004028320312
2024-10-14,88.57695770263672,109.60870361328125,76.55915832519531,28.201509475708008,85.8241195678711
2024-10-15,89.0305404663086,109.89743041992188,76.59628295898438,28.339441299438477,86.86753845214844
2024-10-16,89.16938781738281,109.9905776977539,76.64266204833984,28.36794090270996,87.23362731933594
2024-10-17,88.7065658569336,109.71116638183594,76.57771301269531,28.24840545654297,85.8515853881836
2024-10-18,88.80836486816406,109.841552734375,76.64266204833984,28.281509399414062,85.9156265258789
2024-10-21,88.1233901977539,109.36652374267578,76.53131103515625,28.110477447509766,84.41461181640625
2024-10-22,88.04008483886719,109.30132293701172,76.52205657958984,28.100360870361328,84.49701690673828
2024-10-23,87.83644104003906,109.1057357788086,76.47562408447266,28.052547454833984,84.26818084716797
2024-10-24,88.03082275390625,109.20818328857422,76.51275634765625,28.108644485473633,84.80819702148438
2024-10-25,87.83644104003906,109.09644317626953,76.48492431640625,28.05438995361328,84.33224487304688
2024-10-28,87.6327896118164,108.91946411132812,76.44779205322266,28.017606735229492,84.10343170166016
2024-10-29,87.66980743408203,108.96601867675781,76.47562408447266,28.026798248291016,84.2315673828125
2024-10-30,87.54022216796875,108.75181579589844,76.41068267822266,28.00840950012207,84.47869110107422
2024-10-31,87.49393463134766,108.75181579589844,76.4292221069336,28.03599739074707,84.61597442626953
2024-11-01,86.97581481933594,108.45293426513672,76.40409088134766,27.89387321472168,83.42304229736328
2024-11-04,87.44007873535156,108.77046966552734,76.45996856689453,28.023075103759766,84.7179183959961
2024-11-05,87.48649597167969,108.70509338378906,76.44133758544922,28.037843704223633,85.16790008544922
2024-11-06,86.58585357666016,108.16340637207031,76.34821319580078,27.83480453491211,82.83528900146484
2024-11-07,87.28224182128906,108.70509338378906,76.47858428955078,27.964933395385742,83.8730239868164
2024-11-08,87.46792602539062,108.66775512695312,76.42272186279297,28.024002075195312,84.93832397460938
2024-11-11,87.22651672363281,108.43424224853516,76.3668441772461,27.936325073242188,84.52505493164062
2024-11-12,86.6786880493164,108.09801483154297,76.29235076904297,27.83480453491211,83.25774383544922
2024-11-13,86.62297821044922,108.22877502441406,76.40409088134766,27.822805404663086,82.46794891357422
2024-11-14,86.6136703491211,108.079345703125,76.29235076904297,27.80712127685547,82.94550323486328
2024-11-15,86.65083312988281,108.21944427490234,76.37615203857422,27.831111907958984,82.72509765625
2024-11-18,86.8458251953125,108.36886596679688,76.43201446533203,27.86249351501465,82.87202453613281
2024-11-19,87.03152465820312,108.49028778076172,76.43201446533203,27.917863845825195,83.29447174072266
2024-11-20,86.90152740478516,108.37820434570312,76.39478302001953,27.86249351501465,83.02816009521484
2024-11-21,86.8551025390625,108.3034896850586,76.37615203857422,27.871721267700195,82.9638442993164
2024-11-22,86.91082000732422,108.3034896850586,76.3668441772461,27.866182327270508,83.009765625
2024-11-25,87.8486328125,108.9385986328125,76.51582336425781,28.09229278564453,85.15874481201172
2024-11-26,87.66291809082031,108.8638687133789,76.51582336425781,28.08399200439453,84.82810974121094
2024-11-27,88.01576232910156,109.14407348632812,76.56239318847656,28.1301326751709,85.4158706665039
2024-11-29,88.38719940185547,109.39622497558594,76.65552520751953,28.244571685791016,86.2974853515625
2024-12-02,88.3797378540039,109.3597183227539,76.65083312988281,28.255691528320312,86.50482177734375
2024-12-03,88.12826538085938,109.25669860839844,76.66019439697266,28.19548225402832,85.75836944580078
2024-12-04,88.46354675292969,109.4908218383789,76.7442626953125,28.297374725341797,86.6799087524414
2024-12-05,88.4542465209961,109.4627456665039,76.7442626953125,28.300151824951172,86.85501861572266
2024-12-06,88.73365783691406,109.72492218017578,76.81898498535156,28.352025985717773,86.98401641845703
2024-12-09,88.42632293701172,109.54701232910156,76.79095458984375,28.27143669128418,86.1822738647461
2024-12-10,88.2679672241211,109.42526245117188,76.78163146972656,28.234386444091797,85.77681732177734
2024-12-11,88.0071792602539,109.27546691894531,76.76294708251953,28.163986206054688,84.96583557128906
2024-12-12,87.67186737060547,109.06942749023438,76.7255630493164,28.07135772705078,83.93372344970703
2024-12-13,87.2620620727539,108.80721282958984,76.6882095336914,27.978729248046875,83.07670593261719
2024-12-16,87.2900161743164,108.81658172607422,76.69754791259766,28.011144638061523,83.32551574707031
2024-12-17,87.2900161743164,108.81658172607422,76.70690155029297,27.99818229675293,83.52826690673828
2024-12-18,86.6153335571289,108.19674682617188,76.56626892089844,27.842567443847656,82.4837646484375
2024-12-19,86.22284698486328,108.12162780761719,76.65064239501953,27.75890350341797,81.2348861694336
2024-12-20,86.54055786132812,108.31883239746094,76.66001892089844,27.831411361694336,81.69742584228516
2024-12-23,86.15744018554688,108.07466125488281,76.6131362915039,27.73659324645996,80.94808959960938
2024-12-24,86.20417022705078,108.12162780761719,76.65064239501953,27.754257202148438,81.2903823852539
2024-12-26,86.26956176757812,108.18737030029297,76.66939544677734,27.76726531982422,81.24413299560547
2024-12-27,86.04529571533203,108.09344482421875,76.6881332397461,27.714279174804688,80.57803344726562
2024-12-30,86.5499038696289,108.50666809082031,76.80062866210938,27.8165340423584,81.22561645507812
2024-12-31,86.39103698730469,108.51605224609375,76.8475112915039,27.798873901367188,80.79082489013672
2025-01-02,86.43777465820312,108.50666809082031,76.82874298095703,27.808170318603516,81.01284790039062
2025-01-03,86.297607421875,108.38459014892578,76.82874298095703,27.78028106689453,80.7538070678711
2025-01-06,86.2135009765625,108.38459014892578,76.8475112915039,27.756107330322266,80.39300537109375
2025-01-07,85.82102966308594,108.14978790283203,76.80062866210938,27.665016174316406,79.48639678955078
2025-01-08,85.97054290771484,108.2718734741211,76.8475112915039,27.673385620117188,79.5881576538086
2025-01-10,85.34444427490234,107.69902038574219,76.70690155029297,27.561830520629883,79.06083679199219
2025-01-13,85.19493865966797,107.59569549560547,76.72562408447266,27.520004272460938,79.0330810546875
2025-01-14,85.22296905517578,107.67084503173828,76.74440002441406,27.51628303527832,78.90357971191406
2025-01-15,86.12005615234375,108.3470230102539,76.91310119628906,27.691974639892578,80.26351928710938
2025-01-16,86.32563781738281,108.57239532470703,76.9599838256836,27.798873901367188,80.52252960205078
2025-01-17,86.39103698730469,108.52544403076172,76.94124603271484,27.808170318603516,80.66128540039062
2025-01-21,86.68073272705078,108.70387268066406,76.96936798095703,27.877887725830078,81.38289642333984
2025-01-22,86.45647430419922,108.51605224609375,76.95060729980469,27.812814712524414,80.95735168457031
2025-01-23,86.2322006225586,108.4315185546875,76.95060729980469,27.766338348388672,80.3282699584961
2025-01-24,86.40974426269531,108.60995483398438,76.99747467041016,27.798873901367188,80.6890640258789
2025-01-27,86.97041320800781,109.04194641113281,77.10997772216797,27.924365997314453,81.64191436767578
2025-01-28,86.97975158691406,109.06073760986328,77.12870025634766,27.933656692504883,81.58642578125
2025-01-29,86.876953125,108.9668197631836,77.08184051513672,27.91971778869629,81.41990661621094
2025-01-30,87.0638656616211,109.09830474853516,77.12870025634766,27.966196060180664,81.72518920898438
2025-01-31,86.92369842529297,109.06073760986328,77.13809204101562,27.899267196655273,81.18861389160156
2025-02-03,86.9855728149414,109.0126953125,77.08447265625,27.939388275146484,81.84968566894531
2025-02-04,87.201171875,109.18224334716797,77.15972137451172,28.004697799682617,82.10033416748047
2025-02-05,87.7073974609375,109.50244140625,77.20674896240234,28.1446533203125,83.45581817626953
2025-02-06,87.60426330566406,109.39885711669922,77.17853546142578,28.13532066345215,83.418701171875
2025-02-07,87.31367492675781,109.13514709472656,77.09387969970703,28.086807250976562,82.88020324707031
2025-02-10,87.29492950439453,109.14454650878906,77.13150787353516,28.032690048217773,82.62952423095703
2025-02-11,87.0699234008789,109.04097747802734,77.11271667480469,27.98137855529785,82.10033416748047
2025-02-12,86.46997833251953,108.570068359375,77.00921630859375,27.855419158935547,80.9862289428711
2025-02-13,87.1167984008789,108.97503662109375,77.11271667480469,28.002830505371094,82.33243560791016
2025-02-14,87.4823989868164,109.28582000732422,77.21614837646484,28.094270706176758,82.7687759399414
2025-02-18,87.01368713378906,108.99388122558594,77.15031433105469,27.98137855529785,81.79393768310547
2025-02-19,87.15428161621094,109.17281341552734,77.20674896240234,28.009366989135742,81.89605712890625
2025-02-20,87.33242797851562,109.28582000732422,77.21614837646484,28.0504150390625,82.20246124267578
2025-02-21,87.84803009033203,109.68138885498047,77.3478012084961,28.17730712890625,83.19586944580078
2025-02-24,88.03550720214844,109.84148406982422,77.40425109863281,28.209970474243164,83.43727111816406
2025-02-25,88.72920989990234,110.35004425048828,77.5077133178711,28.373239517211914,84.87631225585938
2025-02-26,88.97295379638672,110.53842163085938,77.53592681884766,28.443220138549805,85.3776626586914
2025-02-27,88.86983489990234,110.52899932861328,77.56414794921875,28.40216827392578,84.77418518066406
2025-02-28,89.35730743408203,110.9339599609375,77.7052230834961,28.53185272216797,85.81402587890625
2025-03-03,89.68167114257812,111.1549301147461,77.75520324707031,28.606740951538086,86.21449279785156
2025-03-04,89.39962005615234,111.0510482788086,77.76465606689453,28.5458984375,85.15274810791016
2025-03-05,88.90133666992188,110.64505004882812,77.67974090576172,28.442928314208984,84.47286987304688
2025-03-06,88.85432434082031,110.69225311279297,77.72691345214844,28.428884506225586,84.1934814453125
2025-03-07,88.74150085449219,110.61671447753906,77.71747589111328,28.38115119934082,83.92340087890625
2025-03-10,89.36200714111328,111.12659454345703,77.85899353027344,28.548702239990234,84.79887390136719
2025-03-11,89.04237365722656,110.91887664794922,77.81182861328125,28.452287673950195,84.1934814453125
2025-03-12,88.77909088134766,110.72057342529297,77.75520324707031,28.404550552368164,83.69056701660156
2025-03-13,89.13636779785156,110.98495483398438,77.81182861328125,28.475692749023438,84.42632293701172
2025-03-14,88.82613372802734,110.71112060546875,77.75520324707031,28.42420768737793,83.9792709350586
2025-03-17,88.90133666992188,110.68280792236328,77.72691345214844,28.43356704711914,84.39838409423828
2025-03-18,89.00474548339844,110.78667449951172,77.72691345214844,28.466327667236328,84.48219299316406
2025-03-19,89.27738952636719,111.0416259765625,77.84013366699219,28.48505210876465,84.919921875
2025-03-20,89.40901184082031,111.16437530517578,77.85899353027344,28.56929588317871,84.9758071899414
2025-03-21,89.33380889892578,111.19268798828125,77.90617370605469,28.5290470123291,84.47286987304688
2025-03-24,88.81672668457031,110.78667449951172,77.80237579345703,28.400802612304688,83.60671997070312
2025-03-25,88.96714782714844,110.93775939941406,77.83069610595703,28.43356704711914,83.59742736816406
2025-03-26,88.76032257080078,110.81499481201172,77.81182861328125,28.377403259277344,83.04792022705078
2025-03-27,88.68508911132812,110.85277557373047,77.84954833984375,28.354934692382812,82.80577850341797
2025-03-28,89.39962005615234,111.40987396240234,77.99108123779297,28.536535263061523,83.95133972167969
2025-03-31,89.6628646850586,111.55150604248047,78.04767608642578,28.60300064086914,84.78022766113281
2025-04-01,89.97786712646484,111.75225830078125,78.0760726928711,28.68285369873047,85.5149154663086
2025-04-02,89.89299011230469,111.61968994140625,78.01927185058594,28.646215438842773,85.45880889892578
2025-04-03,90.81729125976562,112.59506225585938,78.31273651123047,28.860424041748047,85.85137939453125
2025-04-04,91.07193756103516,112.78448486328125,78.26539611816406,28.956249237060547,86.78607940673828
2025-04-07,89.98731231689453,112.03633117675781,78.27487182617188,28.654672622680664,84.1689224243164
2025-04-08,89.53459167480469,111.92271423339844,78.22753143310547,28.557903289794922,82.57997131347656
2025-04-09,89.25164031982422,111.43976593017578,78.18018341064453,28.451740264892578,83.06598663330078
2025-04-10,88.69517517089844,111.28823852539062,78.17073822021484,28.330543518066406,80.77600860595703
2025-04-11,88.1952896118164,110.78633880615234,78.02873992919922,28.253503799438477,81.2153091430664
2025-04-14,88.90266418457031,111.42080688476562,78.19915008544922,28.396310806274414,81.79483032226562
2025-04-15,89.166748046875,111.5818099975586,78.19915008544922,28.44328498840332,82.0845718383789
2025-04-16,89.5534439086914,111.96060180664062,78.30326080322266,28.538171768188477,82.54256439208984
2025-04-17,89.29879760742188,111.8753662109375,78.33165740966797,28.46207618713379,81.8134994506836
2025-04-21,88.81777954101562,111.69542694091797,78.2843246459961,28.36812400817871,80.3834228515625
2025-04-22,88.88379669189453,111.67648315429688,78.31273651123047,28.37282371520996,80.83209991455078
2025-04-23,88.97811889648438,111.57233428955078,78.25592803955078,28.410402297973633,81.61723327636719
2025-04-24,89.45914459228516,111.95112609863281,78.35057830810547,28.518442153930664,82.4771499633789
2025-04-25,89.79867553710938,112.21627807617188,78.41683197021484,28.60393714904785,83.0846939086914
2025-04-28,90.1570816040039,112.54772186279297,78.53043365478516,28.70352554321289,83.60812377929688
2025-04-29,90.46833038330078,112.78448486328125,78.5777587890625,28.787141799926758,84.30912780761719
2025-04-30,90.60980224609375,113.05908966064453,78.68191528320312,28.81438636779785,83.62683868408203
2025-05-01,90.21520233154297,112.64599609375,78.51953125,28.68899917602539,83.20279693603516
2025-05-02,89.60960388183594,112.11419677734375,78.36759185791016,28.547578811645508,82.30218505859375
2025-05-05,89.44874572753906,112.03822326660156,78.35808563232422,28.50986671447754,81.84249114990234
2025-05-06,89.67584228515625,112.24715423583984,78.42455291748047,28.561717987060547,82.11454772949219
2025-05-07,89.91241455078125,112.36109924316406,78.45304870605469,28.620174407958984,82.461669921875
2025-05-08,89.21220397949219,111.78182983398438,78.29161834716797,28.47215461730957,81.54229736328125
2025-05-09,89.2784194946289,111.84830474853516,78.3296127319336,28.46744155883789,81.66425323486328
2025-05-12,88.71068572998047,111.30699920654297,78.18717956542969,28.335451126098633,80.90437316894531
2025-05-13,88.64442443847656,111.2975082397461,78.16818237304688,28.306224822998047,80.57601165771484
2025-05-14,88.31324005126953,111.04109191894531,78.11121368408203,28.235515594482422,80.0412826538086
2025-05-15,88.89046478271484,111.51593017578125,78.26313781738281,28.36844825744629,80.744873046875
2025-05-16,88.91885375976562,111.5254135131836,78.24414825439453,28.377880096435547,80.96068572998047
2025-05-19,88.87153625488281,111.59191131591797,78.27263641357422,28.366561889648438,80.72612762451172
2025-05-20,88.75798797607422,111.56342315673828,78.28214263916016,28.323190689086914,80.14447021484375
2025-05-21,88.1429214477539,111.22154998779297,78.23464965820312,28.18460464477539,78.77482604980469
2025-05-22,88.47411346435547,111.4589614868164,78.28214263916016,28.24871253967285,79.18759155273438
2025-05-23,88.72960662841797,111.6393814086914,78.3296127319336,28.264741897583008,79.31892395019531
2025-05-27,89.09864044189453,111.83879852294922,78.35808563232422,28.393903732299805,80.4259262084961
2025-05-28,88.85262298583984,111.6678695678711,78.3011245727539,28.335451126098633,80.07880401611328
2025-05-29,89.2216567993164,111.93376922607422,78.38658142089844,28.433502197265625,80.81991577148438
2025-05-30,89.48658752441406,112.23765563964844,78.4815673828125,28.48063850402832,80.94188690185547
2025-06-02,89.18280792236328,112.00238037109375,78.41674041748047,28.40589141845703,80.1885986328125
2025-06-03,89.09735107421875,111.9071044921875,78.397705078125,28.385068893432617,80.04734802246094
2025-06-04,89.75241088867188,112.39289855957031,78.54061126708984,28.557281494140625,81.34678649902344
2025-06-05,89.48657989501953,112.10713958740234,78.45486450195312,28.511863708496094,81.40328216552734
2025-06-06,88.77457427978516,111.55465698242188,78.32149505615234,28.34911346435547,80.36749267578125
2025-06-09,88.93597412109375,111.6880111694336,78.37863159179688,28.382232666015625,80.4522476196289
2025-06-10,89.0878677368164,111.75469207763672,78.37863159179688,28.415353775024414,80.8665542602539
2025-06-11,89.4581298828125,112.10713958740234,78.50251007080078,28.500511169433594,81.11138916015625
2025-06-12,89.84737396240234,112.38340759277344,78.56918334960938,28.605546951293945,82.08124542236328
2025-06-13,89.51508331298828,112.17382049560547,78.51203155517578,28.523218154907227,81.29029083251953
2025-06-16,89.25874328613281,112.03094482421875,78.50251007080078,28.451309204101562,80.47108459472656
2025-06-17,89.6954574584961,112.30718994140625,78.54061126708984,28.557281494140625,81.45035552978516
2025-06-18,89.75241088867188,112.36434936523438,78.5787124633789,28.56958770751953,81.59161376953125
2025-06-20,89.80938720703125,112.47865295410156,78.63587188720703,28.580936431884766,81.4409408569336
2025-06-23,90.1226806640625,112.78346252441406,78.74069213867188,28.65663719177246,81.7046127319336
2025-06-24,90.43598175048828,113.01209259033203,78.80738067626953,28.74652862548828,82.2978286743164
2025-06-25,90.47393798828125,113.08828735351562,78.81689453125,28.742746353149414,82.40141296386719
2025-06-26,90.79670715332031,113.36453247070312,78.91214752197266,28.8099308013916,82.81571960449219
2025-06-27,90.55937957763672,113.21211242675781,78.88358306884766,28.76167106628418,82.28841400146484
2025-06-30,90.9201431274414,113.44072723388672,78.94073486328125,28.858186721801758,83.09821319580078
2025-07-01,90.75155639648438,113.19425964355469,78.8585433959961,28.815462112426758,83.30423736572266
2025-07-02,90.56108856201172,113.09873962402344,78.8489990234375,28.773679733276367,82.77496337890625
2025-07-03,90.2468032836914,112.80259704589844,78.76297760009766,28.70151710510254,82.19842529296875
2025-07-07,89.96109008789062,112.697509765625,78.74385070800781,28.623655319213867,81.41397857666016
2025-07-08,89.8277587890625,112.60197448730469,78.75342559814453,28.604665756225586,81.31000518798828
2025-07-09,90.29442596435547,112.92678833007812,78.82030487060547,28.709110260009766,82.1606216430664
2025-07-10,90.2468032836914,112.89811706542969,78.82030487060547,28.72335433959961,82.21733093261719
2025-07-11,89.8277587890625,112.67839050292969,78.80120086669922,28.60940933227539,81.08316802978516
2025-07-14,89.7896728515625,112.65928649902344,78.81076049804688,28.604665756225586,80.91304779052734
2025-07-15,89.43729400634766,112.39181518554688,78.73429107666016,28.509706497192383,80.3459701538086
2025-07-16,89.68490600585938,112.67839050292969,78.83943176269531,28.58092498779297,80.45938873291016
2025-07-17,89.65632629394531,112.61151885986328,78.81076049804688,28.557186126708984,80.44049072265625
2025-07-18,89.9039535522461,112.85033416748047,78.87765502929688,28.604665756225586,80.56334686279297
2025-07-21,90.21822357177734,113.06051635742188,78.92546081542969,28.711959838867188,81.28164672851562
2025-07-22,90.47537994384766,113.23247528076172,78.9827880859375,28.74709129333496,81.77311706542969
2025-07-23,90.15157318115234,112.98409271240234,78.91590118408203,28.675872802734375,81.3194580078125
2025-07-24,90.01822662353516,112.85033416748047,78.8489990234375,28.642648696899414,81.17769622802734
2025-07-25,90.22776794433594,112.98409271240234,78.89678192138672,28.699615478515625,81.6880874633789
2025-07-28,90.02776336669922,112.88856506347656,78.88721466064453,28.652135848999023,81.15878295898438
2025-07-29,90.61823272705078,113.24202728271484,78.95413970947266,28.795516967773438,82.52923583984375
2025-07-30,90.30396270751953,112.99364471435547,78.86810302734375,28.715755462646484,82.10392761230469
2025-07-31,90.380126953125,113.02230072021484,78.86810302734375,28.737594604492188,82.15118408203125
2025-08-01,91.42066192626953,114.0293197631836,79.26126098632812,28.99871063232422,83.319091796875
2025-08-04,91.54488372802734,114.09638977050781,79.28042602539062,29.008235931396484,83.5467758178711
2025-08-05,91.47798156738281,114.00057220458984,79.25166320800781,29.01300048828125,83.80294799804688
2025-08-06,91.41110229492188,114.01972198486328,79.28042602539062,28.989179611206055,83.319091796875
2025-08-07,91.3442153930664,113.9526596069336,79.2420654296875,28.97011375427246,83.17678833007812
2025-08-08,91.13401794433594,113.76102447509766,79.22290802001953,28.917705535888672,82.81624603271484
2025-08-11,91.1626968383789,113.78018951416016,79.22290802001953,28.932003021240234,82.91111755371094
2025-08-12,91.1435775756836,113.81851959228516,79.28042602539062,28.91293716430664,82.49365997314453
2025-08-13,91.46842956542969,114.11556243896484,79.38591003417969,29.00347328186035,83.17678833007812
2025-08-14,91.17223358154297,113.87600708007812,79.29959869384766,28.917705535888672,82.56008911132812
2025-08-15,90.99069213867188,113.78977966308594,79.27084350585938,28.87005615234375,81.97185516357422
2025-08-18,90.90470886230469,113.74186706542969,79.27084350585938,28.850997924804688,81.73467254638672
2025-08-19,91.13401794433594,113.90475463867188,79.30919647216797,28.911989212036133,82.20905303955078
2025-08-20,91.26778411865234,113.98141479492188,79.33795928955078,28.933908462524414,82.3893051147461
2025-08-21,91.00023651123047,113.76102447509766,79.27084350585938,28.87005615234375,81.9813461303711
2025-08-22,91.50664520263672,114.24970245361328,79.44344329833984,28.99394416809082,82.58854675292969
2025-08-25,91.32510375976562,114.12513732910156,79.40507507324219,28.96535301208496,82.35136413574219
2025-08-26,91.56398010253906,114.36466979980469,79.47219848632812,28.989179611206055,82.30393981933594
2025-08-27,91.7359848022461,114.5371322631836,79.52973937988281,29.01776885986328,82.20905303955078
2025-08-28,91.94617462158203,114.60420989990234,79.50098419189453,29.05588722229004,82.74984741210938
2025-08-29,91.86973571777344,114.68087005615234,79.5680923461914,29.054935455322266,82.16160583496094
2025-09-02,91.5955810546875,114.48674774169922,79.52769470214844,28.978424072265625,81.55020141601562
2025-09-03,91.91191101074219,114.67894744873047,79.58541107177734,29.069278717041016,82.44541931152344
2025-09-04,92.32411193847656,114.92877197265625,79.64311218261719,29.14579200744629,83.07395935058594
2025-09-05,92.77467346191406,115.22667694091797,79.75853729248047,29.294029235839844,84.34060668945312
2025-09-08,93.06224822998047,115.3900375366211,79.80662536621094,29.384885787963867,85.4643783569336
2025-09-09,92.841796875,115.20745086669922,79.73931121826172,29.327503204345703,84.97868347167969
2025-09-10,93.09102630615234,115.29393768310547,79.74893188476562,29.370540618896484,85.4643783569336
2025-09-11,93.23480224609375,115.32275390625,79.77777099609375,29.408798217773438,86.0357894897461
2025-09-12,92.96640014648438,115.159423828125,79.76815795898438,29.351415634155273,85.66438293457031
2025-09-15,93.11976623535156,115.28433990478516,79.79701232910156,29.395408630371094,85.8643798828125
2025-09-16,93.17728424072266,115.3708267211914,79.83548736572266,29.423141479492188,86.04532623291016
2025-09-17,92.9759750366211,115.16902923583984,79.79701232910156,29.370540618896484,85.82627868652344
2025-09-18,92.66922760009766,115.01527404785156,79.76815795898438,29.298810958862305,84.94058990478516
2025-09-19,92.6308822631836,115.00565338134766,79.79701232910156,29.298810958862305,84.77867889404297
2025-09-22,92.47750854492188,114.89996337890625,79.75853729248047,29.26534080505371,84.47393035888672
2025-09-23,92.736328125,115.06331634521484,79.78739166259766,29.322717666625977,85.06440734863281
2025-09-24,92.4870834350586,114.86152648925781,79.74893188476562,29.255773544311523,84.74059295654297
2025-09-25,92.2857666015625,114.64049530029297,79.68157958984375,29.23090934753418,84.74059295654297
2025-09-26,92.23784637451172,114.65971374511719,79.72968292236328,29.23090934753418,84.66441345214844
2025-09-29,92.50626373291016,114.80386352539062,79.75853729248047,29.294029235839844,85.35963439941406
2025-09-30,92.46793365478516,114.84231567382812,79.79701232910156,29.282550811767578,85.11198425292969
2025-10-01,92.77947235107422,115.13720703125,79.88964080810547,29.356447219848633,85.3318099975586
2025-10-02,92.8756103515625,115.18539428710938,79.908935546875,29.384275436401367,85.58029174804688
2025-10-03,92.69290924072266,115.02156066894531,79.87999725341797,29.337255477905273,85.4178237915039
2025-10-06,92.4236831665039,114.86735534667969,79.8606948852539,29.28926658630371,84.73931121826172
2025-10-07,92.65445709228516,115.05046844482422,79.8992919921875,29.337255477905273,85.22669982910156
2025-10-08,92.67367553710938,115.00228118896484,79.88964080810547,29.346851348876953,85.29359436035156
2025-10-09,92.60637664794922,114.96373748779297,79.87999725341797,29.337255477905273,85.22669982910156
2025-10-10,93.18331146240234,115.43595123291016,80.01508331298828,29.500398635864258,86.60285949707031
2025-10-13,93.23138427734375,115.5419692993164,80.1694564819336,29.490802764892578,86.55506896972656
2025-10-14,93.47176361083984,115.705810546875,80.11155700683594,29.548381805419922,86.83222198486328
2025-10-15,93.36598205566406,115.60943603515625,80.07296752929688,29.515756607055664,86.64108276367188
2025-10-16,93.79869842529297,115.98529052734375,80.17910766601562,29.628034591674805,87.29093170166016
2025-10-17,93.64485168457031,115.82145690917969,80.1694564819336,29.59636878967285,87.15714263916016
2025-10-20,93.76984405517578,115.88890838623047,80.17910766601562,29.620359420776367,87.49163055419922
2025-10-21,93.94293212890625,115.99494171142578,80.1983871459961,29.668344497680664,87.92167663574219
2025-10-22,93.96215057373047,116.01419067382812,80.1983871459961,29.677942276000977,87.97901916503906
2025-10-23,93.65446472167969,115.76363372802734,80.14049530029297,29.601163864135742,87.37696075439453
2025-10-24,93.7409896850586,115.8407211303711,80.18875122070312,29.61556053161621,87.41516876220703
2025-10-27,93.7409896850586,115.77325439453125,80.1694564819336,29.62995719909668,87.71142578125
2025-10-28,93.82752990722656,115.83108520507812,80.17910766601562,29.653947830200195,87.9407958984375
2025-10-29,93.2217788696289,115.34922790527344,80.02473449707031,29.519594192504883,87.05203247070312
2025-10-30,93.08714294433594,115.3106918334961,80.03437042236328,29.500398635864258,86.54550170898438
2025-10-31,93.1256103515625,115.40705108642578,80.06332397460938,29.476408004760742,86.28748321533203
2025-11-03,93.08125305175781,115.37418365478516,80.06623077392578,29.455219268798828,86.07169342041016
2025-11-04,93.19700622558594,115.48051452636719,80.09526062011719,29.50818634033203,86.26350402832031
2025-11-05,92.75328826904297,115.16150665283203,80.03719329833984,29.378175735473633,85.32357025146484
2025-11-06,93.2259292602539,115.54818725585938,80.13397979736328,29.498558044433594,86.09086608886719
2025-11-07,93.2645034790039,115.6158447265625,80.17268371582031,29.493741989135742,85.90863037109375
2025-11-10,93.13909149169922,115.4708480834961,80.15332794189453,29.479297637939453,85.88945770263672
2025-11-11,93.42849731445312,115.73185729980469,80.2210922241211,29.546710968017578,86.2826919555664
2025-11-12,93.4477767944336,115.7125244140625,80.19205474853516,29.541894912719727,86.4361572265625
2025-11-13,93.17769622802734,115.51919555664062,80.14364624023438,29.47447967529297,85.72639465332031
2025-11-14,93.02337646484375,115.44184112548828,80.17268371582031,29.43596076965332,85.23725128173828
2025-11-17,93.1294937133789,115.49018859863281,80.16300201416016,29.455219268798828,85.44824981689453
2025-11-18,93.28379821777344,115.66419982910156,80.21141052246094,29.47447967529297,85.41946411132812
2025-11-19,93.2162857055664,115.63519287109375,80.20172119140625,29.460033416748047,85.24683380126953
2025-11-20,93.43812561035156,115.82852172851562,80.26948547363281,29.522634506225586,85.5825424194336
2025-11-21,93.7468032836914,116.07986450195312,80.36626434326172,29.565975189208984,85.84149169921875
2025-11-24,93.89148712158203,116.13786315917969,80.37596130371094,29.614126205444336,86.33064270019531
2025-11-25,94.13262176513672,116.34086608886719,80.42433166503906,29.66227912902832,86.55123901367188
2025-11-26,94.20977783203125,116.3602066040039,80.4146728515625,29.681535720825195,86.93490600585938
2025-11-28,94.04582214355469,116.25386047363281,80.4146728515625,29.66227912902832,86.5224609375
2025-12-01,93.54080963134766,115.9145278930664,80.34573364257812,29.529897689819336,85.44537353515625
2025-12-02,93.61820983886719,116.01148986816406,80.39427947998047,29.549224853515625,85.48387908935547
2025-12-03,93.81169128417969,116.14722442626953,80.44281768798828,29.592702865600586,85.72451782226562
2025-12-04,93.52147674560547,115.94361114501953,80.38456726074219,29.51540184020996,85.26250457763672
2025-12-05,93.3279800415039,115.77880096435547,80.3554458618164,29.462257385253906,84.86785125732422
2025-12-08,93.13449096679688,115.60430145263672,80.3360366821289,29.438100814819336,84.58871459960938
2025-12-09,92.99905395507812,115.47825622558594,80.29720306396484,29.413944244384766,84.67535400390625
2025-12-10,93.29896545410156,115.78850555419922,80.43312072753906,29.491243362426758,85.00261688232422
2025-12-11,93.30863952636719,115.8272933959961,80.44281768798828,29.48158073425293,84.88709259033203
2025-12-12,93.0571060180664,115.72063446044922,80.4525375366211,29.423603057861328,84.06893157958984
2025-12-15,93.13449096679688,115.80789184570312,80.50106811523438,29.442930221557617,84.12667846679688
2025-12-16,93.39570617675781,116.01148986816406,80.53990936279297,29.50090789794922,84.58871459960938
2025-12-17,93.3763427734375,116.01148986816406,80.54960632324219,29.497037887573242,84.51171112060547
2025-12-18,93.61820983886719,116.19569396972656,80.60785675048828,29.553285598754883,84.91597747802734
2025-12-19,93.40760040283203,116.06050872802734,80.59326171875,29.510616302490234,84.59903717041016
2025-12-22,93.31053161621094,115.9632568359375,80.55430603027344,29.48443603515625,84.41543579101562
2025-12-23,93.2717056274414,115.85628509521484,80.51535034179688,29.48443603515625,84.55073547363281
2025-12-24,93.51435852050781,116.03133392333984,80.56404876708984,29.547468185424805,85.06285095214844
2025-12-26,93.60171508789062,116.17721557617188,80.62247467041016,29.554256439208984,84.7826156616211
2025-12-29,93.73758697509766,116.30362701416016,80.66143035888672,29.5959529876709,85.10151672363281
2025-12-30,93.6405258178711,116.27446746826172,80.68090057373047,29.581409454345703,84.89857482910156
2025-12-31,93.32994842529297,116.07024383544922,80.65168762207031,29.503828048706055,84.22218322753906
2026-01-02,93.2522964477539,116.04106903076172,80.69064331054688,29.50092315673828,84.09656524658203
2026-01-05,93.53375244140625,116.23555755615234,80.7198486328125,29.547468185424805,84.51207733154297
2026-01-06,93.46583557128906,116.22583770751953,80.72958374023438,29.547468185424805,84.33814239501953
2026-01-07,93.6405258178711,116.28418731689453,80.7198486328125,29.5959529876709,84.8309555053711
2026-01-08,93.35906982421875,116.08969116210938,80.69064331054688,29.537769317626953,84.40576934814453
2026-01-09,93.46583557128906,116.0508041381836,80.66143035888672,29.566864013671875,84.96622467041016
2026-01-12,93.34935760498047,116.00216674804688,80.66143035888672,29.547468185424805,84.71498107910156
2026-01-13,93.46583557128906,116.12859344482422,80.68090057373047,29.562013626098633,84.85993194580078
2026-01-14,93.65994262695312,116.23555755615234,80.70038604736328,29.615352630615234,85.35273742675781
2026-01-15,93.46583557128906,116.01189422607422,80.6419448852539,29.591106414794922,85.33340454101562
2026-01-16,93.1067123413086,115.80765533447266,80.62247467041016,29.51837921142578,84.84060668945312
2026-01-20,92.73790740966797,115.65205383300781,80.63220977783203,29.426250457763672,83.72936248779297
2026-01-21,92.98053741455078,115.78820037841797,80.67115020751953,29.480558395385742,84.36711883544922
2026-01-22,92.9708480834961,115.72013092041016,80.6419448852539,29.49898338317871,84.73432159423828
2026-01-23,93.12612915039062,115.82711029052734,80.67115020751953,29.537769317626953,84.96622467041016
2026-01-26,93.26200103759766,115.9049072265625,80.70038604736328,29.571712493896484,85.3720703125
2026-01-27,93.1552505493164,115.91463470458984,80.7198486328125,29.542621612548828,84.84060668945312
2026-01-28,93.07760620117188,115.86601257324219,80.7198486328125,29.51837921142578,84.64734649658203
2026-01-29,93.17464447021484,115.992431640625,80.74906158447266,29.547468185424805,84.66667938232422
2026-01-30,93.1164321899414,116.07024383544922,80.8172378540039,29.537769317626953,84.19317626953125
2026-02-02,92.93336486816406,115.91122436523438,80.77816009521484,29.478412628173828,83.95263671875
2026-02-03,93.02099609375,115.95024871826172,80.76839447021484,29.49884605407715,84.15633392333984
2026-02-04,93.00152587890625,115.95024871826172,80.80747985839844,29.49884605407715,83.94294738769531
2026-02-05,93.54682159423828,116.4380111694336,80.9344482421875,29.620485305786133,84.85472106933594
2026-02-06,93.54682159423828,116.38923645019531,80.9344482421875,29.620485305786133,84.91293334960938
2026-02-09,93.5662841796875,116.45751190185547,80.95397186279297,29.63507843017578,84.89352416992188
2026-02-10,93.97525787353516,116.7111587524414,81.0028305053711,29.73725128173828,85.87321472167969
2026-02-11,93.71234893798828,116.4770278930664,80.92469024658203,29.678865432739258,85.41731262207031
2026-02-12,94.28684997558594,116.88674926757812,81.0028305053711,29.815092086791992,86.55220031738281
2026-02-13,94.65686798095703,117.19892120361328,81.12979888916016,29.90267562866211,87.02750396728516
2026-02-17,94.64712524414062,117.14038848876953,81.10049438476562,29.90267562866211,87.17300415039062
2026-02-18,94.452392578125,116.98429107666016,81.05167388916016,29.854021072387695,86.84320831298828
2026-02-19,94.5400161743164,117.02332305908203,81.05167388916016,29.873485565185547,86.9305191040039
2026-02-20,94.5400161743164,117.08184814453125,81.0614242553711,29.863752365112305,86.726806640625
2026-02-23,94.88082885742188,117.3842544555664,81.12979888916016,29.94159698486328,87.0468978881836
2026-02-24,94.8613510131836,117.32572937011719,81.12979888916016,29.936731338500977,87.20210266113281
2026-02-25,94.78346252441406,117.22817993164062,81.11027526855469,29.931867599487305,87.21180725097656
2026-02-26,95.03663635253906,117.43302917480469,81.13956451416016,29.97565460205078,87.56098937988281
2026-02-27,95.4163818359375,117.76470947265625,81.24701690673828,30.068096160888672,88.09449768066406
2026-03-02,94.8431396484375,117.26681518554688,81.10304260253906,29.931447982788086,87.2098388671875
2026-03-03,94.73573303222656,117.20812225341797,81.0932388305664,29.911922454833984,87.03466033935547
2026-03-04,94.54041290283203,116.992919921875,81.04429626464844,29.86311912536621,86.76216125488281
2026-03-05,94.2474594116211,116.79727172851562,80.98552703857422,29.809436798095703,86.41181182861328
2026-03-06,94.18885040283203,116.80706787109375,81.02468872070312,29.780155181884766,86.09064483642578
2026-03-09,94.48182678222656,116.992919921875,81.06387329101562,29.858240127563477,86.84002685546875
2026-03-10,94.17909240722656,116.7777099609375,81.01490020751953,29.769418716430664,85.91545867919922
2026-03-11,93.74939727783203,116.50381469726562,80.93655395507812,29.653263092041016,84.80599212646484
2026-03-12,93.44667053222656,116.1321029663086,80.79943084716797,29.584936141967773,84.64054870605469
2026-03-13,93.34901428222656,116.16145324707031,80.84840393066406,29.550777435302734,84.22207641601562
2026-03-16,93.7689437866211,116.49402618408203,80.94634246826172,29.643505096435547,84.87411499023438
2026-03-17,93.93494415283203,116.57228088378906,80.95613861083984,29.68742561340332,85.10770416259766
2026-03-18,93.50526428222656,116.16145324707031,80.8092269897461,29.580055236816406,84.63080596923828
2026-03-19,93.49549865722656,116.1321029663086,80.78964233398438,29.60445785522461,85.1466293334961
2026-03-20,92.6556625366211,115.50605010986328,80.61334228515625,29.39948272705078,83.53108978271484
2026-03-23,92.9486312866211,115.77994537353516,80.73087310791016,29.477571487426758,84.07608032226562
2026-03-24,92.6361312866211,115.43757629394531,80.61334228515625,29.379961013793945,83.70626068115234
2026-03-25,93.12440490722656,115.79950714111328,80.70149230957031,29.506851196289062,84.51402282714844
2026-03-26,92.3724594116211,115.17345428466797,80.52520751953125,29.360441207885742,83.80358123779297
2026-03-27,92.3822250366211,115.38865661621094,80.69169616699219,29.37019920349121,83.34617614746094
2026-03-30,93.03651428222656,115.8484115600586,80.79943084716797,29.516613006591797,84.45564270019531
2026-03-31,93.2025375366211,116.01470184326172,80.86798095703125,29.541013717651367,84.36804962158203
2026-04-01,93.12120819091797,115.91757202148438,80.86504364013672,29.525344848632812,84.28499603271484
2026-04-02,93.33676147460938,116.06475067138672,80.90434265136719,29.5841121673584,84.80286407470703
2026-04-06,93.09181213378906,115.84889221191406,80.82574462890625,29.544931411743164,84.66606140136719
2026-04-07,93.32696533203125,116.06475067138672,80.88468933105469,29.57431411743164,84.65629577636719
2026-04-08,93.5327377319336,116.260986328125,80.96327209472656,29.63308334350586,84.92988586425781
2026-04-09,93.50334167480469,116.2806167602539,80.9829330444336,29.623289108276367,84.71492004394531
2026-04-10,93.34656524658203,116.19230651855469,80.95346069335938,29.593908309936523,84.50972747802734
2026-04-13,93.55233001708984,116.33948516845703,81.01239013671875,29.63797950744629,84.76378631591797
2026-04-14,93.85607147216797,116.58477783203125,81.07133483886719,29.696746826171875,85.2132339477539
2026-04-15,93.65031433105469,116.43761444091797,81.05169677734375,29.662466049194336,84.84195709228516
2026-04-16,93.48373413085938,116.33948516845703,81.02220916748047,29.618391036987305,84.3045425415039
2026-04-17,93.99324035644531,116.78102111816406,81.17938995361328,29.74571990966797,85.07645416259766
2026-04-20,93.9050521850586,116.68289947509766,81.14009094238281,29.71633529663086,85.0569076538086
2026-04-21,93.49354553222656,116.30023193359375,81.02220916748047,29.63210105895996,84.58789825439453
2026-04-22,93.59151458740234,116.39835357666016,81.06150817871094,29.64287567138672,84.7540054321289
2026-04-23,93.44454193115234,116.260986328125,81.02220916748047,29.623289108276367,84.56836700439453
2026-04-24,93.63069915771484,116.45722961425781,81.11062622070312,29.662466049194336,84.72469329833984
2026-04-27,93.4151382446289,116.33948516845703,81.09097290039062,29.623289108276367,84.3045425415039
2026-04-28,93.32696533203125,116.21192932128906,81.04186248779297,29.593908309936523,84.39248657226562
2026-04-29,92.88605499267578,115.81945037841797,80.93380737304688,29.48126792907715,83.7378158569336
2026-04-30,93.06242370605469,116.0058822631836,81.02220916748047,29.535137176513672,83.65965270996094
2026-05-01,93.13320922851562,116.04525756835938,81.03501892089844,29.546932220458984,83.9587631225586
2026-05-04,92.78913116455078,115.7795181274414,80.93650817871094,29.4604549407959,83.3213119506836
2026-05-05,92.92677307128906,115.83856201171875,80.97590637207031,29.504676818847656,83.78224182128906
2026-05-06,93.38878631591797,116.19287872314453,81.08428955078125,29.61276626586914,84.4197006225586
2026-05-07,93.10372161865234,116.0058822631836,81.01531982421875,29.54594612121582,83.99799346923828
2026-05-08,93.34947204589844,116.18303680419922,81.08428955078125,29.61276626586914,84.4197006225586
2026-05-11,93.03489685058594,115.9369888305664,81.0054702758789,29.5390682220459,83.90972137451172
2026-05-12,92.72032165527344,115.6712646484375,80.94635772705078,29.47028160095215,83.35071563720703
2026-05-13,92.72032165527344,115.720458984375,80.97590637207031,29.45062828063965,83.16439056396484
2026-05-14,92.66133880615234,115.60237121582031,80.94635772705078,29.445714950561523,83.28207397460938
2026-05-15,91.92406463623047,115.10042572021484,80.84783172607422,29.271780014038086,82.04637908935547
2026-05-18,91.88473510742188,115.09058380126953,80.88724517822266,29.26883316040039,81.94830322265625
2026-05-19,91.53083801269531,114.82485961914062,80.828125,29.195133209228516,81.41870880126953
2026-05-20,92.15016174316406,115.28742218017578,80.93650817871094,29.322877883911133,82.29154968261719
2026-05-21,92.20914459228516,115.30712127685547,80.9266586303711,29.344499588012695,82.59557342529297
2026-05-22,92.28778839111328,115.28742218017578,80.90694427490234,29.403461456298828,83.04669952392578
2026-05-26,92.6810073852539,115.58269500732422,80.99562072753906,29.44767951965332,83.4585952758789
2026-05-27,92.72032165527344,115.62205505371094,81.0054702758789,29.473230361938477,83.65474700927734
2026-05-28,92.93658447265625,115.74999237060547,81.04487609863281,29.548892974853516,84.08625793457031
2026-05-29,93.04473114013672,115.87793731689453,81.08428955078125,29.548892974853516,84.10587310791016
2026-06-01,92.88394927978516,115.73873138427734,81.037841796875,29.532133102416992,84.15116882324219
2026-06-02,92.95299530029297,115.72885131835938,81.037841796875,29.546924591064453,84.32838439941406
2026-06-03,92.71627807617188,115.58075714111328,80.99832916259766,29.482831954956055,83.9936294555664
2026-06-04,92.83464050292969,115.68936157226562,81.05760955810547,29.515369415283203,84.18070220947266
2026-06-05,92.34146881103516,115.24508666992188,80.8896255493164,29.41972541809082,83.74748229980469
2026-06-08,92.24282836914062,115.225341796875,80.92915344238281,29.394084930419922,83.31429290771484
2026-06-09,92.49927520751953,115.4030532836914,80.96868133544922,29.458179473876953,83.80656433105469
2026-06-10,92.41050720214844,115.36356353759766,80.96868133544922,29.428598403930664,83.57026672363281
2026-06-11,93.0516357421875,115.85720825195312,81.11688995361328,29.57157325744629,84.65330505371094
2026-06-12,92.89381408691406,115.71898651123047,81.09713745117188,29.5419921875,84.446533203125
2026-06-15,92.9924545288086,115.84732818603516,81.13666534423828,29.5666446685791,84.39730834960938
2026-06-16,93.22916412353516,115.99540710449219,81.15641784667969,29.63566780090332,84.86004638671875
2026-06-17,92.73599243164062,115.41292572021484,80.90938568115234,29.5419921875,84.9979019165039
2026-06-18,93.07135772705078,115.69923400878906,81.01808166503906,29.597213745117188,85.41141510009766
2026-06-22,92.71627807617188,115.43267059326172,80.93903350830078,29.525230407714844,84.7615966796875
2026-06-23,92.83464050292969,115.58075714111328,80.99832916259766,29.559741973876953,84.8698959350586
2026-06-24,93.43630981445312,115.97567749023438,81.09713745117188,29.69976234436035,86.03168487548828
2026-06-25,93.4954833984375,116.07439422607422,81.11688995361328,29.704689025878906,86.00215911865234
2026-06-26,93.73220825195312,116.31135559082031,81.21571350097656,29.744131088256836,86.01200866699219
2026-06-29,93.76179504394531,116.28173065185547,81.19593811035156,29.768783569335938,86.10061645507812
2026-06-30,93.27849578857422,115.95591735839844,81.13666534423828,29.64059829711914,85.08650207519531
2026-07-01,93.05187225341797,115.82025146484375,81.10494232177734,29.592119216918945,84.51136779785156
2026-07-02,93.14093780517578,115.97869873046875,81.20405578613281,29.672258377075195,84.5014877319336
2026-07-06,93.20030975341797,116.06783294677734,81.24369812011719,29.616853713989258,84.44219207763672
2026-07-07,92.72530364990234,115.71131134033203,81.12477111816406,29.51692771911621,83.55281066894531
2026-07-08,92.53728485107422,115.55286407470703,81.10494232177734,29.458553314208984,83.36505889892578
2026-07-09,92.73519897460938,115.71131134033203,81.17432403564453,29.493181228637695,83.49351501464844
2026-07-10,92.6560287475586,115.64198303222656,81.14459228515625,29.488235473632812,83.4737548828125
2026-07-13,92.319580078125,115.32508087158203,81.0553970336914,29.409086227416992,82.97965240478516
2026-07-14,92.57686614990234,115.61227416992188,81.19414520263672,29.47834014892578,83.0883560180664
2026-07-15,92.8044662475586,115.84996795654297,81.26351165771484,29.517915725708008,83.24646759033203
2026-07-16,92.74510192871094,115.82025146484375,81.26351165771484,29.49812889099121,83.21681213378906
2026-07-17,92.86383819580078,115.84996795654297,81.25360107421875,29.524839401245117,83.52315521240234
2026-07-20,92.56697845458984,115.63209533691406,81.22386932373047,29.4733943939209,82.90059661865234
2026-07-21,92.33936309814453,115.42411804199219,81.15450286865234,29.409086227416992,82.67330932617188
2026-07-22,92.13154602050781,115.23594665527344,81.09503936767578,29.359617233276367,82.45589447021484
2026-07-23,91.88414001464844,115.03788757324219,81.03557586669922,29.310148239135742,82.18907928466797
2026-07-24,92.06227111816406,115.20624542236328,81.11486053466797,29.34972381591797,82.26814270019531
2026-07-27,92.3096694946289,115.33499145507812,81.13468170166016,29.409086227416992,82.76223754882812
2026-07-28,92.58676147460938,115.55286407470703,81.20405578613281,29.4733943939209,83.24646759033203
2026-07-29,92.20082092285156,115.44392395019531,81.25360107421875,29.359617233276367,81.87285614013672
2026-07-30,92.24040222167969,115.51325225830078,81.27342224121094,29.379404067993164,81.82345581054688
2026-07-31,91.98310852050781,115.35479736328125,81.26351165771484,29.315093994140625,81.27993774414062
2026-08-03,92.16978454589844,115.47303009033203,81.28438568115234,29.343887329101562,81.5478286743164
2026-08-04,92.5967788696289,115.81083679199219,81.38379669189453,29.453102111816406,82.17289733886719
2026-08-05,92.6563491821289,115.86051940917969,81.41361999511719,29.463029861450195,82.35150146484375
2026-08-06,92.29887390136719,115.58232116699219,81.31421661376953,29.378637313842773,81.875244140625
2026-08-07,92.517333984375,115.8009033203125,81.4334945678711,29.443174362182617,82.11337280273438
2026-08-10,92.11021423339844,115.5028305053711,81.37385559082031,29.358779907226562,81.41883850097656
2026-08-11,92.21944427490234,115.6021957397461,81.38379669189453,29.383602142333984,81.5478286743164
2026-08-12,92.30880737304688,115.71148681640625,81.4334945678711,29.403459548950195,81.46845245361328
2026-08-13,92.64643096923828,116.01948547363281,81.5428466796875,29.487852096557617,81.94469451904297
2026-08-14,92.38824462890625,115.84063720703125,81.51302337646484,29.428279876708984,81.39900207519531
2026-08-17,92.18964385986328,115.7710952758789,81.51302337646484,29.358779907226562,80.71438598632812
2026-08-18,92.27902221679688,115.83071899414062,81.53289794921875,29.403459548950195,81.02196502685547
2026-08-19,92.72586822509766,115.99961853027344,81.57266235351562,29.527565002441406,82.371337890625
2026-08-20,92.34852600097656,115.8009033203125,81.53289794921875,29.443174362182617,81.6966552734375
2026-08-21,92.16978454589844,115.66181182861328,81.51302337646484,29.403459548950195,81.40892028808594
2026-08-24,92.35845947265625,115.75122833251953,81.51302337646484,29.448137283325195,81.91493225097656
2026-08-25,92.8549575805664,116.10891723632812,81.5925521850586,29.562314987182617,82.81782531738281
2026-08-26,92.66629028320312,115.94994354248047,81.56272888183594,29.522602081298828,82.64915466308594
2026-08-27,92.57691955566406,115.85057830810547,81.55278778076172,29.497779846191406,82.48047637939453
2026-08-28,92.19957733154297,115.44322204589844,81.40367889404297,29.418350219726562,82.23242950439453
2026-08-31,92.09034729003906,115.42334747314453,81.40367889404297,29.378637313842773,81.875244140625
2026-09-01,91.78340911865234,115.15522003173828,81.34783935546875,29.32881736755371,81.54159545898438
2026-09-02,91.8631362915039,115.25489807128906,81.39769744873047,29.338781356811523,81.62126922607422
2026-09-03,91.9627914428711,115.33464050292969,81.46749114990234,29.378639221191406,81.74079132080078
2026-09-04,91.93289184570312,115.28480529785156,81.44754791259766,29.374652862548828,81.8802261352539
2026-09-08,91.84320831298828,115.1950912475586,81.41764068603516,29.35970687866211,81.8702621459961
2026-09-09,91.58409881591797,114.99574279785156,81.38772583007812,29.30390739440918,81.40216064453125
2026-09-10,90.86656951904297,114.37775421142578,81.1783447265625,29.129539489746094,80.45596313476562
2026-09-11,90.69715881347656,114.17840576171875,81.12850189208984,29.094667434692383,80.54560852050781
2026-09-14,90.617431640625,114.07872009277344,81.09857940673828,29.099647521972656,80.60536193847656
2026-09-15,90.5078125,113.99898529052734,81.06867218017578,29.07971954345703,80.38624572753906
2026-09-16,90.41812133789062,113.84947204589844,80.9988784790039,29.049829483032227,80.55555725097656
2026-09-17,90.93633270263672,114.23820495605469,81.1185302734375,29.169395446777344,81.45195007324219
2026-09-18,90.48788452148438,113.8694076538086,80.9988784790039,29.06975555419922,80.92407989501953
2026-09-21,90.83667755126953,114.08869171142578,81.04873657226562,29.139503479003906,81.47187805175781
2026-09-22,90.84664154052734,114.10863494873047,81.07864379882812,29.14946746826172,81.42207336425781
2026-09-23,89.87997436523438,113.3311538696289,80.87924194335938,28.94022560119629,80.13724517822266
2026-09-24,89.38169860839844,113.08197021484375,80.84932708740234,28.840585708618164,79.1014175415039
2026-09-25,89.69062805175781,113.44080352783203,80.9689712524414,28.880441665649414,79.00182342529297
2026-09-28,89.22224426269531,113.07200622558594,80.86927032470703,28.770837783813477,78.30463409423828
2026-09-29,89.14251708984375,113.12184143066406,80.91912078857422,28.760873794555664,77.91619873046875
2026-09-30,89.00299835205078,113.07200622558594,80.95899963378906,28.72599983215332,77.4679946899414
2026-10-01,89.30000305175781,113.4000015258789,81.0999984741211,28.78499984741211,77.70999908447266
2026-10-02,89.05000305175781,113.16999816894531,81.05000305175781,28.735000610351562,77.4800033569336
2026-10-05,88.91999816894531,113.16999816894531,81.08000183105469,28.709999084472656,77.11000061035156
2026-10-06,89.12999725341797,113.33000183105469,81.12999725341797,28.764999389648438,77.27999877929688
