date,IEF,IEI,SHY,SPTB,TLT
2002-07-30,81.7699966430664,,81.01000213623047,,81.5199966430664
2002-07-31,82.5199966430664,,81.26000213623047,,82.52999877929688
2002-08-01,82.86000061035156,,81.41999816894531,,83.0
2002-08-02,83.5,,81.58000183105469,,83.8499984741211
2002-08-05,83.91999816894531,,81.70999908447266,,84.22000122070312
2002-08-06,83.23999786376953,,81.51000213623047,,83.5
2002-08-07,83.5,,81.62999725341797,,83.69999694824219
2002-08-08,83.20999908447266,,81.51000213623047,,83.69999694824219
2002-08-09,83.83000183105469,,81.52999877929688,,84.87999725341797
2002-08-12,84.0,,81.5199966430664,,85.4000015258789
2002-08-13,84.66999816894531,,81.66000366210938,,86.44999694824219
2002-08-14,84.41999816894531,,81.4800033569336,,86.77999877929688
2002-08-15,83.93000030517578,,81.41000366210938,,86.0199966430664
2002-08-16,83.37999725341797,,81.36000061035156,,85.05999755859375
2002-08-19,83.45999908447266,,81.37000274658203,,85.31999969482422
2002-08-20,84.2300033569336,,81.55999755859375,,86.2699966430664
2002-08-21,84.0199966430664,,81.48999786376953,,85.80999755859375
2002-08-22,83.56999969482422,,81.4000015258789,,85.05999755859375
2002-08-23,83.94999694824219,,81.5,,85.9000015258789
2002-08-26,83.98999786376953,,81.48999786376953,,85.9800033569336
2002-08-27,83.73999786376953,,81.43000030517578,,85.44000244140625
2002-08-28,84.05000305175781,,81.48999786376953,,85.87000274658203
2002-08-29,84.44000244140625,,81.58000183105469,,86.55999755859375
2002-08-30,84.5999984741211,,81.61000061035156,,87.08000183105469
2002-09-03,85.2300033569336,,81.66999816894531,,88.04000091552734
2002-09-04,85.19999694824219,,81.63999938964844,,88.0199966430664
2002-09-05,85.54000091552734,,81.7300033569336,,88.5
2002-09-06,84.87999725341797,,81.56999969482422,,87.45999908447266
2002-09-09,84.76000213623047,,81.45999908447266,,87.33000183105469
2002-09-10,85.05999755859375,,81.51000213623047,,87.75
2002-09-11,84.75,,81.45999908447266,,87.29000091552734
2002-09-12,85.19000244140625,,81.5199966430664,,87.97000122070312
2002-09-13,85.58999633789062,,81.58000183105469,,88.77999877929688
2002-09-16,85.62000274658203,,81.55000305175781,,88.93000030517578
2002-09-17,85.9000015258789,,81.61000061035156,,89.0999984741211
2002-09-18,86.0,,81.5999984741211,,89.12000274658203
2002-09-19,86.43000030517578,,81.7699966430664,,89.72000122070312
2002-09-20,86.4000015258789,,81.77999877929688,,89.30000305175781
2002-09-23,86.88999938964844,,81.80000305175781,,90.0999984741211
2002-09-24,87.19999694824219,,81.83999633789062,,90.68000030517578
2002-09-25,86.54000091552734,,81.76000213623047,,89.58000183105469
2002-09-26,86.4800033569336,,81.79000091552734,,89.37000274658203
2002-09-27,87.05000305175781,,81.95999908447266,,90.04000091552734
2002-09-30,87.55999755859375,,82.08000183105469,,90.4000015258789
2002-10-01,86.54000091552734,,81.86000061035156,,88.94000244140625
2002-10-02,86.83000183105469,,81.93000030517578,,89.44999694824219
2002-10-03,86.77999877929688,,81.94000244140625,,89.2300033569336
2002-10-04,86.87000274658203,,81.87000274658203,,89.51000213623047
2002-10-07,87.20999908447266,,81.97000122070312,,89.66000366210938
2002-10-08,87.05000305175781,,81.88999938964844,,89.69000244140625
2002-10-09,87.48999786376953,,82.05999755859375,,90.1500015258789
2002-10-10,86.98999786376953,,81.9800033569336,,89.44000244140625
2002-10-11,86.37000274658203,,81.8499984741211,,88.37999725341797
2002-10-14,86.30000305175781,,81.87000274658203,,88.25
2002-10-15,84.8499984741211,,81.55999755859375,,86.16000366210938
2002-10-16,84.8499984741211,,81.58999633789062,,86.19999694824219
2002-10-17,84.4000015258789,,81.5199966430664,,85.1500015258789
2002-10-18,84.6500015258789,,81.58999633789062,,85.37000274658203
2002-10-21,84.0,,81.41000366210938,,84.54000091552734
2002-10-22,83.95999908447266,,81.4000015258789,,84.30000305175781
2002-10-23,84.13999938964844,,81.45999908447266,,84.33000183105469
2002-10-24,84.54000091552734,,81.5999984741211,,85.06999969482422
2002-10-25,84.91000366210938,,81.73999786376953,,85.37999725341797
2002-10-28,85.01000213623047,,81.8499984741211,,85.26000213623047
2002-10-29,85.77999877929688,,82.02999877929688,,86.37000274658203
2002-10-30,85.7699966430664,,82.0199966430664,,86.33999633789062
2002-10-31,86.20999908447266,,82.16000366210938,,86.7300033569336
2002-11-01,85.4000015258789,,81.94000244140625,,85.9800033569336
2002-11-04,85.12999725341797,,81.86000061035156,,85.5999984741211
2002-11-05,84.9000015258789,,81.8499984741211,,85.2699966430664
2002-11-06,85.18000030517578,,81.87999725341797,,85.61000061035156
2002-11-07,86.01000213623047,,81.91999816894531,,87.7300033569336
2002-11-08,86.22000122070312,,81.88999938964844,,88.44000244140625
2002-11-11,86.44000244140625,,81.97000122070312,,88.91999816894531
2002-11-12,86.16999816894531,,81.98999786376953,,88.41000366210938
2002-11-13,86.2699966430664,,82.0,,88.5999984741211
2002-11-14,85.19000244140625,,81.80000305175781,,86.76000213623047
2002-11-15,85.25,,81.83999633789062,,87.11000061035156
2002-11-18,85.33000183105469,,81.83999633789062,,87.5
2002-11-19,85.4000015258789,,81.81999969482422,,87.81999969482422
2002-11-20,84.93000030517578,,81.75,,86.95999908447266
2002-11-21,84.44000244140625,,81.63999938964844,,86.12000274658203
2002-11-22,84.33999633789062,,81.61000061035156,,86.04000091552734
2002-11-25,84.20999908447266,,81.66000366210938,,85.87999725341797
2002-11-26,84.97000122070312,,81.80999755859375,,86.95999908447266
2002-11-27,84.0,,81.66999816894531,,85.0
2002-11-29,84.12000274658203,,81.70999908447266,,85.55000305175781
2002-12-02,83.56999969482422,,81.62000274658203,,85.23999786376953
2002-12-03,83.55999755859375,,81.6500015258789,,85.36000061035156
2002-12-04,83.8499984741211,,81.69999694824219,,85.80000305175781
2002-12-05,84.08000183105469,,81.7699966430664,,86.0199966430664
2002-12-06,84.41999816894531,,81.8499984741211,,86.16999816894531
2002-12-09,84.73999786376953,,81.87000274658203,,86.6500015258789
2002-12-10,84.66999816894531,,81.86000061035156,,86.87999725341797
2002-12-11,84.94999694824219,,81.93000030517578,,87.45999908447266
2002-12-12,85.0199966430664,,81.95999908447266,,87.37999725341797
2002-12-13,84.70999908447266,,81.9000015258789,,86.52999877929688
2002-12-16,84.36000061035156,,81.86000061035156,,85.87999725341797
2002-12-17,84.55999755859375,,81.94000244140625,,85.87999725341797
2002-12-18,85.08000183105469,,82.06999969482422,,86.55000305175781
2002-12-19,85.5199966430664,,82.16000366210938,,87.31999969482422
2002-12-20,85.5199966430664,,82.12000274658203,,87.37999725341797
2002-12-23,85.47000122070312,,82.12999725341797,,87.4000015258789
2002-12-24,85.79000091552734,,82.22000122070312,,87.88999938964844
2002-12-26,85.91999816894531,,82.27999877929688,,88.05999755859375
2002-12-27,86.43000030517578,,82.37999725341797,,89.02999877929688
2002-12-30,86.58999633789062,,82.38999938964844,,89.23999786376953
2002-12-31,86.1500015258789,,82.30999755859375,,88.56999969482422
2003-01-02,84.79000091552734,,82.0,,86.27999877929688
2003-01-03,84.93000030517578,,82.01000213623047,,86.4800033569336
2003-01-06,84.72000122070312,,81.95999908447266,,86.25
2003-01-07,84.98999786376953,,82.0199966430664,,86.55999755859375
2003-01-08,85.19000244140625,,82.08999633789062,,86.98999786376953
2003-01-09,84.16000366210938,,81.94000244140625,,85.31999969482422
2003-01-10,84.25,,82.05000305175781,,85.54000091552734
2003-01-13,84.4000015258789,,82.02999877929688,,85.68000030517578
2003-01-14,84.5999984741211,,82.05999755859375,,85.9800033569336
2003-01-15,84.79000091552734,,82.08999633789062,,86.4000015258789
2003-01-16,84.76000213623047,,82.13999938964844,,86.5199966430664
2003-01-17,85.11000061035156,,82.12000274658203,,86.94999694824219
2003-01-21,85.4000015258789,,82.22000122070312,,87.44999694824219
2003-01-22,85.75,,82.27999877929688,,87.87999725341797
2003-01-23,85.56999969482422,,82.2300033569336,,87.44999694824219
2003-01-24,85.73999786376953,,82.22000122070312,,87.97000122070312
2003-01-27,85.4800033569336,,82.22000122070312,,87.6500015258789
2003-01-28,85.48999786376953,,82.23999786376953,,87.6500015258789
2003-01-29,85.12000274658203,,82.16999816894531,,87.16999816894531
2003-01-30,85.44999694824219,,82.2699966430664,,87.81999969482422
2003-01-31,85.48999786376953,,82.25,,88.05999755859375
2003-02-03,85.08000183105469,,82.08000183105469,,87.87999725341797
2003-02-04,85.36000061035156,,82.16999816894531,,88.2699966430664
2003-02-05,85.02999877929688,,82.13999938964844,,87.51000213623047
2003-02-06,85.36000061035156,,82.18000030517578,,88.22000122070312
2003-02-07,85.4000015258789,,82.25,,88.41999816894531
2003-02-10,85.23999786376953,,82.19000244140625,,87.80000305175781
2003-02-11,85.31999969482422,,82.22000122070312,,87.77999877929688
2003-02-12,85.69000244140625,,82.29000091552734,,88.08999633789062
2003-02-13,86.0,,82.36000061035156,,88.56999969482422
2003-02-14,85.69999694824219,,82.29000091552734,,87.80999755859375
2003-02-18,85.69999694824219,,82.26000213623047,,87.91999816894531
2003-02-19,86.0199966430664,,82.30000305175781,,88.5199966430664
2003-02-20,86.31999969482422,,82.3499984741211,,88.81999969482422
2003-02-21,86.0,,82.27999877929688,,88.30000305175781
2003-02-24,86.33999633789062,,82.31999969482422,,88.72000122070312
2003-02-25,86.45999908447266,,82.37000274658203,,89.12999725341797
2003-02-26,86.72000122070312,,82.41000366210938,,89.75
2003-02-27,86.80000305175781,,82.41000366210938,,89.9000015258789
2003-02-28,87.08999633789062,,82.44999694824219,,90.47000122070312
2003-03-03,87.02999877929688,,82.37000274658203,,90.23999786376953
2003-03-04,87.19999694824219,,82.36000061035156,,90.30000305175781
2003-03-05,87.36000061035156,,82.43000030517578,,90.5999984741211
2003-03-06,87.18000030517578,,82.45999908447266,,90.25
2003-03-07,87.47000122070312,,82.54000091552734,,90.55999755859375
2003-03-10,87.76000213623047,,82.62000274658203,,91.02999877929688
2003-03-11,87.73999786376953,,82.55000305175781,,90.87000274658203
2003-03-12,87.54000091552734,,82.48999786376953,,91.19999694824219
2003-03-13,86.56999969482422,,82.23999786376953,,89.5199966430664
2003-03-14,86.8499984741211,,82.31999969482422,,89.95999908447266
2003-03-17,86.16999816894531,,82.22000122070312,,88.87999725341797
2003-03-18,85.69999694824219,,82.1500015258789,,88.04000091552734
2003-03-19,85.29000091552734,,82.12999725341797,,87.38999938964844
2003-03-20,85.3499984741211,,82.2300033569336,,87.25
2003-03-21,84.56999969482422,,82.0199966430664,,86.05000305175781
2003-03-24,85.38999938964844,,82.19999694824219,,87.41000366210938
2003-03-25,85.4000015258789,,82.19999694824219,,87.30999755859375
2003-03-26,85.5999984741211,,82.30000305175781,,87.48999786376953
2003-03-27,85.76000213623047,,82.31999969482422,,87.55000305175781
2003-03-28,85.9000015258789,,82.43000030517578,,87.75
2003-03-31,86.5199966430664,,82.48999786376953,,88.9000015258789
2003-04-01,86.16000366210938,,82.36000061035156,,88.2699966430664
2003-04-02,85.55000305175781,,82.2699966430664,,87.3499984741211
2003-04-03,85.69999694824219,,82.31999969482422,,87.30000305175781
2003-04-04,85.55000305175781,,82.30000305175781,,87.05000305175781
2003-04-07,85.3499984741211,,82.25,,86.8499984741211
2003-04-08,85.66999816894531,,82.33000183105469,,87.55000305175781
2003-04-09,85.95999908447266,,82.37999725341797,,87.80999755859375
2003-04-10,85.7300033569336,,82.2699966430664,,87.4000015258789
2003-04-11,85.51000213623047,,82.2300033569336,,87.26000213623047
2003-04-14,85.2699966430664,,82.16000366210938,,87.0199966430664
2003-04-15,85.56999969482422,,82.22000122070312,,87.48999786376953
2003-04-16,85.76000213623047,,82.2300033569336,,87.8499984741211
2003-04-17,85.6500015258789,,82.16000366210938,,87.98999786376953
2003-04-21,85.48999786376953,,82.20999908447266,,87.80000305175781
2003-04-22,85.51000213623047,,82.19999694824219,,87.75
2003-04-23,85.47000122070312,,82.26000213623047,,87.93000030517578
2003-04-24,85.97000122070312,,82.33999633789062,,88.72000122070312
2003-04-25,86.11000061035156,,82.41999816894531,,88.91999816894531
2003-04-28,86.0199966430664,,82.4000015258789,,88.77999877929688
2003-04-29,85.87000274658203,,82.33999633789062,,88.62999725341797
2003-04-30,86.38999938964844,,82.51000213623047,,89.44999694824219
2003-05-01,86.12000274658203,,82.37999725341797,,89.0199966430664
2003-05-02,85.6500015258789,,82.29000091552734,,88.31999969482422
2003-05-05,85.91999816894531,,82.3499984741211,,88.79000091552734
2003-05-06,86.44999694824219,,82.47000122070312,,89.2300033569336
2003-05-07,87.05000305175781,,82.48999786376953,,90.2699966430664
2003-05-08,87.13999938964844,,82.44999694824219,,90.48999786376953
2003-05-09,87.27999877929688,,82.43000030517578,,90.58000183105469
2003-05-12,87.6500015258789,,82.48999786376953,,91.1500015258789
2003-05-13,87.7300033569336,,82.47000122070312,,91.3499984741211
2003-05-14,88.20999908447266,,82.5199966430664,,92.75
2003-05-15,88.12000274658203,,82.48999786376953,,93.04000091552734
2003-05-16,88.58999633789062,,82.58000183105469,,93.72000122070312
2003-05-19,88.56999969482422,,82.5999984741211,,93.4000015258789
2003-05-20,89.16000366210938,,82.70999908447266,,94.77999877929688
2003-05-21,88.87999725341797,,82.5999984741211,,94.7699966430664
2003-05-22,89.30000305175781,,82.62999725341797,,95.61000061035156
2003-05-23,89.19999694824219,,82.66000366210938,,95.8499984741211
2003-05-27,88.87000274658203,,82.62999725341797,,94.12000274658203
2003-05-28,88.88999938964844,,82.68000030517578,,93.95999908447266
2003-05-29,89.36000061035156,,82.70999908447266,,94.77999877929688
2003-05-30,89.30999755859375,,82.68000030517578,,94.5999984741211
2003-06-02,88.72000122070312,,82.52999877929688,,93.51000213623047
2003-06-03,89.30999755859375,,82.69000244140625,,94.26000213623047
2003-06-04,89.56999969482422,,82.76000213623047,,94.54000091552734
2003-06-05,89.25,,82.70999908447266,,93.80000305175781
2003-06-06,89.1500015258789,,82.69000244140625,,94.13999938964844
2003-06-09,89.63999938964844,,82.80000305175781,,94.7699966430664
2003-06-10,90.13999938964844,,82.88999938964844,,95.9000015258789
2003-06-11,89.94999694824219,,82.83000183105469,,95.77999877929688
2003-06-12,90.30000305175781,,82.87999725341797,,96.52999877929688
2003-06-13,90.62999725341797,,82.94999694824219,,97.18000030517578
2003-06-16,90.16000366210938,,82.8499984741211,,96.26000213623047
2003-06-17,89.66999816894531,,82.7300033569336,,95.5
2003-06-18,89.12999725341797,,82.73999786376953,,94.27999877929688
2003-06-19,89.26000213623047,,82.81999969482422,,94.0999984741211
2003-06-20,89.12000274658203,,82.80000305175781,,93.75
2003-06-23,89.45999908447266,,82.87999725341797,,94.30999755859375
2003-06-24,89.87999725341797,,82.94000244140625,,95.18000030517578
2003-06-25,89.19999694824219,,82.7699966430664,,93.66000366210938
2003-06-26,88.31999969482422,,82.62000274658203,,92.4000015258789
2003-06-27,88.23999786376953,,82.63999938964844,,92.06999969482422
2003-06-30,88.44999694824219,,82.70999908447266,,92.5
2003-07-01,88.0199966430664,,82.61000061035156,,91.69000244140625
2003-07-02,88.11000061035156,,82.6500015258789,,91.91999816894531
2003-07-03,87.55000305175781,,82.55999755859375,,90.5999984741211
2003-07-07,87.08000183105469,,82.54000091552734,,90.0199966430664
2003-07-08,87.11000061035156,,82.51000213623047,,90.0999984741211
2003-07-09,87.2699966430664,,82.52999877929688,,90.38999938964844
2003-07-10,87.47000122070312,,82.5999984741211,,90.36000061035156
2003-07-11,87.77999877929688,,82.62999725341797,,90.79000091552734
2003-07-14,87.2699966430664,,82.55999755859375,,89.75
2003-07-15,86.08000183105469,,82.45999908447266,,87.6500015258789
2003-07-16,86.11000061035156,,82.47000122070312,,88.1500015258789
2003-07-17,85.93000030517578,,82.41999816894531,,87.87999725341797
2003-07-18,85.70999908447266,,82.41000366210938,,87.69999694824219
2003-07-21,84.58999633789062,,82.2699966430664,,85.83999633789062
2003-07-22,84.88999938964844,,82.3499984741211,,86.26000213623047
2003-07-23,85.1500015258789,,82.38999938964844,,86.55000305175781
2003-07-24,84.81999969482422,,82.37999725341797,,85.79000091552734
2003-07-25,84.70999908447266,,82.41999816894531,,85.55999755859375
2003-07-28,84.08999633789062,,82.30999755859375,,84.41000366210938
2003-07-29,83.2699966430664,,82.23999786376953,,83.26000213623047
2003-07-30,83.94000244140625,,82.27999877929688,,84.19999694824219
2003-07-31,83.37999725341797,,82.19000244140625,,82.94999694824219
2003-08-01,83.0,,82.0,,82.51000213623047
2003-08-04,83.61000061035156,,82.12999725341797,,83.22000122070312
2003-08-05,83.05000305175781,,81.9800033569336,,82.02999877929688
2003-08-06,83.9000015258789,,82.05999755859375,,83.6500015258789
2003-08-07,84.19999694824219,,82.1500015258789,,84.0
2003-08-08,84.19000244140625,,82.16999816894531,,83.66000366210938
2003-08-11,83.83999633789062,,82.05999755859375,,83.23999786376953
2003-08-12,83.69000244140625,,82.19999694824219,,82.8499984741211
2003-08-13,82.76000213623047,,82.04000091552734,,81.25
2003-08-14,82.93000030517578,,82.0199966430664,,82.05000305175781
2003-08-15,82.9000015258789,,82.08000183105469,,82.0
2003-08-18,83.1500015258789,,82.06999969482422,,82.37999725341797
2003-08-19,83.80999755859375,,82.16999816894531,,83.6500015258789
2003-08-20,83.41000366210938,,82.11000061035156,,83.19999694824219
2003-08-21,83.0999984741211,,81.98999786376953,,83.0
2003-08-22,83.16000366210938,,81.97000122070312,,83.37000274658203
2003-08-25,82.80000305175781,,81.93000030517578,,82.72000122070312
2003-08-26,83.0999984741211,,82.0199966430664,,83.37000274658203
2003-08-27,82.9000015258789,,81.94000244140625,,82.98999786376953
2003-08-28,83.4800033569336,,82.05999755859375,,83.8499984741211
2003-08-29,83.25,,82.05000305175781,,83.6500015258789
2003-09-02,82.1500015258789,,81.83999633789062,,82.05999755859375
2003-09-03,82.36000061035156,,81.9000015258789,,82.19000244140625
2003-09-04,82.88999938964844,,82.01000213623047,,82.6500015258789
2003-09-05,83.94000244140625,,82.29000091552734,,84.06999969482422
2003-09-08,83.55000305175781,,82.19000244140625,,83.19999694824219
2003-09-09,83.94999694824219,,82.33000183105469,,83.80000305175781
2003-09-10,84.5199966430664,,82.37999725341797,,84.6500015258789
2003-09-11,84.22000122070312,,82.31999969482422,,84.0999984741211
2003-09-12,84.55999755859375,,82.38999938964844,,84.68000030517578
2003-09-15,84.70999908447266,,82.47000122070312,,84.55000305175781
2003-09-16,84.63999938964844,,82.4800033569336,,84.41999816894531
2003-09-17,85.11000061035156,,82.47000122070312,,85.47000122070312
2003-09-18,85.0999984741211,,82.38999938964844,,85.52999877929688
2003-09-19,85.0999984741211,,82.38999938964844,,85.62999725341797
2003-09-22,84.7300033569336,,82.41999816894531,,84.94999694824219
2003-09-23,84.93000030517578,,82.44000244140625,,85.52999877929688
2003-09-24,85.36000061035156,,82.48999786376953,,86.2699966430664
2003-09-25,85.4800033569336,,82.5,,86.69999694824219
2003-09-26,86.12999725341797,,82.5999984741211,,87.4800033569336
2003-09-29,85.76000213623047,,82.55999755859375,,86.77999877929688
2003-09-30,86.58999633789062,,82.7300033569336,,88.22000122070312
2003-10-01,86.23999786376953,,82.6500015258789,,87.5199966430664
2003-10-02,85.93000030517578,,82.6500015258789,,87.12000274658203
2003-10-03,84.73999786376953,,82.44000244140625,,85.29000091552734
2003-10-06,84.98999786376953,,82.5,,85.66000366210938
2003-10-07,84.5,,82.41999816894531,,84.66999816894531
2003-10-08,84.6500015258789,,82.41999816894531,,84.6500015258789
2003-10-09,84.37999725341797,,82.41000366210938,,84.05000305175781
2003-10-10,84.62999725341797,,82.45999908447266,,84.55000305175781
2003-10-13,84.5,,82.47000122070312,,84.22000122070312
2003-10-14,84.16000366210938,,82.38999938964844,,83.63999938964844
2003-10-15,83.86000061035156,,82.29000091552734,,83.2300033569336
2003-10-16,83.4000015258789,,82.0999984741211,,82.9000015258789
2003-10-17,83.8499984741211,,82.19999694824219,,83.54000091552734
2003-10-20,83.91000366210938,,82.20999908447266,,83.81999969482422
2003-10-21,84.05999755859375,,82.2300033569336,,84.12999725341797
2003-10-22,84.66999816894531,,82.31999969482422,,84.94999694824219
2003-10-23,84.4000015258789,,82.30000305175781,,84.33000183105469
2003-10-24,84.98999786376953,,82.4000015258789,,85.2699966430664
2003-10-27,84.76000213623047,,82.30999755859375,,85.0999984741211
2003-10-28,85.16000366210938,,82.44999694824219,,85.55000305175781
2003-10-29,84.61000061035156,,82.36000061035156,,84.77999877929688
2003-10-30,84.30000305175781,,82.29000091552734,,84.4000015258789
2003-10-31,84.5999984741211,,82.30000305175781,,85.19000244140625
2003-11-03,84.0,,82.13999938964844,,84.44000244140625
2003-11-04,84.30000305175781,,82.19999694824219,,84.91999816894531
2003-11-05,84.0,,82.12000274658203,,84.33999633789062
2003-11-06,83.56999969482422,,82.02999877929688,,83.55000305175781
2003-11-07,83.43000030517578,,81.95999908447266,,83.5
2003-11-10,83.4000015258789,,81.9800033569336,,83.43000030517578
2003-11-11,83.52999877929688,,81.9800033569336,,83.44000244140625
2003-11-12,83.80000305175781,,82.02999877929688,,84.05000305175781
2003-11-13,84.52999877929688,,82.20999908447266,,85.3499984741211
2003-11-14,84.98999786376953,,82.30999755859375,,85.91999816894531
2003-11-17,85.08999633789062,,82.36000061035156,,86.05000305175781
2003-11-18,85.44000244140625,,82.37000274658203,,86.58000183105469
2003-11-19,84.86000061035156,,82.22000122070312,,85.62000274658203
2003-11-20,85.38999938964844,,82.37999725341797,,86.44999694824219
2003-11-21,85.3499984741211,,82.3499984741211,,86.5
2003-11-24,84.9000015258789,,82.23999786376953,,85.79000091552734
2003-11-25,85.11000061035156,,82.33000183105469,,86.26000213623047
2003-11-26,84.9000015258789,,82.23999786376953,,85.91000366210938
2003-11-28,84.33999633789062,,82.13999938964844,,85.12999725341797
2003-12-01,83.5999984741211,,81.91999816894531,,84.23999786376953
2003-12-02,83.83999633789062,,82.01000213623047,,84.5999984741211
2003-12-03,83.62000274658203,,81.94000244140625,,84.26000213623047
2003-12-04,83.80000305175781,,82.0199966430664,,84.44999694824219
2003-12-05,84.81999969482422,,82.27999877929688,,85.80000305175781
2003-12-08,84.5,,82.19000244140625,,85.19999694824219
2003-12-09,84.08000183105469,,82.13999938964844,,84.5999984741211
2003-12-10,84.29000091552734,,82.23999786376953,,84.73999786376953
2003-12-11,84.80000305175781,,82.41000366210938,,85.3499984741211
2003-12-12,84.80000305175781,,82.38999938964844,,85.51000213623047
2003-12-15,84.76000213623047,,82.37000274658203,,85.45999908447266
2003-12-16,84.93000030517578,,82.41999816894531,,85.73999786376953
2003-12-17,85.1500015258789,,82.43000030517578,,86.31999969482422
2003-12-18,85.44000244140625,,82.44999694824219,,87.0999984741211
2003-12-19,85.44999694824219,,82.47000122070312,,87.06999969482422
2003-12-22,85.22000122070312,,82.41999816894531,,86.83000183105469
2003-12-23,84.63999938964844,,82.29000091552734,,85.8499984741211
2003-12-24,85.16999816894531,,82.4800033569336,,86.66000366210938
2003-12-26,85.44000244140625,,82.55000305175781,,86.9800033569336
2003-12-29,84.91999816894531,,82.44000244140625,,86.19999694824219
2003-12-30,84.83000183105469,,82.4800033569336,,85.8499984741211
2003-12-31,84.69999694824219,,82.47000122070312,,85.44999694824219
2004-01-02,84.0199966430664,,82.2699966430664,,84.44000244140625
2004-01-05,83.94999694824219,,82.27999877929688,,84.22000122070312
2004-01-06,84.58000183105469,,82.37999725341797,,85.1500015258789
2004-01-07,84.7699966430664,,82.44000244140625,,85.48999786376953
2004-01-08,84.7699966430664,,82.44999694824219,,85.45999908447266
2004-01-09,85.7699966430664,,82.6500015258789,,86.94999694824219
2004-01-12,85.7699966430664,,82.69999694824219,,86.87999725341797
2004-01-13,86.2300033569336,,82.80000305175781,,87.47000122070312
2004-01-14,86.4000015258789,,82.72000122070312,,87.9000015258789
2004-01-15,86.44999694824219,,82.70999908447266,,88.2300033569336
2004-01-16,86.08999633789062,,82.6500015258789,,87.61000061035156
2004-01-20,85.94000244140625,,82.69000244140625,,87.58999633789062
2004-01-21,86.19000244140625,,82.73999786376953,,87.80000305175781
2004-01-22,86.55999755859375,,82.80000305175781,,88.44000244140625
2004-01-23,85.91000366210938,,82.68000030517578,,87.37999725341797
2004-01-26,85.55000305175781,,82.62000274658203,,86.8499984741211
2004-01-27,85.88999938964844,,82.72000122070312,,87.38999938964844
2004-01-28,85.2699966430664,,82.51000213623047,,86.62000274658203
2004-01-29,85.16999816894531,,82.52999877929688,,86.44000244140625
2004-01-30,85.55999755859375,,82.56999969482422,,87.04000091552734
2004-02-02,85.22000122070312,,82.4800033569336,,86.5
2004-02-03,85.55000305175781,,82.55999755859375,,86.94000244140625
2004-02-04,85.41000366210938,,82.51000213623047,,86.7699966430664
2004-02-05,85.08999633789062,,82.44999694824219,,86.43000030517578
2004-02-06,85.61000061035156,,82.58000183105469,,87.37999725341797
2004-02-09,85.80999755859375,,82.61000061035156,,87.63999938964844
2004-02-10,85.56999969482422,,82.5,,87.1500015258789
2004-02-11,86.0199966430664,,82.62999725341797,,87.80000305175781
2004-02-12,85.97000122070312,,82.66000366210938,,87.43000030517578
2004-02-13,86.19000244140625,,82.77999877929688,,87.80000305175781
2004-02-17,86.19000244140625,,82.70999908447266,,87.73999786376953
2004-02-18,86.16999816894531,,82.72000122070312,,87.86000061035156
2004-02-19,86.2300033569336,,82.76000213623047,,87.94999694824219
2004-02-20,85.94000244140625,,82.66999816894531,,87.33999633789062
2004-02-23,86.22000122070312,,82.75,,87.87999725341797
2004-02-24,86.37000274658203,,82.76000213623047,,88.04000091552734
2004-02-25,86.47000122070312,,82.81999969482422,,88.18000030517578
2004-02-26,86.33999633789062,,82.79000091552734,,87.9000015258789
2004-02-27,86.68000030517578,,82.8499984741211,,88.66000366210938
2004-03-01,86.5199966430664,,82.70999908447266,,88.2699966430664
2004-03-02,86.0199966430664,,82.62999725341797,,87.70999908447266
2004-03-03,85.94000244140625,,82.56999969482422,,87.55000305175781
2004-03-04,86.20999908447266,,82.63999938964844,,87.94000244140625
2004-03-05,87.27999877929688,,82.81999969482422,,89.63999938964844
2004-03-08,87.7699966430664,,82.94999694824219,,90.16999816894531
2004-03-09,88.0999984741211,,83.0,,90.7699966430664
2004-03-10,88.08999633789062,,82.94999694824219,,90.70999908447266
2004-03-11,88.0999984741211,,83.0199966430664,,90.83999633789062
2004-03-12,87.83000183105469,,82.95999908447266,,90.27999877929688
2004-03-15,87.87999725341797,,82.91999816894531,,90.43000030517578
2004-03-16,88.30999755859375,,82.9800033569336,,91.18000030517578
2004-03-17,88.25,,82.9800033569336,,91.02999877929688
2004-03-18,87.97000122070312,,82.94999694824219,,90.55000305175781
2004-03-19,87.8499984741211,,82.9800033569336,,90.43000030517578
2004-03-22,88.18000030517578,,83.02999877929688,,90.9800033569336
2004-03-23,88.30999755859375,,83.05000305175781,,91.13999938964844
2004-03-24,88.25,,83.06999969482422,,91.08999633789062
2004-03-25,88.12999725341797,,83.05999755859375,,90.73999786376953
2004-03-26,87.56999969482422,,82.9800033569336,,89.77999877929688
2004-03-29,87.19999694824219,,82.91999816894531,,89.18000030517578
2004-03-30,87.2300033569336,,82.91000366210938,,89.12000274658203
2004-03-31,87.55000305175781,,82.97000122070312,,89.55000305175781
2004-04-01,87.08000183105469,,82.75,,88.91000366210938
2004-04-02,85.47000122070312,,82.45999908447266,,86.70999908447266
2004-04-05,85.05000305175781,,82.37999725341797,,86.02999877929688
2004-04-06,85.3499984741211,,82.4800033569336,,86.5
2004-04-07,85.36000061035156,,82.5,,86.30000305175781
2004-04-08,85.19999694824219,,82.5,,86.05000305175781
2004-04-12,84.93000030517578,,82.41999816894531,,85.73999786376953
2004-04-13,84.2699966430664,,82.30999755859375,,84.80999755859375
2004-04-14,84.20999908447266,,82.16999816894531,,84.73999786376953
2004-04-15,84.08999633789062,,82.22000122070312,,84.23999786376953
2004-04-16,84.4000015258789,,82.33000183105469,,84.55999755859375
2004-04-19,84.18000030517578,,82.2300033569336,,84.37999725341797
2004-04-20,83.56999969482422,,82.04000091552734,,83.61000061035156
2004-04-21,83.73999786376953,,82.05000305175781,,84.0199966430664
2004-04-22,84.06999969482422,,82.16999816894531,,84.5199966430664
2004-04-23,83.72000122070312,,82.0,,84.04000091552734
2004-04-26,83.70999908447266,,82.01000213623047,,84.18000030517578
2004-04-27,84.04000091552734,,82.11000061035156,,84.5
2004-04-28,83.48999786376953,,81.94000244140625,,83.70999908447266
2004-04-29,83.30000305175781,,81.93000030517578,,83.30000305175781
2004-04-30,83.5,,81.97000122070312,,83.63999938964844
2004-05-03,83.19999694824219,,81.88999938964844,,83.41999816894531
2004-05-04,82.95999908447266,,81.87000274658203,,82.8499984741211
2004-05-05,82.7699966430664,,81.83999633789062,,82.62000274658203
2004-05-06,82.69000244140625,,81.81999969482422,,82.4000015258789
2004-05-07,81.66999816894531,,81.4800033569336,,81.31999969482422
2004-05-10,81.6500015258789,,81.5199966430664,,81.12999725341797
2004-05-11,81.80999755859375,,81.52999877929688,,81.5
2004-05-12,81.69000244140625,,81.55000305175781,,80.95999908447266
2004-05-13,81.44000244140625,,81.51000213623047,,80.6500015258789
2004-05-14,81.8499984741211,,81.63999938964844,,81.30999755859375
2004-05-17,82.37999725341797,,81.75,,82.02999877929688
2004-05-18,82.22000122070312,,81.66999816894531,,81.70999908447266
2004-05-19,81.83999633789062,,81.62999725341797,,81.44000244140625
2004-05-20,82.25,,81.66999816894531,,82.06999969482422
2004-05-21,82.06999969482422,,81.66999816894531,,81.73999786376953
2004-05-24,82.12999725341797,,81.69000244140625,,82.0
2004-05-25,82.16000366210938,,81.69000244140625,,82.23999786376953
2004-05-26,82.56999969482422,,81.83999633789062,,82.68000030517578
2004-05-27,83.0199966430664,,81.87999725341797,,83.33000183105469
2004-05-28,82.79000091552734,,81.8499984741211,,83.0999984741211
2004-06-01,82.0999984741211,,81.61000061035156,,82.0199966430664
2004-06-02,81.95999908447266,,81.55999755859375,,81.80999755859375
2004-06-03,82.08999633789062,,81.58000183105469,,81.9800033569336
2004-06-04,81.75,,81.44999694824219,,81.5
2004-06-07,81.87000274658203,,81.4800033569336,,81.5199966430664
2004-06-08,81.8499984741211,,81.48999786376953,,81.66999816894531
2004-06-09,81.61000061035156,,81.36000061035156,,81.31999969482422
2004-06-10,81.69999694824219,,81.3499984741211,,81.4800033569336
2004-06-14,81.30000305175781,,81.13999938964844,,80.83000183105469
2004-06-15,82.37999725341797,,81.41000366210938,,82.54000091552734
2004-06-16,82.19999694824219,,81.3499984741211,,82.22000122070312
2004-06-17,82.43000030517578,,81.44999694824219,,82.76000213623047
2004-06-18,82.26000213623047,,81.4000015258789,,82.58000183105469
2004-06-21,82.38999938964844,,81.45999908447266,,82.63999938964844
2004-06-22,82.27999877929688,,81.48999786376953,,82.38999938964844
2004-06-23,82.4000015258789,,81.51000213623047,,82.55000305175781
2004-06-24,82.72000122070312,,81.58999633789062,,83.05000305175781
2004-06-25,82.76000213623047,,81.5999984741211,,83.12999725341797
2004-06-28,82.1500015258789,,81.41000366210938,,82.27999877929688
2004-06-29,82.54000091552734,,81.48999786376953,,82.80000305175781
2004-06-30,83.05000305175781,,81.70999908447266,,83.6500015258789
2004-07-01,82.94000244140625,,81.58000183105469,,83.47000122070312
2004-07-02,83.6500015258789,,81.80000305175781,,84.3499984741211
2004-07-06,83.48999786376953,,81.77999877929688,,84.20999908447266
2004-07-07,83.52999877929688,,81.79000091552734,,84.23999786376953
2004-07-08,83.54000091552734,,81.81999969482422,,84.29000091552734
2004-07-09,83.68000030517578,,81.81999969482422,,84.37999725341797
2004-07-12,83.77999877929688,,81.8499984741211,,84.5
2004-07-13,83.5999984741211,,81.79000091552734,,84.25
2004-07-14,83.55999755859375,,81.76000213623047,,84.27999877929688
2004-07-15,83.5199966430664,,81.76000213623047,,84.37000274658203
2004-07-16,84.33000183105469,,81.91999816894531,,85.48999786376953
2004-07-19,84.30999755859375,,81.87999725341797,,85.55000305175781
2004-07-20,83.76000213623047,,81.7300033569336,,84.77999877929688
2004-07-21,83.58000183105469,,81.70999908447266,,84.55000305175781
2004-07-22,83.68000030517578,,81.7300033569336,,84.66999816894531
2004-07-23,83.87999725341797,,81.7300033569336,,84.94999694824219
2004-07-26,83.58999633789062,,81.66999816894531,,84.55000305175781
2004-07-27,83.0,,81.5999984741211,,83.41000366210938
2004-07-28,83.12999725341797,,81.6500015258789,,83.41999816894531
2004-07-29,83.20999908447266,,81.66999816894531,,83.61000061035156
2004-07-30,83.77999877929688,,81.79000091552734,,84.58999633789062
2004-08-02,83.58999633789062,,81.70999908447266,,84.37000274658203
2004-08-03,83.79000091552734,,81.7300033569336,,84.70999908447266
2004-08-04,83.73999786376953,,81.72000122070312,,84.75
2004-08-05,83.98999786376953,,81.7699966430664,,84.98999786376953
2004-08-06,85.13999938964844,,82.05999755859375,,86.41999816894531
2004-08-09,84.86000061035156,,82.05000305175781,,86.12000274658203
2004-08-10,84.51000213623047,,81.8499984741211,,85.80999755859375
2004-08-11,84.80000305175781,,81.9800033569336,,86.18000030517578
2004-08-12,84.91000366210938,,82.0,,86.36000061035156
2004-08-13,85.05999755859375,,82.08000183105469,,86.63999938964844
2004-08-16,84.97000122070312,,82.05999755859375,,86.33999633789062
2004-08-17,85.37000274658203,,82.13999938964844,,86.83000183105469
2004-08-18,85.08999633789062,,82.12000274658203,,86.41000366210938
2004-08-19,85.30000305175781,,82.16999816894531,,86.62000274658203
2004-08-20,85.12999725341797,,82.12000274658203,,86.54000091552734
2004-08-23,84.83999633789062,,82.05000305175781,,86.04000091552734
2004-08-24,84.91999816894531,,82.08999633789062,,86.08999633789062
2004-08-25,84.93000030517578,,82.05999755859375,,86.38999938964844
2004-08-26,85.30000305175781,,82.13999938964844,,86.87999725341797
2004-08-27,85.19999694824219,,82.11000061035156,,86.81999969482422
2004-08-30,85.5,,82.12999725341797,,87.2300033569336
2004-08-31,85.87000274658203,,82.25,,87.7699966430664
2004-09-01,85.58999633789062,,82.13999938964844,,87.51000213623047
2004-09-02,85.12999725341797,,82.01000213623047,,86.6500015258789
2004-09-03,84.9000015258789,,81.9000015258789,,86.66000366210938
2004-09-07,84.94999694824219,,81.9000015258789,,86.56999969482422
2004-09-08,85.44000244140625,,82.0199966430664,,87.30000305175781
2004-09-09,85.29000091552734,,82.02999877929688,,86.97000122070312
2004-09-10,85.45999908447266,,82.05000305175781,,87.0999984741211
2004-09-13,85.66999816894531,,82.05999755859375,,87.4800033569336
2004-09-14,85.69000244140625,,82.08000183105469,,87.56999969482422
2004-09-15,85.5999984741211,,82.02999877929688,,87.37000274658203
2004-09-16,86.06999969482422,,82.16999816894531,,88.36000061035156
2004-09-17,85.7699966430664,,82.06999969482422,,87.91999816894531
2004-09-20,86.26000213623047,,82.19999694824219,,88.5
2004-09-21,86.31999969482422,,82.08000183105469,,88.76000213623047
2004-09-22,86.66999816894531,,82.16000366210938,,89.68000030517578
2004-09-23,86.37000274658203,,82.05999755859375,,89.31999969482422
2004-09-24,86.36000061035156,,82.01000213623047,,89.43000030517578
2004-09-27,86.5999984741211,,82.05999755859375,,89.81999969482422
2004-09-28,86.51000213623047,,82.11000061035156,,89.45999908447266
2004-09-29,85.97000122070312,,82.01000213623047,,88.58999633789062
2004-09-30,85.87999725341797,,82.04000091552734,,88.25
2004-10-01,85.27999877929688,,81.8499984741211,,87.44999694824219
2004-10-04,85.30999755859375,,81.86000061035156,,87.58000183105469
2004-10-05,85.30999755859375,,81.87000274658203,,87.58000183105469
2004-10-06,85.02999877929688,,81.80000305175781,,87.18000030517578
2004-10-07,84.87999725341797,,81.7699966430664,,86.80000305175781
2004-10-08,85.5999984741211,,81.9800033569336,,87.94999694824219
2004-10-11,85.73999786376953,,82.04000091552734,,88.04000091552734
2004-10-12,85.73999786376953,,82.05999755859375,,88.23999786376953
2004-10-13,86.05000305175781,,82.12000274658203,,88.55999755859375
2004-10-14,86.3499984741211,,82.13999938964844,,88.9800033569336
2004-10-15,86.05999755859375,,82.11000061035156,,88.66999816894531
2004-10-18,86.19000244140625,,82.12000274658203,,88.70999908447266
2004-10-19,86.16000366210938,,82.08999633789062,,88.94000244140625
2004-10-20,86.55000305175781,,82.16000366210938,,89.55000305175781
2004-10-21,86.43000030517578,,82.05999755859375,,89.61000061035156
2004-10-22,86.66999816894531,,82.13999938964844,,89.81999969482422
2004-10-25,86.7699966430664,,82.16999816894531,,89.88999938964844
2004-10-26,86.62000274658203,,82.16000366210938,,89.62000274658203
2004-10-27,86.08999633789062,,82.05000305175781,,88.73999786376953
2004-10-28,86.22000122070312,,82.08000183105469,,89.02999877929688
2004-10-29,86.47000122070312,,82.1500015258789,,89.44000244140625
2004-11-01,85.77999877929688,,81.95999908447266,,88.5199966430664
2004-11-02,85.98999786376953,,82.0,,88.6500015258789
2004-11-03,85.95999908447266,,81.98999786376953,,88.69000244140625
2004-11-04,85.91000366210938,,81.91999816894531,,88.77999877929688
2004-11-05,85.2699966430664,,81.70999908447266,,87.80999755859375
2004-11-08,85.1500015258789,,81.66999816894531,,87.5
2004-11-09,85.16999816894531,,81.7300033569336,,87.44999694824219
2004-11-10,85.0,,81.62999725341797,,87.12000274658203
2004-11-11,84.9800033569336,,81.69000244140625,,86.93000030517578
2004-11-12,85.30000305175781,,81.66999816894531,,87.87000274658203
2004-11-15,85.33999633789062,,81.66999816894531,,87.94999694824219
2004-11-16,85.25,,81.61000061035156,,87.94999694824219
2004-11-17,85.69999694824219,,81.7300033569336,,88.69999694824219
2004-11-18,85.7699966430664,,81.72000122070312,,88.97000122070312
2004-11-19,85.30000305175781,,81.58999633789062,,88.26000213623047
2004-11-22,85.36000061035156,,81.61000061035156,,88.72000122070312
2004-11-23,85.27999877929688,,81.5999984741211,,88.83000183105469
2004-11-24,85.4000015258789,,81.58999633789062,,88.83000183105469
2004-11-26,85.08999633789062,,81.51000213623047,,88.25
2004-11-29,84.58000183105469,,81.5199966430664,,87.30999755859375
2004-11-30,84.5,,81.54000091552734,,86.94000244140625
2004-12-01,84.20999908447266,,81.44999694824219,,86.44999694824219
2004-12-02,84.0199966430664,,81.41999816894531,,86.0999984741211
2004-12-03,84.86000061035156,,81.5999984741211,,87.44000244140625
2004-12-06,85.0199966430664,,81.61000061035156,,87.73999786376953
2004-12-07,85.01000213623047,,81.61000061035156,,87.8499984741211
2004-12-08,85.63999938964844,,81.63999938964844,,89.22000122070312
2004-12-09,85.44000244140625,,81.62999725341797,,88.62999725341797
2004-12-10,85.56999969482422,,81.63999938964844,,88.8499984741211
2004-12-13,85.62999725341797,,81.58000183105469,,89.04000091552734
2004-12-14,85.77999877929688,,81.5999984741211,,89.38999938964844
2004-12-15,86.08999633789062,,81.68000030517578,,90.19999694824219
2004-12-16,85.43000030517578,,81.58999633789062,,88.87000274658203
2004-12-17,85.31999969482422,,81.55999755859375,,88.75
2004-12-20,85.41999816894531,,81.55999755859375,,88.91000366210938
2004-12-21,85.54000091552734,,81.56999969482422,,89.18000030517578
2004-12-22,85.44999694824219,,81.56999969482422,,88.87999725341797
2004-12-23,85.33999633789062,,81.55000305175781,,88.58999633789062
2004-12-27,84.9800033569336,,81.5,,87.9000015258789
2004-12-28,84.97000122070312,,81.52999877929688,,87.83000183105469
2004-12-29,84.80000305175781,,81.5199966430664,,87.73999786376953
2004-12-30,85.12000274658203,,81.55000305175781,,88.33000183105469
2004-12-31,84.94999694824219,,81.43000030517578,,88.55000305175781
2005-01-03,85.12000274658203,,81.44000244140625,,88.73999786376953
2005-01-04,84.58999633789062,,81.26000213623047,,87.80999755859375
2005-01-05,84.7300033569336,,81.27999877929688,,88.27999877929688
2005-01-06,84.80999755859375,,81.31999969482422,,88.33999633789062
2005-01-07,84.73999786376953,,81.33000183105469,,88.54000091552734
2005-01-10,84.7300033569336,,81.27999877929688,,88.68000030517578
2005-01-11,84.9000015258789,,81.30000305175781,,89.19999694824219
2005-01-12,85.02999877929688,,81.30999755859375,,89.31999969482422
2005-01-13,85.37000274658203,,81.41000366210938,,90.18000030517578
2005-01-14,85.31999969482422,,81.37000274658203,,90.16999816894531
2005-01-18,85.29000091552734,,81.33999633789062,,90.47000122070312
2005-01-19,85.33999633789062,,81.3499984741211,,90.7300033569336
2005-01-20,85.48999786376953,,81.41999816894531,,90.91000366210938
2005-01-21,85.66000366210938,,81.5,,91.01000213623047
2005-01-24,85.6500015258789,,81.44999694824219,,91.4000015258789
2005-01-25,85.33000183105469,,81.41999816894531,,90.54000091552734
2005-01-26,85.3499984741211,,81.38999938964844,,90.70999908447266
2005-01-27,85.22000122070312,,81.37000274658203,,90.54000091552734
2005-01-28,85.66000366210938,,81.41000366210938,,91.44999694824219
2005-01-31,85.69000244140625,,81.4000015258789,,91.70999908447266
2005-02-01,85.37000274658203,,81.25,,91.22000122070312
2005-02-02,85.37999725341797,,81.22000122070312,,91.43000030517578
2005-02-03,85.23999786376953,,81.16999816894531,,91.37999725341797
2005-02-04,85.68000030517578,,81.25,,92.6500015258789
2005-02-07,85.8499984741211,,81.2300033569336,,93.33999633789062
2005-02-08,85.93000030517578,,81.19999694824219,,93.87000274658203
2005-02-09,86.3499984741211,,81.3499984741211,,94.12000274658203
2005-02-10,85.80999755859375,,81.29000091552734,,92.8499984741211
2005-02-11,85.69999694824219,,81.25,,92.79000091552734
2005-02-14,85.80999755859375,,81.20999908447266,,93.08000183105469
2005-02-15,85.68000030517578,,81.22000122070312,,92.61000061035156
2005-02-16,85.37000274658203,,81.18000030517578,,92.26000213623047
2005-02-17,85.18000030517578,,81.22000122070312,,91.68000030517578
2005-02-18,84.75,,81.11000061035156,,90.86000061035156
2005-02-22,84.76000213623047,,81.13999938964844,,90.45999908447266
2005-02-23,84.83000183105469,,81.12999725341797,,90.76000213623047
2005-02-24,84.69000244140625,,81.11000061035156,,90.55999755859375
2005-02-25,84.80999755859375,,81.06999969482422,,91.0
2005-02-28,84.26000213623047,,81.0199966430664,,90.0199966430664
2005-03-01,84.02999877929688,,80.83999633789062,,89.70999908447266
2005-03-02,84.0199966430664,,80.88999938964844,,89.58999633789062
2005-03-03,83.97000122070312,,80.91999816894531,,89.54000091552734
2005-03-04,84.3499984741211,,80.91999816894531,,90.51000213623047
2005-03-07,84.37000274658203,,80.88999938964844,,90.87000274658203
2005-03-08,83.97000122070312,,80.88999938964844,,90.01000213623047
2005-03-09,83.33000183105469,,80.86000061035156,,88.54000091552734
2005-03-10,83.4800033569336,,80.80000305175781,,89.08000183105469
2005-03-11,83.12999725341797,,80.77999877929688,,88.43000030517578
2005-03-14,83.33000183105469,,80.75,,88.95999908447266
2005-03-15,83.16999816894531,,80.72000122070312,,88.4000015258789
2005-03-16,83.36000061035156,,80.81999969482422,,88.94000244140625
2005-03-17,83.68000030517578,,80.8499984741211,,89.2300033569336
2005-03-18,83.47000122070312,,80.80999755859375,,88.66999816894531
2005-03-21,83.37000274658203,,80.86000061035156,,88.41999816894531
2005-03-22,82.76000213623047,,80.72000122070312,,87.66999816894531
2005-03-23,82.94999694824219,,80.70999908447266,,88.08999633789062
2005-03-24,83.0199966430664,,80.7300033569336,,88.2699966430664
2005-03-28,82.75,,80.69000244140625,,87.7300033569336
2005-03-29,83.08999633789062,,80.75,,88.25
2005-03-30,83.27999877929688,,80.76000213623047,,88.69000244140625
2005-03-31,83.69000244140625,,80.87000274658203,,89.33000183105469
2005-04-01,83.58000183105469,,80.7300033569336,,89.30000305175781
2005-04-04,83.54000091552734,,80.7300033569336,,89.27999877929688
2005-04-05,83.55000305175781,,80.75,,89.05000305175781
2005-04-06,83.80000305175781,,80.80999755859375,,89.36000061035156
2005-04-07,83.4800033569336,,80.77999877929688,,88.63999938964844
2005-04-08,83.56999969482422,,80.7699966430664,,88.94999694824219
2005-04-11,83.81999969482422,,80.7699966430664,,89.43000030517578
2005-04-12,84.26000213623047,,80.81999969482422,,90.26000213623047
2005-04-13,84.30000305175781,,80.94000244140625,,90.04000091552734
2005-04-14,84.5199966430664,,81.01000213623047,,89.9000015258789
2005-04-15,85.06999969482422,,81.13999938964844,,91.08999633789062
2005-04-18,84.88999938964844,,81.0999984741211,,91.0199966430664
2005-04-19,85.37999725341797,,81.19999694824219,,91.9000015258789
2005-04-20,85.33000183105469,,81.16999816894531,,91.66999816894531
2005-04-21,84.72000122070312,,81.02999877929688,,90.70999908447266
2005-04-22,85.08000183105469,,81.05000305175781,,91.47000122070312
2005-04-25,85.08000183105469,,81.06999969482422,,91.73999786376953
2005-04-26,85.04000091552734,,81.05000305175781,,91.5999984741211
2005-04-27,85.30000305175781,,81.11000061035156,,91.91999816894531
2005-04-28,85.81999969482422,,81.18000030517578,,92.5999984741211
2005-04-29,85.51000213623047,,81.0999984741211,,92.44000244140625
2005-05-02,85.33000183105469,,80.91999816894531,,92.08999633789062
2005-05-03,85.44000244140625,,80.97000122070312,,92.33999633789062
2005-05-04,85.41999816894531,,81.0,,91.52999877929688
2005-05-05,85.69000244140625,,81.08000183105469,,91.73999786376953
2005-05-06,85.08000183105469,,80.9000015258789,,91.05999755859375
2005-05-09,85.06999969482422,,80.86000061035156,,91.1500015258789
2005-05-10,85.37000274658203,,80.91999816894531,,91.80000305175781
2005-05-11,85.4800033569336,,80.97000122070312,,92.08000183105469
2005-05-12,85.55999755859375,,81.01000213623047,,92.44000244140625
2005-05-13,85.77999877929688,,81.0999984741211,,92.80000305175781
2005-05-16,85.79000091552734,,81.08000183105469,,92.69000244140625
2005-05-17,85.9000015258789,,81.08000183105469,,92.94999694824219
2005-05-18,86.18000030517578,,81.16000366210938,,93.56999969482422
2005-05-19,85.91999816894531,,81.04000091552734,,93.33000183105469
2005-05-20,85.91000366210938,,81.04000091552734,,93.44000244140625
2005-05-23,86.30000305175781,,81.08999633789062,,94.16999816894531
2005-05-24,86.52999877929688,,81.13999938964844,,94.43000030517578
2005-05-25,86.22000122070312,,81.16999816894531,,93.7699966430664
2005-05-26,86.2699966430664,,81.13999938964844,,93.73999786376953
2005-05-27,86.36000061035156,,81.16999816894531,,93.83999633789062
2005-05-31,86.80999755859375,,81.2300033569336,,95.0
2005-06-01,87.08000183105469,,81.19999694824219,,95.80999755859375
2005-06-02,87.05000305175781,,81.16999816894531,,96.04000091552734
2005-06-03,86.55000305175781,,81.06999969482422,,95.25
2005-06-06,86.77999877929688,,81.11000061035156,,95.75
2005-06-07,87.02999877929688,,81.12999725341797,,96.51000213623047
2005-06-08,86.87000274658203,,81.11000061035156,,96.05000305175781
2005-06-09,86.81999969482422,,81.05999755859375,,95.97000122070312
2005-06-10,86.2699966430664,,80.98999786376953,,94.88999938964844
2005-06-13,86.04000091552734,,80.98999786376953,,94.31999969482422
2005-06-14,85.94000244140625,,81.01000213623047,,93.69999694824219
2005-06-15,85.91000366210938,,80.98999786376953,,93.87000274658203
2005-06-16,86.18000030517578,,81.05999755859375,,94.33999633789062
2005-06-17,86.08000183105469,,81.05000305175781,,94.33000183105469
2005-06-20,85.94999694824219,,81.02999877929688,,94.16999816894531
2005-06-21,86.22000122070312,,81.04000091552734,,94.86000061035156
2005-06-22,86.87000274658203,,81.22000122070312,,96.01000213623047
2005-06-23,86.77999877929688,,81.19000244140625,,95.91000366210938
2005-06-24,86.98999786376953,,81.2300033569336,,96.38999938964844
2005-06-27,87.05999755859375,,81.26000213623047,,96.6500015258789
2005-06-28,86.69000244140625,,81.16999816894531,,95.98999786376953
2005-06-29,86.66000366210938,,81.19000244140625,,95.83999633789062
2005-06-30,86.95999908447266,,81.23999786376953,,96.69999694824219
2005-07-01,85.94999694824219,,80.83000183105469,,95.19999694824219
2005-07-05,85.5999984741211,,80.8499984741211,,94.30000305175781
2005-07-06,85.77999877929688,,80.9000015258789,,94.81999969482422
2005-07-07,85.9800033569336,,80.97000122070312,,95.0199966430664
2005-07-08,85.66999816894531,,80.87999725341797,,94.62999725341797
2005-07-11,85.62999725341797,,80.81999969482422,,94.62999725341797
2005-07-12,85.41000366210938,,80.81999969482422,,94.0999984741211
2005-07-13,85.33000183105469,,80.83000183105469,,93.95999908447266
2005-07-14,85.22000122070312,,80.83000183105469,,93.72000122070312
2005-07-15,85.23999786376953,,80.83999633789062,,93.97000122070312
2005-07-18,85.0999984741211,,80.81999969482422,,93.2699966430664
2005-07-19,85.22000122070312,,80.8499984741211,,93.5999984741211
2005-07-20,85.37999725341797,,80.83999633789062,,94.11000061035156
2005-07-21,84.75,,80.76000213623047,,92.83000183105469
2005-07-22,85.1500015258789,,80.83999633789062,,93.55000305175781
2005-07-25,85.0,,80.80999755859375,,93.20999908447266
2005-07-26,85.05999755859375,,80.79000091552734,,93.36000061035156
2005-07-27,84.94000244140625,,80.79000091552734,,93.20999908447266
2005-07-28,85.30999755859375,,80.80000305175781,,94.04000091552734
2005-07-29,84.80000305175781,,80.75,,93.11000061035156
2005-08-01,84.36000061035156,,80.5199966430664,,92.41999816894531
2005-08-02,84.27999877929688,,80.52999877929688,,92.12000274658203
2005-08-03,84.48999786376953,,80.55999755859375,,92.56999969482422
2005-08-04,84.43000030517578,,80.55999755859375,,92.37999725341797
2005-08-05,83.9800033569336,,80.48999786376953,,91.66000366210938
2005-08-08,83.76000213623047,,80.41000366210938,,91.48999786376953
2005-08-09,84.0,,80.5,,91.83000183105469
2005-08-10,83.95999908447266,,80.5,,91.7300033569336
2005-08-11,84.31999969482422,,80.55999755859375,,92.37000274658203
2005-08-12,84.66000366210938,,80.66000366210938,,93.30999755859375
2005-08-15,84.55000305175781,,80.62000274658203,,93.06999969482422
2005-08-16,84.94999694824219,,80.66000366210938,,93.72000122070312
2005-08-17,84.62000274658203,,80.68000030517578,,93.0999984741211
2005-08-18,85.06999969482422,,80.75,,93.79000091552734
2005-08-19,85.0199966430664,,80.72000122070312,,93.77999877929688
2005-08-22,85.08999633789062,,80.7300033569336,,93.68000030517578
2005-08-23,85.25,,80.80999755859375,,94.11000061035156
2005-08-24,85.29000091552734,,80.81999969482422,,94.19999694824219
2005-08-25,85.33999633789062,,80.80999755859375,,94.5
2005-08-26,85.19999694824219,,80.75,,94.47000122070312
2005-08-29,85.26000213623047,,80.7699966430664,,94.58999633789062
2005-08-30,85.66000366210938,,80.88999938964844,,95.19000244140625
2005-08-31,86.22000122070312,,81.0999984741211,,95.98999786376953
2005-09-01,86.02999877929688,,80.97000122070312,,95.08000183105469
2005-09-02,86.05000305175781,,81.06999969482422,,95.16000366210938
2005-09-06,85.77999877929688,,80.94000244140625,,94.48999786376953
2005-09-07,85.5,,80.87999725341797,,93.5999984741211
2005-09-08,85.5,,80.83999633789062,,93.69999694824219
2005-09-09,85.56999969482422,,80.86000061035156,,94.0
2005-09-12,85.30000305175781,,80.83000183105469,,93.3499984741211
2005-09-13,85.55999755859375,,80.87999725341797,,93.83999633789062
2005-09-14,85.37999725341797,,80.87000274658203,,93.4800033569336
2005-09-15,85.12000274658203,,80.8499984741211,,92.70999908447266
2005-09-16,84.79000091552734,,80.79000091552734,,92.0999984741211
2005-09-19,84.95999908447266,,80.80999755859375,,92.30000305175781
2005-09-20,84.88999938964844,,80.75,,92.54000091552734
2005-09-21,85.27999877929688,,80.83000183105469,,93.4000015258789
2005-09-22,85.33999633789062,,80.86000061035156,,93.30999755859375
2005-09-23,84.87000274658203,,80.79000091552734,,92.61000061035156
2005-09-26,84.6500015258789,,80.7300033569336,,92.19000244140625
2005-09-27,84.69999694824219,,80.69999694824219,,92.31999969482422
2005-09-28,84.87000274658203,,80.7300033569336,,92.94000244140625
2005-09-29,84.68000030517578,,80.69999694824219,,92.5199966430664
2005-09-30,84.44000244140625,,80.62999725341797,,92.19999694824219
2005-10-03,83.83999633789062,,80.36000061035156,,91.12000274658203
2005-10-04,83.87999725341797,,80.3499984741211,,91.41999816894531
2005-10-05,84.08000183105469,,80.38999938964844,,91.81999969482422
2005-10-06,83.97000122070312,,80.38999938964844,,91.47000122070312
2005-10-07,84.08000183105469,,80.44999694824219,,91.83999633789062
2005-10-10,84.0999984741211,,80.44000244140625,,91.77999877929688
2005-10-11,83.94000244140625,,80.41999816894531,,91.58999633789062
2005-10-12,83.62000274658203,,80.36000061035156,,90.69999694824219
2005-10-13,83.48999786376953,,80.36000061035156,,90.37000274658203
2005-10-14,83.48999786376953,,80.37999725341797,,90.2300033569336
2005-10-17,83.38999938964844,,80.33999633789062,,90.20999908447266
2005-10-18,83.51000213623047,,80.41000366210938,,90.30999755859375
2005-10-19,83.61000061035156,,80.44999694824219,,90.3499984741211
2005-10-20,83.66000366210938,,80.44999694824219,,90.58999633789062
2005-10-21,84.02999877929688,,80.5,,91.43000030517578
2005-10-24,83.66999816894531,,80.47000122070312,,90.72000122070312
2005-10-25,83.27999877929688,,80.33000183105469,,89.94000244140625
2005-10-26,82.95999908447266,,80.30000305175781,,89.27999877929688
2005-10-27,83.1500015258789,,80.36000061035156,,89.5999984741211
2005-10-28,83.05999755859375,,80.36000061035156,,89.61000061035156
2005-10-31,83.12000274658203,,80.33000183105469,,89.77999877929688
2005-11-01,82.77999877929688,,80.12000274658203,,89.27999877929688
2005-11-02,82.61000061035156,,80.11000061035156,,88.86000061035156
2005-11-03,82.31999969482422,,80.06999969482422,,88.26000213623047
2005-11-04,82.27999877929688,,80.06999969482422,,88.12000274658203
2005-11-07,82.43000030517578,,80.05999755859375,,88.41999816894531
2005-11-08,82.83999633789062,,80.16000366210938,,89.27999877929688
2005-11-09,82.4000015258789,,80.05999755859375,,88.36000061035156
2005-11-10,82.87000274658203,,80.16999816894531,,89.44000244140625
2005-11-11,82.97000122070312,,80.19999694824219,,89.48999786376953
2005-11-14,82.5999984741211,,80.08000183105469,,88.81999969482422
2005-11-15,82.87999725341797,,80.13999938964844,,89.4000015258789
2005-11-16,83.30000305175781,,80.23999786376953,,90.33999633789062
2005-11-17,83.45999908447266,,80.30999755859375,,90.55999755859375
2005-11-18,83.26000213623047,,80.30999755859375,,90.13999938964844
2005-11-21,83.41999816894531,,80.36000061035156,,90.41000366210938
2005-11-22,83.70999908447266,,80.47000122070312,,90.52999877929688
2005-11-23,83.48999786376953,,80.37000274658203,,90.18000030517578
2005-11-25,83.73999786376953,,80.44000244140625,,90.51000213623047
2005-11-28,83.8499984741211,,80.45999908447266,,90.95999908447266
2005-11-29,83.38999938964844,,80.4000015258789,,90.0999984741211
2005-11-30,83.3499984741211,,80.41000366210938,,90.0
2005-12-01,82.87999725341797,,80.0999984741211,,89.47000122070312
2005-12-02,82.94999694824219,,80.16999816894531,,89.5
2005-12-05,82.69999694824219,,80.08000183105469,,89.0999984741211
2005-12-06,83.08999633789062,,80.19000244140625,,90.01000213623047
2005-12-07,83.04000091552734,,80.19999694824219,,89.66999816894531
2005-12-08,83.4000015258789,,80.30000305175781,,90.25
2005-12-09,83.02999877929688,,80.22000122070312,,89.54000091552734
2005-12-12,82.83999633789062,,80.20999908447266,,89.37000274658203
2005-12-13,83.04000091552734,,80.25,,89.69999694824219
2005-12-14,83.55999755859375,,80.33999633789062,,90.62000274658203
2005-12-15,83.44999694824219,,80.33999633789062,,90.4000015258789
2005-12-16,83.5999984741211,,80.38999938964844,,90.69999694824219
2005-12-19,83.6500015258789,,80.33999633789062,,90.79000091552734
2005-12-20,83.51000213623047,,80.33000183105469,,90.68000030517578
2005-12-21,83.4000015258789,,80.33000183105469,,90.5199966430664
2005-12-22,83.7300033569336,,80.4000015258789,,91.23999786376953
2005-12-23,83.93000030517578,,80.44000244140625,,91.80000305175781
2005-12-27,84.33000183105469,,80.44999694824219,,92.55000305175781
2005-12-28,83.77999877929688,,80.30000305175781,,91.91000366210938
2005-12-29,83.87999725341797,,80.23999786376953,,92.11000061035156
2005-12-30,83.91000366210938,,80.20999908447266,,91.9000015258789
2006-01-03,83.9000015258789,,80.31999969482422,,91.77999877929688
2006-01-04,84.05000305175781,,80.4000015258789,,92.0
2006-01-05,84.06999969482422,,80.33000183105469,,91.88999938964844
2006-01-06,83.95999908447266,,80.3499984741211,,91.72000122070312
2006-01-09,84.0,,80.36000061035156,,91.77999877929688
2006-01-10,83.66000366210938,,80.27999877929688,,91.04000091552734
2006-01-11,83.44999694824219,,80.27999877929688,,90.88999938964844
2006-01-12,83.75,,80.31999969482422,,91.5
2006-01-13,84.12000274658203,,80.4800033569336,,92.02999877929688
2006-01-17,84.22000122070312,,80.44999694824219,,92.44000244140625
2006-01-18,84.25,,80.44000244140625,,92.41000366210938
2006-01-19,84.04000091552734,,80.44999694824219,,92.13999938964844
2006-01-20,84.18000030517578,,80.4800033569336,,92.37999725341797
2006-01-23,84.16000366210938,,80.48999786376953,,92.3499984741211
2006-01-24,84.0199966430664,,80.47000122070312,,91.9000015258789
2006-01-25,83.5,,80.36000061035156,,90.9000015258789
2006-01-26,83.31999969482422,,80.37000274658203,,90.51000213623047
2006-01-27,83.37999725341797,,80.30999755859375,,90.51000213623047
2006-01-30,83.19999694824219,,80.3499984741211,,90.41999816894531
2006-01-31,83.31999969482422,,80.3499984741211,,90.66999816894531
2006-02-01,82.80000305175781,,80.02999877929688,,90.04000091552734
2006-02-02,82.80000305175781,,80.02999877929688,,90.20999908447266
2006-02-03,83.05000305175781,,80.06999969482422,,90.8499984741211
2006-02-06,82.93000030517578,,80.02999877929688,,91.02999877929688
2006-02-07,82.83000183105469,,80.04000091552734,,90.5999984741211
2006-02-08,82.77999877929688,,80.01000213623047,,90.38999938964844
2006-02-09,82.86000061035156,,79.98999786376953,,90.80000305175781
2006-02-10,82.62000274658203,,79.93000030517578,,90.30000305175781
2006-02-13,82.62000274658203,,79.98999786376953,,90.30999755859375
2006-02-14,82.5,,79.98999786376953,,89.98999786376953
2006-02-15,82.6500015258789,,79.9800033569336,,90.20999908447266
2006-02-16,82.61000061035156,,80.04000091552734,,90.2300033569336
2006-02-17,82.88999938964844,,80.0999984741211,,90.94999694824219
2006-02-21,82.79000091552734,,80.04000091552734,,90.80000305175781
2006-02-22,83.0999984741211,,80.0999984741211,,91.41999816894531
2006-02-23,82.9000015258789,,80.02999877929688,,91.19000244140625
2006-02-24,82.80000305175781,,80.05999755859375,,91.05000305175781
2006-02-27,82.63999938964844,,80.0199966430664,,90.9000015258789
2006-02-28,82.97000122070312,,80.12999725341797,,91.3499984741211
2006-03-01,82.54000091552734,,79.80999755859375,,90.4800033569336
2006-03-02,82.20999908447266,,79.83999633789062,,89.8499984741211
2006-03-03,82.01000213623047,,79.76000213623047,,89.33000183105469
2006-03-06,81.75,,79.79000091552734,,88.55000305175781
2006-03-07,81.79000091552734,,79.79000091552734,,88.61000061035156
2006-03-08,81.83000183105469,,79.83999633789062,,88.58000183105469
2006-03-09,81.91000366210938,,79.87000274658203,,88.61000061035156
2006-03-10,81.75,,79.79000091552734,,88.27999877929688
2006-03-13,81.68000030517578,,79.79000091552734,,88.20999908447266
2006-03-14,82.1500015258789,,79.94999694824219,,88.80000305175781
2006-03-15,82.0,,79.97000122070312,,88.31999969482422
2006-03-16,82.5199966430664,,80.11000061035156,,89.12000274658203
2006-03-17,82.3499984741211,,80.08000183105469,,88.8499984741211
2006-03-20,82.51000213623047,,80.12000274658203,,88.98999786376953
2006-03-21,82.16999816894531,,79.9800033569336,,88.52999877929688
2006-03-22,82.2699966430664,,80.0,,88.72000122070312
2006-03-23,82.05999755859375,,79.9800033569336,,88.44000244140625
2006-03-24,82.41999816894531,,80.08999633789062,,89.08999633789062
2006-03-27,82.23999786376953,,80.06999969482422,,88.76000213623047
2006-03-28,81.83999633789062,,80.0,,87.93000030517578
2006-03-29,81.76000213623047,,80.0,,87.51000213623047
2006-03-30,81.5199966430664,,79.95999908447266,,86.9000015258789
2006-03-31,81.58000183105469,,79.98999786376953,,86.87000274658203
2006-04-03,81.2300033569336,,79.68000030517578,,86.56999969482422
2006-04-04,81.23999786376953,,79.73999786376953,,86.4800033569336
2006-04-05,81.43000030517578,,79.75,,86.5999984741211
2006-04-06,81.19999694824219,,79.73999786376953,,85.94000244140625
2006-04-07,80.83000183105469,,79.69000244140625,,85.0999984741211
2006-04-10,80.93000030517578,,79.70999908447266,,85.26000213623047
2006-04-11,81.08000183105469,,79.77999877929688,,85.55999755859375
2006-04-12,80.88999938964844,,79.7300033569336,,85.04000091552734
2006-04-13,80.45999908447266,,79.72000122070312,,84.44000244140625
2006-04-17,80.7699966430664,,79.7699966430664,,84.75
2006-04-18,81.02999877929688,,79.87999725341797,,84.9000015258789
2006-04-19,80.80000305175781,,79.86000061035156,,84.37999725341797
2006-04-20,80.7300033569336,,79.83000183105469,,84.30999755859375
2006-04-21,80.9000015258789,,79.83000183105469,,84.80000305175781
2006-04-24,81.0,,79.87000274658203,,85.13999938964844
2006-04-25,80.48999786376953,,79.80999755859375,,84.12999725341797
2006-04-26,80.44999694824219,,79.75,,83.98999786376953
2006-04-27,80.66999816894531,,79.87999725341797,,84.0999984741211
2006-04-28,80.80999755859375,,79.9000015258789,,84.16000366210938
2006-05-01,80.08000183105469,,79.58999633789062,,83.19999694824219
2006-05-02,80.20999908447266,,79.5999984741211,,83.41999816894531
2006-05-03,80.0999984741211,,79.5999984741211,,83.23999786376953
2006-05-04,80.05000305175781,,79.61000061035156,,83.0999984741211
2006-05-05,80.23999786376953,,79.62999725341797,,83.5999984741211
2006-05-08,80.27999877929688,,79.62000274658203,,83.6500015258789
2006-05-09,80.25,,79.62999725341797,,83.5999984741211
2006-05-10,80.29000091552734,,79.62999725341797,,83.75
2006-05-11,80.1500015258789,,79.66000366210938,,83.33999633789062
2006-05-12,79.8499984741211,,79.62999725341797,,82.6500015258789
2006-05-15,80.0199966430664,,79.66999816894531,,82.9800033569336
2006-05-16,80.31999969482422,,79.73999786376953,,83.5999984741211
2006-05-17,80.08999633789062,,79.69999694824219,,83.08000183105469
2006-05-18,80.66000366210938,,79.77999877929688,,84.20999908447266
2006-05-19,80.61000061035156,,79.76000213623047,,84.43000030517578
2006-05-22,80.72000122070312,,79.76000213623047,,84.61000061035156
2006-05-23,80.69000244140625,,79.80999755859375,,84.55999755859375
2006-05-24,80.80999755859375,,79.86000061035156,,84.5999984741211
2006-05-25,80.68000030517578,,79.86000061035156,,84.2699966430664
2006-05-26,80.75,,79.88999938964844,,84.20999908447266
2006-05-30,80.68000030517578,,79.83000183105469,,84.16999816894531
2006-05-31,80.43000030517578,,79.7699966430664,,83.66999816894531
2006-06-01,80.2699966430664,,79.5999984741211,,83.70999908447266
2006-06-02,80.88999938964844,,79.72000122070312,,84.79000091552734
2006-06-05,80.7300033569336,,79.6500015258789,,84.68000030517578
2006-06-06,80.80000305175781,,79.6500015258789,,85.08000183105469
2006-06-07,80.69000244140625,,79.5999984741211,,85.0999984741211
2006-06-08,80.80000305175781,,79.69000244140625,,85.2699966430664
2006-06-09,81.0,,79.69000244140625,,85.72000122070312
2006-06-12,80.95999908447266,,79.69999694824219,,85.79000091552734
2006-06-13,81.06999969482422,,79.68000030517578,,85.8499984741211
2006-06-14,80.52999877929688,,79.5999984741211,,84.98999786376953
2006-06-15,80.3499984741211,,79.58000183105469,,84.5
2006-06-16,80.30000305175781,,79.54000091552734,,84.30999755859375
2006-06-19,80.20999908447266,,79.51000213623047,,84.19000244140625
2006-06-20,80.1500015258789,,79.5,,84.05000305175781
2006-06-21,80.13999938964844,,79.5199966430664,,84.06999969482422
2006-06-22,79.87999725341797,,79.4800033569336,,83.58999633789062
2006-06-23,79.80999755859375,,79.45999908447266,,83.41999816894531
2006-06-26,79.76000213623047,,79.47000122070312,,83.26000213623047
2006-06-27,79.97000122070312,,79.5199966430664,,83.66999816894531
2006-06-28,79.70999908447266,,79.4800033569336,,83.2300033569336
2006-06-29,80.04000091552734,,79.62000274658203,,83.51000213623047
2006-06-30,80.31999969482422,,79.69000244140625,,84.31999969482422
2006-07-03,79.97000122070312,,79.4000015258789,,83.91000366210938
2006-07-05,79.68000030517578,,79.33000183105469,,83.23999786376953
2006-07-06,79.93000030517578,,79.38999938964844,,83.75
2006-07-07,80.18000030517578,,79.44999694824219,,84.29000091552734
2006-07-10,80.23999786376953,,79.44999694824219,,84.37000274658203
2006-07-11,80.33000183105469,,79.44999694824219,,84.63999938964844
2006-07-12,80.4000015258789,,79.4800033569336,,84.66000366210938
2006-07-13,80.58000183105469,,79.58000183105469,,84.98999786376953
2006-07-14,80.63999938964844,,79.58999633789062,,85.04000091552734
2006-07-17,80.56999969482422,,79.58000183105469,,85.16999816894531
2006-07-18,80.26000213623047,,79.5199966430664,,84.44000244140625
2006-07-19,80.7699966430664,,79.62999725341797,,85.23999786376953
2006-07-20,80.94000244140625,,79.7300033569336,,85.48999786376953
2006-07-21,80.88999938964844,,79.70999908447266,,85.33000183105469
2006-07-24,80.88999938964844,,79.70999908447266,,85.27999877929688
2006-07-25,80.80999755859375,,79.69000244140625,,85.02999877929688
2006-07-26,81.01000213623047,,79.79000091552734,,85.33999633789062
2006-07-27,81.0,,79.83000183105469,,85.20999908447266
2006-07-28,81.22000122070312,,79.93000030517578,,85.69999694824219
2006-07-31,81.3499984741211,,79.94000244140625,,85.80999755859375
2006-08-01,81.05000305175781,,79.69999694824219,,85.45999908447266
2006-08-02,81.12000274658203,,79.69999694824219,,85.77999877929688
2006-08-03,81.13999938964844,,79.69000244140625,,85.80000305175781
2006-08-04,81.54000091552734,,79.76000213623047,,86.31999969482422
2006-08-07,81.43000030517578,,79.79000091552734,,86.37000274658203
2006-08-08,81.44000244140625,,79.83000183105469,,86.18000030517578
2006-08-09,81.4000015258789,,79.86000061035156,,85.9000015258789
2006-08-10,81.41999816894531,,79.83999633789062,,85.7699966430664
2006-08-11,81.16000366210938,,79.7699966430664,,85.4000015258789
2006-08-14,81.0199966430664,,79.7300033569336,,85.25
2006-08-15,81.41000366210938,,79.83999633789062,,85.97000122070312
2006-08-16,81.75,,79.97000122070312,,86.55000305175781
2006-08-17,81.7300033569336,,79.95999908447266,,86.5199966430664
2006-08-18,81.94999694824219,,79.98999786376953,,86.7699966430664
2006-08-21,82.05000305175781,,80.04000091552734,,87.08000183105469
2006-08-22,82.08000183105469,,80.02999877929688,,87.11000061035156
2006-08-23,82.0,,80.01000213623047,,87.1500015258789
2006-08-24,82.08000183105469,,80.05999755859375,,87.30999755859375
2006-08-25,82.19000244140625,,80.08000183105469,,87.44000244140625
2006-08-28,82.18000030517578,,80.0999984741211,,87.5199966430664
2006-08-29,82.25,,80.12999725341797,,87.63999938964844
2006-08-30,82.3499984741211,,80.18000030517578,,87.87000274658203
2006-08-31,82.45999908447266,,80.25,,88.08000183105469
2006-09-01,82.2699966430664,,80.05000305175781,,87.76000213623047
2006-09-05,82.0,,79.95999908447266,,87.20999908447266
2006-09-06,81.94000244140625,,79.95999908447266,,87.08999633789062
2006-09-07,82.0,,79.95999908447266,,87.26000213623047
2006-09-08,82.08000183105469,,80.01000213623047,,87.33000183105469
2006-09-11,81.93000030517578,,80.0,,87.25
2006-09-12,82.16000366210938,,80.04000091552734,,87.69000244140625
2006-09-13,82.23999786376953,,80.05000305175781,,87.7300033569336
2006-09-14,82.08000183105469,,79.9800033569336,,87.52999877929688
2006-09-15,82.02999877929688,,80.01000213623047,,87.45999908447266
2006-09-18,81.91000366210938,,80.0,,87.31999969482422
2006-09-19,82.4000015258789,,80.11000061035156,,88.30000305175781
2006-09-20,82.41999816894531,,80.13999938964844,,88.43000030517578
2006-09-21,83.01000213623047,,80.27999877929688,,89.23999786376953
2006-09-22,83.26000213623047,,80.31999969482422,,89.68000030517578
2006-09-25,83.54000091552734,,80.38999938964844,,90.30999755859375
2006-09-26,83.33000183105469,,80.30000305175781,,89.93000030517578
2006-09-27,83.30999755859375,,80.36000061035156,,89.66999816894531
2006-09-28,83.2300033569336,,80.38999938964844,,89.5199966430664
2006-09-29,83.13999938964844,,80.30999755859375,,89.41000366210938
2006-10-02,82.97000122070312,,80.11000061035156,,89.30000305175781
2006-10-03,82.95999908447266,,80.12000274658203,,89.18000030517578
2006-10-04,83.33999633789062,,80.26000213623047,,89.83000183105469
2006-10-05,83.05000305175781,,80.18000030517578,,89.19999694824219
2006-10-06,82.5999984741211,,80.08000183105469,,88.2699966430664
2006-10-09,82.69999694824219,,80.08999633789062,,88.51000213623047
2006-10-10,82.19999694824219,,79.9800033569336,,87.80999755859375
2006-10-11,82.0999984741211,,79.97000122070312,,87.55000305175781
2006-10-12,82.1500015258789,,80.01000213623047,,87.5999984741211
2006-10-13,82.01000213623047,,79.9800033569336,,87.16000366210938
2006-10-16,82.1500015258789,,80.0199966430664,,87.55000305175781
2006-10-17,82.23999786376953,,80.02999877929688,,87.62000274658203
2006-10-18,82.22000122070312,,80.04000091552734,,87.80000305175781
2006-10-19,82.1500015258789,,80.02999877929688,,87.63999938964844
2006-10-20,82.12999725341797,,80.05999755859375,,87.55000305175781
2006-10-23,81.9000015258789,,80.0199966430664,,87.19999694824219
2006-10-24,82.01000213623047,,80.0199966430664,,87.19999694824219
2006-10-25,82.30999755859375,,80.11000061035156,,87.88999938964844
2006-10-26,82.58999633789062,,80.20999908447266,,88.45999908447266
2006-10-27,82.86000061035156,,80.29000091552734,,88.87000274658203
2006-10-30,82.9000015258789,,80.23999786376953,,89.12000274658203
2006-10-31,83.2699966430664,,80.3499984741211,,89.80999755859375
2006-11-01,83.25,,80.11000061035156,,89.95999908447266
2006-11-02,83.0199966430664,,80.08999633789062,,89.58999633789062
2006-11-03,82.38999938964844,,79.94000244140625,,88.52999877929688
2006-11-06,82.47000122070312,,79.93000030517578,,88.79000091552734
2006-11-07,82.75,,80.02999877929688,,89.19999694824219
2006-11-08,82.93000030517578,,80.06999969482422,,89.5199966430664
2006-11-09,82.91999816894531,,80.05999755859375,,89.47000122070312
2006-11-10,83.0999984741211,,80.12000274658203,,89.86000061035156
2006-11-13,83.05999755859375,,80.12000274658203,,89.83999633789062
2006-11-14,83.2300033569336,,80.12999725341797,,90.19000244140625
2006-11-15,83.0,,80.08000183105469,,89.8499984741211
2006-11-16,82.79000091552734,,80.05000305175781,,89.44000244140625
2006-11-17,83.08999633789062,,80.1500015258789,,89.94999694824219
2006-11-20,83.13999938964844,,80.16999816894531,,90.08999633789062
2006-11-21,83.26000213623047,,80.19000244140625,,90.30999755859375
2006-11-22,83.38999938964844,,80.25,,90.45999908447266
2006-11-24,83.4800033569336,,80.26000213623047,,90.62000274658203
2006-11-27,83.55999755859375,,80.30999755859375,,90.94999694824219
2006-11-28,83.70999908447266,,80.3499984741211,,91.13999938964844
2006-11-29,83.61000061035156,,80.3499984741211,,90.93000030517578
2006-11-30,84.05000305175781,,80.44000244140625,,91.52999877929688
2006-12-01,83.94000244140625,,80.30999755859375,,91.41999816894531
2006-12-04,83.93000030517578,,80.30000305175781,,91.58000183105469
2006-12-05,83.81999969482422,,80.30000305175781,,91.1500015258789
2006-12-06,83.69000244140625,,80.29000091552734,,90.97000122070312
2006-12-07,83.66000366210938,,80.2699966430664,,90.9000015258789
2006-12-08,83.27999877929688,,80.16999816894531,,90.23999786376953
2006-12-11,83.54000091552734,,80.18000030517578,,90.62999725341797
2006-12-12,83.69000244140625,,80.29000091552734,,90.81999969482422
2006-12-13,83.26000213623047,,80.18000030517578,,90.01000213623047
2006-12-14,83.12999725341797,,80.13999938964844,,89.68000030517578
2006-12-15,83.1500015258789,,80.16999816894531,,89.7300033569336
2006-12-18,83.19000244140625,,80.16999816894531,,89.76000213623047
2006-12-19,83.16999816894531,,80.18000030517578,,89.63999938964844
2006-12-20,83.1500015258789,,80.2300033569336,,89.62999725341797
2006-12-21,83.44999694824219,,80.29000091552734,,90.08000183105469
2006-12-22,83.06999969482422,,80.27999877929688,,89.38999938964844
2006-12-26,83.12999725341797,,80.27999877929688,,89.66000366210938
2006-12-27,82.66999816894531,,79.98999786376953,,88.69999694824219
2006-12-28,82.4800033569336,,79.94000244140625,,88.5
2006-12-29,82.44000244140625,,79.95999908447266,,88.43000030517578
2007-01-03,82.68000030517578,,80.04000091552734,,89.05999755859375
2007-01-04,82.9800033569336,,80.12000274658203,,89.5999984741211
2007-01-05,82.70999908447266,,80.06999969482422,,89.20999908447266
2007-01-08,82.7699966430664,,80.0199966430664,,89.37000274658203
2007-01-09,82.75,,80.05000305175781,,89.37000274658203
2007-01-10,82.61000061035156,,80.02999877929688,,88.97000122070312
2007-01-11,82.38999938964844,99.91999816894531,79.97000122070312,,88.44999694824219
2007-01-12,82.22000122070312,99.93000030517578,79.91999816894531,,88.04000091552734
2007-01-16,82.37999725341797,99.83000183105469,80.0,,88.2300033569336
2007-01-17,82.22000122070312,99.81999969482422,79.97000122070312,,87.95999908447266
2007-01-18,82.33000183105469,99.91000366210938,80.0,,88.2300033569336
2007-01-19,82.19999694824219,99.80000305175781,79.98999786376953,,87.98999786376953
2007-01-22,82.3499984741211,99.8499984741211,80.0199966430664,,88.19999694824219
2007-01-23,82.11000061035156,99.70999908447266,79.9800033569336,,87.62000274658203
2007-01-24,82.12000274658203,99.75,80.0199966430664,,87.61000061035156
2007-01-25,81.80000305175781,99.55000305175781,79.95999908447266,,86.9800033569336
2007-01-26,81.79000091552734,99.55999755859375,79.97000122070312,,86.91000366210938
2007-01-29,81.7300033569336,99.52999877929688,79.9800033569336,,86.72000122070312
2007-01-30,81.80999755859375,99.58000183105469,80.0,,86.81999969482422
2007-01-31,82.11000061035156,99.83999633789062,80.08999633789062,,87.55000305175781
2007-02-01,81.73999786376953,99.52999877929688,79.77999877929688,,87.08999633789062
2007-02-02,81.80999755859375,99.58000183105469,79.80999755859375,,87.19999694824219
2007-02-05,81.9000015258789,99.70999908447266,79.79000091552734,,87.31999969482422
2007-02-06,82.12999725341797,99.87999725341797,79.87999725341797,,87.80000305175781
2007-02-07,82.30999755859375,99.98999786376953,79.91999816894531,,88.05999755859375
2007-02-08,82.33000183105469,100.02999877929688,79.94999694824219,,88.12999725341797
2007-02-09,82.08000183105469,99.80999755859375,79.87000274658203,,87.62999725341797
2007-02-12,81.97000122070312,99.7300033569336,79.87000274658203,,87.43000030517578
2007-02-13,81.91000366210938,99.69000244140625,79.86000061035156,,87.23999786376953
2007-02-14,82.37999725341797,100.12000274658203,80.04000091552734,,88.06999969482422
2007-02-15,82.51000213623047,100.2699966430664,80.08000183105469,,88.33000183105469
2007-02-16,82.5999984741211,100.27999877929688,80.0999984741211,,88.63999938964844
2007-02-20,82.69999694824219,100.2699966430664,80.08999633789062,,88.83999633789062
2007-02-21,82.69000244140625,100.36000061035156,80.13999938964844,,88.69000244140625
2007-02-22,82.4800033569336,100.20999908447266,80.08999633789062,,88.20999908447266
2007-02-23,82.80999755859375,100.41999816894531,80.18000030517578,,88.83999633789062
2007-02-26,83.06999969482422,100.58999633789062,80.23999786376953,,89.43000030517578
2007-02-27,83.7699966430664,101.19999694824219,80.43000030517578,,90.55999755859375
2007-02-28,83.4800033569336,101.0199966430664,80.37000274658203,,90.1500015258789
2007-03-01,83.27999877929688,100.68000030517578,80.20999908447266,,89.75
2007-03-02,83.55000305175781,100.95999908447266,80.30000305175781,,90.19999694824219
2007-03-05,83.5999984741211,100.98999786376953,80.33000183105469,,90.3499984741211
2007-03-06,83.48999786376953,100.88999938964844,80.26000213623047,,90.08000183105469
2007-03-07,83.63999938964844,101.02999877929688,80.33999633789062,,90.43000030517578
2007-03-08,83.62999725341797,101.05000305175781,80.33999633789062,,90.3499984741211
2007-03-09,83.16000366210938,100.69000244140625,80.19999694824219,,89.4000015258789
2007-03-12,83.38999938964844,100.87000274658203,80.2699966430664,,89.75
2007-03-13,83.76000213623047,101.18000030517578,80.37999725341797,,90.29000091552734
2007-03-14,83.6500015258789,101.16000366210938,80.4000015258789,,89.87999725341797
2007-03-15,83.55999755859375,101.05999755859375,80.37999725341797,,89.87000274658203
2007-03-16,83.55000305175781,101.08000183105469,80.37000274658203,,89.8499984741211
2007-03-19,83.44000244140625,100.91000366210938,80.30000305175781,,89.66000366210938
2007-03-20,83.55999755859375,101.06999969482422,80.37000274658203,,89.70999908447266
2007-03-21,83.68000030517578,101.2699966430664,80.5,,89.75
2007-03-22,83.4000015258789,101.08000183105469,80.41999816894531,,89.04000091552734
2007-03-23,83.2699966430664,100.9800033569336,80.37000274658203,,88.79000091552734
2007-03-26,83.33999633789062,101.11000061035156,80.44999694824219,,88.9000015258789
2007-03-27,83.31999969482422,101.08999633789062,80.45999908447266,,88.75
2007-03-28,83.30999755859375,101.12000274658203,80.5,,88.56999969482422
2007-03-29,83.19000244140625,101.01000213623047,80.45999908447266,,88.44999694824219
2007-03-30,83.08999633789062,101.0,80.45999908447266,,88.27999877929688
2007-04-02,82.86000061035156,100.63999938964844,80.18000030517578,,88.0999984741211
2007-04-03,82.79000091552734,100.55000305175781,80.18000030517578,,87.98999786376953
2007-04-04,82.91999816894531,100.79000091552734,80.2300033569336,,88.08000183105469
2007-04-05,82.70999908447266,100.62000274658203,80.19999694824219,,87.75
2007-04-09,82.33000183105469,100.22000122070312,80.0199966430664,,87.16999816894531
2007-04-10,82.5,100.3499984741211,80.12000274658203,,87.43000030517578
2007-04-11,82.4000015258789,100.33999633789062,80.12000274658203,,87.37000274658203
2007-04-12,82.4800033569336,100.31999969482422,80.11000061035156,,87.38999938964844
2007-04-13,82.33999633789062,100.20999908447266,80.06999969482422,,87.12000274658203
2007-04-16,82.43000030517578,100.27999877929688,80.05999755859375,,87.5999984741211
2007-04-17,82.77999877929688,100.5999984741211,80.19000244140625,,88.08999633789062
2007-04-18,82.97000122070312,100.75,80.30000305175781,,88.52999877929688
2007-04-19,82.95999908447266,100.75,80.30000305175781,,88.37999725341797
2007-04-20,82.87000274658203,100.72000122070312,80.27999877929688,,88.1500015258789
2007-04-23,83.04000091552734,100.86000061035156,80.33999633789062,,88.47000122070312
2007-04-24,83.19999694824219,101.02999877929688,80.41000366210938,,88.80000305175781
2007-04-25,83.1500015258789,100.91999816894531,80.37999725341797,,88.48999786376953
2007-04-26,82.91000366210938,100.76000213623047,80.31999969482422,,87.8499984741211
2007-04-27,82.91000366210938,100.76000213623047,80.3499984741211,,87.83000183105469
2007-04-30,83.2699966430664,101.05999755859375,80.41000366210938,,88.75
2007-05-01,82.95999908447266,100.62999725341797,80.08999633789062,,88.48999786376953
2007-05-02,82.86000061035156,100.58999633789062,80.12999725341797,,88.44000244140625
2007-05-03,82.7699966430664,100.5,80.06999969482422,,88.23999786376953
2007-05-04,82.9800033569336,100.6500015258789,80.11000061035156,,88.5999984741211
2007-05-07,83.05000305175781,100.69000244140625,80.11000061035156,,88.83999633789062
2007-05-08,83.05000305175781,100.70999908447266,80.1500015258789,,88.63999938964844
2007-05-09,82.77999877929688,100.55000305175781,80.08999633789062,,88.29000091552734
2007-05-10,82.98999786376953,100.6500015258789,80.16000366210938,,88.5
2007-05-11,82.81999969482422,100.58000183105469,80.12999725341797,,88.19000244140625
2007-05-14,82.69999694824219,100.43000030517578,80.06999969482422,,87.95999908447266
2007-05-15,82.69000244140625,100.44000244140625,80.08999633789062,,87.93000030517578
2007-05-16,82.63999938964844,100.51000213623047,80.16999816894531,,87.87000274658203
2007-05-17,82.41999816894531,100.27999877929688,80.12000274658203,,87.51000213623047
2007-05-18,82.18000030517578,100.0999984741211,80.04000091552734,,86.93000030517578
2007-05-21,82.29000091552734,100.23999786376953,80.05999755859375,,87.19000244140625
2007-05-22,82.05999755859375,99.98999786376953,80.08000183105469,,86.73999786376953
2007-05-23,81.9000015258789,99.98999786376953,80.05999755859375,,86.48999786376953
2007-05-24,82.01000213623047,100.02999877929688,80.08999633789062,,86.56999969482422
2007-05-25,81.91999816894531,99.93000030517578,80.13999938964844,,86.37000274658203
2007-05-29,81.75,99.83999633789062,80.05999755859375,,86.36000061035156
2007-05-30,81.83000183105469,99.9000015258789,80.12000274658203,,86.54000091552734
2007-05-31,81.80000305175781,99.80999755859375,80.06999969482422,,86.37999725341797
2007-06-01,81.12000274658203,99.12000274658203,79.73999786376953,,85.58999633789062
2007-06-04,81.25,99.25,79.7699966430664,,85.9800033569336
2007-06-05,80.98999786376953,99.04000091552734,79.69999694824219,,85.44000244140625
2007-06-06,81.02999877929688,99.19999694824219,79.80000305175781,,85.4000015258789
2007-06-07,80.22000122070312,98.75,79.70999908447266,,83.87000274658203
2007-06-08,80.37000274658203,98.75,79.73999786376953,,83.80000305175781
2007-06-11,80.16000366210938,98.7699966430664,79.75,,83.55999755859375
2007-06-12,79.58999633789062,98.3499984741211,79.68000030517578,,82.3499984741211
2007-06-13,79.8499984741211,98.51000213623047,79.69999694824219,,83.33000183105469
2007-06-14,79.87000274658203,98.47000122070312,79.69999694824219,,83.12000274658203
2007-06-15,80.22000122070312,98.76000213623047,79.80999755859375,,83.69000244140625
2007-06-18,80.18000030517578,98.83000183105469,79.80999755859375,,83.5199966430664
2007-06-19,80.56999969482422,99.0999984741211,79.94999694824219,,84.30000305175781
2007-06-20,80.30999755859375,98.95999908447266,79.87000274658203,,83.62000274658203
2007-06-21,80.20999908447266,98.88999938964844,79.9000015258789,,83.22000122070312
2007-06-22,80.44999694824219,99.0999984741211,80.01000213623047,,83.76000213623047
2007-06-25,80.70999908447266,99.2300033569336,80.08000183105469,,84.22000122070312
2007-06-26,80.7300033569336,99.27999877929688,80.02999877929688,,84.23999786376953
2007-06-27,80.72000122070312,99.4000015258789,80.0199966430664,,84.31999969482422
2007-06-28,80.66999816894531,99.26000213623047,80.0,,84.30000305175781
2007-06-29,81.08999633789062,99.58000183105469,80.16000366210938,,85.16999816894531
2007-07-02,80.9000015258789,99.33000183105469,79.91000366210938,,85.29000091552734
2007-07-03,80.66000366210938,99.19000244140625,79.87999725341797,,84.7699966430664
2007-07-05,80.20999908447266,98.77999877929688,79.7699966430664,,83.81999969482422
2007-07-06,80.0199966430664,98.62999725341797,79.76000213623047,,83.4800033569336
2007-07-09,80.30999755859375,98.7300033569336,79.81999969482422,,83.77999877929688
2007-07-10,80.86000061035156,99.30999755859375,79.97000122070312,,85.19999694824219
2007-07-11,80.58000183105469,99.06999969482422,79.93000030517578,,84.31999969482422
2007-07-12,80.3499984741211,98.95999908447266,79.87999725341797,,84.02999877929688
2007-07-13,80.52999877929688,99.04000091552734,79.91999816894531,,84.26000213623047
2007-07-16,80.8499984741211,99.2699966430664,80.0,,85.06999969482422
2007-07-17,80.68000030517578,99.19000244140625,79.94999694824219,,84.88999938964844
2007-07-18,80.97000122070312,99.44000244140625,80.06999969482422,,85.20999908447266
2007-07-19,80.95999908447266,99.4000015258789,80.05999755859375,,85.19000244140625
2007-07-20,81.36000061035156,99.76000213623047,80.19000244140625,,85.95999908447266
2007-07-23,81.33000183105469,99.76000213623047,80.12999725341797,,85.81999969482422
2007-07-24,81.55000305175781,99.94000244140625,80.20999908447266,,86.13999938964844
2007-07-25,81.66000366210938,100.02999877929688,80.2699966430664,,86.30999755859375
2007-07-26,82.30999755859375,100.69999694824219,80.45999908447266,,87.02999877929688
2007-07-27,82.47000122070312,100.79000091552734,80.55000305175781,,87.27999877929688
2007-07-30,82.26000213623047,100.58000183105469,80.44999694824219,,87.02999877929688
2007-07-31,82.5999984741211,100.80999755859375,80.58000183105469,,87.66000366210938
2007-08-01,82.05000305175781,100.25,80.19999694824219,,87.12999725341797
2007-08-02,82.11000061035156,100.44000244140625,80.23999786376953,,87.3499984741211
2007-08-03,82.63999938964844,100.8499984741211,80.44000244140625,,87.93000030517578
2007-08-06,82.30999755859375,100.52999877929688,80.33999633789062,,87.29000091552734
2007-08-07,82.30000305175781,100.38999938964844,80.2699966430664,,87.22000122070312
2007-08-08,81.7300033569336,100.2300033569336,80.20999908447266,,86.16000366210938
2007-08-09,82.19000244140625,100.66000366210938,80.44000244140625,,86.27999877929688
2007-08-10,82.06999969482422,100.5199966430664,80.41000366210938,,86.08000183105469
2007-08-13,82.19999694824219,100.69999694824219,80.4800033569336,,86.33000183105469
2007-08-14,82.5,101.91999816894531,80.58999633789062,,86.55999755859375
2007-08-15,82.6500015258789,101.13999938964844,80.69999694824219,,86.25
2007-08-16,82.97000122070312,101.87000274658203,80.86000061035156,,87.13999938964844
2007-08-17,83.02999877929688,101.55000305175781,80.93000030517578,,86.79000091552734
2007-08-20,83.20999908447266,101.76000213623047,81.02999877929688,,86.83999633789062
2007-08-21,83.56999969482422,102.05000305175781,81.13999938964844,,87.26000213623047
2007-08-22,83.30000305175781,101.7300033569336,81.02999877929688,,87.12000274658203
2007-08-23,83.33000183105469,101.5999984741211,80.9800033569336,,87.41999816894531
2007-08-24,83.36000061035156,101.52999877929688,80.83000183105469,,87.8499984741211
2007-08-27,83.58999633789062,101.70999908447266,80.94000244140625,,88.30999755859375
2007-08-28,84.0199966430664,102.30000305175781,81.1500015258789,,88.45999908447266
2007-08-29,83.69999694824219,101.94999694824219,81.05000305175781,,88.22000122070312
2007-08-30,84.12000274658203,102.33000183105469,81.12000274658203,,88.80999755859375
2007-08-31,84.13999938964844,102.30000305175781,81.12000274658203,,88.87999725341797
2007-09-04,83.6500015258789,101.8499984741211,80.80999755859375,,88.55999755859375
2007-09-05,84.16999816894531,102.3499984741211,81.0199966430664,,89.2699966430664
2007-09-06,83.98999786376953,102.0999984741211,80.91999816894531,,89.04000091552734
2007-09-07,84.88999938964844,102.77999877929688,81.19999694824219,,90.30000305175781
2007-09-10,85.08000183105469,103.0,81.2300033569336,,91.0
2007-09-11,84.9000015258789,102.73999786376953,81.11000061035156,,90.93000030517578
2007-09-12,84.69000244140625,102.66999816894531,81.18000030517578,,90.58999633789062
2007-09-13,84.19000244140625,102.23999786376953,81.05999755859375,,89.77999877929688
2007-09-14,84.30000305175781,102.33999633789062,81.05000305175781,,89.91000366210938
2007-09-17,84.3499984741211,102.31999969482422,81.04000091552734,,90.33999633789062
2007-09-18,84.26000213623047,102.44999694824219,81.1500015258789,,89.66000366210938
2007-09-19,83.95999908447266,102.4000015258789,81.1500015258789,,88.83000183105469
2007-09-20,83.01000213623047,101.6500015258789,80.9800033569336,,87.1500015258789
2007-09-21,83.43000030517578,101.94999694824219,81.08999633789062,,87.88999938964844
2007-09-24,83.54000091552734,102.04000091552734,81.18000030517578,,88.13999938964844
2007-09-25,83.55000305175781,102.16999816894531,81.25,,87.83000183105469
2007-09-26,83.58000183105469,102.22000122070312,81.19999694824219,,87.91000366210938
2007-09-27,83.8499984741211,102.44999694824219,81.3499984741211,,88.5199966430664
2007-09-28,83.87999725341797,102.4000015258789,81.26000213623047,,88.72000122070312
2007-10-01,83.66999816894531,102.08999633789062,80.9800033569336,,88.87999725341797
2007-10-02,83.8499984741211,102.23999786376953,81.02999877929688,,89.16000366210938
2007-10-03,83.79000091552734,102.12999725341797,81.0199966430664,,88.9000015258789
2007-10-04,83.94000244140625,102.2300033569336,81.05999755859375,,89.23999786376953
2007-10-05,83.19999694824219,101.75,80.97000122070312,,88.27999877929688
2007-10-08,83.5,101.98999786376953,81.05000305175781,,88.20999908447266
2007-10-09,83.23999786376953,101.61000061035156,80.87000274658203,,88.0999984741211
2007-10-10,83.31999969482422,101.66000366210938,80.88999938964844,,88.1500015258789
2007-10-11,83.33000183105469,101.70999908447266,80.91000366210938,,88.05999755859375
2007-10-12,83.05000305175781,101.56999969482422,80.81999969482422,,87.62999725341797
2007-10-15,83.12999725341797,101.48999786376953,80.81999969482422,,87.6500015258789
2007-10-16,83.36000061035156,101.72000122070312,80.91999816894531,,87.68000030517578
2007-10-17,83.87000274658203,102.05999755859375,81.11000061035156,,88.63999938964844
2007-10-18,84.19000244140625,102.52999877929688,81.22000122070312,,89.12999725341797
2007-10-19,84.91000366210938,102.94000244140625,81.43000030517578,,90.45999908447266
2007-10-22,84.75,102.94000244140625,81.36000061035156,,90.47000122070312
2007-10-23,84.7300033569336,102.9000015258789,81.37000274658203,,90.3499984741211
2007-10-24,85.16000366210938,103.27999877929688,81.52999877929688,,91.0199966430664
2007-10-25,85.08999633789062,103.30000305175781,81.4800033569336,,90.70999908447266
2007-10-26,84.87999725341797,103.20999908447266,81.48999786376953,,90.5
2007-10-29,84.94999694824219,103.19000244140625,81.48999786376953,,90.8499984741211
2007-10-30,85.04000091552734,103.20999908447266,81.4800033569336,,90.80000305175781
2007-10-31,84.47000122070312,102.8499984741211,81.3499984741211,,89.9800033569336
2007-11-01,84.86000061035156,103.05000305175781,81.30999755859375,,90.75
2007-11-02,85.08999633789062,103.18000030517578,81.41000366210938,,91.04000091552734
2007-11-05,84.98999786376953,103.22000122070312,81.4000015258789,,91.0
2007-11-06,84.83999633789062,103.12999725341797,81.3499984741211,,90.55999755859375
2007-11-07,85.1500015258789,103.5,81.58000183105469,,90.72000122070312
2007-11-08,85.33999633789062,103.81999969482422,81.70999908447266,,90.55999755859375
2007-11-09,85.8499984741211,104.16000366210938,81.73999786376953,,91.33000183105469
2007-11-12,86.0,104.29000091552734,81.93000030517578,,91.66000366210938
2007-11-13,85.55999755859375,103.66999816894531,81.68000030517578,,91.31999969482422
2007-11-14,85.62000274658203,103.9000015258789,81.72000122070312,,91.41999816894531
2007-11-15,86.0999984741211,104.30000305175781,81.98999786376953,,92.27999877929688
2007-11-16,86.0999984741211,104.30000305175781,81.98999786376953,,92.41000366210938
2007-11-19,86.72000122070312,104.9800033569336,82.26000213623047,,93.01000213623047
2007-11-20,86.48999786376953,105.0,82.2300033569336,,92.91000366210938
2007-11-21,87.16999816894531,105.6500015258789,82.48999786376953,,93.44999694824219
2007-11-23,86.91000366210938,105.27999877929688,82.4000015258789,,93.7300033569336
2007-11-26,88.0999984741211,106.16000366210938,82.62999725341797,,95.58000183105469
2007-11-27,87.27999877929688,105.58999633789062,82.37999725341797,,94.66999816894531
2007-11-28,86.97000122070312,105.33999633789062,82.30999755859375,,94.02999877929688
2007-11-29,87.45999908447266,105.72000122070312,82.45999908447266,,94.83999633789062
2007-11-30,87.58000183105469,105.9000015258789,82.5,,94.37999725341797
2007-12-03,87.62999725341797,106.0,82.41000366210938,,94.75
2007-12-04,87.70999908447266,105.95999908447266,82.4000015258789,,94.73999786376953
2007-12-05,87.37999725341797,105.81999969482422,82.43000030517578,,93.61000061035156
2007-12-06,86.91999816894531,105.38999938964844,82.26000213623047,,92.79000091552734
2007-12-07,86.36000061035156,105.12000274658203,82.16999816894531,,91.75
2007-12-10,86.16000366210938,104.80999755859375,82.11000061035156,,91.19999694824219
2007-12-11,87.33999633789062,106.0,82.41000366210938,,92.98999786376953
2007-12-12,86.61000061035156,105.2300033569336,82.19999694824219,,92.02999877929688
2007-12-13,85.97000122070312,104.94000244140625,82.08000183105469,,91.02999877929688
2007-12-14,85.72000122070312,104.55999755859375,81.87999725341797,,90.61000061035156
2007-12-17,86.2300033569336,105.11000061035156,82.12000274658203,,91.41999816894531
2007-12-18,86.4000015258789,105.06999969482422,82.06999969482422,,92.01000213623047
2007-12-19,87.08999633789062,105.58999633789062,82.27999877929688,,93.2300033569336
2007-12-20,86.94999694824219,105.61000061035156,82.33999633789062,,93.02999877929688
2007-12-21,86.31999969482422,105.08000183105469,82.20999908447266,,91.66999816894531
2007-12-24,86.06999969482422,104.86000061035156,82.13999938964844,,91.23999786376953
2007-12-26,85.66000366210938,104.54000091552734,82.05999755859375,,90.44000244140625
2007-12-27,85.91999816894531,104.66000366210938,81.95999908447266,,91.05999755859375
2007-12-28,86.61000061035156,105.19999694824219,82.05999755859375,,92.4800033569336
2007-12-31,87.01000213623047,105.5199966430664,82.19000244140625,,93.04000091552734
2008-01-02,87.62999725341797,106.06999969482422,82.33999633789062,,94.37999725341797
2008-01-03,87.80999755859375,106.2300033569336,82.47000122070312,,94.25
2008-01-04,88.04000091552734,106.58999633789062,82.58999633789062,,94.2699966430664
2008-01-07,88.19999694824219,106.69999694824219,82.54000091552734,,94.68000030517578
2008-01-08,88.38999938964844,106.77999877929688,82.66000366210938,,94.56999969482422
2008-01-09,88.25,106.83000183105469,82.62000274658203,,94.75
2008-01-10,88.01000213623047,106.7699966430664,82.62000274658203,,93.47000122070312
2008-01-11,88.56999969482422,107.18000030517578,82.8499984741211,,94.19999694824219
2008-01-14,88.61000061035156,107.25,82.87999725341797,,94.55000305175781
2008-01-15,89.19000244140625,107.52999877929688,82.94999694824219,,95.61000061035156
2008-01-16,89.0199966430664,107.5,83.0199966430664,,94.91999816894531
2008-01-17,89.73999786376953,108.04000091552734,83.16000366210938,,96.1500015258789
2008-01-18,89.61000061035156,108.0,83.2300033569336,,95.48999786376953
2008-01-22,90.61000061035156,108.97000122070312,83.58000183105469,,96.51000213623047
2008-01-23,90.19000244140625,108.76000213623047,83.54000091552734,,96.29000091552734
2008-01-24,89.37000274658203,108.11000061035156,83.27999877929688,,94.36000061035156
2008-01-25,90.19999694824219,108.58999633789062,83.5,,95.94999694824219
2008-01-28,89.87000274658203,108.43000030517578,83.45999908447266,,95.58999633789062
2008-01-29,89.51000213623047,108.11000061035156,83.41000366210938,,94.94000244140625
2008-01-30,89.47000122070312,108.23999786376953,83.47000122070312,,94.31999969482422
2008-01-31,89.93000030517578,108.61000061035156,83.55000305175781,,94.98999786376953
2008-02-01,89.94000244140625,108.56999969482422,83.41999816894531,,95.2300033569336
2008-02-04,89.44000244140625,108.25,83.43000030517578,,94.25
2008-02-05,90.06999969482422,108.94999694824219,83.62000274658203,,94.97000122070312
2008-02-06,89.91000366210938,108.81999969482422,83.6500015258789,,94.68000030517578
2008-02-07,88.9000015258789,108.19999694824219,83.54000091552734,,92.63999938964844
2008-02-08,89.6500015258789,108.7699966430664,83.69000244140625,,93.69999694824219
2008-02-11,89.8499984741211,108.91000366210938,83.72000122070312,,94.08999633789062
2008-02-12,89.66000366210938,108.83000183105469,83.75,,93.52999877929688
2008-02-13,89.27999877929688,108.68000030517578,83.77999877929688,,92.54000091552734
2008-02-14,88.79000091552734,108.4800033569336,83.72000122070312,,91.18000030517578
2008-02-15,88.9800033569336,108.58999633789062,83.62999725341797,,91.87999725341797
2008-02-19,88.33999633789062,107.91000366210938,83.56999969482422,,90.94999694824219
2008-02-20,88.26000213623047,107.76000213623047,83.47000122070312,,91.58000183105469
2008-02-21,89.16999816894531,108.52999877929688,83.69999694824219,,92.55000305175781
2008-02-22,88.91999816894531,108.27999877929688,83.61000061035156,,92.0199966430664
2008-02-25,88.33000183105469,107.83999633789062,83.4800033569336,,91.08000183105469
2008-02-26,88.55000305175781,108.08000183105469,83.5999984741211,,91.11000061035156
2008-02-27,88.76000213623047,108.26000213623047,83.69999694824219,,91.19000244140625
2008-02-28,89.80000305175781,109.11000061035156,83.9000015258789,,92.80999755859375
2008-02-29,90.76000213623047,110.0199966430664,84.19000244140625,,94.2300033569336
2008-03-03,90.25,109.62000274658203,84.02999877929688,,93.63999938964844
2008-03-04,89.91000366210938,109.58000183105469,84.01000213623047,,92.7300033569336
2008-03-05,89.5199966430664,109.33999633789062,83.95999908447266,,91.62000274658203
2008-03-06,90.23999786376953,109.88999938964844,84.20999908447266,,92.11000061035156
2008-03-07,90.55000305175781,110.19000244140625,84.16999816894531,,92.2300033569336
2008-03-10,91.19999694824219,110.56999969482422,84.26000213623047,,93.58999633789062
2008-03-11,90.20999908447266,109.5199966430664,83.83999633789062,,92.79000091552734
2008-03-12,91.25,110.36000061035156,84.11000061035156,,94.58000183105469
2008-03-13,90.7699966430664,110.16999816894531,84.06999969482422,,93.83999633789062
2008-03-14,91.70999908447266,110.91000366210938,84.31999969482422,,95.0
2008-03-17,92.16999816894531,111.44000244140625,84.51000213623047,,95.7300033569336
2008-03-18,91.54000091552734,110.75,84.20999908447266,,95.36000061035156
2008-03-19,92.33000183105469,111.2699966430664,84.30000305175781,,96.94000244140625
2008-03-20,92.52999877929688,111.1500015258789,84.19999694824219,,97.18000030517578
2008-03-24,90.9000015258789,109.87000274658203,83.8499984741211,,95.30000305175781
2008-03-25,91.22000122070312,109.94999694824219,83.91000366210938,,95.69999694824219
2008-03-26,91.29000091552734,110.25,84.08999633789062,,95.30000305175781
2008-03-27,91.16999816894531,110.20999908447266,84.18000030517578,,94.62999725341797
2008-03-28,91.52999877929688,110.41999816894531,84.22000122070312,,95.55000305175781
2008-03-31,91.69000244140625,110.62999725341797,84.23999786376953,,95.88999938964844
2008-04-01,90.58000183105469,109.5,83.76000213623047,,93.93000030517578
2008-04-02,90.27999877929688,109.19000244140625,83.69000244140625,,94.12999725341797
2008-04-03,90.27999877929688,109.02999877929688,83.62999725341797,,94.33999633789062
2008-04-04,90.97000122070312,109.55999755859375,83.77999877929688,,95.19999694824219
2008-04-07,90.37000274658203,109.0,83.62000274658203,,94.69999694824219
2008-04-08,90.37999725341797,109.05000305175781,83.66999816894531,,94.37000274658203
2008-04-09,90.91999816894531,109.62000274658203,83.83000183105469,,95.3499984741211
2008-04-10,90.55999755859375,109.37000274658203,83.80000305175781,,95.02999877929688
2008-04-11,90.94999694824219,109.75,83.94000244140625,,95.66999816894531
2008-04-14,90.72000122070312,109.5999984741211,83.88999938964844,,95.11000061035156
2008-04-15,90.30999755859375,109.2699966430664,83.77999877929688,,93.93000030517578
2008-04-16,89.69999694824219,108.6500015258789,83.5999984741211,,93.01000213623047
2008-04-17,89.48999786376953,108.44000244140625,83.44999694824219,,92.8499984741211
2008-04-18,89.4000015258789,108.2300033569336,83.4000015258789,,92.7699966430664
2008-04-21,89.41000366210938,108.12999725341797,83.31999969482422,,93.13999938964844
2008-04-22,89.4800033569336,108.16999816894531,83.3499984741211,,93.45999908447266
2008-04-23,89.38999938964844,108.0,83.3499984741211,,93.1500015258789
2008-04-24,88.69000244140625,107.44000244140625,83.12000274658203,,92.36000061035156
2008-04-25,88.56999969482422,107.2300033569336,83.12999725341797,,91.81999969482422
2008-04-28,88.7300033569336,107.4800033569336,83.22000122070312,,92.0999984741211
2008-04-29,88.88999938964844,107.66999816894531,83.19999694824219,,92.44999694824219
2008-04-30,89.16999816894531,107.83999633789062,83.36000061035156,,93.11000061035156
2008-05-01,88.87999725341797,107.36000061035156,83.05000305175781,,92.77999877929688
2008-05-02,88.16000366210938,106.9800033569336,82.94000244140625,,91.61000061035156
2008-05-05,88.29000091552734,107.1500015258789,83.02999877929688,,91.61000061035156
2008-05-06,88.01000213623047,107.06999969482422,83.08000183105469,,90.94999694824219
2008-05-07,88.36000061035156,107.37000274658203,83.18000030517578,,91.33999633789062
2008-05-08,88.93000030517578,107.87000274658203,83.25,,92.16000366210938
2008-05-09,89.02999877929688,107.88999938964844,83.27999877929688,,92.5
2008-05-12,88.87999725341797,107.69999694824219,83.12000274658203,,92.36000061035156
2008-05-13,88.13999938964844,107.0199966430664,82.9800033569336,,91.3499984741211
2008-05-14,88.11000061035156,106.87999725341797,82.91999816894531,,91.38999938964844
2008-05-15,88.5999984741211,107.36000061035156,82.98999786376953,,92.22000122070312
2008-05-16,88.44999694824219,107.18000030517578,83.01000213623047,,91.83999633789062
2008-05-19,88.6500015258789,107.43000030517578,83.0999984741211,,91.95999908447266
2008-05-20,88.91999816894531,107.6500015258789,83.22000122070312,,92.44000244140625
2008-05-21,88.70999908447266,107.44000244140625,83.12999725341797,,92.45999908447266
2008-05-22,88.12999725341797,106.81999969482422,82.9000015258789,,91.37000274658203
2008-05-23,88.5199966430664,107.2699966430664,83.05999755859375,,91.7699966430664
2008-05-27,88.08999633789062,106.80000305175781,82.97000122070312,,91.1500015258789
2008-05-28,87.43000030517578,106.29000091552734,82.81999969482422,,90.33999633789062
2008-05-29,87.0199966430664,106.04000091552734,82.79000091552734,,89.69000244140625
2008-05-30,87.30999755859375,106.25,82.91000366210938,,90.27999877929688
2008-06-02,87.5199966430664,106.44000244140625,82.8499984741211,,90.30000305175781
2008-06-03,87.9800033569336,106.98999786376953,82.97000122070312,,90.94999694824219
2008-06-04,87.66000366210938,106.79000091552734,82.94000244140625,,90.13999938964844
2008-06-05,87.19999694824219,106.38999938964844,82.83000183105469,,89.5999984741211
2008-06-06,87.95999908447266,107.06999969482422,82.94000244140625,,90.76000213623047
2008-06-09,87.33000183105469,106.19999694824219,82.5199966430664,,90.76000213623047
2008-06-10,86.80999755859375,105.55999755859375,82.33000183105469,,90.16999816894531
2008-06-11,86.9000015258789,105.88999938964844,82.47000122070312,,89.95999908447266
2008-06-12,86.13999938964844,104.94000244140625,82.06999969482422,,89.05999755859375
2008-06-13,85.94000244140625,104.83000183105469,82.16000366210938,,88.87000274658203
2008-06-16,85.94999694824219,104.80000305175781,82.20999908447266,,88.88999938964844
2008-06-17,86.23999786376953,105.23999786376953,82.37000274658203,,89.06999969482422
2008-06-18,86.70999908447266,105.56999969482422,82.44999694824219,,89.81999969482422
2008-06-19,86.20999908447266,105.12000274658203,82.29000091552734,,89.29000091552734
2008-06-20,86.61000061035156,105.5199966430664,82.44000244140625,,89.80999755859375
2008-06-23,86.56999969482422,105.37999725341797,82.3499984741211,,90.0
2008-06-24,87.02999877929688,105.76000213623047,82.5,,90.5999984741211
2008-06-25,87.0199966430664,105.83999633789062,82.55999755859375,,90.63999938964844
2008-06-26,87.51000213623047,106.4000015258789,82.80000305175781,,91.25
2008-06-27,87.94000244140625,106.69999694824219,82.83999633789062,,92.31999969482422
2008-06-30,88.0,106.75,82.88999938964844,,92.33999633789062
2008-07-01,87.47000122070312,106.36000061035156,82.6500015258789,,91.79000091552734
2008-07-02,87.68000030517578,106.61000061035156,82.66000366210938,,92.2699966430664
2008-07-03,87.70999908447266,106.77999877929688,82.80000305175781,,92.06999969482422
2008-07-07,88.12000274658203,107.04000091552734,82.8499984741211,,92.48999786376953
2008-07-08,88.33999633789062,107.12000274658203,82.86000061035156,,93.08999633789062
2008-07-09,88.76000213623047,107.56999969482422,83.0,,93.5
2008-07-10,88.79000091552734,107.52999877929688,82.9000015258789,,93.48999786376953
2008-07-11,87.95999908447266,106.77999877929688,82.7300033569336,,92.16000366210938
2008-07-14,88.43000030517578,107.22000122070312,82.91999816894531,,92.97000122070312
2008-07-15,88.75,107.56999969482422,83.04000091552734,,92.94000244140625
2008-07-16,87.94000244140625,107.0999984741211,82.95999908447266,,91.26000213623047
2008-07-17,87.5199966430664,106.6500015258789,82.83999633789062,,90.79000091552734
2008-07-18,87.22000122070312,106.29000091552734,82.69000244140625,,90.44999694824219
2008-07-21,87.41999816894531,106.41000366210938,82.7300033569336,,90.80000305175781
2008-07-22,87.12000274658203,106.1500015258789,82.66000366210938,,90.3499984741211
2008-07-23,86.9800033569336,106.04000091552734,82.62000274658203,,90.16999816894531
2008-07-24,87.7300033569336,106.70999908447266,82.8499984741211,,91.05000305175781
2008-07-25,87.22000122070312,106.4000015258789,82.73999786376953,,90.13999938964844
2008-07-28,87.72000122070312,106.87999725341797,82.91000366210938,,91.05000305175781
2008-07-29,87.47000122070312,106.58000183105469,82.83999633789062,,90.68000030517578
2008-07-30,87.63999938964844,106.72000122070312,82.86000061035156,,90.7699966430664
2008-07-31,88.33999633789062,107.23999786376953,83.02999877929688,,91.66999816894531
2008-08-01,88.08000183105469,107.08999633789062,82.77999877929688,,91.54000091552734
2008-08-04,88.0199966430664,107.02999877929688,82.7699966430664,,91.33000183105469
2008-08-05,87.56999969482422,106.80999755859375,82.7300033569336,,90.6500015258789
2008-08-06,87.5999984741211,106.7699966430664,82.73999786376953,,90.27999877929688
2008-08-07,88.41999816894531,107.44000244140625,82.91999816894531,,91.75
2008-08-08,88.37999725341797,107.2699966430664,82.8499984741211,,92.0
2008-08-11,87.94999694824219,106.94000244140625,82.73999786376953,,91.12000274658203
2008-08-12,88.55999755859375,107.47000122070312,82.88999938964844,,91.97000122070312
2008-08-13,88.37000274658203,107.29000091552734,82.87999725341797,,91.6500015258789
2008-08-14,88.63999938964844,107.5,82.91000366210938,,92.23999786376953
2008-08-15,88.97000122070312,107.72000122070312,82.97000122070312,,93.04000091552734
2008-08-18,89.19000244140625,107.93000030517578,83.04000091552734,,93.41000366210938
2008-08-19,89.05999755859375,107.91999816894531,83.0999984741211,,93.05000305175781
2008-08-20,89.31999969482422,108.16999816894531,83.20999908447266,,93.30999755859375
2008-08-21,89.12999725341797,107.93000030517578,83.13999938964844,,93.13999938964844
2008-08-22,88.87000274658203,107.68000030517578,82.98999786376953,,93.08000183105469
2008-08-25,89.45999908447266,108.02999877929688,83.12999725341797,,94.01000213623047
2008-08-26,89.48999786376953,108.0999984741211,83.0999984741211,,94.08999633789062
2008-08-27,89.62000274658203,108.2300033569336,83.1500015258789,,94.25
2008-08-28,89.48999786376953,108.0999984741211,83.11000061035156,,94.26000213623047
2008-08-29,89.37999725341797,108.0199966430664,83.1500015258789,,93.83999633789062
2008-09-02,89.56999969482422,108.12999725341797,83.0199966430664,,94.37000274658203
2008-09-03,89.79000091552734,108.4000015258789,83.05000305175781,,94.7699966430664
2008-09-04,90.23999786376953,108.7699966430664,83.0999984741211,,95.52999877929688
2008-09-05,90.04000091552734,108.56999969482422,83.06999969482422,,95.4800033569336
2008-09-08,90.05000305175781,108.43000030517578,83.02999877929688,,95.87999725341797
2008-09-09,90.45999908447266,108.7699966430664,83.16000366210938,,96.83000183105469
2008-09-10,90.2300033569336,108.63999938964844,83.18000030517578,,96.2300033569336
2008-09-11,90.06999969482422,108.5999984741211,83.1500015258789,,96.18000030517578
2008-09-12,89.62000274658203,108.43000030517578,83.16000366210938,,94.94000244140625
2008-09-15,91.33999633789062,110.01000213623047,83.75,,98.0199966430664
2008-09-16,91.08000183105469,109.61000061035156,83.5999984741211,,98.0
2008-09-17,91.9000015258789,110.62999725341797,84.0,,98.48999786376953
2008-09-18,90.81999969482422,109.98999786376953,83.7300033569336,,97.05000305175781
2008-09-19,89.19999694824219,108.19000244140625,83.26000213623047,,93.97000122070312
2008-09-22,89.01000213623047,108.30999755859375,83.31999969482422,,93.95999908447266
2008-09-23,89.01000213623047,108.41000366210938,83.37999725341797,,93.5999984741211
2008-09-24,89.23999786376953,108.9800033569336,83.55999755859375,,94.01000213623047
2008-09-25,88.97000122070312,108.37000274658203,83.41000366210938,,93.81999969482422
2008-09-26,88.91000366210938,108.33000183105469,83.41000366210938,,94.5
2008-09-29,90.1500015258789,109.73999786376953,83.88999938964844,,97.25
2008-09-30,88.95999908447266,108.83000183105469,83.55999755859375,,94.87999725341797
2008-10-01,89.27999877929688,109.08999633789062,83.54000091552734,,95.77999877929688
2008-10-02,89.77999877929688,109.91000366210938,83.72000122070312,,96.55000305175781
2008-10-03,90.12000274658203,110.22000122070312,83.94999694824219,,97.4000015258789
2008-10-06,90.8499984741211,110.97000122070312,84.12000274658203,,99.16999816894531
2008-10-07,90.77999877929688,111.20999908447266,84.13999938964844,,98.87000274658203
2008-10-08,89.62000274658203,109.83000183105469,83.77999877929688,,97.44999694824219
2008-10-09,88.72000122070312,109.44000244140625,83.83000183105469,,96.62999725341797
2008-10-10,87.68000030517578,109.4800033569336,83.95999908447266,,95.94999694824219
2008-10-13,87.08000183105469,108.0,83.58999633789062,,94.72000122070312
2008-10-14,86.66999816894531,108.54000091552734,83.61000061035156,,94.11000061035156
2008-10-15,87.37999725341797,109.16000366210938,83.88999938964844,,95.01000213623047
2008-10-16,87.4000015258789,109.33999633789062,83.83999633789062,,94.5199966430664
2008-10-17,87.94999694824219,109.29000091552734,83.9000015258789,,93.87000274658203
2008-10-20,88.04000091552734,109.55000305175781,83.83999633789062,,94.62000274658203
2008-10-21,88.97000122070312,110.06999969482422,84.01000213623047,,95.12000274658203
2008-10-22,89.6500015258789,110.61000061035156,84.12999725341797,,97.05000305175781
2008-10-23,89.7699966430664,110.55000305175781,84.08000183105469,,97.7699966430664
2008-10-24,89.38999938964844,110.41000366210938,84.1500015258789,,96.7300033569336
2008-10-27,89.33999633789062,110.33999633789062,83.94000244140625,,96.80000305175781
2008-10-28,88.62000274658203,110.08999633789062,84.04000091552734,,95.38999938964844
2008-10-29,88.75,110.27999877929688,84.08999633789062,,94.91000366210938
2008-10-30,88.06999969482422,109.76000213623047,84.16000366210938,,94.05000305175781
2008-10-31,87.88999938964844,110.16999816894531,84.19999694824219,,92.83000183105469
2008-11-03,87.70999908447266,110.44999694824219,84.02999877929688,,92.70999908447266
2008-11-04,88.76000213623047,111.25,84.0,,94.44999694824219
2008-11-05,89.2300033569336,111.4000015258789,84.1500015258789,,95.56999969482422
2008-11-06,88.95999908447266,111.48999786376953,84.18000030517578,,94.87999725341797
2008-11-07,88.63999938964844,111.06999969482422,84.02999877929688,,94.26000213623047
2008-11-10,88.7300033569336,111.2699966430664,84.29000091552734,,94.72000122070312
2008-11-11,89.05999755859375,111.4800033569336,84.3499984741211,,95.0
2008-11-12,89.61000061035156,111.86000061035156,84.4800033569336,,95.61000061035156
2008-11-13,88.95999908447266,111.48999786376953,84.2699966430664,,93.31999969482422
2008-11-14,89.83999633789062,112.1500015258789,84.25,,95.16999816894531
2008-11-17,90.22000122070312,112.22000122070312,84.4000015258789,,95.58999633789062
2008-11-18,90.91999816894531,112.7300033569336,84.48999786376953,,96.81999969482422
2008-11-19,91.9000015258789,113.37000274658203,84.61000061035156,,99.30000305175781
2008-11-20,93.75,114.08999633789062,84.7699966430664,,104.43000030517578
2008-11-21,92.88999938964844,113.54000091552734,84.62999725341797,,102.91999816894531
2008-11-24,92.0199966430664,112.61000061035156,84.41999816894531,,101.30999755859375
2008-11-25,93.5999984741211,113.5199966430664,84.48999786376953,,104.29000091552734
2008-11-26,94.16999816894531,113.68000030517578,84.75,,104.43000030517578
2008-11-28,94.36000061035156,114.11000061035156,84.80000305175781,,105.72000122070312
2008-12-01,95.31999969482422,115.05999755859375,84.66000366210938,,109.4000015258789
2008-12-02,95.81999969482422,115.16999816894531,84.6500015258789,,109.81999969482422
2008-12-03,95.97000122070312,115.3499984741211,84.72000122070312,,110.12999725341797
2008-12-04,96.56999969482422,115.79000091552734,84.73999786376953,,112.30000305175781
2008-12-05,95.55000305175781,114.88999938964844,84.63999938964844,,110.4800033569336
2008-12-08,95.19000244140625,114.51000213623047,84.5199966430664,,110.23999786376953
2008-12-09,96.0,115.22000122070312,84.77999877929688,,112.41999816894531
2008-12-10,95.91000366210938,115.37000274658203,84.66999816894531,,112.1500015258789
2008-12-11,96.48999786376953,115.48999786376953,84.87000274658203,,112.37000274658203
2008-12-12,96.76000213623047,115.8499984741211,84.91000366210938,,112.37000274658203
2008-12-15,96.97000122070312,115.94999694824219,84.97000122070312,,113.6500015258789
2008-12-16,98.51000213623047,116.91999816894531,85.01000213623047,,116.45999908447266
2008-12-17,99.18000030517578,116.4000015258789,84.83000183105469,,119.62000274658203
2008-12-18,99.8499984741211,116.81999969482422,84.87000274658203,,122.12999725341797
2008-12-19,99.5199966430664,116.58000183105469,84.79000091552734,,122.26000213623047
2008-12-22,99.26000213623047,116.11000061035156,84.62999725341797,,121.31999969482422
2008-12-23,99.20999908447266,116.05999755859375,84.6500015258789,,121.16000366210938
2008-12-24,99.11000061035156,116.0,84.66999816894531,,120.9000015258789
2008-12-26,99.63999938964844,116.12000274658203,84.7699966430664,,121.30000305175781
2008-12-29,99.48999786376953,116.13999938964844,84.62000274658203,,120.75
2008-12-30,99.62999725341797,116.01000213623047,84.69999694824219,,121.9000015258789
2008-12-31,98.52999877929688,115.55999755859375,84.66000366210938,,119.3499984741211
2009-01-02,97.12000274658203,114.81999969482422,84.20999908447266,,116.3499984741211
2009-01-05,96.94999694824219,114.9000015258789,84.37999725341797,,113.3499984741211
2009-01-06,96.88999938964844,115.01000213623047,84.41999816894531,,112.20999908447266
2009-01-07,96.91000366210938,115.19000244140625,84.36000061035156,,112.6500015258789
2009-01-08,97.16999816894531,115.41000366210938,84.37999725341797,,112.55999755859375
2009-01-09,97.62000274658203,115.76000213623047,84.44000244140625,,112.7300033569336
2009-01-12,98.2300033569336,116.0199966430664,84.45999908447266,,113.9000015258789
2009-01-13,98.30000305175781,115.97000122070312,84.47000122070312,,114.0199966430664
2009-01-14,98.8499984741211,116.31999969482422,84.56999969482422,,115.9000015258789
2009-01-15,98.7699966430664,116.16000366210938,84.4800033569336,,116.08999633789062
2009-01-16,97.86000061035156,115.7699966430664,84.5199966430664,,114.30000305175781
2009-01-20,97.70999908447266,115.79000091552734,84.55999755859375,,114.27999877929688
2009-01-21,96.83999633789062,115.19999694824219,84.43000030517578,,110.66999816894531
2009-01-22,96.19999694824219,114.97000122070312,84.47000122070312,,108.54000091552734
2009-01-23,96.22000122070312,114.8499984741211,84.44999694824219,,107.69000244140625
2009-01-26,95.9800033569336,114.66999816894531,84.33999633789062,,106.75
2009-01-27,96.61000061035156,114.98999786376953,84.43000030517578,,109.26000213623047
2009-01-28,95.98999786376953,114.44000244140625,84.4000015258789,,106.52999877929688
2009-01-29,94.73999786376953,113.97000122070312,84.23999786376953,,104.08000183105469
2009-01-30,94.69999694824219,114.08000183105469,84.29000091552734,,103.75
2009-02-02,95.19999694824219,114.37000274658203,84.2300033569336,,105.38999938964844
2009-02-03,94.37999725341797,113.43000030517578,84.13999938964844,,102.87999725341797
2009-02-04,93.9000015258789,113.37000274658203,84.0,,102.5199966430664
2009-02-05,94.12000274658203,113.44999694824219,84.0199966430664,,102.61000061035156
2009-02-06,93.55000305175781,112.9800033569336,83.97000122070312,,102.29000091552734
2009-02-09,93.36000061035156,112.83000183105469,83.94000244140625,,102.62000274658203
2009-02-10,94.61000061035156,113.79000091552734,84.12999725341797,,104.8499984741211
2009-02-11,95.33999633789062,113.88999938964844,84.11000061035156,,106.20999908447266
2009-02-12,95.30999755859375,113.94999694824219,84.20999908447266,,105.20999908447266
2009-02-13,94.55999755859375,113.33000183105469,84.05000305175781,,102.41000366210938
2009-02-17,96.1500015258789,114.38999938964844,84.2699966430664,,105.5999984741211
2009-02-18,95.44999694824219,113.75,84.12999725341797,,104.69999694824219
2009-02-19,94.91999816894531,113.58000183105469,84.0999984741211,,102.91999816894531
2009-02-20,95.19000244140625,113.81999969482422,84.16999816894531,,103.91999816894531
2009-02-23,95.27999877929688,113.70999908447266,84.16000366210938,,104.87999725341797
2009-02-24,94.91999816894531,113.47000122070312,84.0999984741211,,104.7699966430664
2009-02-25,94.05999755859375,112.87999725341797,83.94000244140625,,103.55999755859375
2009-02-26,93.81999969482422,112.70999908447266,83.9800033569336,,102.47000122070312
2009-02-27,93.73999786376953,113.0999984741211,84.02999877929688,,101.87999725341797
2009-03-02,94.43000030517578,113.61000061035156,84.08999633789062,,103.27999877929688
2009-03-03,94.30999755859375,113.44999694824219,84.0199966430664,,102.58999633789062
2009-03-04,93.83000183105469,113.11000061035156,83.93000030517578,,102.12000274658203
2009-03-05,94.93000030517578,113.70999908447266,84.02999877929688,,104.95999908447266
2009-03-06,94.4800033569336,113.37999725341797,83.97000122070312,,104.26000213623047
2009-03-09,94.5199966430664,113.30000305175781,83.88999938964844,,103.6500015258789
2009-03-10,93.83000183105469,112.80999755859375,83.83999633789062,,101.66000366210938
2009-03-11,94.5,112.97000122070312,83.87999725341797,,102.76000213623047
2009-03-12,94.7699966430664,113.16000366210938,83.91000366210938,,103.25
2009-03-13,94.69999694824219,113.45999908447266,83.9800033569336,,102.7300033569336
2009-03-16,94.16000366210938,113.02999877929688,83.87000274658203,,101.11000061035156
2009-03-17,93.9800033569336,112.7699966430664,83.8499984741211,,100.55999755859375
2009-03-18,97.19999694824219,114.8499984741211,84.16999816894531,,104.37000274658203
2009-03-19,96.87000274658203,114.55999755859375,84.06999969482422,,104.5
2009-03-20,96.87000274658203,114.5199966430664,84.16999816894531,,103.91999816894531
2009-03-23,96.54000091552734,114.31999969482422,84.0999984741211,,103.0199966430664
2009-03-24,96.4000015258789,114.20999908447266,83.98999786376953,,104.0
2009-03-25,95.81999969482422,113.91999816894531,83.97000122070312,,102.5999984741211
2009-03-26,96.06999969482422,114.19000244140625,84.08000183105469,,103.79000091552734
2009-03-27,96.01000213623047,114.19999694824219,84.12000274658203,,104.55999755859375
2009-03-30,96.41999816894531,114.44000244140625,84.19999694824219,,104.95999908447266
2009-03-31,96.58999633789062,114.86000061035156,84.31999969482422,,105.70999908447266
2009-04-01,96.55000305175781,114.7300033569336,84.16000366210938,,106.37000274658203
2009-04-02,95.91999816894531,114.26000213623047,84.0199966430664,,105.06999969482422
2009-04-03,94.81999969482422,113.38999938964844,83.83000183105469,,102.91999816894531
2009-04-06,94.5999984741211,113.25,83.88999938964844,,102.4800033569336
2009-04-07,94.83999633789062,113.41999816894531,83.91999816894531,,102.73999786376953
2009-04-08,95.30999755859375,113.55000305175781,83.91999816894531,,103.6500015258789
2009-04-09,94.75,113.30999755859375,83.81999969482422,,102.3499984741211
2009-04-13,95.30999755859375,113.80000305175781,83.9800033569336,,103.29000091552734
2009-04-14,95.80000305175781,114.12999725341797,84.05000305175781,,103.83000183105469
2009-04-15,95.88999938964844,114.16999816894531,84.08999633789062,,103.6500015258789
2009-04-16,95.51000213623047,113.8499984741211,83.97000122070312,,102.83000183105469
2009-04-17,94.73999786376953,113.33000183105469,83.87999725341797,,101.69999694824219
2009-04-20,95.4000015258789,113.77999877929688,83.95999908447266,,103.23999786376953
2009-04-21,95.02999877929688,113.5,83.97000122070312,,102.22000122070312
2009-04-22,94.80000305175781,113.44999694824219,83.97000122070312,,101.5999984741211
2009-04-23,94.77999877929688,113.41000366210938,83.91000366210938,,101.58999633789062
2009-04-24,94.41000366210938,113.18000030517578,83.91000366210938,,100.56999969482422
2009-04-27,94.80000305175781,113.66000366210938,84.01000213623047,,101.0
2009-04-28,94.33999633789062,113.2699966430664,83.93000030517578,,99.3499984741211
2009-04-29,93.83000183105469,112.91999816894531,83.97000122070312,,98.47000122070312
2009-04-30,93.66999816894531,113.04000091552734,84.04000091552734,,98.08000183105469
2009-05-01,93.08999633789062,112.62000274658203,83.80999755859375,,97.11000061035156
2009-05-04,93.18000030517578,112.62000274658203,83.79000091552734,,97.43000030517578
2009-05-05,93.16000366210938,112.5199966430664,83.7699966430664,,97.30999755859375
2009-05-06,93.19999694824219,112.61000061035156,83.81999969482422,,97.08000183105469
2009-05-07,92.41999816894531,112.11000061035156,83.69999694824219,,94.70999908447266
2009-05-08,92.52999877929688,112.19999694824219,83.76000213623047,,94.94000244140625
2009-05-11,93.4000015258789,112.76000213623047,83.9000015258789,,96.29000091552734
2009-05-12,93.33999633789062,112.83000183105469,83.88999938964844,,96.63999938964844
2009-05-13,93.7699966430664,113.02999877929688,83.93000030517578,,97.69000244140625
2009-05-14,93.77999877929688,113.0999984741211,83.95999908447266,,98.06999969482422
2009-05-15,93.55000305175781,112.95999908447266,83.94999694824219,,98.04000091552734
2009-05-18,93.0,112.52999877929688,83.87000274658203,,96.5199966430664
2009-05-19,92.87000274658203,112.47000122070312,83.91999816894531,,96.01000213623047
2009-05-20,93.16000366210938,112.80999755859375,84.02999877929688,,97.0199966430664
2009-05-21,92.13999938964844,112.29000091552734,83.91999816894531,,94.58000183105469
2009-05-22,91.5999984741211,111.9800033569336,83.94000244140625,,93.52999877929688
2009-05-26,90.98999786376953,111.51000213623047,83.83000183105469,,92.12000274658203
2009-05-27,89.95999908447266,111.08000183105469,83.80999755859375,,90.48999786376953
2009-05-28,90.43000030517578,111.05999755859375,83.80000305175781,,91.80000305175781
2009-05-29,91.44999694824219,111.73999786376953,83.91999816894531,,94.16999816894531
2009-06-01,89.69000244140625,110.52999877929688,83.72000122070312,,91.08999633789062
2009-06-02,89.98999786376953,110.63999938964844,83.69000244140625,,91.58000183105469
2009-06-03,90.54000091552734,111.05000305175781,83.83999633789062,,92.44000244140625
2009-06-04,89.48999786376953,110.47000122070312,83.76000213623047,,90.52999877929688
2009-06-05,88.5999984741211,109.16999816894531,83.20999908447266,,89.83999633789062
2009-06-08,88.1500015258789,108.56999969482422,82.98999786376953,,89.61000061035156
2009-06-09,88.52999877929688,109.0,83.18000030517578,,89.5999984741211
2009-06-10,88.0,108.79000091552734,83.16999816894531,,88.19000244140625
2009-06-11,88.5999984741211,109.19000244140625,83.18000030517578,,89.16999816894531
2009-06-12,89.06999969482422,109.41999816894531,83.2699966430664,,89.97000122070312
2009-06-15,89.47000122070312,109.66999816894531,83.33000183105469,,90.77999877929688
2009-06-16,89.97000122070312,109.93000030517578,83.41999816894531,,92.36000061035156
2009-06-17,89.7300033569336,110.02999877929688,83.51000213623047,,91.83999633789062
2009-06-18,88.63999938964844,109.19999694824219,83.37000274658203,,90.44999694824219
2009-06-19,89.05000305175781,109.38999938964844,83.41999816894531,,91.69000244140625
2009-06-22,89.52999877929688,109.80999755859375,83.52999877929688,,92.58000183105469
2009-06-23,89.81999969482422,109.93000030517578,83.52999877929688,,93.66999816894531
2009-06-24,89.4800033569336,109.81999969482422,83.5199966430664,,92.7300033569336
2009-06-25,90.5999984741211,110.62000274658203,83.68000030517578,,94.43000030517578
2009-06-26,90.72000122070312,110.7699966430664,83.72000122070312,,94.58999633789062
2009-06-29,90.91000366210938,110.80000305175781,83.72000122070312,,94.7300033569336
2009-06-30,90.66999816894531,110.79000091552734,83.70999908447266,,94.56999969482422
2009-07-01,90.36000061035156,110.69000244140625,83.68000030517578,,94.08000183105469
2009-07-02,90.66000366210938,111.04000091552734,83.7699966430664,,94.30000305175781
2009-07-06,90.72000122070312,111.31999969482422,83.80000305175781,,94.12000274658203
2009-07-07,91.08000183105469,111.44000244140625,83.79000091552734,,94.75
2009-07-08,92.12999725341797,112.12999725341797,83.91999816894531,,96.5
2009-07-09,91.58999633789062,111.72000122070312,83.87999725341797,,95.3499984741211
2009-07-10,92.16000366210938,112.22000122070312,83.95999908447266,,96.2300033569336
2009-07-13,91.83000183105469,111.93000030517578,83.91000366210938,,95.69000244140625
2009-07-14,91.22000122070312,111.6500015258789,83.8499984741211,,94.0999984741211
2009-07-15,90.04000091552734,110.66999816894531,83.6500015258789,,91.68000030517578
2009-07-16,90.58000183105469,111.08000183105469,83.77999877929688,,92.66999816894531
2009-07-17,89.97000122070312,110.83000183105469,83.75,,91.23999786376953
2009-07-20,90.30000305175781,111.0999984741211,83.73999786376953,,91.72000122070312
2009-07-21,91.30999755859375,111.75,83.83999633789062,,93.55000305175781
2009-07-22,90.7699966430664,111.37999725341797,83.80000305175781,,92.70999908447266
2009-07-23,89.88999938964844,110.58000183105469,83.6500015258789,,91.01000213623047
2009-07-24,90.08000183105469,110.75,83.69999694824219,,91.44999694824219
2009-07-27,89.66000366210938,110.52999877929688,83.63999938964844,,90.4000015258789
2009-07-28,89.83999633789062,110.45999908447266,83.58999633789062,,91.19999694824219
2009-07-29,89.9000015258789,110.33000183105469,83.54000091552734,,91.69999694824219
2009-07-30,90.26000213623047,110.51000213623047,83.55000305175781,,93.0
2009-07-31,91.16999816894531,111.16999816894531,83.69000244140625,,94.80999755859375
2009-08-03,89.94000244140625,110.22000122070312,83.45999908447266,,93.05999755859375
2009-08-04,89.68000030517578,110.0999984741211,83.38999938964844,,92.31999969482422
2009-08-05,89.16999816894531,109.88999938964844,83.36000061035156,,90.94000244140625
2009-08-06,89.16999816894531,109.91000366210938,83.36000061035156,,91.25
2009-08-07,88.58000183105469,109.41999816894531,83.22000122070312,,90.48999786376953
2009-08-10,89.1500015258789,109.94000244140625,83.3499984741211,,91.62000274658203
2009-08-11,89.7699966430664,110.2300033569336,83.44000244140625,,92.68000030517578
2009-08-12,89.5199966430664,110.2300033569336,83.47000122070312,,91.69000244140625
2009-08-13,90.22000122070312,110.7300033569336,83.61000061035156,,92.98999786376953
2009-08-14,90.5,110.9800033569336,83.66999816894531,,93.3499984741211
2009-08-17,91.12000274658203,111.5199966430664,83.76000213623047,,94.7300033569336
2009-08-18,90.80000305175781,111.27999877929688,83.73999786376953,,94.18000030517578
2009-08-19,91.13999938964844,111.43000030517578,83.77999877929688,,94.95999908447266
2009-08-20,91.37999725341797,111.55000305175781,83.76000213623047,,95.73999786376953
2009-08-21,90.44999694824219,110.80000305175781,83.62999725341797,,93.7699966430664
2009-08-24,91.01000213623047,111.27999877929688,83.7300033569336,,95.47000122070312
2009-08-25,91.25,111.45999908447266,83.7300033569336,,96.01000213623047
2009-08-26,91.37000274658203,111.52999877929688,83.77999877929688,,96.44999694824219
2009-08-27,91.12000274658203,111.38999938964844,83.7699966430664,,96.06999969482422
2009-08-28,91.33000183105469,111.63999938964844,83.86000061035156,,96.51000213623047
2009-08-31,91.5999984741211,111.9000015258789,83.91999816894531,,96.5999984741211
2009-09-01,91.58000183105469,111.94000244140625,83.87999725341797,,96.05999755859375
2009-09-02,92.08000183105469,112.37000274658203,83.97000122070312,,97.45999908447266
2009-09-03,91.75,112.0999984741211,83.88999938964844,,96.86000061035156
2009-09-04,91.19999694824219,111.83000183105469,83.8499984741211,,95.20999908447266
2009-09-08,90.98999786376953,111.75,83.86000061035156,,94.54000091552734
2009-09-09,91.06999969482422,111.77999877929688,83.87000274658203,,94.43000030517578
2009-09-10,91.75,112.19000244140625,83.91999816894531,,96.16999816894531
2009-09-11,92.0199966430664,112.20999908447266,83.88999938964844,,96.69999694824219
2009-09-14,91.4800033569336,111.9800033569336,83.83999633789062,,95.73999786376953
2009-09-15,91.29000091552734,111.79000091552734,83.87999725341797,,95.25
2009-09-16,91.22000122070312,111.5,83.7699966430664,,95.41999816894531
2009-09-17,91.66999816894531,111.83999633789062,83.88999938964844,,96.62000274658203
2009-09-18,91.18000030517578,111.47000122070312,83.80999755859375,,95.76000213623047
2009-09-21,91.12000274658203,111.55999755859375,83.83999633789062,,95.9800033569336
2009-09-22,91.36000061035156,111.7300033569336,83.81999969482422,,96.18000030517578
2009-09-23,91.55999755859375,111.98999786376953,83.94999694824219,,96.47000122070312
2009-09-24,91.80999755859375,112.12000274658203,83.97000122070312,,96.75
2009-09-25,92.18000030517578,112.19000244140625,83.94000244140625,,97.9800033569336
2009-09-28,92.33999633789062,112.31999969482422,83.93000030517578,,98.83999633789062
2009-09-29,92.30000305175781,112.26000213623047,83.91999816894531,,98.75
2009-09-30,92.37000274658203,112.5,84.01000213623047,,98.66000366210938
2009-10-01,92.80999755859375,112.86000061035156,83.98999786376953,,99.69999694824219
2009-10-02,92.7699966430664,112.7300033569336,84.0199966430664,,99.01000213623047
2009-10-05,92.76000213623047,112.73999786376953,84.0199966430664,,99.0199966430664
2009-10-06,92.45999908447266,112.58999633789062,83.97000122070312,,98.04000091552734
2009-10-07,93.05000305175781,112.97000122070312,84.08000183105469,,99.19000244140625
2009-10-08,92.70999908447266,112.7699966430664,84.0,,98.1500015258789
2009-10-09,91.81999969482422,112.06999969482422,83.87999725341797,,95.9000015258789
2009-10-12,92.08999633789062,112.23999786376953,83.9800033569336,,96.05000305175781
2009-10-13,92.30000305175781,112.52999877929688,84.02999877929688,,96.55000305175781
2009-10-14,91.66999816894531,112.12999725341797,83.91999816894531,,95.12000274658203
2009-10-15,91.37000274658203,111.87000274658203,83.87000274658203,,94.68000030517578
2009-10-16,91.79000091552734,112.11000061035156,83.91999816894531,,95.44999694824219
2009-10-19,91.93000030517578,112.1500015258789,83.91999816894531,,96.19999694824219
2009-10-20,92.13999938964844,112.51000213623047,83.95999908447266,,96.72000122070312
2009-10-21,91.93000030517578,112.19000244140625,83.91999816894531,,96.13999938964844
2009-10-22,91.66000366210938,112.08999633789062,83.93000030517578,,95.66999816894531
2009-10-23,91.20999908447266,111.68000030517578,83.79000091552734,,94.94999694824219
2009-10-26,90.69000244140625,111.37000274658203,83.69999694824219,,93.72000122070312
2009-10-27,91.47000122070312,112.02999877929688,83.87000274658203,,95.0
2009-10-28,91.75,112.23999786376953,83.98999786376953,,95.44999694824219
2009-10-29,91.30999755859375,111.94999694824219,83.91999816894531,,94.41000366210938
2009-10-30,91.98999786376953,112.44000244140625,84.0199966430664,,95.77999877929688
2009-11-02,90.9800033569336,111.66999816894531,83.83999633789062,,95.05000305175781
2009-11-03,90.7699966430664,111.55999755859375,83.83000183105469,,94.0999984741211
2009-11-04,90.5199966430664,111.5,83.81999969482422,,93.23999786376953
2009-11-05,90.54000091552734,111.63999938964844,83.9000015258789,,93.23999786376953
2009-11-06,90.80999755859375,111.87999725341797,83.95999908447266,,93.33000183105469
2009-11-09,90.8499984741211,111.94000244140625,83.95999908447266,,93.44000244140625
2009-11-10,90.91999816894531,111.93000030517578,83.94000244140625,,93.2699966430664
2009-11-11,91.18000030517578,112.0999984741211,84.02999877929688,,93.66000366210938
2009-11-12,91.20999908447266,112.05000305175781,84.0199966430664,,93.48999786376953
2009-11-13,91.27999877929688,112.18000030517578,84.04000091552734,,93.91999816894531
2009-11-16,91.7699966430664,112.55000305175781,84.08999633789062,,95.0199966430664
2009-11-17,91.97000122070312,112.62999725341797,84.11000061035156,,95.52999877929688
2009-11-18,91.73999786376953,112.55000305175781,84.11000061035156,,94.97000122070312
2009-11-19,91.8499984741211,112.69000244140625,84.13999938964844,,95.13999938964844
2009-11-20,91.83999633789062,112.68000030517578,84.16000366210938,,95.12000274658203
2009-11-23,91.70999908447266,112.68000030517578,84.1500015258789,,95.0
2009-11-24,92.18000030517578,113.0199966430664,84.22000122070312,,95.5999984741211
2009-11-25,92.48999786376953,113.2300033569336,84.26000213623047,,96.04000091552734
2009-11-27,92.91000366210938,113.62000274658203,84.31999969482422,,96.4000015258789
2009-11-30,93.05999755859375,113.73999786376953,84.33000183105469,,96.62999725341797
2009-12-01,92.33999633789062,112.97000122070312,83.7699966430664,,95.25
2009-12-02,92.1500015258789,112.79000091552734,83.69999694824219,,95.33000183105469
2009-12-03,91.72000122070312,112.63999938964844,83.6500015258789,,94.33999633789062
2009-12-04,91.04000091552734,112.0199966430664,83.44000244140625,,93.33999633789062
2009-12-07,91.29000091552734,112.27999877929688,83.62000274658203,,93.45999908447266
2009-12-08,91.61000061035156,112.63999938964844,83.69999694824219,,93.5999984741211
2009-12-09,91.43000030517578,112.51000213623047,83.63999938964844,,93.16999816894531
2009-12-10,91.12000274658203,112.23999786376953,83.61000061035156,,92.0999984741211
2009-12-11,90.66999816894531,111.98999786376953,83.5199966430664,,92.08999633789062
2009-12-14,90.66999816894531,111.77999877929688,83.43000030517578,,92.19999694824219
2009-12-15,90.37999725341797,111.58000183105469,83.41000366210938,,91.79000091552734
2009-12-16,90.37999725341797,111.5999984741211,83.47000122070312,,91.68000030517578
2009-12-17,91.18000030517578,112.2300033569336,83.62999725341797,,93.19000244140625
2009-12-18,90.7300033569336,111.91000366210938,83.56999969482422,,92.79000091552734
2009-12-21,89.80000305175781,111.30999755859375,83.44000244140625,,91.13999938964844
2009-12-22,89.4000015258789,111.0,83.33999633789062,,90.62999725341797
2009-12-23,89.36000061035156,110.91000366210938,83.33999633789062,,90.6500015258789
2009-12-24,89.04000091552734,110.70999908447266,83.23999786376953,,89.70999908447266
2009-12-28,88.80000305175781,110.37000274658203,83.12000274658203,,89.45999908447266
2009-12-29,88.87000274658203,110.33999633789062,83.08999633789062,,89.7300033569336
2009-12-30,89.02999877929688,110.37000274658203,83.05999755859375,,90.31999969482422
2009-12-31,88.5999984741211,110.16000366210938,82.95999908447266,,89.88999938964844
2010-01-04,88.81999969482422,110.23999786376953,83.06999969482422,,89.80999755859375
2010-01-05,89.20999908447266,110.58999633789062,83.16999816894531,,90.38999938964844
2010-01-06,88.8499984741211,110.44000244140625,83.18000030517578,,89.18000030517578
2010-01-07,88.8499984741211,110.4000015258789,83.16000366210938,,89.33000183105469
2010-01-08,88.95999908447266,110.55999755859375,83.23999786376953,,89.29000091552734
2010-01-11,89.0199966430664,110.68000030517578,83.27999877929688,,88.80000305175781
2010-01-12,89.66000366210938,111.16000366210938,83.3499984741211,,90.31999969482422
2010-01-13,89.2300033569336,110.79000091552734,83.27999877929688,,89.2699966430664
2010-01-14,89.6500015258789,111.05999755859375,83.36000061035156,,90.5199966430664
2010-01-15,90.05000305175781,111.36000061035156,83.43000030517578,,91.08000183105469
2010-01-19,89.88999938964844,111.25,83.44999694824219,,90.81999969482422
2010-01-20,90.19999694824219,111.45999908447266,83.44999694824219,,91.73999786376953
2010-01-21,90.52999877929688,111.7699966430664,83.5199966430664,,92.16000366210938
2010-01-22,90.61000061035156,111.83000183105469,83.58999633789062,,92.0
2010-01-25,90.41000366210938,111.7300033569336,83.5199966430664,,91.58000183105469
2010-01-26,90.58999633789062,111.87000274658203,83.52999877929688,,91.61000061035156
2010-01-27,90.37999725341797,111.62999725341797,83.5,,91.55999755859375
2010-01-28,90.3499984741211,111.7699966430664,83.54000091552734,,91.51000213623047
2010-01-29,90.69999694824219,112.04000091552734,83.62000274658203,,92.30999755859375
2010-02-01,90.08999633789062,111.62999725341797,83.5,,91.1500015258789
2010-02-02,90.23999786376953,111.68000030517578,83.51000213623047,,91.41000366210938
2010-02-03,89.80999755859375,111.44000244140625,83.44999694824219,,90.3499984741211
2010-02-04,90.55000305175781,112.08000183105469,83.56999969482422,,91.77999877929688
2010-02-05,90.83999633789062,112.33999633789062,83.69999694824219,,91.9800033569336
2010-02-08,90.76000213623047,112.22000122070312,83.63999938964844,,92.0999984741211
2010-02-09,90.2699966430664,111.9800033569336,83.55999755859375,,91.18000030517578
2010-02-10,90.0199966430664,111.66999816894531,83.47000122070312,,90.30999755859375
2010-02-11,89.91000366210938,111.69999694824219,83.5,,89.81999969482422
2010-02-12,90.12000274658203,111.91000366210938,83.56999969482422,,90.19000244140625
2010-02-16,90.31999969482422,112.01000213623047,83.58000183105469,,90.36000061035156
2010-02-17,89.83999633789062,111.62999725341797,83.51000213623047,,89.33000183105469
2010-02-18,89.5199966430664,111.4000015258789,83.45999908447266,,88.97000122070312
2010-02-19,89.56999969482422,111.2699966430664,83.43000030517578,,89.44999694824219
2010-02-22,89.5,111.30000305175781,83.45999908447266,,89.08000183105469
2010-02-23,90.18000030517578,111.83000183105469,83.52999877929688,,90.47000122070312
2010-02-24,90.2300033569336,111.80000305175781,83.56999969482422,,90.69000244140625
2010-02-25,90.55999755859375,112.16000366210938,83.63999938964844,,91.19999694824219
2010-02-26,90.69999694824219,112.26000213623047,83.66999816894531,,91.66999816894531
2010-03-01,90.55000305175781,112.12000274658203,83.58000183105469,,91.33999633789062
2010-03-02,90.5999984741211,112.22000122070312,83.58000183105469,,91.22000122070312
2010-03-03,90.51000213623047,112.22000122070312,83.56999969482422,,90.98999786376953
2010-03-04,90.66999816894531,112.25,83.54000091552734,,91.47000122070312
2010-03-05,90.23999786376953,111.87000274658203,83.47000122070312,,90.2699966430664
2010-03-08,90.0,111.73999786376953,83.43000030517578,,89.80000305175781
2010-03-09,90.2300033569336,111.87999725341797,83.48999786376953,,89.81999969482422
2010-03-10,90.08000183105469,111.70999908447266,83.47000122070312,,89.58999633789062
2010-03-11,90.0,111.58000183105469,83.37000274658203,,89.91999816894531
2010-03-12,90.13999938964844,111.58999633789062,83.37999725341797,,90.4800033569336
2010-03-15,90.13999938964844,111.6500015258789,83.41000366210938,,90.36000061035156
2010-03-16,90.48999786376953,111.93000030517578,83.43000030517578,,91.08000183105469
2010-03-17,90.5999984741211,111.91999816894531,83.44999694824219,,91.47000122070312
2010-03-18,90.36000061035156,111.66999816894531,83.4000015258789,,91.16999816894531
2010-03-19,90.23999786376953,111.4800033569336,83.33999633789062,,91.26000213623047
2010-03-22,90.54000091552734,111.75,83.37000274658203,,91.36000061035156
2010-03-23,90.3499984741211,111.6500015258789,83.33999633789062,,90.93000030517578
2010-03-24,89.44999694824219,110.91999816894531,83.20999908447266,,89.2699966430664
2010-03-25,89.12000274658203,110.7699966430664,83.23999786376953,,88.69999694824219
2010-03-26,89.33000183105469,110.94000244140625,83.29000091552734,,88.94999694824219
2010-03-29,89.19999694824219,110.94000244140625,83.33000183105469,,88.61000061035156
2010-03-30,89.29000091552734,110.9800033569336,83.30999755859375,,88.88999938964844
2010-03-31,89.5,111.18000030517578,83.37000274658203,,89.5
2010-04-01,89.05999755859375,110.81999969482422,83.26000213623047,,88.94999694824219
2010-04-05,88.26000213623047,110.08999633789062,83.02999877929688,,87.47000122070312
2010-04-06,88.5199966430664,110.30999755859375,83.08999633789062,,87.61000061035156
2010-04-07,89.06999969482422,110.70999908447266,83.22000122070312,,88.7300033569336
2010-04-08,88.97000122070312,110.63999938964844,83.19999694824219,,88.7699966430664
2010-04-09,89.06999969482422,110.66999816894531,83.22000122070312,,88.9800033569336
2010-04-12,89.30999755859375,110.87999725341797,83.26000213623047,,89.44999694824219
2010-04-13,89.4800033569336,111.01000213623047,83.23999786376953,,89.73999786376953
2010-04-14,89.23999786376953,110.88999938964844,83.23999786376953,,89.11000061035156
2010-04-15,89.38999938964844,111.08999633789062,83.30000305175781,,89.20999908447266
2010-04-16,89.93000030517578,111.52999877929688,83.43000030517578,,89.86000061035156
2010-04-19,89.70999908447266,111.30000305175781,83.3499984741211,,89.63999938964844
2010-04-20,89.75,111.25,83.36000061035156,,89.95999908447266
2010-04-21,90.04000091552734,111.41000366210938,83.37000274658203,,90.69999694824219
2010-04-22,89.83000183105469,111.19000244140625,83.30999755859375,,90.43000030517578
2010-04-23,89.58000183105469,111.0199966430664,83.27999877929688,,90.11000061035156
2010-04-26,89.63999938964844,111.11000061035156,83.27999877929688,,90.20999908447266
2010-04-27,90.4800033569336,111.86000061035156,83.44000244140625,,91.4800033569336
2010-04-28,90.0199966430664,111.4800033569336,83.41999816894531,,90.69999694824219
2010-04-29,90.16999816894531,111.63999938964844,83.44000244140625,,91.08000183105469
2010-04-30,90.72000122070312,111.9800033569336,83.54000091552734,,92.12999725341797
2010-05-03,90.20999908447266,111.54000091552734,83.37999725341797,,91.69000244140625
2010-05-04,90.81999969482422,112.0,83.43000030517578,,93.33999633789062
2010-05-05,91.16999816894531,112.37000274658203,83.54000091552734,,93.88999938964844
2010-05-06,92.16999816894531,113.0,83.72000122070312,,96.79000091552734
2010-05-07,91.91999816894531,113.0199966430664,83.69000244140625,,95.58000183105469
2010-05-10,91.22000122070312,112.47000122070312,83.58000183105469,,93.5999984741211
2010-05-11,91.33000183105469,112.58999633789062,83.62999725341797,,93.36000061035156
2010-05-12,91.0999984741211,112.41000366210938,83.61000061035156,,92.6500015258789
2010-05-13,91.3499984741211,112.5999984741211,83.66000366210938,,93.26000213623047
2010-05-14,91.94000244140625,113.12999725341797,83.7699966430664,,94.87999725341797
2010-05-17,91.73999786376953,112.97000122070312,83.73999786376953,,94.52999877929688
2010-05-18,92.41000366210938,113.43000030517578,83.83000183105469,,95.9800033569336
2010-05-19,92.48999786376953,113.37000274658203,83.79000091552734,,96.30000305175781
2010-05-20,93.38999938964844,113.94000244140625,83.88999938964844,,98.33000183105469
2010-05-21,93.44000244140625,113.91000366210938,83.83000183105469,,98.43000030517578
2010-05-24,93.44000244140625,113.88999938964844,83.81999969482422,,98.08999633789062
2010-05-25,93.76000213623047,114.01000213623047,83.80999755859375,,98.56999969482422
2010-05-26,93.56999969482422,113.80000305175781,83.73999786376953,,98.29000091552734
2010-05-27,92.68000030517578,113.18000030517578,83.68000030517578,,96.05999755859375
2010-05-28,93.0999984741211,113.44999694824219,83.83999633789062,,96.5
2010-06-01,92.95999908447266,113.52999877929688,83.7699966430664,,96.8499984741211
2010-06-02,92.43000030517578,113.16000366210938,83.70999908447266,,95.93000030517578
2010-06-03,92.30000305175781,113.06999969482422,83.69000244140625,,95.2300033569336
2010-06-04,93.58000183105469,113.9800033569336,83.87999725341797,,97.79000091552734
2010-06-07,93.95999908447266,114.22000122070312,83.8499984741211,,98.54000091552734
2010-06-08,93.66999816894531,114.0,83.83999633789062,,98.05000305175781
2010-06-09,93.68000030517578,114.04000091552734,83.8499984741211,,97.94000244140625
2010-06-10,92.80999755859375,113.4000015258789,83.73999786376953,,96.19000244140625
2010-06-11,93.4000015258789,113.81999969482422,83.83000183105469,,97.41000366210938
2010-06-14,93.31999969482422,113.7300033569336,83.8499984741211,,96.91000366210938
2010-06-15,93.02999877929688,113.51000213623047,83.80999755859375,,96.51000213623047
2010-06-16,93.29000091552734,113.72000122070312,83.83000183105469,,97.05999755859375
2010-06-17,93.7300033569336,114.01000213623047,83.87999725341797,,97.8499984741211
2010-06-18,93.54000091552734,113.91000366210938,83.88999938964844,,97.69000244140625
2010-06-21,93.47000122070312,113.80999755859375,83.9000015258789,,97.41000366210938
2010-06-22,94.02999877929688,114.26000213623047,83.94000244140625,,98.56999969482422
2010-06-23,94.37999725341797,114.48999786376953,84.0,,99.23999786376953
2010-06-24,94.30000305175781,114.52999877929688,84.0199966430664,,98.6500015258789
2010-06-25,94.44999694824219,114.6500015258789,84.05000305175781,,99.05000305175781
2010-06-28,95.12000274658203,115.0999984741211,84.0999984741211,,99.9800033569336
2010-06-29,95.52999877929688,115.36000061035156,84.13999938964844,,101.06999969482422
2010-06-30,95.66999816894531,115.33000183105469,84.12000274658203,,101.75
2010-07-01,95.37999725341797,115.05999755859375,84.0199966430664,,101.5999984741211
2010-07-02,95.20999908447266,114.98999786376953,84.0199966430664,,100.79000091552734
2010-07-06,95.44000244140625,115.26000213623047,84.0199966430664,,101.62000274658203
2010-07-07,95.13999938964844,115.12000274658203,84.01000213623047,,100.43000030517578
2010-07-08,94.91000366210938,114.9800033569336,84.0199966430664,,99.79000091552734
2010-07-09,94.66000366210938,114.8499984741211,83.98999786376953,,99.22000122070312
2010-07-12,94.81999969482422,114.91000366210938,84.0,,99.18000030517578
2010-07-13,94.3499984741211,114.5999984741211,83.94000244140625,,98.33000183105469
2010-07-14,94.81999969482422,115.05000305175781,84.02999877929688,,99.31999969482422
2010-07-15,95.30999755859375,115.36000061035156,84.05000305175781,,100.30999755859375
2010-07-16,95.86000061035156,115.75,84.12999725341797,,100.80000305175781
2010-07-19,95.61000061035156,115.63999938964844,84.0999984741211,,100.18000030517578
2010-07-20,95.70999908447266,115.73999786376953,84.12999725341797,,100.33000183105469
2010-07-21,96.31999969482422,116.05999755859375,84.16999816894531,,102.02999877929688
2010-07-22,95.79000091552734,115.8499984741211,84.13999938964844,,100.8499984741211
2010-07-23,95.4800033569336,115.55999755859375,84.0999984741211,,99.77999877929688
2010-07-26,95.44999694824219,115.52999877929688,84.06999969482422,,99.61000061035156
2010-07-27,95.12000274658203,115.25,84.0199966430664,,98.6500015258789
2010-07-28,95.52999877929688,115.68000030517578,84.0999984741211,,98.97000122070312
2010-07-29,95.7300033569336,115.9800033569336,84.16999816894531,,98.94000244140625
2010-07-30,96.29000091552734,116.37999725341797,84.20999908447266,,100.4800033569336
2010-08-02,95.73999786376953,115.94000244140625,84.12000274658203,,98.75
2010-08-03,96.19000244140625,116.44000244140625,84.18000030517578,,99.31999969482422
2010-08-04,95.79000091552734,116.05999755859375,84.11000061035156,,98.55999755859375
2010-08-05,96.25,116.37000274658203,84.20999908447266,,99.0199966430664
2010-08-06,96.87999725341797,116.7300033569336,84.2300033569336,,100.0999984741211
2010-08-09,96.86000061035156,116.62000274658203,84.18000030517578,,99.7300033569336
2010-08-10,97.3499984741211,117.04000091552734,84.22000122070312,,99.94000244140625
2010-08-11,97.9000015258789,117.2699966430664,84.23999786376953,,101.27999877929688
2010-08-12,97.6500015258789,117.01000213623047,84.22000122070312,,101.02999877929688
2010-08-13,98.06999969482422,117.19000244140625,84.20999908447266,,102.29000091552734
2010-08-16,98.77999877929688,117.55999755859375,84.29000091552734,,104.8499984741211
2010-08-17,98.27999877929688,117.3499984741211,84.2699966430664,,104.25
2010-08-18,98.18000030517578,117.25,84.29000091552734,,104.52999877929688
2010-08-19,98.62000274658203,117.45999908447266,84.30999755859375,,106.16000366210938
2010-08-20,98.30000305175781,117.19000244140625,84.27999877929688,,106.04000091552734
2010-08-23,98.43000030517578,117.38999938964844,84.29000091552734,,106.05999755859375
2010-08-24,99.20999908447266,117.83999633789062,84.3499984741211,,107.76000213623047
2010-08-25,98.76000213623047,117.52999877929688,84.2699966430664,,107.41000366210938
2010-08-26,99.20999908447266,117.72000122070312,84.2699966430664,,108.41999816894531
2010-08-27,98.06999969482422,117.04000091552734,84.20999908447266,,105.3499984741211
2010-08-30,98.81999969482422,117.6500015258789,84.30999755859375,,107.37000274658203
2010-08-31,99.26000213623047,117.86000061035156,84.33999633789062,,108.55999755859375
2010-09-01,98.30000305175781,117.30999755859375,84.22000122070312,,106.0
2010-09-02,97.88999938964844,117.1500015258789,84.19999694824219,,104.87999725341797
2010-09-03,97.33000183105469,116.83000183105469,84.16000366210938,,103.58000183105469
2010-09-07,98.0999984741211,117.30000305175781,84.25,,105.69999694824219
2010-09-08,97.83000183105469,117.06999969482422,84.19000244140625,,104.86000061035156
2010-09-09,97.05999755859375,116.5,84.0999984741211,,102.79000091552734
2010-09-10,96.77999877929688,116.3499984741211,84.08999633789062,,102.31999969482422
2010-09-13,97.23999786376953,116.77999877929688,84.16000366210938,,102.81999969482422
2010-09-14,97.7300033569336,117.16999816894531,84.22000122070312,,103.80999755859375
2010-09-15,97.38999938964844,117.05999755859375,84.23999786376953,,102.2699966430664
2010-09-16,97.05000305175781,116.94999694824219,84.26000213623047,,101.26000213623047
2010-09-17,97.2699966430664,117.08999633789062,84.27999877929688,,101.66999816894531
2010-09-20,97.56999969482422,117.30999755859375,84.29000091552734,,102.26000213623047
2010-09-21,98.4800033569336,117.87999725341797,84.3499984741211,,103.68000030517578
2010-09-22,98.62999725341797,117.8499984741211,84.33999633789062,,104.61000061035156
2010-09-23,98.7699966430664,117.94000244140625,84.3499984741211,,104.91000366210938
2010-09-24,98.27999877929688,117.69999694824219,84.33999633789062,,103.5
2010-09-27,99.04000091552734,118.12999725341797,84.36000061035156,,105.30000305175781
2010-09-28,99.37000274658203,118.36000061035156,84.37999725341797,,106.0199966430664
2010-09-29,99.12999725341797,118.27999877929688,84.36000061035156,,105.58000183105469
2010-09-30,99.01000213623047,118.23999786376953,84.37000274658203,,105.51000213623047
2010-10-01,98.83000183105469,118.12999725341797,84.31999969482422,,104.61000061035156
2010-10-04,99.18000030517578,118.33999633789062,84.33000183105469,,104.87999725341797
2010-10-05,99.19999694824219,118.47000122070312,84.37000274658203,,104.25
2010-10-06,99.83999633789062,118.73999786376953,84.37999725341797,,105.55999755859375
2010-10-07,99.94000244140625,118.86000061035156,84.44999694824219,,104.68000030517578
2010-10-08,99.9800033569336,118.95999908447266,84.44999694824219,,104.22000122070312
2010-10-11,100.08000183105469,119.01000213623047,84.45999908447266,,104.23999786376953
2010-10-12,99.79000091552734,118.80000305175781,84.4000015258789,,103.20999908447266
2010-10-13,99.79000091552734,118.91000366210938,84.41000366210938,,103.05000305175781
2010-10-14,99.22000122070312,118.55000305175781,84.37000274658203,,101.51000213623047
2010-10-15,98.79000091552734,118.45999908447266,84.4000015258789,,100.2699966430664
2010-10-18,99.26000213623047,118.87000274658203,84.41999816894531,,101.08000183105469
2010-10-19,99.5999984741211,118.95999908447266,84.45999908447266,,101.69000244140625
2010-10-20,99.54000091552734,119.01000213623047,84.47000122070312,,101.91000366210938
2010-10-21,98.98999786376953,118.75,84.4800033569336,,100.69999694824219
2010-10-22,99.0199966430664,118.68000030517578,84.45999908447266,,101.37999725341797
2010-10-25,98.98999786376953,118.61000061035156,84.4800033569336,,101.66999816894531
2010-10-26,98.33000183105469,118.18000030517578,84.4000015258789,,100.0999984741211
2010-10-27,97.76000213623047,117.83000183105469,84.36000061035156,,99.22000122070312
2010-10-28,98.33000183105469,118.41999816894531,84.47000122070312,,99.48999786376953
2010-10-29,98.7699966430664,118.73999786376953,84.48999786376953,,100.41999816894531
2010-11-01,98.37000274658203,118.61000061035156,84.45999908447266,,99.66999816894531
2010-11-02,98.69999694824219,118.69999694824219,84.41000366210938,,100.9800033569336
2010-11-03,99.0199966430664,119.02999877929688,84.44000244140625,,98.91999816894531
2010-11-04,99.81999969482422,119.41000366210938,84.45999908447266,,99.69000244140625
2010-11-05,99.4000015258789,119.08000183105469,84.38999938964844,,97.9800033569336
2010-11-08,99.43000030517578,119.0199966430664,84.3499984741211,,98.41999816894531
2010-11-09,98.58999633789062,118.37000274658203,84.23999786376953,,96.25
2010-11-10,98.95999908447266,118.5999984741211,84.29000091552734,,96.37999725341797
2010-11-11,98.8499984741211,118.41999816894531,84.16000366210938,,96.33000183105469
2010-11-12,98.02999877929688,117.86000061035156,84.16000366210938,,95.80999755859375
2010-11-15,96.7699966430664,117.02999877929688,84.11000061035156,,93.80999755859375
2010-11-16,97.48999786376953,117.31999969482422,84.1500015258789,,96.13999938964844
2010-11-17,97.20999908447266,117.2699966430664,84.19999694824219,,95.61000061035156
2010-11-18,96.9800033569336,117.05000305175781,84.20999908447266,,96.0
2010-11-19,97.18000030517578,117.0,84.16000366210938,,96.58999633789062
2010-11-22,97.69999694824219,117.51000213623047,84.23999786376953,,97.0
2010-11-23,97.9000015258789,117.66999816894531,84.29000091552734,,97.4800033569336
2010-11-24,96.8499984741211,116.93000030517578,84.13999938964844,,95.73999786376953
2010-11-26,97.2699966430664,117.1500015258789,84.19999694824219,,97.06999969482422
2010-11-29,97.4800033569336,117.20999908447266,84.19000244140625,,97.9000015258789
2010-11-30,97.6500015258789,117.41999816894531,84.25,,98.41000366210938
2010-12-01,96.12999725341797,116.47000122070312,84.05999755859375,,95.88999938964844
2010-12-02,95.88999938964844,116.19999694824219,84.05999755859375,,95.63999938964844
2010-12-03,95.9000015258789,116.43000030517578,84.16999816894531,,94.88999938964844
2010-12-06,96.5,116.87000274658203,84.22000122070312,,96.2300033569336
2010-12-07,94.9000015258789,115.93000030517578,84.06999969482422,,94.16999816894531
2010-12-08,94.08999633789062,115.19999694824219,83.94000244140625,,93.26000213623047
2010-12-09,94.29000091552734,114.9800033569336,83.93000030517578,,93.72000122070312
2010-12-10,93.48999786376953,114.56999969482422,83.9000015258789,,93.1500015258789
2010-12-13,93.79000091552734,114.97000122070312,83.94999694824219,,93.5
2010-12-14,92.80000305175781,114.30999755859375,83.91000366210938,,92.13999938964844
2010-12-15,92.41999816894531,114.0999984741211,83.87999725341797,,90.94000244140625
2010-12-16,92.97000122070312,114.36000061035156,83.9000015258789,,91.56999969482422
2010-12-17,93.7699966430664,114.87000274658203,83.97000122070312,,93.23999786376953
2010-12-20,93.76000213623047,114.93000030517578,83.98999786376953,,93.13999938964844
2010-12-21,93.95999908447266,114.95999908447266,83.97000122070312,,93.79000091552734
2010-12-22,93.69999694824219,114.77999877929688,83.94999694824219,,93.12000274658203
2010-12-23,93.37000274658203,114.45999908447266,83.83999633789062,,92.93000030517578
2010-12-27,93.7300033569336,114.58999633789062,83.88999938964844,,93.76000213623047
2010-12-28,92.5,113.81999969482422,83.70999908447266,,91.61000061035156
2010-12-29,93.54000091552734,114.63999938964844,83.91000366210938,,93.16000366210938
2010-12-30,93.3499984741211,114.45999908447266,83.87999725341797,,93.08999633789062
2010-12-31,93.81999969482422,114.6500015258789,83.9800033569336,,94.12000274658203
2011-01-03,93.52999877929688,114.70999908447266,83.95999908447266,,93.41000366210938
2011-01-04,93.75,114.77999877929688,83.94000244140625,,93.5199966430664
2011-01-05,92.73999786376953,114.13999938964844,83.79000091552734,,91.45999908447266
2011-01-06,93.22000122070312,114.38999938964844,83.87999725341797,,91.86000061035156
2011-01-07,93.83999633789062,114.97000122070312,84.0,,92.3499984741211
2011-01-10,94.16000366210938,115.26000213623047,84.04000091552734,,92.8499984741211
2011-01-11,93.79000091552734,115.04000091552734,83.98999786376953,,92.33000183105469
2011-01-12,93.5199966430664,114.91999816894531,83.98999786376953,,91.61000061035156
2011-01-13,94.1500015258789,115.37000274658203,84.0199966430664,,92.43000030517578
2011-01-14,93.88999938964844,115.27999877929688,84.0199966430664,,91.83999633789062
2011-01-18,93.66000366210938,115.0999984741211,84.0,,91.41000366210938
2011-01-19,93.9000015258789,115.23999786376953,84.04000091552734,,92.06999969482422
2011-01-20,93.16999816894531,114.7300033569336,83.94999694824219,,90.80000305175781
2011-01-21,93.4800033569336,114.9000015258789,83.97000122070312,,91.5199966430664
2011-01-24,93.48999786376953,114.91000366210938,83.95999908447266,,91.55999755859375
2011-01-25,93.95999908447266,115.26000213623047,84.0199966430664,,92.43000030517578
2011-01-26,93.38999938964844,114.9800033569336,84.0,,91.02999877929688
2011-01-27,93.73999786376953,115.22000122070312,84.05999755859375,,91.44000244140625
2011-01-28,94.16999816894531,115.52999877929688,84.0999984741211,,91.91999816894531
2011-01-31,93.80000305175781,115.33999633789062,84.08999633789062,,91.22000122070312
2011-02-01,93.12999725341797,114.79000091552734,83.93000030517578,,90.44999694824219
2011-02-02,92.91000366210938,114.51000213623047,83.87999725341797,,90.47000122070312
2011-02-03,92.37999725341797,114.08999633789062,83.80000305175781,,89.72000122070312
2011-02-04,91.80999755859375,113.61000061035156,83.7300033569336,,88.80999755859375
2011-02-07,91.7699966430664,113.5199966430664,83.69000244140625,,89.2699966430664
2011-02-08,91.13999938964844,112.9800033569336,83.58000183105469,,88.44999694824219
2011-02-09,91.66000366210938,113.31999969482422,83.63999938964844,,89.22000122070312
2011-02-10,91.36000061035156,113.06999969482422,83.5999984741211,,88.19000244140625
2011-02-11,91.77999877929688,113.26000213623047,83.5999984741211,,89.45999908447266
2011-02-14,91.80999755859375,113.27999877929688,83.5999984741211,,89.5199966430664
2011-02-15,92.0199966430664,113.41999816894531,83.63999938964844,,89.91999816894531
2011-02-16,91.88999938964844,113.37999725341797,83.62999725341797,,89.62999725341797
2011-02-17,92.2300033569336,113.69999694824219,83.7300033569336,,89.7699966430664
2011-02-18,92.20999908447266,113.77999877929688,83.76000213623047,,89.48999786376953
2011-02-22,93.0999984741211,114.4800033569336,83.8499984741211,,90.83000183105469
2011-02-23,92.87000274658203,114.31999969482422,83.83000183105469,,91.16000366210938
2011-02-24,93.11000061035156,114.37000274658203,83.87000274658203,,91.73999786376953
2011-02-25,93.41000366210938,114.5199966430664,83.88999938964844,,92.27999877929688
2011-02-28,93.37000274658203,114.66000366210938,83.91999816894531,,92.4000015258789
2011-03-01,93.26000213623047,114.62999725341797,83.91000366210938,,92.37000274658203
2011-03-02,92.7699966430664,114.33000183105469,83.87000274658203,,90.94999694824219
2011-03-03,92.13999938964844,113.69000244140625,83.69999694824219,,90.05999755859375
2011-03-04,92.80000305175781,114.33000183105469,83.88999938964844,,90.80999755859375
2011-03-07,92.56999969482422,114.18000030517578,83.83000183105469,,90.2300033569336
2011-03-08,92.3499984741211,114.12999725341797,83.80000305175781,,89.68000030517578
2011-03-09,92.88999938964844,114.41999816894531,83.86000061035156,,90.55000305175781
2011-03-10,93.68000030517578,115.04000091552734,83.94999694824219,,92.06999969482422
2011-03-11,93.45999908447266,114.98999786376953,83.95999908447266,,91.55000305175781
2011-03-14,93.66999816894531,115.2699966430664,84.01000213623047,,91.51000213623047
2011-03-15,94.01000213623047,115.33999633789062,83.97000122070312,,92.87999725341797
2011-03-16,94.80999755859375,115.98999786376953,84.12000274658203,,93.93000030517578
2011-03-17,94.5199966430664,115.77999877929688,84.08000183105469,,93.20999908447266
2011-03-18,94.45999908447266,115.62000274658203,84.04000091552734,,93.45999908447266
2011-03-21,93.97000122070312,115.13999938964844,83.94999694824219,,92.91000366210938
2011-03-22,94.0199966430664,115.12000274658203,83.93000030517578,,93.22000122070312
2011-03-23,93.9000015258789,115.0199966430664,83.94000244140625,,93.0999984741211
2011-03-24,93.41999816894531,114.70999908447266,83.87999725341797,,92.4000015258789
2011-03-25,93.16999816894531,114.44999694824219,83.81999969482422,,92.16999816894531
2011-03-28,93.19999694824219,114.37999725341797,83.77999877929688,,92.30000305175781
2011-03-29,92.93000030517578,114.1500015258789,83.75,,91.58999633789062
2011-03-30,93.25,114.44000244140625,83.80000305175781,,92.31999969482422
2011-03-31,93.01000213623047,114.18000030517578,83.75,,92.12999725341797
2011-04-01,92.95999908447266,114.08000183105469,83.75,,92.19000244140625
2011-04-04,93.16999816894531,114.3499984741211,83.7699966430664,,92.29000091552734
2011-04-05,92.69999694824219,113.91999816894531,83.68000030517578,,91.91999816894531
2011-04-06,92.30000305175781,113.68000030517578,83.68000030517578,,90.54000091552734
2011-04-07,92.30999755859375,113.88999938964844,83.73999786376953,,90.36000061035156
2011-04-08,92.04000091552734,113.7300033569336,83.70999908447266,,89.87999725341797
2011-04-11,92.16000366210938,113.7699966430664,83.69999694824219,,89.95999908447266
2011-04-12,92.68000030517578,114.31999969482422,83.83999633789062,,90.93000030517578
2011-04-13,93.04000091552734,114.44999694824219,83.87999725341797,,91.5
2011-04-14,92.7300033569336,114.25,83.80000305175781,,91.43000030517578
2011-04-15,93.41000366210938,114.73999786376953,83.95999908447266,,92.66999816894531
2011-04-18,93.63999938964844,115.06999969482422,83.9800033569336,,92.87999725341797
2011-04-19,93.76000213623047,115.12000274658203,84.0,,93.27999877929688
2011-04-20,93.38999938964844,114.83999633789062,83.98999786376953,,92.68000030517578
2011-04-21,93.45999908447266,114.86000061035156,83.97000122070312,,92.5999984741211
2011-04-25,93.79000091552734,115.08000183105469,83.9800033569336,,92.94999694824219
2011-04-26,94.19000244140625,115.37000274658203,84.05999755859375,,93.8499984741211
2011-04-27,93.91999816894531,115.3499984741211,84.08999633789062,,92.88999938964844
2011-04-28,94.27999877929688,115.62999725341797,84.08999633789062,,93.5999984741211
2011-04-29,94.47000122070312,115.79000091552734,84.12999725341797,,93.88999938964844
2011-05-02,94.19999694824219,115.66000366210938,84.05000305175781,,93.63999938964844
2011-05-03,94.44999694824219,115.76000213623047,84.08000183105469,,94.16999816894531
2011-05-04,94.69000244140625,115.80999755859375,84.12000274658203,,94.58999633789062
2011-05-05,95.16000366210938,116.12000274658203,84.13999938964844,,95.48999786376953
2011-05-06,95.20999908447266,116.20999908447266,84.1500015258789,,95.06999969482422
2011-05-09,95.3499984741211,116.33000183105469,84.19000244140625,,94.97000122070312
2011-05-10,94.88999938964844,116.04000091552734,84.11000061035156,,94.29000091552734
2011-05-11,95.2300033569336,116.30999755859375,84.19000244140625,,94.83000183105469
2011-05-12,95.0199966430664,116.22000122070312,84.1500015258789,,94.2300033569336
2011-05-13,95.38999938964844,116.4000015258789,84.19000244140625,,95.08000183105469
2011-05-16,95.62000274658203,116.5999984741211,84.2300033569336,,95.61000061035156
2011-05-17,95.9000015258789,116.73999786376953,84.23999786376953,,96.58999633789062
2011-05-18,95.3499984741211,116.4000015258789,84.19999694824219,,95.30999755859375
2011-05-19,95.44999694824219,116.51000213623047,84.20999908447266,,95.2699966430664
2011-05-20,95.68000030517578,116.68000030517578,84.23999786376953,,95.31999969482422
2011-05-23,95.80999755859375,116.75,84.25,,95.77999877929688
2011-05-24,95.91000366210938,116.81999969482422,84.25,,96.13999938964844
2011-05-25,95.91999816894531,116.8499984741211,84.29000091552734,,95.69000244140625
2011-05-26,96.44999694824219,117.26000213623047,84.33999633789062,,96.51000213623047
2011-05-27,96.44000244140625,117.33000183105469,84.37000274658203,,96.47000122070312
2011-05-31,96.58999633789062,117.47000122070312,84.37000274658203,,96.69000244140625
2011-06-01,97.13999938964844,117.77999877929688,84.36000061035156,,97.63999938964844
2011-06-02,96.55999755859375,117.41000366210938,84.30999755859375,,95.77999877929688
2011-06-03,96.94000244140625,117.6500015258789,84.33999633789062,,96.33000183105469
2011-06-06,96.87999725341797,117.7300033569336,84.3499984741211,,95.5999984741211
2011-06-07,97.05999755859375,117.91999816894531,84.41000366210938,,96.04000091552734
2011-06-08,97.2699966430664,118.1500015258789,84.41999816894531,,96.79000091552734
2011-06-09,96.87999725341797,117.80000305175781,84.33000183105469,,96.4000015258789
2011-06-10,97.19000244140625,117.91999816894531,84.4000015258789,,97.13999938964844
2011-06-13,96.9800033569336,117.83999633789062,84.37000274658203,,96.6500015258789
2011-06-14,96.20999908447266,117.29000091552734,84.30000305175781,,95.19000244140625
2011-06-15,97.25,118.0199966430664,84.41999816894531,,96.91999816894531
2011-06-16,97.5199966430664,118.13999938964844,84.43000030517578,,97.36000061035156
2011-06-17,97.44999694824219,118.16999816894531,84.44999694824219,,96.9000015258789
2011-06-20,97.30000305175781,118.11000061035156,84.44999694824219,,97.0199966430664
2011-06-21,97.16999816894531,118.02999877929688,84.45999908447266,,96.58999633789062
2011-06-22,97.12999725341797,118.06999969482422,84.44000244140625,,96.6500015258789
2011-06-23,97.63999938964844,118.41999816894531,84.48999786376953,,97.38999938964844
2011-06-24,98.05000305175781,118.79000091552734,84.54000091552734,,96.9800033569336
2011-06-27,97.66999816894531,118.52999877929688,84.45999908447266,,95.6500015258789
2011-06-28,96.7699966430664,117.79000091552734,84.30999755859375,,94.87999725341797
2011-06-29,96.19000244140625,117.41999816894531,84.30999755859375,,94.25
2011-06-30,95.86000061035156,117.0999984741211,84.30000305175781,,94.0999984741211
2011-07-01,95.38999938964844,116.75,84.20999908447266,,93.62999725341797
2011-07-05,95.98999786376953,117.31999969482422,84.30999755859375,,93.83999633789062
2011-07-06,96.16000366210938,117.44000244140625,84.33999633789062,,94.31999969482422
2011-07-07,95.79000091552734,117.05000305175781,84.26000213623047,,94.04000091552734
2011-07-08,96.80999755859375,117.8499984741211,84.37999725341797,,95.37000274658203
2011-07-11,97.55000305175781,118.36000061035156,84.44000244140625,,96.80000305175781
2011-07-12,97.69000244140625,118.52999877929688,84.43000030517578,,97.12999725341797
2011-07-13,97.8499984741211,118.62999725341797,84.44999694824219,,97.4000015258789
2011-07-14,97.29000091552734,118.30999755859375,84.41999816894531,,96.01000213623047
2011-07-15,97.69000244140625,118.5999984741211,84.44000244140625,,96.16999816894531
2011-07-18,97.62999725341797,118.58999633789062,84.44000244140625,,95.23999786376953
2011-07-19,98.0,118.73999786376953,84.44000244140625,,97.22000122070312
2011-07-20,97.5199966430664,118.45999908447266,84.41000366210938,,96.06999969482422
2011-07-21,96.9800033569336,118.16999816894531,84.37000274658203,,95.33000183105469
2011-07-22,97.3499984741211,118.30999755859375,84.37999725341797,,96.05000305175781
2011-07-25,97.04000091552734,118.18000030517578,84.33999633789062,,95.0
2011-07-26,97.44999694824219,118.44999694824219,84.38999938964844,,95.6500015258789
2011-07-27,97.29000091552734,118.29000091552734,84.33999633789062,,95.66000366210938
2011-07-28,97.4800033569336,118.41999816894531,84.38999938964844,,96.0199966430664
2011-07-29,98.66000366210938,119.29000091552734,84.4800033569336,,97.91999816894531
2011-08-01,98.77999877929688,119.2699966430664,84.38999938964844,,98.58000183105469
2011-08-02,99.69000244140625,119.80999755859375,84.5,,101.54000091552734
2011-08-03,99.7699966430664,119.73999786376953,84.48999786376953,,101.73999786376953
2011-08-04,101.08999633789062,120.4800033569336,84.56999969482422,,105.36000061035156
2011-08-05,99.91999816894531,119.76000213623047,84.55000305175781,,102.31999969482422
2011-08-08,101.51000213623047,120.47000122070312,84.58000183105469,,105.55000305175781
2011-08-09,102.0999984741211,120.9800033569336,84.66999816894531,,105.87000274658203
2011-08-10,103.44999694824219,121.55999755859375,84.7300033569336,,109.0199966430664
2011-08-11,101.93000030517578,120.91000366210938,84.70999908447266,,103.5199966430664
2011-08-12,102.63999938964844,121.2300033569336,84.72000122070312,,105.56999969482422
2011-08-15,102.26000213623047,121.0199966430664,84.69000244140625,,104.5
2011-08-16,102.7300033569336,121.30000305175781,84.69000244140625,,106.2300033569336
2011-08-17,103.44999694824219,121.5199966430664,84.70999908447266,,108.08999633789062
2011-08-18,103.98999786376953,121.62000274658203,84.69999694824219,,110.30999755859375
2011-08-19,104.0999984741211,121.52999877929688,84.69999694824219,,111.19999694824219
2011-08-22,103.91000366210938,121.5,84.69000244140625,,110.91999816894531
2011-08-23,103.48999786376953,121.30999755859375,84.6500015258789,,109.38999938964844
2011-08-24,102.37999725341797,120.80000305175781,84.6500015258789,,106.27999877929688
2011-08-25,103.01000213623047,121.19000244140625,84.69999694824219,,107.43000030517578
2011-08-26,103.33999633789062,121.44000244140625,84.70999908447266,,108.48999786376953
2011-08-29,102.66000366210938,121.18000030517578,84.69000244140625,,106.98999786376953
2011-08-30,103.37000274658203,121.4000015258789,84.70999908447266,,108.70999908447266
2011-08-31,103.0,121.27999877929688,84.70999908447266,,107.02999877929688
2011-09-01,103.58999633789062,121.52999877929688,84.68000030517578,,108.97000122070312
2011-09-02,104.54000091552734,121.69999694824219,84.63999938964844,,112.51000213623047
2011-09-06,104.68000030517578,121.61000061035156,84.6500015258789,,113.68000030517578
2011-09-07,104.12000274658203,121.54000091552734,84.62999725341797,,111.51000213623047
2011-09-08,104.62999725341797,121.73999786376953,84.66000366210938,,112.51000213623047
2011-09-09,105.13999938964844,122.05000305175781,84.69000244140625,,113.70999908447266
2011-09-12,104.81999969482422,121.7300033569336,84.62999725341797,,113.83000183105469
2011-09-13,104.51000213623047,121.66000366210938,84.63999938964844,,112.20999908447266
2011-09-14,104.56999969482422,121.5999984741211,84.63999938964844,,113.16000366210938
2011-09-15,103.79000091552734,121.37000274658203,84.6500015258789,,111.43000030517578
2011-09-16,103.98999786376953,121.4000015258789,84.66999816894531,,112.23999786376953
2011-09-19,104.83999633789062,121.87000274658203,84.70999908447266,,114.37999725341797
2011-09-20,104.9800033569336,121.88999938964844,84.66999816894531,,114.86000061035156
2011-09-21,105.43000030517578,121.87000274658203,84.58000183105469,,118.66000366210938
2011-09-22,106.41000366210938,122.22000122070312,84.58999633789062,,123.12000274658203
2011-09-23,105.52999877929688,121.83999633789062,84.5999984741211,,120.83000183105469
2011-09-26,105.08999633789062,121.62000274658203,84.56999969482422,,118.88999938964844
2011-09-27,104.38999938964844,121.37000274658203,84.54000091552734,,117.06999969482422
2011-09-28,104.41000366210938,121.33999633789062,84.51000213623047,,117.02999877929688
2011-09-29,104.41000366210938,121.25,84.52999877929688,,117.83999633789062
2011-09-30,105.06999969482422,121.4800033569336,84.56999969482422,,120.80000305175781
2011-10-03,105.83000183105469,121.79000091552734,84.54000091552734,,123.80999755859375
2011-10-04,105.29000091552734,121.56999969482422,84.48999786376953,,122.23999786376953
2011-10-05,104.8499984741211,121.31999969482422,84.48999786376953,,121.36000061035156
2011-10-06,104.12000274658203,121.0199966430664,84.47000122070312,,119.12000274658203
2011-10-07,103.58000183105469,120.68000030517578,84.44000244140625,,118.23999786376953
2011-10-10,102.48999786376953,120.33999633789062,84.37000274658203,,116.56999969482422
2011-10-11,102.83000183105469,120.3499984741211,84.41000366210938,,116.18000030517578
2011-10-12,102.4800033569336,120.2699966430664,84.41000366210938,,114.48999786376953
2011-10-13,102.88999938964844,120.51000213623047,84.43000030517578,,115.62999725341797
2011-10-14,102.37999725341797,120.41999816894531,84.47000122070312,,113.94999694824219
2011-10-17,103.05000305175781,120.6500015258789,84.4800033569336,,115.91999816894531
2011-10-18,102.94000244140625,120.77999877929688,84.4800033569336,,115.19999694824219
2011-10-19,103.0999984741211,120.83000183105469,84.51000213623047,,115.16000366210938
2011-10-20,102.88999938964844,120.73999786376953,84.5199966430664,,114.33999633789062
2011-10-21,102.69999694824219,120.68000030517578,84.48999786376953,,113.12999725341797
2011-10-24,102.6500015258789,120.5999984741211,84.48999786376953,,113.31999969482422
2011-10-25,103.52999877929688,121.12000274658203,84.54000091552734,,116.19999694824219
2011-10-26,102.7699966430664,120.69999694824219,84.48999786376953,,114.16999816894531
2011-10-27,101.52999877929688,120.13999938964844,84.43000030517578,,110.30000305175781
2011-10-28,102.13999938964844,120.5199966430664,84.47000122070312,,111.45999908447266
2011-10-31,103.51000213623047,121.30999755859375,84.55000305175781,,115.87999725341797
2011-11-01,104.54000091552734,121.61000061035156,84.51000213623047,,119.44999694824219
2011-11-02,104.29000091552734,121.62999725341797,84.52999877929688,,117.95999908447266
2011-11-03,103.80000305175781,121.47000122070312,84.54000091552734,,116.33999633789062
2011-11-04,104.11000061035156,121.55999755859375,84.54000091552734,,116.4800033569336
2011-11-07,104.2300033569336,121.55000305175781,84.5199966430664,,117.22000122070312
2011-11-08,103.76000213623047,121.41000366210938,84.51000213623047,,115.72000122070312
2011-11-09,104.68000030517578,121.68000030517578,84.52999877929688,,118.12000274658203
2011-11-10,104.16999816894531,121.55999755859375,84.54000091552734,,116.36000061035156
2011-11-11,103.69000244140625,121.33999633789062,84.5,,115.6500015258789
2011-11-14,104.33999633789062,121.63999938964844,84.54000091552734,,117.51000213623047
2011-11-15,104.19999694824219,121.55000305175781,84.52999877929688,,117.3499984741211
2011-11-16,104.58000183105469,121.66999816894531,84.51000213623047,,118.41999816894531
2011-11-17,104.79000091552734,121.77999877929688,84.5199966430664,,119.37000274658203
2011-11-18,104.4000015258789,121.5,84.48999786376953,,119.33999633789062
2011-11-21,104.69000244140625,121.58000183105469,84.5,,120.05000305175781
2011-11-22,105.01000213623047,121.75,84.51000213623047,,121.38999938964844
2011-11-23,105.37000274658203,121.87999725341797,84.5199966430664,,122.58000183105469
2011-11-25,104.69999694824219,121.66000366210938,84.5199966430664,,120.80000305175781
2011-11-28,104.70999908447266,121.68000030517578,84.52999877929688,,120.73999786376953
2011-11-29,104.51000213623047,121.61000061035156,84.54000091552734,,119.75
2011-11-30,103.9000015258789,121.43000030517578,84.54000091552734,,117.87999725341797
2011-12-01,103.66999816894531,121.30999755859375,84.5,,117.0
2011-12-02,104.12999725341797,121.55000305175781,84.4800033569336,,118.63999938964844
2011-12-05,104.06999969482422,121.47000122070312,84.48999786376953,,118.4000015258789
2011-12-06,103.80000305175781,121.44999694824219,84.48999786376953,,117.2699966430664
2011-12-07,104.2699966430664,121.66999816894531,84.5199966430664,,117.69000244140625
2011-12-08,104.80000305175781,121.91000366210938,84.52999877929688,,119.16000366210938
2011-12-09,104.08000183105469,121.70999908447266,84.52999877929688,,116.70999908447266
2011-12-12,104.44000244140625,121.81999969482422,84.52999877929688,,118.01000213623047
2011-12-13,104.91999816894531,121.93000030517578,84.52999877929688,,119.11000061035156
2011-12-14,105.36000061035156,122.0,84.51000213623047,,121.36000061035156
2011-12-15,105.2699966430664,121.91000366210938,84.5,,120.91000366210938
2011-12-16,105.77999877929688,122.2300033569336,84.54000091552734,,122.31999969482422
2011-12-19,106.13999938964844,122.22000122070312,84.52999877929688,,123.87000274658203
2011-12-20,105.18000030517578,121.93000030517578,84.51000213623047,,120.77999877929688
2011-12-21,104.83999633789062,121.69000244140625,84.4800033569336,,119.0999984741211
2011-12-22,104.97000122070312,121.73999786376953,84.47000122070312,,119.5999984741211
2011-12-23,104.54000091552734,121.44999694824219,84.48999786376953,,118.2699966430664
2011-12-27,104.41000366210938,121.33999633789062,84.41999816894531,,118.44999694824219
2011-12-28,105.06999969482422,121.66000366210938,84.44000244140625,,120.63999938964844
2011-12-29,105.19999694824219,121.76000213623047,84.44999694824219,,120.86000061035156
2011-12-30,105.56999969482422,122.04000091552734,84.5,,121.25
2012-01-03,104.9000015258789,121.68000030517578,84.44999694824219,,119.43000030517578
2012-01-04,104.56999969482422,121.63999938964844,84.45999908447266,,118.01000213623047
2012-01-05,104.58999633789062,121.66999816894531,84.47000122070312,,117.80000305175781
2012-01-06,105.0,121.9000015258789,84.45999908447266,,118.7300033569336
2012-01-09,105.0199966430664,121.88999938964844,84.4800033569336,,118.5199966430664
2012-01-10,104.80999755859375,121.83999633789062,84.48999786376953,,118.31999969482422
2012-01-11,105.41999816894531,122.08999633789062,84.5199966430664,,119.86000061035156
2012-01-12,105.19999694824219,122.02999877929688,84.51000213623047,,119.69000244140625
2012-01-13,105.66999816894531,122.27999877929688,84.52999877929688,,120.87999725341797
2012-01-17,105.7699966430664,122.30000305175781,84.54000091552734,,121.44000244140625
2012-01-18,105.44000244140625,122.22000122070312,84.52999877929688,,119.97000122070312
2012-01-19,104.80999755859375,121.86000061035156,84.52999877929688,,118.31999969482422
2012-01-20,104.44999694824219,121.76000213623047,84.51000213623047,,116.9800033569336
2012-01-23,104.22000122070312,121.63999938964844,84.5199966430664,,116.23999786376953
2012-01-24,104.33999633789062,121.7300033569336,84.5199966430664,,116.44999694824219
2012-01-25,104.83999633789062,122.19999694824219,84.56999969482422,,116.16999816894531
2012-01-26,105.4000015258789,122.47000122070312,84.58000183105469,,117.70999908447266
2012-01-27,105.72000122070312,122.55000305175781,84.5999984741211,,118.08000183105469
2012-01-30,106.08000183105469,122.66999816894531,84.56999969482422,,119.47000122070312
2012-01-31,106.4800033569336,122.80999755859375,84.56999969482422,,120.8499984741211
2012-02-01,105.91999816894531,122.56999969482422,84.51000213623047,,119.18000030517578
2012-02-02,106.06999969482422,122.62000274658203,84.5199966430664,,119.12999725341797
2012-02-03,105.2300033569336,122.2699966430664,84.5199966430664,,116.56999969482422
2012-02-06,105.5199966430664,122.41000366210938,84.5,,117.7300033569336
2012-02-07,104.83999633789062,122.11000061035156,84.4800033569336,,116.2699966430664
2012-02-08,104.88999938964844,122.08999633789062,84.4800033569336,,116.36000061035156
2012-02-09,104.6500015258789,121.91000366210938,84.44000244140625,,115.48999786376953
2012-02-10,105.23999786376953,122.19000244140625,84.45999908447266,,116.98999786376953
2012-02-13,105.16999816894531,122.06999969482422,84.41000366210938,,117.13999938964844
2012-02-14,105.38999938964844,122.12000274658203,84.43000030517578,,117.76000213623047
2012-02-15,105.47000122070312,122.2300033569336,84.44000244140625,,117.55000305175781
2012-02-16,104.98999786376953,121.87000274658203,84.41000366210938,,116.61000061035156
2012-02-17,104.87999725341797,121.86000061035156,84.38999938964844,,116.58000183105469
2012-02-21,104.5,121.63999938964844,84.37000274658203,,115.29000091552734
2012-02-22,104.91000366210938,121.91999816894531,84.41000366210938,,116.73999786376953
2012-02-23,105.05999755859375,121.93000030517578,84.4000015258789,,116.73999786376953
2012-02-24,105.13999938964844,121.83000183105469,84.37999725341797,,117.5
2012-02-27,105.48999786376953,122.08000183105469,84.4000015258789,,118.54000091552734
2012-02-28,105.54000091552734,122.11000061035156,84.41999816894531,,118.1500015258789
2012-02-29,105.12000274658203,121.91999816894531,84.41999816894531,,117.43000030517578
2012-03-01,104.61000061035156,121.69000244140625,84.37000274658203,,116.05999755859375
2012-03-02,105.02999877929688,122.04000091552734,84.38999938964844,,117.1500015258789
2012-03-05,104.81999969482422,121.87999725341797,84.38999938964844,,116.22000122070312
2012-03-06,105.26000213623047,122.11000061035156,84.38999938964844,,117.62999725341797
2012-03-07,105.05999755859375,122.0,84.37000274658203,,116.91000366210938
2012-03-08,104.75,121.81999969482422,84.33999633789062,,115.73999786376953
2012-03-09,104.66999816894531,121.80999755859375,84.33999633789062,,115.97000122070312
2012-03-12,104.63999938964844,121.70999908447266,84.3499984741211,,115.94999694824219
2012-03-13,103.88999938964844,121.23999786376953,84.30000305175781,,113.91000366210938
2012-03-14,102.69999694824219,120.55999755859375,84.18000030517578,,111.04000091552734
2012-03-15,102.66999816894531,120.68000030517578,84.2300033569336,,111.20999908447266
2012-03-16,102.63999938964844,120.56999969482422,84.27999877929688,,111.43000030517578
2012-03-19,102.01000213623047,120.20999908447266,84.22000122070312,,110.0999984741211
2012-03-20,102.05999755859375,120.12000274658203,84.19999694824219,,110.54000091552734
2012-03-21,102.58000183105469,120.47000122070312,84.25,,111.79000091552734
2012-03-22,102.70999908447266,120.58999633789062,84.26000213623047,,112.1500015258789
2012-03-23,103.08999633789062,120.77999877929688,84.2699966430664,,113.20999908447266
2012-03-26,102.97000122070312,120.8499984741211,84.29000091552734,,112.62999725341797
2012-03-27,103.54000091552734,121.16999816894531,84.31999969482422,,113.44000244140625
2012-03-28,103.36000061035156,121.08000183105469,84.30000305175781,,113.27999877929688
2012-03-29,103.79000091552734,121.30000305175781,84.33000183105469,,114.12999725341797
2012-03-30,103.27999877929688,121.0999984741211,84.31999969482422,,112.19999694824219
2012-04-02,103.3499984741211,121.12000274658203,84.30999755859375,,112.52999877929688
2012-04-03,102.58999633789062,120.66000366210938,84.25,,110.58000183105469
2012-04-04,103.11000061035156,120.95999908447266,84.2699966430664,,112.0999984741211
2012-04-05,103.56999969482422,121.23999786376953,84.30000305175781,,112.91000366210938
2012-04-09,104.62999725341797,121.80000305175781,84.36000061035156,,115.55000305175781
2012-04-10,105.12000274658203,122.02999877929688,84.4000015258789,,116.86000061035156
2012-04-11,104.70999908447266,121.91000366210938,84.38999938964844,,115.45999908447266
2012-04-12,104.5,121.80000305175781,84.4000015258789,,114.9800033569336
2012-04-13,105.12999725341797,122.04000091552734,84.41000366210938,,116.83999633789062
2012-04-16,105.0999984741211,122.12000274658203,84.41000366210938,,116.66999816894531
2012-04-17,104.98999786376953,122.0199966430664,84.41000366210938,,116.5999984741211
2012-04-18,105.19999694824219,122.08000183105469,84.43000030517578,,116.94000244140625
2012-04-19,105.31999969482422,122.1500015258789,84.44000244140625,,117.05000305175781
2012-04-20,105.33000183105469,122.11000061035156,84.44000244140625,,117.06999969482422
2012-04-23,105.54000091552734,122.30000305175781,84.45999908447266,,117.91999816894531
2012-04-24,105.2699966430664,122.16000366210938,84.43000030517578,,117.08999633789062
2012-04-25,105.13999938964844,122.1500015258789,84.44999694824219,,116.48999786376953
2012-04-26,105.48999786376953,122.31999969482422,84.45999908447266,,117.19000244140625
2012-04-27,105.5999984741211,122.3499984741211,84.44000244140625,,117.29000091552734
2012-04-30,105.69000244140625,122.43000030517578,84.45999908447266,,117.31999969482422
2012-05-01,105.33000183105469,122.26000213623047,84.43000030517578,,116.43000030517578
2012-05-02,105.52999877929688,122.30000305175781,84.44000244140625,,117.25
2012-05-03,105.5199966430664,122.30999755859375,84.43000030517578,,117.22000122070312
2012-05-04,105.94000244140625,122.4800033569336,84.45999908447266,,118.13999938964844
2012-05-07,105.91000366210938,122.51000213623047,84.45999908447266,,118.16000366210938
2012-05-08,106.1500015258789,122.58999633789062,84.47000122070312,,118.79000091552734
2012-05-09,106.23999786376953,122.63999938964844,84.45999908447266,,118.87000274658203
2012-05-10,106.08999633789062,122.56999969482422,84.44999694824219,,118.5199966430664
2012-05-11,106.44000244140625,122.70999908447266,84.45999908447266,,119.5
2012-05-14,106.91000366210938,122.87000274658203,84.44999694824219,,121.16999816894531
2012-05-15,106.94000244140625,122.79000091552734,84.44000244140625,,121.66000366210938
2012-05-16,107.0199966430664,122.79000091552734,84.43000030517578,,122.01000213623047
2012-05-17,107.41999816894531,122.83000183105469,84.38999938964844,,124.16999816894531
2012-05-18,107.3499984741211,122.80999755859375,84.4000015258789,,124.19999694824219
2012-05-21,107.06999969482422,122.79000091552734,84.41000366210938,,123.94000244140625
2012-05-22,106.83999633789062,122.69000244140625,84.37999725341797,,122.55999755859375
2012-05-23,107.12000274658203,122.80000305175781,84.41999816894531,,123.41000366210938
2012-05-24,106.88999938964844,122.6500015258789,84.38999938964844,,122.94000244140625
2012-05-25,107.19999694824219,122.79000091552734,84.43000030517578,,123.4000015258789
2012-05-29,107.11000061035156,122.69999694824219,84.41000366210938,,123.0199966430664
2012-05-30,108.12999725341797,123.16000366210938,84.44999694824219,,126.13999938964844
2012-05-31,108.55000305175781,123.3499984741211,84.4800033569336,,127.5999984741211
2012-06-01,109.30999755859375,123.4800033569336,84.45999908447266,,130.36000061035156
2012-06-04,108.68000030517578,123.11000061035156,84.44999694824219,,129.3300018310547
2012-06-05,108.31999969482422,123.08000183105469,84.47000122070312,,127.5999984741211
2012-06-06,107.61000061035156,122.7699966430664,84.44000244140625,,125.05000305175781
2012-06-07,107.87000274658203,122.87999725341797,84.43000030517578,,125.23999786376953
2012-06-08,107.94999694824219,122.9000015258789,84.43000030517578,,125.20999908447266
2012-06-11,108.23999786376953,123.0,84.43000030517578,,125.77999877929688
2012-06-12,107.66000366210938,122.69999694824219,84.38999938964844,,124.62999725341797
2012-06-13,108.2300033569336,122.95999908447266,84.37999725341797,,125.86000061035156
2012-06-14,107.94000244140625,122.81999969482422,84.38999938964844,,125.69999694824219
2012-06-15,108.44000244140625,123.12999725341797,84.41999816894531,,126.4000015258789
2012-06-18,108.41000366210938,123.08999633789062,84.4000015258789,,127.08000183105469
2012-06-19,108.04000091552734,122.95999908447266,84.38999938964844,,125.41999816894531
2012-06-20,107.81999969482422,122.75,84.36000061035156,,126.04000091552734
2012-06-21,108.05000305175781,122.8499984741211,84.37000274658203,,126.70999908447266
2012-06-22,107.58000183105469,122.69999694824219,84.37999725341797,,125.0199966430664
2012-06-25,108.16999816894531,122.93000030517578,84.37999725341797,,126.83999633789062
2012-06-26,107.93000030517578,122.86000061035156,84.36000061035156,,126.33999633789062
2012-06-27,108.08000183105469,122.93000030517578,84.36000061035156,,126.54000091552734
2012-06-28,108.43000030517578,123.08999633789062,84.37000274658203,,126.8499984741211
2012-06-29,107.93000030517578,123.0,84.37000274658203,,125.19999694824219
2012-07-02,108.2699966430664,123.11000061035156,84.37000274658203,,126.22000122070312
2012-07-03,108.0,122.9800033569336,84.3499984741211,,125.25
2012-07-05,108.29000091552734,123.08999633789062,84.37999725341797,,125.88999938964844
2012-07-06,108.66999816894531,123.25,84.41000366210938,,127.05999755859375
2012-07-09,108.97000122070312,123.37000274658203,84.41000366210938,,128.17999267578125
2012-07-10,109.0199966430664,123.38999938964844,84.41000366210938,,128.44000244140625
2012-07-11,108.91999816894531,123.33000183105469,84.41999816894531,,128.60000610351562
2012-07-12,109.16999816894531,123.4000015258789,84.44000244140625,,129.50999450683594
2012-07-13,109.08000183105469,123.41999816894531,84.45999908447266,,129.1699981689453
2012-07-16,109.31999969482422,123.58000183105469,84.48999786376953,,129.77000427246094
2012-07-17,109.04000091552734,123.4800033569336,84.4800033569336,,128.75
2012-07-18,109.1500015258789,123.56999969482422,84.5,,128.82000732421875
2012-07-19,108.98999786376953,123.5199966430664,84.5199966430664,,128.49000549316406
2012-07-20,109.41999816894531,123.73999786376953,84.52999877929688,,130.05999755859375
2012-07-23,109.5999984741211,123.81999969482422,84.54000091552734,,130.7899932861328
2012-07-24,109.80999755859375,123.88999938964844,84.5199966430664,,131.82000732421875
2012-07-25,109.87000274658203,123.9000015258789,84.52999877929688,,132.16000366210938
2012-07-26,109.52999877929688,123.7699966430664,84.52999877929688,,130.9499969482422
2012-07-27,108.73999786376953,123.41999816894531,84.47000122070312,,128.47999572753906
2012-07-30,109.08999633789062,123.62000274658203,84.51000213623047,,129.44000244140625
2012-07-31,109.27999877929688,123.76000213623047,84.52999877929688,,129.6999969482422
2012-08-01,108.72000122070312,123.48999786376953,84.48999786376953,,128.77999877929688
2012-08-02,108.9800033569336,123.62000274658203,84.5,,129.50999450683594
2012-08-03,108.41000366210938,123.30000305175781,84.47000122070312,,127.41999816894531
2012-08-06,108.4800033569336,123.37999725341797,84.4800033569336,,127.47000122070312
2012-08-07,107.91000366210938,123.08999633789062,84.44000244140625,,125.83000183105469
2012-08-08,107.76000213623047,122.94999694824219,84.41000366210938,,125.16000366210938
2012-08-09,107.68000030517578,122.95999908447266,84.41000366210938,,125.06999969482422
2012-08-10,107.98999786376953,123.06999969482422,84.43000030517578,,125.69999694824219
2012-08-13,107.91999816894531,123.0999984741211,84.44000244140625,,125.48999786376953
2012-08-14,107.38999938964844,122.87999725341797,84.41999816894531,,123.79000091552734
2012-08-15,106.8499984741211,122.61000061035156,84.38999938964844,,122.05000305175781
2012-08-16,106.58999633789062,122.47000122070312,84.37999725341797,,121.01000213623047
2012-08-17,106.72000122070312,122.58999633789062,84.38999938964844,,121.5999984741211
2012-08-20,106.77999877929688,122.63999938964844,84.38999938964844,,121.8499984741211
2012-08-21,106.87000274658203,122.66000366210938,84.38999938964844,,122.38999938964844
2012-08-22,107.69999694824219,123.11000061035156,84.44000244140625,,124.41000366210938
2012-08-23,107.88999938964844,123.20999908447266,84.44999694824219,,124.93000030517578
2012-08-24,107.83999633789062,123.13999938964844,84.44999694824219,,124.80999755859375
2012-08-27,108.12000274658203,123.27999877929688,84.44000244140625,,125.54000091552734
2012-08-28,108.16000366210938,123.29000091552734,84.44999694824219,,125.83999633789062
2012-08-29,108.08999633789062,123.29000091552734,84.44999694824219,,125.29000091552734
2012-08-30,108.29000091552734,123.45999908447266,84.45999908447266,,125.94000244140625
2012-08-31,108.98999786376953,123.81999969482422,84.51000213623047,,127.72000122070312
2012-09-04,108.58999633789062,123.56999969482422,84.4800033569336,,127.31999969482422
2012-09-05,108.55000305175781,123.58999633789062,84.4800033569336,,126.72000122070312
2012-09-06,107.80999755859375,123.26000213623047,84.44000244140625,,124.61000061035156
2012-09-07,107.94999694824219,123.4000015258789,84.45999908447266,,124.02999877929688
2012-09-10,108.0,123.41999816894531,84.44000244140625,,124.33000183105469
2012-09-11,107.80000305175781,123.33999633789062,84.45999908447266,,123.55000305175781
2012-09-12,107.2699966430664,123.16999816894531,84.44999694824219,,122.01000213623047
2012-09-13,107.58000183105469,123.41000366210938,84.4800033569336,,121.52999877929688
2012-09-14,106.56999969482422,122.9800033569336,84.44000244140625,,118.30000305175781
2012-09-17,106.79000091552734,123.0,84.44000244140625,,119.72000122070312
2012-09-18,107.05999755859375,123.13999938964844,84.44999694824219,,120.31999969482422
2012-09-19,107.30999755859375,123.19999694824219,84.44999694824219,,121.11000061035156
2012-09-20,107.37000274658203,123.22000122070312,84.43000030517578,,121.41000366210938
2012-09-21,107.5999984741211,123.3499984741211,84.44000244140625,,121.55000305175781
2012-09-24,107.83999633789062,123.41000366210938,84.44999694824219,,122.5
2012-09-25,108.23999786376953,123.47000122070312,84.43000030517578,,123.70999908447266
2012-09-26,108.69000244140625,123.69999694824219,84.44999694824219,,125.04000091552734
2012-09-27,108.45999908447266,123.6500015258789,84.45999908447266,,124.1500015258789
2012-09-28,108.45999908447266,123.72000122070312,84.5,,124.22000122070312
2012-10-01,108.5199966430664,123.68000030517578,84.4800033569336,,124.41999816894531
2012-10-02,108.44999694824219,123.69999694824219,84.45999908447266,,124.25
2012-10-03,108.55999755859375,123.75,84.45999908447266,,124.29000091552734
2012-10-04,108.12999725341797,123.58999633789062,84.45999908447266,,122.73999786376953
2012-10-05,107.63999938964844,123.37999725341797,84.41999816894531,,121.1500015258789
2012-10-08,107.98999786376953,123.55999755859375,84.43000030517578,,122.16999816894531
2012-10-09,107.7699966430664,123.44000244140625,84.43000030517578,,121.94999694824219
2012-10-10,108.02999877929688,123.48999786376953,84.41999816894531,,122.80999755859375
2012-10-11,108.12999725341797,123.4800033569336,84.41000366210938,,123.66000366210938
2012-10-12,108.13999938964844,123.51000213623047,84.44000244140625,,123.97000122070312
2012-10-15,108.16999816894531,123.47000122070312,84.41999816894531,,123.69000244140625
2012-10-16,107.66000366210938,123.30000305175781,84.41999816894531,,121.9800033569336
2012-10-17,106.9800033569336,122.91999816894531,84.37000274658203,,120.8499984741211
2012-10-18,106.79000091552734,122.81999969482422,84.37999725341797,,120.11000061035156
2012-10-19,107.23999786376953,123.0,84.37999725341797,,121.73999786376953
2012-10-22,106.87999725341797,122.80000305175781,84.3499984741211,,120.95999908447266
2012-10-23,107.38999938964844,123.01000213623047,84.38999938964844,,122.69000244140625
2012-10-24,107.16000366210938,122.98999786376953,84.37999725341797,,121.4800033569336
2012-10-25,106.7699966430664,122.7300033569336,84.3499984741211,,120.86000061035156
2012-10-26,107.44999694824219,123.02999877929688,84.37000274658203,,122.63999938964844
2012-10-31,107.88999938964844,123.25,84.41999816894531,,123.36000061035156
2012-11-01,107.52999877929688,123.1500015258789,84.4000015258789,,122.3499984741211
2012-11-02,107.62000274658203,123.16999816894531,84.38999938964844,,122.26000213623047
2012-11-05,107.87999725341797,123.31999969482422,84.38999938964844,,122.94999694824219
2012-11-06,107.38999938964844,123.02999877929688,84.36000061035156,,121.79000091552734
2012-11-07,108.29000091552734,123.45999908447266,84.43000030517578,,124.0
2012-11-08,108.7699966430664,123.66999816894531,84.43000030517578,,125.83999633789062
2012-11-09,108.77999877929688,123.66000366210938,84.43000030517578,,125.9800033569336
2012-11-12,108.8499984741211,123.72000122070312,84.43000030517578,,126.19000244140625
2012-11-13,108.9800033569336,123.7699966430664,84.44000244140625,,126.61000061035156
2012-11-14,109.01000213623047,123.75,84.45999908447266,,126.7300033569336
2012-11-15,108.95999908447266,123.77999877929688,84.45999908447266,,126.4800033569336
2012-11-16,109.02999877929688,123.83000183105469,84.45999908447266,,126.37000274658203
2012-11-19,108.80999755859375,123.72000122070312,84.44999694824219,,125.66000366210938
2012-11-20,108.36000061035156,123.54000091552734,84.43000030517578,,124.4000015258789
2012-11-21,108.19999694824219,123.44999694824219,84.41999816894531,,124.33000183105469
2012-11-23,108.13999938964844,123.41999816894531,84.41999816894531,,124.20999908447266
2012-11-26,108.31999969482422,123.51000213623047,84.41000366210938,,124.80000305175781
2012-11-27,108.56999969482422,123.62999725341797,84.41999816894531,,125.29000091552734
2012-11-28,108.70999908447266,123.72000122070312,84.43000030517578,,125.11000061035156
2012-11-29,108.81999969482422,123.76000213623047,84.43000030517578,,125.12999725341797
2012-11-30,108.80000305175781,123.83999633789062,84.44000244140625,,124.79000091552734
2012-12-03,108.62000274658203,123.75,84.43000030517578,,124.66000366210938
2012-12-04,108.80999755859375,123.79000091552734,84.43000030517578,,125.37999725341797
2012-12-05,108.9000015258789,123.87000274658203,84.44999694824219,,125.31999969482422
2012-12-06,108.95999908447266,123.88999938964844,84.44999694824219,,125.58999633789062
2012-12-07,108.6500015258789,123.79000091552734,84.44999694824219,,124.43000030517578
2012-12-10,108.75,123.83000183105469,84.44999694824219,,124.9800033569336
2012-12-11,108.54000091552734,123.73999786376953,84.44999694824219,,124.02999877929688
2012-12-12,108.08000183105469,123.5999984741211,84.44000244140625,,122.58999633789062
2012-12-13,107.87000274658203,123.41999816894531,84.44000244140625,,122.68000030517578
2012-12-14,108.11000061035156,123.48999786376953,84.45999908447266,,123.5999984741211
2012-12-17,107.54000091552734,123.22000122070312,84.44000244140625,,121.75
2012-12-18,107.12000274658203,123.0,84.38999938964844,,120.51000213623047
2012-12-19,107.2699966430664,123.11000061035156,84.41000366210938,,120.91000366210938
2012-12-20,107.33999633789062,123.08000183105469,84.4000015258789,,120.93000030517578
2012-12-21,107.62999725341797,123.23999786376953,84.41000366210938,,122.25
2012-12-24,107.5199966430664,123.19000244140625,84.41000366210938,,122.02999877929688
2012-12-26,107.58999633789062,123.19000244140625,84.38999938964844,,122.19999694824219
2012-12-27,107.80999755859375,123.33000183105469,84.41999816894531,,122.61000061035156
2012-12-28,108.05999755859375,123.43000030517578,84.41999816894531,,123.30999755859375
2012-12-31,107.48999786376953,123.22000122070312,84.41999816894531,,121.18000030517578
2013-01-02,107.0,123.13999938964844,84.4000015258789,,119.55999755859375
2013-01-03,106.44999694824219,122.86000061035156,84.4000015258789,,117.94000244140625
2013-01-04,106.5,122.86000061035156,84.41000366210938,,118.4000015258789
2013-01-07,106.55999755859375,122.9000015258789,84.41000366210938,,118.44999694824219
2013-01-08,106.81999969482422,123.04000091552734,84.41999816894531,,119.2300033569336
2013-01-09,106.87999725341797,123.12999725341797,84.44999694824219,,119.12000274658203
2013-01-10,106.56999969482422,122.9800033569336,84.44000244140625,,118.79000091552734
2013-01-11,106.91000366210938,123.13999938964844,84.43000030517578,,119.8499984741211
2013-01-14,106.87000274658203,123.13999938964844,84.43000030517578,,119.5199966430664
2013-01-15,107.12999725341797,123.2300033569336,84.44000244140625,,120.06999969482422
2013-01-16,107.2699966430664,123.30999755859375,84.44000244140625,,120.31999969482422
2013-01-17,106.77999877929688,123.05999755859375,84.43000030517578,,119.12000274658203
2013-01-18,107.08000183105469,123.19000244140625,84.43000030517578,,120.04000091552734
2013-01-22,107.16999816894531,123.26000213623047,84.44999694824219,,120.2699966430664
2013-01-23,107.22000122070312,123.29000091552734,84.44999694824219,,120.08999633789062
2013-01-24,107.04000091552734,123.18000030517578,84.44999694824219,,119.66999816894531
2013-01-25,106.33000183105469,122.79000091552734,84.41000366210938,,118.02999877929688
2013-01-28,106.11000061035156,122.69000244140625,84.37999725341797,,117.5999984741211
2013-01-29,105.94999694824219,122.6500015258789,84.38999938964844,,116.94999694824219
2013-01-30,106.01000213623047,122.7300033569336,84.41999816894531,,116.75
2013-01-31,106.0999984741211,122.73999786376953,84.43000030517578,,117.31999969482422
2013-02-01,105.5999984741211,122.55999755859375,84.4000015258789,,115.54000091552734
2013-02-04,106.20999908447266,122.88999938964844,84.41999816894531,,117.0199966430664
2013-02-05,105.83000183105469,122.72000122070312,84.41999816894531,,115.9800033569336
2013-02-06,106.1500015258789,122.87999725341797,84.44000244140625,,116.93000030517578
2013-02-07,106.19999694824219,122.91999816894531,84.44000244140625,,116.66999816894531
2013-02-08,106.27999877929688,122.93000030517578,84.44999694824219,,117.12000274658203
2013-02-11,106.16999816894531,122.87000274658203,84.41999816894531,,117.02999877929688
2013-02-12,106.05999755859375,122.77999877929688,84.4000015258789,,116.73999786376953
2013-02-13,105.69000244140625,122.58000183105469,84.38999938964844,,115.79000091552734
2013-02-14,106.13999938964844,122.83000183105469,84.4000015258789,,116.83999633789062
2013-02-15,106.04000091552734,122.76000213623047,84.41000366210938,,116.5
2013-02-19,105.87000274658203,122.68000030517578,84.4000015258789,,115.91999816894531
2013-02-20,106.0999984741211,122.80000305175781,84.4000015258789,,116.2699966430664
2013-02-21,106.30999755859375,122.93000030517578,84.43000030517578,,116.94999694824219
2013-02-22,106.44000244140625,122.98999786376953,84.43000030517578,,117.02999877929688
2013-02-25,107.26000213623047,123.37999725341797,84.44999694824219,,119.33000183105469
2013-02-26,107.05999755859375,123.33999633789062,84.47000122070312,,118.63999938964844
2013-02-27,107.01000213623047,123.3499984741211,84.47000122070312,,118.29000091552734
2013-02-28,107.16000366210938,123.41999816894531,84.45999908447266,,118.51000213623047
2013-03-01,107.30000305175781,123.45999908447266,84.45999908447266,,118.9000015258789
2013-03-04,107.05000305175781,123.4000015258789,84.44999694824219,,118.2699966430664
2013-03-05,106.94000244140625,123.30999755859375,84.44000244140625,,117.93000030517578
2013-03-06,106.5999984741211,123.13999938964844,84.43000030517578,,116.86000061035156
2013-03-07,106.19000244140625,122.9000015258789,84.41000366210938,,115.95999908447266
2013-03-08,105.6500015258789,122.66999816894531,84.41999816894531,,114.75
2013-03-11,105.69999694824219,122.69000244140625,84.41000366210938,,114.86000061035156
2013-03-12,105.98999786376953,122.81999969482422,84.43000030517578,,115.69000244140625
2013-03-13,105.9000015258789,122.77999877929688,84.41000366210938,,115.56999969482422
2013-03-14,105.93000030517578,122.80999755859375,84.41000366210938,,115.22000122070312
2013-03-15,106.30000305175781,123.04000091552734,84.44000244140625,,115.76000213623047
2013-03-18,106.6500015258789,123.19000244140625,84.45999908447266,,116.63999938964844
2013-03-19,106.9800033569336,123.33000183105469,84.44999694824219,,117.43000030517578
2013-03-20,106.56999969482422,123.18000030517578,84.44000244140625,,116.12000274658203
2013-03-21,106.8499984741211,123.26000213623047,84.44999694824219,,117.23999786376953
2013-03-22,106.88999938964844,123.26000213623047,84.43000030517578,,117.33000183105469
2013-03-25,106.97000122070312,123.29000091552734,84.43000030517578,,117.22000122070312
2013-03-26,107.08000183105469,123.37999725341797,84.44000244140625,,117.36000061035156
2013-03-27,107.54000091552734,123.58000183105469,84.45999908447266,,118.36000061035156
2013-03-28,107.33999633789062,123.48999786376953,84.47000122070312,,117.76000213623047
2013-04-01,107.4800033569336,123.51000213623047,84.45999908447266,,118.38999938964844
2013-04-02,107.2699966430664,123.44999694824219,84.45999908447266,,117.91000366210938
2013-04-03,107.72000122070312,123.69999694824219,84.44999694824219,,118.97000122070312
2013-04-04,108.1500015258789,123.87000274658203,84.4800033569336,,120.38999938964844
2013-04-05,108.48999786376953,123.91999816894531,84.4800033569336,,122.81999969482422
2013-04-08,108.13999938964844,123.79000091552734,84.45999908447266,,121.87999725341797
2013-04-09,108.18000030517578,123.86000061035156,84.45999908447266,,121.58000183105469
2013-04-10,107.7300033569336,123.62999725341797,84.45999908447266,,119.91000366210938
2013-04-11,107.8499984741211,123.69999694824219,84.45999908447266,,120.13999938964844
2013-04-12,108.44999694824219,123.91000366210938,84.47000122070312,,121.93000030517578
2013-04-15,108.69000244140625,123.98999786376953,84.4800033569336,,122.98999786376953
2013-04-16,108.37999725341797,123.87000274658203,84.4800033569336,,121.9800033569336
2013-04-17,108.58000183105469,123.93000030517578,84.4800033569336,,122.79000091552734
2013-04-18,108.63999938964844,123.91000366210938,84.4800033569336,,123.08999633789062
2013-04-19,108.58000183105469,123.86000061035156,84.4800033569336,,122.83000183105469
2013-04-22,108.63999938964844,123.94000244140625,84.48999786376953,,122.91999816894531
2013-04-23,108.56999969482422,123.91000366210938,84.4800033569336,,122.48999786376953
2013-04-24,108.62000274658203,123.93000030517578,84.48999786376953,,122.80000305175781
2013-04-25,108.5,123.91000366210938,84.4800033569336,,122.2699966430664
2013-04-26,108.88999938964844,124.06999969482422,84.5,,123.38999938964844
2013-04-29,108.8499984741211,124.12000274658203,84.5199966430664,,122.94000244140625
2013-04-30,108.83000183105469,124.12000274658203,84.51000213623047,,123.01000213623047
2013-05-01,109.05000305175781,124.19000244140625,84.51000213623047,,124.01000213623047
2013-05-02,109.05000305175781,124.2300033569336,84.5,,123.8499984741211
2013-05-03,108.12000274658203,123.77999877929688,84.47000122070312,,120.93000030517578
2013-05-06,107.9800033569336,123.73999786376953,84.47000122070312,,120.62999725341797
2013-05-07,107.83000183105469,123.69999694824219,84.47000122070312,,120.16000366210938
2013-05-08,107.95999908447266,123.7300033569336,84.4800033569336,,120.3499984741211
2013-05-09,107.94000244140625,123.70999908447266,84.47000122070312,,120.04000091552734
2013-05-10,107.33000183105469,123.41000366210938,84.45999908447266,,118.75
2013-05-13,107.13999938964844,123.31999969482422,84.44000244140625,,117.83999633789062
2013-05-14,106.70999908447266,123.16999816894531,84.44000244140625,,116.55999755859375
2013-05-15,106.98999786376953,123.27999877929688,84.44999694824219,,117.33999633789062
2013-05-16,107.5,123.52999877929688,84.47000122070312,,118.55999755859375
2013-05-17,106.91999816894531,123.30000305175781,84.44999694824219,,117.05999755859375
2013-05-20,106.83999633789062,123.2699966430664,84.45999908447266,,116.91999816894531
2013-05-21,107.12000274658203,123.37999725341797,84.45999908447266,,117.83999633789062
2013-05-22,106.2699966430664,122.97000122070312,84.43000030517578,,116.08999633789062
2013-05-23,106.37999725341797,123.01000213623047,84.44999694824219,,116.63999938964844
2013-05-24,106.41999816894531,123.01000213623047,84.43000030517578,,116.80000305175781
2013-05-28,105.16999816894531,122.37999725341797,84.37000274658203,,113.83999633789062
2013-05-29,105.5999984741211,122.5199966430664,84.37000274658203,,115.12000274658203
2013-05-30,105.61000061035156,122.5199966430664,84.38999938964844,,114.83999633789062
2013-05-31,105.31999969482422,122.38999938964844,84.37999725341797,,114.44999694824219
2013-06-03,105.33000183105469,122.37000274658203,84.38999938964844,,114.77999877929688
2013-06-04,105.05999755859375,122.23999786376953,84.38999938964844,,113.72000122070312
2013-06-05,105.56999969482422,122.41999816894531,84.4000015258789,,115.29000091552734
2013-06-06,105.69999694824219,122.45999908447266,84.38999938964844,,115.22000122070312
2013-06-07,104.87999725341797,122.08000183105469,84.37999725341797,,113.16000366210938
2013-06-10,104.62000274658203,121.93000030517578,84.3499984741211,,112.62000274658203
2013-06-11,104.87999725341797,122.0199966430664,84.33999633789062,,113.95999908447266
2013-06-12,104.41000366210938,121.79000091552734,84.33000183105469,,112.33000183105469
2013-06-13,105.19999694824219,122.20999908447266,84.37000274658203,,114.08999633789062
2013-06-14,105.33999633789062,122.37000274658203,84.43000030517578,,113.81999969482422
2013-06-17,105.08999633789062,122.33999633789062,84.43000030517578,,113.22000122070312
2013-06-18,105.02999877929688,122.27999877929688,84.43000030517578,,113.27999877929688
2013-06-19,103.58999633789062,121.27999877929688,84.33000183105469,,112.11000061035156
2013-06-20,103.12000274658203,121.0999984741211,84.31999969482422,,110.2699966430664
2013-06-21,102.02999877929688,120.4000015258789,84.25,,108.4000015258789
2013-06-24,101.77999877929688,120.22000122070312,84.20999908447266,,108.8499984741211
2013-06-25,101.66000366210938,120.20999908447266,84.19999694824219,,107.87999725341797
2013-06-26,102.06999969482422,120.44999694824219,84.23999786376953,,108.58000183105469
2013-06-27,102.62000274658203,120.80000305175781,84.29000091552734,,109.69000244140625
2013-06-28,102.5,120.73999786376953,84.27999877929688,,110.44000244140625
2013-07-01,102.4000015258789,120.77999877929688,84.30000305175781,,110.41000366210938
2013-07-02,102.44000244140625,120.80000305175781,84.30999755859375,,110.33999633789062
2013-07-03,102.23999786376953,120.6500015258789,84.30000305175781,,110.01000213623047
2013-07-05,100.5199966430664,119.69000244140625,84.20999908447266,,106.26000213623047
2013-07-08,101.11000061035156,120.16000366210938,84.2699966430664,,107.29000091552734
2013-07-09,101.27999877929688,120.23999786376953,84.26000213623047,,107.4000015258789
2013-07-10,100.91999816894531,120.08000183105469,84.26000213623047,,106.55999755859375
2013-07-11,101.93000030517578,120.73999786376953,84.33000183105469,,107.80999755859375
2013-07-12,101.8499984741211,120.6500015258789,84.27999877929688,,107.72000122070312
2013-07-15,102.16999816894531,120.83000183105469,84.31999969482422,,108.29000091552734
2013-07-16,102.22000122070312,120.86000061035156,84.33000183105469,,108.66000366210938
2013-07-17,102.66999816894531,121.18000030517578,84.36000061035156,,108.86000061035156
2013-07-18,102.19000244140625,120.98999786376953,84.3499984741211,,107.5
2013-07-19,102.75,121.2300033569336,84.38999938964844,,109.19999694824219
2013-07-22,102.73999786376953,121.26000213623047,84.38999938964844,,109.36000061035156
2013-07-23,102.62000274658203,121.19000244140625,84.37999725341797,,108.9000015258789
2013-07-24,101.93000030517578,120.86000061035156,84.33999633789062,,107.5199966430664
2013-07-25,102.08000183105469,120.98999786376953,84.38999938964844,,107.4800033569336
2013-07-26,102.16999816894531,121.05000305175781,84.4000015258789,,108.13999938964844
2013-07-29,101.95999908447266,121.01000213623047,84.38999938964844,,107.3499984741211
2013-07-30,101.93000030517578,120.97000122070312,84.4000015258789,,107.30999755859375
2013-07-31,102.0,120.9800033569336,84.4000015258789,,107.69999694824219
2013-08-01,100.95999908447266,120.37000274658203,84.3499984741211,,105.36000061035156
2013-08-02,101.81999969482422,121.01000213623047,84.41000366210938,,106.5199966430664
2013-08-05,101.5,120.87000274658203,84.4000015258789,,105.69999694824219
2013-08-06,101.52999877929688,120.8499984741211,84.38999938964844,,106.01000213623047
2013-08-07,101.9000015258789,120.97000122070312,84.41000366210938,,106.80000305175781
2013-08-08,102.05000305175781,121.0199966430664,84.41000366210938,,107.08999633789062
2013-08-09,102.12000274658203,121.08999633789062,84.38999938964844,,107.26000213623047
2013-08-12,101.91999816894531,121.0,84.38999938964844,,106.52999877929688
2013-08-13,101.0,120.5,84.3499984741211,,104.98999786376953
2013-08-14,101.08999633789062,120.5199966430664,84.3499984741211,,105.1500015258789
2013-08-15,100.52999877929688,120.2699966430664,84.31999969482422,,103.7300033569336
2013-08-16,100.13999938964844,120.05000305175781,84.33000183105469,,103.37000274658203
2013-08-19,99.70999908447266,119.87000274658203,84.30999755859375,,102.47000122070312
2013-08-20,100.25,120.16000366210938,84.33000183105469,,103.26000213623047
2013-08-21,99.62000274658203,119.7300033569336,84.27999877929688,,102.12999725341797
2013-08-22,99.58000183105469,119.5199966430664,84.25,,103.16999816894531
2013-08-23,100.13999938964844,119.7699966430664,84.25,,104.29000091552734
2013-08-26,100.33999633789062,119.9800033569336,84.27999877929688,,104.80999755859375
2013-08-27,100.91000366210938,120.2699966430664,84.31999969482422,,106.12999725341797
2013-08-28,100.5,120.02999877929688,84.2699966430664,,105.2699966430664
2013-08-29,100.5999984741211,120.08999633789062,84.29000091552734,,106.11000061035156
2013-08-30,100.41000366210938,119.95999908447266,84.30000305175781,,105.98999786376953
2013-09-03,99.69000244140625,119.62999725341797,84.25,,104.22000122070312
2013-09-04,99.36000061035156,119.30999755859375,84.16999816894531,,103.98999786376953
2013-09-05,98.5999984741211,118.77999877929688,84.08999633789062,,102.54000091552734
2013-09-06,99.19999694824219,119.23999786376953,84.16999816894531,,103.05000305175781
2013-09-09,99.4000015258789,119.45999908447266,84.19000244140625,,103.0999984741211
2013-09-10,98.94000244140625,119.18000030517578,84.16000366210938,,102.37999725341797
2013-09-11,99.44000244140625,119.5199966430664,84.19999694824219,,103.29000091552734
2013-09-12,99.44999694824219,119.5,84.19999694824219,,103.1500015258789
2013-09-13,99.58000183105469,119.58999633789062,84.19999694824219,,103.55000305175781
2013-09-16,99.80000305175781,119.9000015258789,84.26000213623047,,102.86000061035156
2013-09-17,100.0,120.02999877929688,84.29000091552734,,103.70999908447266
2013-09-18,101.23999786376953,120.87999725341797,84.4000015258789,,104.98999786376953
2013-09-19,100.88999938964844,120.68000030517578,84.37000274658203,,104.37000274658203
2013-09-20,100.98999786376953,120.66999816894531,84.37999725341797,,104.91999816894531
2013-09-23,101.37000274658203,120.86000061035156,84.4000015258789,,105.69000244140625
2013-09-24,101.73999786376953,121.0199966430664,84.41000366210938,,106.83000183105469
2013-09-25,102.0199966430664,121.19999694824219,84.44000244140625,,107.05000305175781
2013-09-26,101.80000305175781,121.08999633789062,84.4000015258789,,106.30000305175781
2013-09-27,101.94000244140625,121.25,84.44999694824219,,106.55999755859375
2013-09-30,102.11000061035156,121.33000183105469,84.47000122070312,,106.4000015258789
2013-10-01,101.7300033569336,121.04000091552734,84.43000030517578,,105.80000305175781
2013-10-02,101.9000015258789,121.2300033569336,84.44000244140625,,105.95999908447266
2013-10-03,102.04000091552734,121.33000183105469,84.44000244140625,,105.79000091552734
2013-10-04,101.76000213623047,121.12000274658203,84.41000366210938,,105.70999908447266
2013-10-07,101.8499984741211,121.16000366210938,84.41000366210938,,106.13999938964844
2013-10-08,101.80000305175781,121.01000213623047,84.33999633789062,,106.16999816894531
2013-10-09,101.62000274658203,120.98999786376953,84.37000274658203,,105.31999969482422
2013-10-10,101.4000015258789,120.9800033569336,84.37000274658203,,105.48999786376953
2013-10-11,101.55000305175781,121.08000183105469,84.37000274658203,,105.45999908447266
2013-10-14,101.20999908447266,120.8499984741211,84.33999633789062,,104.61000061035156
2013-10-15,101.2300033569336,120.94999694824219,84.37000274658203,,104.54000091552734
2013-10-16,101.72000122070312,121.25,84.4000015258789,,105.8499984741211
2013-10-17,102.30000305175781,121.52999877929688,84.43000030517578,,106.80999755859375
2013-10-18,102.30999755859375,121.55000305175781,84.43000030517578,,107.04000091552734
2013-10-21,102.23999786376953,121.48999786376953,84.43000030517578,,106.69999694824219
2013-10-22,102.94999694824219,121.83000183105469,84.5,,107.88999938964844
2013-10-23,103.12999725341797,121.87999725341797,84.47000122070312,,108.30999755859375
2013-10-24,102.91999816894531,121.80999755859375,84.45999908447266,,107.88999938964844
2013-10-25,103.0999984741211,121.91000366210938,84.4800033569336,,108.29000091552734
2013-10-28,103.0,121.87999725341797,84.5,,107.91999816894531
2013-10-29,103.13999938964844,121.97000122070312,84.5,,108.05999755859375
2013-10-30,102.87000274658203,121.83999633789062,84.5,,107.41000366210938
2013-10-31,102.75,121.83999633789062,84.51000213623047,,107.63999938964844
2013-11-01,102.0199966430664,121.41999816894531,84.45999908447266,,106.19000244140625
2013-11-04,102.22000122070312,121.55999755859375,84.4800033569336,,106.29000091552734
2013-11-05,101.76000213623047,121.38999938964844,84.4800033569336,,105.0199966430664
2013-11-06,102.06999969482422,121.6500015258789,84.5,,105.06999969482422
2013-11-07,102.33999633789062,121.7699966430664,84.5199966430664,,105.95999908447266
2013-11-08,101.19000244140625,121.19999694824219,84.45999908447266,,103.41000366210938
2013-11-11,101.13999938964844,121.16999816894531,84.4800033569336,,103.0199966430664
2013-11-12,101.05000305175781,121.05999755859375,84.45999908447266,,103.5
2013-11-13,101.47000122070312,121.3499984741211,84.45999908447266,,103.87999725341797
2013-11-14,101.95999908447266,121.69999694824219,84.51000213623047,,104.5199966430664
2013-11-15,101.87999725341797,121.66999816894531,84.51000213623047,,104.7300033569336
2013-11-18,102.23999786376953,121.83999633789062,84.55000305175781,,105.36000061035156
2013-11-19,101.86000061035156,121.63999938964844,84.5199966430664,,104.55999755859375
2013-11-20,101.30000305175781,121.52999877929688,84.52999877929688,,102.77999877929688
2013-11-21,101.38999938964844,121.56999969482422,84.56999969482422,,102.94999694824219
2013-11-22,101.68000030517578,121.66000366210938,84.55000305175781,,103.91000366210938
2013-11-25,101.76000213623047,121.7300033569336,84.55000305175781,,104.20999908447266
2013-11-26,101.9800033569336,121.83000183105469,84.55999755859375,,104.5999984741211
2013-11-27,101.75,121.75,84.55999755859375,,104.41999816894531
2013-11-29,101.69000244140625,121.75,84.56999969482422,,104.44999694824219
2013-12-02,101.08999633789062,121.38999938964844,84.5,,103.33000183105469
2013-12-03,101.2699966430664,121.5,84.5199966430664,,103.70999908447266
2013-12-04,100.80999755859375,121.27999877929688,84.5,,102.72000122070312
2013-12-05,100.55999755859375,121.12000274658203,84.51000213623047,,102.43000030517578
2013-12-06,100.6500015258789,121.05999755859375,84.4800033569336,,102.91999816894531
2013-12-09,100.7699966430664,121.08000183105469,84.4800033569336,,103.16000366210938
2013-12-10,101.19000244140625,121.29000091552734,84.51000213623047,,103.9000015258789
2013-12-11,100.80000305175781,121.12000274658203,84.4800033569336,,103.0999984741211
2013-12-12,100.51000213623047,120.88999938964844,84.44999694824219,,102.70999908447266
2013-12-13,100.66000366210938,120.87000274658203,84.47000122070312,,103.20999908447266
2013-12-16,100.61000061035156,120.91999816894531,84.47000122070312,,102.83000183105469
2013-12-17,100.93000030517578,121.11000061035156,84.48999786376953,,103.29000091552734
2013-12-18,100.55000305175781,120.91000366210938,84.48999786376953,,102.7699966430664
2013-12-19,100.12999725341797,120.56999969482422,84.44000244140625,,102.66999816894531
2013-12-20,100.44000244140625,120.44999694824219,84.41000366210938,,104.25
2013-12-23,100.12000274658203,120.33000183105469,84.4000015258789,,103.66000366210938
2013-12-24,99.7300033569336,120.08999633789062,84.37000274658203,,102.83000183105469
2013-12-26,99.4800033569336,120.01000213623047,84.33999633789062,,102.0999984741211
2013-12-27,99.41999816894531,120.0,84.37999725341797,,101.80999755859375
2013-12-30,99.69000244140625,120.16999816894531,84.4000015258789,,102.51000213623047
2013-12-31,99.23999786376953,120.02999877929688,84.37999725341797,,101.86000061035156
2014-01-02,99.62999725341797,120.1500015258789,84.41999816894531,,102.16999816894531
2014-01-03,99.56999969482422,120.05999755859375,84.38999938964844,,102.16999816894531
2014-01-06,99.8499984741211,120.25,84.4000015258789,,102.5999984741211
2014-01-07,100.01000213623047,120.3499984741211,84.4000015258789,,102.86000061035156
2014-01-08,99.5199966430664,119.9000015258789,84.31999969482422,,102.58000183105469
2014-01-09,99.77999877929688,120.05000305175781,84.33999633789062,,103.18000030517578
2014-01-10,100.62000274658203,120.6500015258789,84.41999816894531,,104.41000366210938
2014-01-13,100.91000366210938,120.86000061035156,84.44000244140625,,104.93000030517578
2014-01-14,100.52999877929688,120.54000091552734,84.41999816894531,,104.44999694824219
2014-01-15,100.44000244140625,120.43000030517578,84.38999938964844,,104.33999633789062
2014-01-16,100.72000122070312,120.58999633789062,84.41000366210938,,105.04000091552734
2014-01-17,100.95999908447266,120.72000122070312,84.41000366210938,,105.4800033569336
2014-01-21,100.8499984741211,120.56999969482422,84.4000015258789,,105.55999755859375
2014-01-22,100.56999969482422,120.37000274658203,84.36000061035156,,105.30000305175781
2014-01-23,101.25,120.83999633789062,84.44000244140625,,106.79000091552734
2014-01-24,101.66000366210938,121.08000183105469,84.47000122070312,,107.4800033569336
2014-01-27,101.3499984741211,120.94000244140625,84.45999908447266,,106.7300033569336
2014-01-28,101.5,121.0999984741211,84.45999908447266,,106.98999786376953
2014-01-29,101.9800033569336,121.3499984741211,84.5199966430664,,107.87000274658203
2014-01-30,101.87999725341797,121.30000305175781,84.51000213623047,,107.55999755859375
2014-01-31,102.27999877929688,121.56999969482422,84.55000305175781,,108.27999877929688
2014-02-03,102.66000366210938,121.81999969482422,84.55000305175781,,109.31999969482422
2014-02-04,102.3499984741211,121.68000030517578,84.55999755859375,,108.16000366210938
2014-02-05,101.9800033569336,121.4800033569336,84.5199966430664,,107.16000366210938
2014-02-06,101.79000091552734,121.36000061035156,84.52999877929688,,106.69999694824219
2014-02-07,102.05999755859375,121.61000061035156,84.55000305175781,,106.79000091552734
2014-02-10,102.11000061035156,121.58000183105469,84.52999877929688,,107.08999633789062
2014-02-11,101.66000366210938,121.30000305175781,84.51000213623047,,106.47000122070312
2014-02-12,101.41999816894531,121.12999725341797,84.47000122070312,,105.91999816894531
2014-02-13,101.9000015258789,121.44000244140625,84.5199966430664,,106.5199966430664
2014-02-14,101.83000183105469,121.41000366210938,84.5199966430664,,106.58000183105469
2014-02-18,102.08000183105469,121.62000274658203,84.55000305175781,,106.81999969482422
2014-02-19,101.87999725341797,121.4800033569336,84.5199966430664,,106.37000274658203
2014-02-20,101.7699966430664,121.33999633789062,84.52999877929688,,106.11000061035156
2014-02-21,101.9000015258789,121.37000274658203,84.54000091552734,,106.66999816894531
2014-02-24,101.80000305175781,121.31999969482422,84.54000091552734,,106.4000015258789
2014-02-25,102.1500015258789,121.5199966430664,84.52999877929688,,107.3499984741211
2014-02-26,102.44999694824219,121.69999694824219,84.56999969482422,,107.91999816894531
2014-02-27,102.56999969482422,121.73999786376953,84.55999755859375,,108.51000213623047
2014-02-28,102.47000122070312,121.63999938964844,84.55999755859375,,108.56999969482422
2014-03-03,102.80999755859375,121.83999633789062,84.58999633789062,,109.02999877929688
2014-03-04,102.0199966430664,121.4000015258789,84.5199966430664,,107.38999938964844
2014-03-05,102.12999725341797,121.44000244140625,84.55000305175781,,107.62000274658203
2014-03-06,101.69000244140625,121.2300033569336,84.5,,106.55999755859375
2014-03-07,101.25,120.91000366210938,84.44000244140625,,105.88999938964844
2014-03-10,101.36000061035156,120.95999908447266,84.44999694824219,,106.04000091552734
2014-03-11,101.45999908447266,121.02999877929688,84.44999694824219,,106.31999969482422
2014-03-12,101.86000061035156,121.19999694824219,84.4800033569336,,107.05999755859375
2014-03-13,102.45999908447266,121.54000091552734,84.52999877929688,,108.5
2014-03-14,102.47000122070312,121.55000305175781,84.51000213623047,,108.5199966430664
2014-03-17,102.05999755859375,121.30000305175781,84.4800033569336,,107.70999908447266
2014-03-18,102.30999755859375,121.4800033569336,84.5,,108.0999984741211
2014-03-19,101.36000061035156,120.68000030517578,84.36000061035156,,107.26000213623047
2014-03-20,101.37999725341797,120.63999938964844,84.37000274658203,,107.06999969482422
2014-03-21,101.56999969482422,120.62999725341797,84.37999725341797,,108.2300033569336
2014-03-24,101.61000061035156,120.5199966430664,84.33999633789062,,109.0
2014-03-25,101.55000305175781,120.51000213623047,84.3499984741211,,108.58999633789062
2014-03-26,101.9800033569336,120.8499984741211,84.41000366210938,,109.44000244140625
2014-03-27,102.08000183105469,120.80999755859375,84.4000015258789,,109.98999786376953
2014-03-28,101.72000122070312,120.58999633789062,84.4000015258789,,109.37000274658203
2014-03-31,101.7300033569336,120.70999908447266,84.44999694824219,,109.0999984741211
2014-04-01,101.33000183105469,120.52999877929688,84.37999725341797,,107.88999938964844
2014-04-02,100.88999938964844,120.20999908447266,84.3499984741211,,107.2699966430664
2014-04-03,100.95999908447266,120.22000122070312,84.37000274658203,,107.73999786376953
2014-04-04,101.58000183105469,120.69000244140625,84.44000244140625,,108.45999908447266
2014-04-07,101.81999969482422,120.81999969482422,84.44999694824219,,109.11000061035156
2014-04-08,101.95999908447266,120.93000030517578,84.45999908447266,,109.37000274658203
2014-04-09,101.93000030517578,121.12999725341797,84.5,,108.83000183105469
2014-04-10,102.36000061035156,121.3499984741211,84.55000305175781,,109.83999633789062
2014-04-11,102.56999969482422,121.44999694824219,84.54000091552734,,110.7300033569336
2014-04-14,102.41000366210938,121.30000305175781,84.52999877929688,,110.44000244140625
2014-04-15,102.52999877929688,121.29000091552734,84.52999877929688,,111.12999725341797
2014-04-16,102.37000274658203,121.08999633789062,84.5,,111.2699966430664
2014-04-17,101.79000091552734,120.66999816894531,84.4800033569336,,110.05000305175781
2014-04-21,101.7699966430664,120.77999877929688,84.4800033569336,,109.95999908447266
2014-04-22,101.7300033569336,120.66000366210938,84.44000244140625,,110.33000183105469
2014-04-23,101.98999786376953,120.83000183105469,84.4800033569336,,110.95999908447266
2014-04-24,101.95999908447266,120.79000091552734,84.45999908447266,,111.16999816894531
2014-04-25,102.0999984741211,120.91000366210938,84.47000122070312,,111.33000183105469
2014-04-28,101.94999694824219,120.81999969482422,84.47000122070312,,110.79000091552734
2014-04-29,102.04000091552734,120.88999938964844,84.45999908447266,,110.63999938964844
2014-04-30,102.30999755859375,121.18000030517578,84.5199966430664,,111.0999984741211
2014-05-01,102.41000366210938,121.19000244140625,84.5,,112.0199966430664
2014-05-02,102.55999755859375,121.12999725341797,84.48999786376953,,112.70999908447266
2014-05-05,102.5,121.0999984741211,84.5,,112.02999877929688
2014-05-06,102.62000274658203,121.12000274658203,84.47000122070312,,112.4800033569336
2014-05-07,102.69999694824219,121.26000213623047,84.5,,112.08000183105469
2014-05-08,102.80999755859375,121.43000030517578,84.5199966430664,,111.5999984741211
2014-05-09,102.7300033569336,121.44000244140625,84.55000305175781,,111.23999786376953
2014-05-12,102.45999908447266,121.27999877929688,84.52999877929688,,110.79000091552734
2014-05-13,102.86000061035156,121.48999786376953,84.55999755859375,,111.75
2014-05-14,103.33000183105469,121.7699966430664,84.58999633789062,,112.95999908447266
2014-05-15,103.69999694824219,121.94999694824219,84.5999984741211,,113.86000061035156
2014-05-16,103.4800033569336,121.8499984741211,84.61000061035156,,113.54000091552734
2014-05-19,103.3499984741211,121.87000274658203,84.62999725341797,,112.69999694824219
2014-05-20,103.6500015258789,122.06999969482422,84.63999938964844,,112.94999694824219
2014-05-21,103.48999786376953,121.98999786376953,84.63999938964844,,112.26000213623047
2014-05-22,103.37999725341797,121.86000061035156,84.62000274658203,,112.0999984741211
2014-05-23,103.58999633789062,121.97000122070312,84.5999984741211,,112.69999694824219
2014-05-27,103.62000274658203,122.02999877929688,84.62000274658203,,113.36000061035156
2014-05-28,104.19000244140625,122.30999755859375,84.63999938964844,,114.76000213623047
2014-05-29,104.05999755859375,122.22000122070312,84.62999725341797,,114.1500015258789
2014-05-30,103.9800033569336,122.11000061035156,84.6500015258789,,114.0999984741211
2014-06-02,103.33000183105469,121.69000244140625,84.56999969482422,,112.95999908447266
2014-06-03,102.80999755859375,121.43000030517578,84.55000305175781,,111.56999969482422
2014-06-04,102.7300033569336,121.44000244140625,84.58000183105469,,111.54000091552734
2014-06-05,102.87999725341797,121.52999877929688,84.58999633789062,,111.58999633789062
2014-06-06,102.80000305175781,121.41999816894531,84.56999969482422,,111.58999633789062
2014-06-09,102.6500015258789,121.26000213623047,84.51000213623047,,111.43000030517578
2014-06-10,102.47000122070312,121.12999725341797,84.48999786376953,,111.0199966430664
2014-06-11,102.61000061035156,121.2300033569336,84.5199966430664,,111.22000122070312
2014-06-12,103.01000213623047,121.47000122070312,84.55000305175781,,112.20999908447266
2014-06-13,102.80999755859375,121.29000091552734,84.5,,112.1500015258789
2014-06-16,102.80999755859375,121.25,84.4800033569336,,112.43000030517578
2014-06-17,102.37999725341797,120.93000030517578,84.41000366210938,,111.54000091552734
2014-06-18,102.91999816894531,121.29000091552734,84.4800033569336,,112.4000015258789
2014-06-19,102.66000366210938,121.27999877929688,84.47000122070312,,110.95999908447266
2014-06-20,102.77999877929688,121.25,84.47000122070312,,111.80000305175781
2014-06-23,102.70999908447266,121.22000122070312,84.47000122070312,,111.44999694824219
2014-06-24,103.12999725341797,121.37999725341797,84.5,,112.58000183105469
2014-06-25,103.2300033569336,121.5199966430664,84.51000213623047,,112.87000274658203
2014-06-26,103.5,121.66999816894531,84.52999877929688,,113.41000366210938
2014-06-27,103.5,121.73999786376953,84.55000305175781,,113.23999786376953
2014-06-30,103.58000183105469,121.80000305175781,84.55999755859375,,113.5199966430664
2014-07-01,103.05000305175781,121.48999786376953,84.5,,112.27999877929688
2014-07-02,102.62999725341797,121.22000122070312,84.47000122070312,,111.08000183105469
2014-07-03,102.41999816894531,121.05999755859375,84.45999908447266,,110.68000030517578
2014-07-07,102.66999816894531,121.11000061035156,84.44000244140625,,111.48999786376953
2014-07-08,103.13999938964844,121.30000305175781,84.45999908447266,,112.73999786376953
2014-07-09,103.16000366210938,121.37000274658203,84.47000122070312,,112.83000183105469
2014-07-10,103.37999725341797,121.54000091552734,84.51000213623047,,112.86000061035156
2014-07-11,103.55000305175781,121.63999938964844,84.52999877929688,,113.58000183105469
2014-07-14,103.31999969482422,121.4800033569336,84.5199966430664,,113.08999633789062
2014-07-15,103.2300033569336,121.37000274658203,84.4800033569336,,112.86000061035156
2014-07-16,103.37999725341797,121.3499984741211,84.47000122070312,,113.45999908447266
2014-07-17,103.9800033569336,121.69000244140625,84.54000091552734,,114.88999938964844
2014-07-18,103.7699966430664,121.48999786376953,84.47000122070312,,114.5199966430664
2014-07-21,103.80000305175781,121.45999908447266,84.4800033569336,,115.08999633789062
2014-07-22,103.93000030517578,121.5999984741211,84.4800033569336,,115.33000183105469
2014-07-23,103.91999816894531,121.62999725341797,84.51000213623047,,115.18000030517578
2014-07-24,103.5,121.30999755859375,84.4800033569336,,114.31999969482422
2014-07-25,103.9000015258789,121.4800033569336,84.48999786376953,,115.66999816894531
2014-07-28,103.77999877929688,121.41000366210938,84.44999694824219,,115.51000213623047
2014-07-29,103.91999816894531,121.44999694824219,84.47000122070312,,115.93000030517578
2014-07-30,103.19000244140625,121.06999969482422,84.43000030517578,,114.31999969482422
2014-07-31,103.16000366210938,121.11000061035156,84.47000122070312,,113.9800033569336
2014-08-01,103.56999969482422,121.48999786376953,84.55000305175781,,114.55999755859375
2014-08-04,103.62999725341797,121.5999984741211,84.55000305175781,,114.26000213623047
2014-08-05,103.68000030517578,121.58000183105469,84.55000305175781,,114.62999725341797
2014-08-06,103.7699966430664,121.62999725341797,84.56999969482422,,114.69999694824219
2014-08-07,104.23999786376953,121.87000274658203,84.61000061035156,,115.7699966430664
2014-08-08,104.1500015258789,121.80000305175781,84.55999755859375,,115.5199966430664
2014-08-11,104.0999984741211,121.81999969482422,84.55999755859375,,115.51000213623047
2014-08-12,103.94999694824219,121.77999877929688,84.55999755859375,,114.76000213623047
2014-08-13,104.29000091552734,122.01000213623047,84.5999984741211,,115.51000213623047
2014-08-14,104.5,122.08000183105469,84.62000274658203,,116.44000244140625
2014-08-15,104.91999816894531,122.20999908447266,84.62000274658203,,117.70999908447266
2014-08-18,104.58999633789062,122.08000183105469,84.62000274658203,,116.54000091552734
2014-08-19,104.4800033569336,122.05999755859375,84.62000274658203,,116.18000030517578
2014-08-20,104.16999816894531,121.7699966430664,84.54000091552734,,115.98999786376953
2014-08-21,104.38999938964844,121.83999633789062,84.54000091552734,,116.63999938964844
2014-08-22,104.4000015258789,121.73999786376953,84.5199966430664,,117.29000091552734
2014-08-25,104.4800033569336,121.68000030517578,84.48999786376953,,117.7300033569336
2014-08-26,104.45999908447266,121.7699966430664,84.5199966430664,,117.3499984741211
2014-08-27,104.75,121.87999725341797,84.54000091552734,,118.3499984741211
2014-08-28,104.88999938964844,122.0,84.55999755859375,,118.97000122070312
2014-08-29,104.9000015258789,122.08000183105469,84.5999984741211,,119.05000305175781
2014-09-02,104.05000305175781,121.55999755859375,84.5,,116.7300033569336
2014-09-03,104.19999694824219,121.63999938964844,84.5199966430664,,117.37999725341797
2014-09-04,103.83000183105469,121.4800033569336,84.51000213623047,,115.94999694824219
2014-09-05,103.86000061035156,121.58000183105469,84.54000091552734,,115.7300033569336
2014-09-08,103.75,121.41999816894531,84.48999786376953,,115.77999877929688
2014-09-09,103.51000213623047,121.22000122070312,84.44000244140625,,115.69000244140625
2014-09-10,103.25,121.11000061035156,84.44999694824219,,114.95999908447266
2014-09-11,103.12000274658203,121.08000183105469,84.45999908447266,,114.58000183105469
2014-09-12,102.7300033569336,120.93000030517578,84.44000244140625,,113.37999725341797
2014-09-15,102.91999816894531,121.05999755859375,84.4800033569336,,113.55000305175781
2014-09-16,102.88999938964844,121.13999938964844,84.52999877929688,,113.08999633789062
2014-09-17,102.62999725341797,120.87999725341797,84.44000244140625,,112.80000305175781
2014-09-18,102.55999755859375,120.79000091552734,84.44999694824219,,113.16000366210938
2014-09-19,102.94999694824219,120.94000244140625,84.44000244140625,,114.5999984741211
2014-09-22,103.16999816894531,121.16000366210938,84.5,,114.73999786376953
2014-09-23,103.38999938964844,121.25,84.5199966430664,,115.44999694824219
2014-09-24,103.0999984741211,121.08999633789062,84.48999786376953,,114.80999755859375
2014-09-25,103.5999984741211,121.4000015258789,84.55000305175781,,116.16999816894531
2014-09-26,103.37999725341797,121.19000244140625,84.51000213623047,,116.0
2014-09-29,103.70999908447266,121.36000061035156,84.52999877929688,,116.93000030517578
2014-09-30,103.62000274658203,121.31999969482422,84.51000213623047,,116.2699966430664
2014-10-01,104.30000305175781,121.7300033569336,84.56999969482422,,118.2300033569336
2014-10-02,103.98999786376953,121.58999633789062,84.55999755859375,,117.19999694824219
2014-10-03,103.95999908447266,121.47000122070312,84.4800033569336,,117.69999694824219
2014-10-06,104.12999725341797,121.6500015258789,84.55999755859375,,117.7699966430664
2014-10-07,104.73999786376953,122.0199966430664,84.61000061035156,,119.36000061035156
2014-10-08,105.11000061035156,122.45999908447266,84.69999694824219,,119.38999938964844
2014-10-09,104.93000030517578,122.30999755859375,84.69999694824219,,118.87000274658203
2014-10-10,105.33999633789062,122.47000122070312,84.73999786376953,,120.05000305175781
2014-10-13,105.88999938964844,122.95999908447266,84.7699966430664,,120.77999877929688
2014-10-14,106.0999984741211,123.04000091552734,84.81999969482422,,121.56999969482422
2014-10-15,106.69999694824219,123.58999633789062,84.93000030517578,,122.52999877929688
2014-10-16,106.41000366210938,123.37999725341797,84.87999725341797,,121.75
2014-10-17,106.0999984741211,123.12999725341797,84.83000183105469,,121.06999969482422
2014-10-20,106.25,123.2699966430664,84.87999725341797,,121.51000213623047
2014-10-21,105.95999908447266,123.13999938964844,84.86000061035156,,120.54000091552734
2014-10-22,105.93000030517578,123.11000061035156,84.83999633789062,,120.66999816894531
2014-10-23,105.48999786376953,122.81999969482422,84.80000305175781,,119.5999984741211
2014-10-24,105.58000183105469,122.83000183105469,84.81999969482422,,119.72000122070312
2014-10-27,105.69000244140625,122.91999816894531,84.81999969482422,,119.94000244140625
2014-10-28,105.43000030517578,122.7699966430664,84.80000305175781,,119.19000244140625
2014-10-29,105.08000183105469,122.3499984741211,84.69000244140625,,119.45999908447266
2014-10-30,105.19000244140625,122.45999908447266,84.72000122070312,,119.55999755859375
2014-10-31,105.0199966430664,122.3499984741211,84.69999694824219,,119.25
2014-11-03,104.80000305175781,122.11000061035156,84.66000366210938,,118.95999908447266
2014-11-04,104.79000091552734,122.11000061035156,84.6500015258789,,119.33000183105469
2014-11-05,104.81999969482422,122.12000274658203,84.62999725341797,,119.16000366210938
2014-11-06,104.5,121.95999908447266,84.61000061035156,,118.38999938964844
2014-11-07,105.16999816894531,122.38999938964844,84.66999816894531,,119.75
2014-11-10,104.73999786376953,122.12000274658203,84.61000061035156,,118.6500015258789
2014-11-11,104.75,122.11000061035156,84.5999984741211,,118.7300033569336
2014-11-12,104.70999908447266,122.1500015258789,84.62999725341797,,118.62999725341797
2014-11-13,104.87999725341797,122.2300033569336,84.6500015258789,,118.91000366210938
2014-11-14,105.0999984741211,122.36000061035156,84.69000244140625,,119.48999786376953
2014-11-17,104.9800033569336,122.30000305175781,84.68000030517578,,119.19000244140625
2014-11-18,105.0999984741211,122.38999938964844,84.66999816894531,,119.5199966430664
2014-11-19,104.81999969482422,122.22000122070312,84.66000366210938,,118.76000213623047
2014-11-20,105.01000213623047,122.33000183105469,84.68000030517578,,119.37999725341797
2014-11-21,105.22000122070312,122.45999908447266,84.69999694824219,,120.0999984741211
2014-11-24,105.33999633789062,122.54000091552734,84.70999908447266,,120.19999694824219
2014-11-25,105.5999984741211,122.66999816894531,84.72000122070312,,121.19999694824219
2014-11-26,105.77999877929688,122.81999969482422,84.7300033569336,,121.52999877929688
2014-11-28,106.19000244140625,123.04000091552734,84.76000213623047,,122.48999786376953
2014-12-01,105.75,122.8499984741211,84.7300033569336,,121.5
2014-12-02,105.27999877929688,122.4800033569336,84.68000030517578,,120.31999969482422
2014-12-03,105.31999969482422,122.43000030517578,84.63999938964844,,120.79000091552734
2014-12-04,105.69000244140625,122.58999633789062,84.69000244140625,,121.80000305175781
2014-12-05,105.0999984741211,122.05000305175781,84.52999877929688,,121.08999633789062
2014-12-08,105.44999694824219,122.1500015258789,84.5199966430664,,122.56999969482422
2014-12-09,105.83999633789062,122.38999938964844,84.55000305175781,,123.19999694824219
2014-12-10,106.31999969482422,122.76000213623047,84.62000274658203,,124.0999984741211
2014-12-11,106.13999938964844,122.52999877929688,84.58000183105469,,124.61000061035156
2014-12-12,107.01000213623047,123.04000091552734,84.66000366210938,,126.30000305175781
2014-12-15,106.62000274658203,122.69999694824219,84.5999984741211,,126.04000091552734
2014-12-16,107.16000366210938,123.05999755859375,84.6500015258789,,127.5999984741211
2014-12-17,106.41999816894531,122.48999786376953,84.56999969482422,,126.44999694824219
2014-12-18,105.81999969482422,122.19000244140625,84.5199966430664,,124.19999694824219
2014-12-19,106.20999908447266,122.33999633789062,84.45999908447266,,125.87000274658203
2014-12-22,106.20999908447266,122.30000305175781,84.4800033569336,,126.04000091552734
2014-12-23,105.33000183105469,121.87999725341797,84.38999938964844,,123.54000091552734
2014-12-24,105.25,121.75,84.4000015258789,,123.94999694824219
2014-12-26,105.38999938964844,121.76000213623047,84.37000274658203,,124.41000366210938
2014-12-29,105.75,122.0,84.44999694824219,,125.33999633789062
2014-12-30,105.87000274658203,122.16999816894531,84.4800033569336,,125.68000030517578
2014-12-31,105.98999786376953,122.30999755859375,84.44999694824219,,125.91999816894531
2015-01-02,106.52999877929688,122.58000183105469,84.54000091552734,,127.31999969482422
2015-01-05,107.18000030517578,122.86000061035156,84.54000091552734,,129.32000732421875
2015-01-06,107.9000015258789,123.23999786376953,84.58000183105469,,131.64999389648438
2015-01-07,107.87999725341797,123.3499984741211,84.62000274658203,,131.38999938964844
2015-01-08,107.44000244140625,123.19999694824219,84.61000061035156,,129.64999389648438
2015-01-09,107.97000122070312,123.55999755859375,84.68000030517578,,131.07000732421875
2015-01-12,108.3499984741211,123.83000183105469,84.7300033569336,,131.82000732421875
2015-01-13,108.44999694824219,123.94999694824219,84.77999877929688,,131.82000732421875
2015-01-14,108.94999694824219,124.27999877929688,84.83000183105469,,132.82000732421875
2015-01-15,109.87999725341797,124.97000122070312,84.95999908447266,,134.91000366210938
2015-01-16,109.06999969482422,124.41000366210938,84.87999725341797,,133.19000244140625
2015-01-20,109.31999969482422,124.44000244140625,84.83999633789062,,134.9600067138672
2015-01-21,108.80000305175781,124.16000366210938,84.83999633789062,,133.39999389648438
2015-01-22,108.52999877929688,123.9800033569336,84.80999755859375,,132.9199981689453
2015-01-23,109.23999786376953,124.3499984741211,84.8499984741211,,134.77000427246094
2015-01-26,108.98999786376953,124.16000366210938,84.80000305175781,,134.36000061035156
2015-01-27,109.13999938964844,124.27999877929688,84.8499984741211,,134.57000732421875
2015-01-28,109.9800033569336,124.7300033569336,84.91000366210938,,136.77000427246094
2015-01-29,109.58999633789062,124.55000305175781,84.87999725341797,,135.8699951171875
2015-01-30,110.55000305175781,125.13999938964844,84.9800033569336,,138.27999877929688
2015-02-02,110.2300033569336,124.93000030517578,84.91999816894531,,137.47999572753906
2015-02-03,109.30000305175781,124.41999816894531,84.8499984741211,,134.57000732421875
2015-02-04,109.4800033569336,124.48999786376953,84.86000061035156,,134.8000030517578
2015-02-05,109.08000183105469,124.31999969482422,84.83000183105469,,133.32000732421875
2015-02-06,107.86000061035156,123.33999633789062,84.62999725341797,,130.9600067138672
2015-02-09,107.80999755859375,123.27999877929688,84.62000274658203,,130.75
2015-02-10,107.54000091552734,123.12000274658203,84.5999984741211,,129.7100067138672
2015-02-11,107.5,123.08999633789062,84.61000061035156,,129.9499969482422
2015-02-12,107.54000091552734,123.2300033569336,84.63999938964844,,129.52000427246094
2015-02-13,107.18000030517578,123.08999633789062,84.63999938964844,,128.19000244140625
2015-02-17,106.41999816894531,122.63999938964844,84.5999984741211,,126.26000213623047
2015-02-18,106.93000030517578,123.08000183105469,84.69999694824219,,127.01000213623047
2015-02-19,106.66000366210938,122.86000061035156,84.6500015258789,,126.16999816894531
2015-02-20,106.5999984741211,122.7699966430664,84.63999938964844,,126.54000091552734
2015-02-23,107.08999633789062,123.05999755859375,84.68000030517578,,127.98999786376953
2015-02-24,107.80000305175781,123.54000091552734,84.75,,129.6699981689453
2015-02-25,107.9000015258789,123.58999633789062,84.75,,130.22999572753906
2015-02-26,107.26000213623047,123.11000061035156,84.66999816894531,,128.4499969482422
2015-02-27,107.63999938964844,123.33000183105469,84.69999694824219,,129.52999877929688
2015-03-02,106.66999816894531,122.79000091552734,84.5999984741211,,126.87000274658203
2015-03-03,106.44000244140625,122.63999938964844,84.58000183105469,,126.41000366210938
2015-03-04,106.5199966430664,122.76000213623047,84.5999984741211,,126.44999694824219
2015-03-05,106.58000183105469,122.86000061035156,84.62999725341797,,126.29000091552734
2015-03-06,105.48999786376953,122.16999816894531,84.54000091552734,,123.5
2015-03-09,105.9800033569336,122.47000122070312,84.58000183105469,,124.63999938964844
2015-03-10,106.43000030517578,122.69999694824219,84.5999984741211,,126.27999877929688
2015-03-11,106.62000274658203,122.7699966430664,84.5999984741211,,127.19999694824219
2015-03-12,106.72000122070312,122.87000274658203,84.62000274658203,,127.11000061035156
2015-03-13,106.55999755859375,122.83999633789062,84.62999725341797,,126.72000122070312
2015-03-16,106.93000030517578,123.0,84.63999938964844,,127.94000244140625
2015-03-17,107.1500015258789,123.08999633789062,84.62000274658203,,129.0
2015-03-18,108.37999725341797,123.97000122070312,84.81999969482422,,131.49000549316406
2015-03-19,107.87000274658203,123.5199966430664,84.70999908447266,,130.82000732421875
2015-03-20,108.30999755859375,123.91000366210938,84.7699966430664,,131.50999450683594
2015-03-23,108.44999694824219,124.0,84.80000305175781,,131.35000610351562
2015-03-24,108.77999877929688,124.19999694824219,84.83000183105469,,132.6199951171875
2015-03-25,108.30999755859375,123.94000244140625,84.80999755859375,,131.5
2015-03-26,107.69999694824219,123.6500015258789,84.7699966430664,,129.4499969482422
2015-03-27,108.12000274658203,123.86000061035156,84.81999969482422,,131.05999755859375
2015-03-30,108.11000061035156,123.94000244140625,84.80999755859375,,130.41000366210938
2015-03-31,108.38999938964844,124.16999816894531,84.87999725341797,,130.69000244140625
2015-04-01,108.7300033569336,124.29000091552734,84.87999725341797,,132.1300048828125
2015-04-02,108.41999816894531,124.19999694824219,84.87000274658203,,130.72999572753906
2015-04-06,108.55999755859375,124.44999694824219,84.94000244140625,,130.0
2015-04-07,108.6500015258789,124.33000183105469,84.87999725341797,,131.08999633789062
2015-04-08,108.55000305175781,124.29000091552734,84.87999725341797,,131.1300048828125
2015-04-09,108.11000061035156,124.0199966430664,84.8499984741211,,129.42999267578125
2015-04-10,108.08000183105469,123.9800033569336,84.83000183105469,,129.6199951171875
2015-04-13,108.30000305175781,124.1500015258789,84.87999725341797,,129.8000030517578
2015-04-14,108.62000274658203,124.33000183105469,84.91999816894531,,130.72000122070312
2015-04-15,108.68000030517578,124.38999938964844,84.91999816894531,,130.61000061035156
2015-04-16,108.76000213623047,124.55999755859375,84.95999908447266,,129.9600067138672
2015-04-17,108.9800033569336,124.5199966430664,84.91999816894531,,131.4499969482422
2015-04-20,108.77999877929688,124.4800033569336,84.91000366210938,,130.2899932861328
2015-04-21,108.55000305175781,124.38999938964844,84.91999816894531,,129.6999969482422
2015-04-22,107.91999816894531,124.0199966430664,84.8499984741211,,127.72000122070312
2015-04-23,108.25,124.19999694824219,84.88999938964844,,128.27000427246094
2015-04-24,108.62999725341797,124.48999786376953,84.91999816894531,,129.07000732421875
2015-04-27,108.45999908447266,124.3499984741211,84.91000366210938,,129.07000732421875
2015-04-28,107.95999908447266,124.05000305175781,84.87000274658203,,127.29000091552734
2015-04-29,107.55999755859375,123.93000030517578,84.87999725341797,,125.7300033569336
2015-04-30,107.52999877929688,123.9000015258789,84.87000274658203,,125.94999694824219
2015-05-01,106.77999877929688,123.37000274658203,84.80000305175781,,124.0
2015-05-04,106.55999755859375,123.33999633789062,84.80000305175781,,122.83000183105469
2015-05-05,106.37999725341797,123.2300033569336,84.77999877929688,,122.66000366210938
2015-05-06,105.86000061035156,122.9800033569336,84.75,,120.55999755859375
2015-05-07,106.30999755859375,123.12000274658203,84.72000122070312,,122.18000030517578
2015-05-08,106.72000122070312,123.52999877929688,84.83999633789062,,122.51000213623047
2015-05-11,105.66999816894531,122.9800033569336,84.76000213623047,,119.52999877929688
2015-05-12,105.75,123.02999877929688,84.7699966430664,,119.83999633789062
2015-05-13,105.61000061035156,123.04000091552734,84.80999755859375,,118.87999725341797
2015-05-14,105.97000122070312,123.3499984741211,84.88999938964844,,119.19999694824219
2015-05-15,106.7300033569336,123.66000366210938,84.88999938964844,,121.58999633789062
2015-05-18,106.01000213623047,123.31999969482422,84.83999633789062,,119.55000305175781
2015-05-19,105.54000091552734,122.91000366210938,84.79000091552734,,118.48999786376953
2015-05-20,105.7699966430664,123.12999725341797,84.81999969482422,,118.69000244140625
2015-05-21,106.4000015258789,123.44999694824219,84.8499984741211,,120.3499984741211
2015-05-22,106.16000366210938,123.29000091552734,84.79000091552734,,120.4000015258789
2015-05-26,106.81999969482422,123.4800033569336,84.80000305175781,,122.45999908447266
2015-05-27,106.76000213623047,123.45999908447266,84.80999755859375,,122.73999786376953
2015-05-28,106.86000061035156,123.5999984741211,84.8499984741211,,122.44000244140625
2015-05-29,106.91999816894531,123.68000030517578,84.87000274658203,,122.70999908447266
2015-06-01,106.27999877929688,123.25,84.77999877929688,,121.12999725341797
2015-06-02,105.54000091552734,122.91999816894531,84.7699966430664,,119.44000244140625
2015-06-03,104.63999938964844,122.45999908447266,84.73999786376953,,117.5199966430664
2015-06-04,105.1500015258789,122.69000244140625,84.75,,119.05000305175781
2015-06-05,104.38999938964844,122.19000244140625,84.66999816894531,,117.5999984741211
2015-06-08,104.54000091552734,122.38999938964844,84.72000122070312,,117.47000122070312
2015-06-09,104.19999694824219,122.1500015258789,84.68000030517578,,116.54000091552734
2015-06-10,103.80000305175781,121.91999816894531,84.66000366210938,,115.5199966430664
2015-06-11,104.62000274658203,122.33000183105469,84.68000030517578,,117.94999694824219
2015-06-12,104.55999755859375,122.27999877929688,84.66000366210938,,117.94999694824219
2015-06-15,104.80999755859375,122.48999786376953,84.69999694824219,,118.13999938964844
2015-06-16,105.20999908447266,122.68000030517578,84.7300033569336,,119.06999969482422
2015-06-17,105.2699966430664,122.9000015258789,84.79000091552734,,118.1500015258789
2015-06-18,105.19000244140625,122.87999725341797,84.80999755859375,,117.56999969482422
2015-06-19,105.75,123.19000244140625,84.83000183105469,,119.08000183105469
2015-06-22,104.86000061035156,122.70999908447266,84.7699966430664,,116.6500015258789
2015-06-23,104.54000091552734,122.55999755859375,84.75,,115.94999694824219
2015-06-24,104.8499984741211,122.73999786376953,84.79000091552734,,116.94999694824219
2015-06-25,104.58999633789062,122.52999877929688,84.7699966430664,,116.54000091552734
2015-06-26,104.08999633789062,122.33000183105469,84.72000122070312,,115.2300033569336
2015-06-29,105.30000305175781,123.04000091552734,84.86000061035156,,118.27999877929688
2015-06-30,105.01000213623047,122.95999908447266,84.86000061035156,,117.45999908447266
2015-07-01,104.30000305175781,122.48999786376953,84.75,,115.62000274658203
2015-07-02,104.66999816894531,122.8499984741211,84.87999725341797,,116.0
2015-07-06,105.41000366210938,123.2699966430664,84.9000015258789,,118.1500015258789
2015-07-07,105.69000244140625,123.41000366210938,84.88999938964844,,119.26000213623047
2015-07-08,106.11000061035156,123.62000274658203,84.9800033569336,,120.29000091552734
2015-07-09,105.37000274658203,123.20999908447266,84.91999816894531,,117.91999816894531
2015-07-10,104.63999938964844,122.79000091552734,84.83999633789062,,116.05000305175781
2015-07-13,104.36000061035156,122.55999755859375,84.80000305175781,,115.69000244140625
2015-07-14,104.69000244140625,122.79000091552734,84.83999633789062,,116.06999969482422
2015-07-15,105.08999633789062,123.02999877929688,84.87000274658203,,117.30000305175781
2015-07-16,105.05000305175781,122.91999816894531,84.83000183105469,,118.11000061035156
2015-07-17,105.05999755859375,122.83999633789062,84.80999755859375,,118.72000122070312
2015-07-20,104.8499984741211,122.6500015258789,84.76000213623047,,118.22000122070312
2015-07-21,105.13999938964844,122.83000183105469,84.7699966430664,,118.86000061035156
2015-07-22,105.2699966430664,122.81999969482422,84.76000213623047,,119.5999984741211
2015-07-23,105.69999694824219,123.05999755859375,84.7699966430664,,121.08999633789062
2015-07-24,105.80000305175781,123.12999725341797,84.79000091552734,,121.38999938964844
2015-07-27,106.1500015258789,123.43000030517578,84.8499984741211,,122.04000091552734
2015-07-28,105.8499984741211,123.31999969482422,84.83000183105469,,121.1500015258789
2015-07-29,105.69999694824219,123.18000030517578,84.80999755859375,,120.69999694824219
2015-07-30,105.81999969482422,123.18000030517578,84.7699966430664,,121.62999725341797
2015-07-31,106.44000244140625,123.6500015258789,84.86000061035156,,122.52999877929688
2015-08-03,106.5999984741211,123.5999984741211,84.8499984741211,,123.55000305175781
2015-08-04,106.05000305175781,123.13999938964844,84.72000122070312,,122.56999969482422
2015-08-05,105.63999938964844,122.91000366210938,84.7300033569336,,121.6500015258789
2015-08-06,106.01000213623047,123.08999633789062,84.75,,122.7300033569336
2015-08-07,106.43000030517578,123.30000305175781,84.70999908447266,,124.33999633789062
2015-08-10,105.98999786376953,123.12999725341797,84.70999908447266,,122.80000305175781
2015-08-11,106.69000244140625,123.58000183105469,84.81999969482422,,124.75
2015-08-12,106.6500015258789,123.63999938964844,84.81999969482422,,124.06999969482422
2015-08-13,106.37000274658203,123.33999633789062,84.75,,123.66999816894531
2015-08-14,106.26000213623047,123.2300033569336,84.70999908447266,,123.95999908447266
2015-08-17,106.44999694824219,123.41999816894531,84.76000213623047,,124.5199966430664
2015-08-18,106.27999877929688,123.33999633789062,84.75,,123.54000091552734
2015-08-19,106.93000030517578,123.79000091552734,84.83000183105469,,124.76000213623047
2015-08-20,107.22000122070312,123.86000061035156,84.80000305175781,,126.0199966430664
2015-08-21,107.6500015258789,124.1500015258789,84.88999938964844,,126.4000015258789
2015-08-24,107.83000183105469,124.44999694824219,84.93000030517578,,126.36000061035156
2015-08-25,107.23999786376953,124.08000183105469,84.88999938964844,,124.33000183105469
2015-08-26,106.58000183105469,123.76000213623047,84.83999633789062,,121.93000030517578
2015-08-27,106.5199966430664,123.7300033569336,84.8499984741211,,122.0
2015-08-28,106.54000091552734,123.6500015258789,84.80999755859375,,122.36000061035156
2015-08-31,106.36000061035156,123.44999694824219,84.77999877929688,,121.41999816894531
2015-09-01,106.66999816894531,123.58999633789062,84.7699966430664,,122.02999877929688
2015-09-02,106.37999725341797,123.52999877929688,84.79000091552734,,120.9800033569336
2015-09-03,106.63999938964844,123.69999694824219,84.79000091552734,,121.56999969482422
2015-09-04,106.97000122070312,123.80000305175781,84.80000305175781,,122.68000030517578
2015-09-08,106.5,123.5199966430664,84.7699966430664,,120.87000274658203
2015-09-09,106.54000091552734,123.58000183105469,84.75,,121.44999694824219
2015-09-10,106.30000305175781,123.5,84.77999877929688,,120.62999725341797
2015-09-11,106.58000183105469,123.69000244140625,84.80999755859375,,121.38999938964844
2015-09-14,106.68000030517578,123.76000213623047,84.79000091552734,,121.58000183105469
2015-09-15,105.83999633789062,123.22000122070312,84.66999816894531,,119.25
2015-09-16,105.80999755859375,123.19999694824219,84.66000366210938,,118.80000305175781
2015-09-17,106.69000244140625,123.88999938964844,84.8499984741211,,120.25
2015-09-18,107.19000244140625,124.1500015258789,84.88999938964844,,122.0999984741211
2015-09-21,106.58000183105469,123.83000183105469,84.83999633789062,,120.11000061035156
2015-09-22,107.11000061035156,124.1500015258789,84.88999938964844,,121.77999877929688
2015-09-23,106.98999786376953,124.05999755859375,84.86000061035156,,121.7699966430664
2015-09-24,107.1500015258789,124.18000030517578,84.91000366210938,,122.5999984741211
2015-09-25,106.87000274658203,124.04000091552734,84.87000274658203,,121.54000091552734
2015-09-28,107.4800033569336,124.3499984741211,84.93000030517578,,123.62000274658203
2015-09-29,107.8499984741211,124.55999755859375,84.97000122070312,,123.97000122070312
2015-09-30,107.87000274658203,124.6500015258789,84.98999786376953,,123.54000091552734
2015-10-01,107.79000091552734,124.52999877929688,84.94999694824219,,123.80999755859375
2015-10-02,108.30999755859375,124.97000122070312,85.06999969482422,,124.55999755859375
2015-10-05,107.70999908447266,124.66000366210938,85.01000213623047,,122.87000274658203
2015-10-06,107.93000030517578,124.76000213623047,85.0,,123.4000015258789
2015-10-07,107.66000366210938,124.55000305175781,84.9800033569336,,122.98999786376953
2015-10-08,107.37999725341797,124.37999725341797,84.95999908447266,,121.95999908447266
2015-10-09,107.44000244140625,124.33000183105469,84.95999908447266,,122.27999877929688
2015-10-12,107.80000305175781,124.56999969482422,84.94000244140625,,123.20999908447266
2015-10-13,107.9000015258789,124.6500015258789,84.97000122070312,,123.41999816894531
2015-10-14,108.48999786376953,125.12000274658203,85.08999633789062,,124.5
2015-10-15,108.12000274658203,124.81999969482422,85.04000091552734,,123.88999938964844
2015-10-16,108.02999877929688,124.73999786376953,85.0,,123.93000030517578
2015-10-19,107.9800033569336,124.75,85.02999877929688,,123.58999633789062
2015-10-20,107.61000061035156,124.51000213623047,84.9800033569336,,122.83000183105469
2015-10-21,107.9800033569336,124.62000274658203,85.01000213623047,,124.05000305175781
2015-10-22,108.08999633789062,124.7699966430664,85.04000091552734,,124.26000213623047
2015-10-23,107.4800033569336,124.37000274658203,84.97000122070312,,123.19999694824219
2015-10-26,107.76000213623047,124.5,84.97000122070312,,124.0199966430664
2015-10-27,108.02999877929688,124.66999816894531,85.0,,124.33000183105469
2015-10-28,107.47000122070312,124.18000030517578,84.88999938964844,,123.83000183105469
2015-10-29,106.80999755859375,123.8499984741211,84.83000183105469,,121.86000061035156
2015-10-30,107.0199966430664,123.91000366210938,84.83000183105469,,122.77999877929688
2015-11-02,106.55000305175781,123.51000213623047,84.73999786376953,,121.94999694824219
2015-11-03,106.2699966430664,123.38999938964844,84.7300033569336,,120.94999694824219
2015-11-04,106.16000366210938,123.1500015258789,84.63999938964844,,121.08999633789062
2015-11-05,106.08999633789062,123.0999984741211,84.63999938964844,,120.7699966430664
2015-11-06,105.37000274658203,122.62999725341797,84.55999755859375,,119.0
2015-11-09,105.19000244140625,122.5199966430664,84.54000091552734,,118.33000183105469
2015-11-10,105.38999938964844,122.75,84.58000183105469,,118.68000030517578
2015-11-11,105.33999633789062,122.72000122070312,84.55999755859375,,118.43000030517578
2015-11-12,105.4000015258789,122.76000213623047,84.58999633789062,,119.0
2015-11-13,105.80000305175781,123.05999755859375,84.66000366210938,,119.68000030517578
2015-11-16,105.94000244140625,123.13999938964844,84.66000366210938,,119.56999969482422
2015-11-17,105.91000366210938,123.08999633789062,84.62999725341797,,119.7699966430664
2015-11-18,105.86000061035156,122.97000122070312,84.5999984741211,,120.0199966430664
2015-11-19,106.08999633789062,123.08000183105469,84.58000183105469,,120.81999969482422
2015-11-20,105.94999694824219,123.01000213623047,84.58000183105469,,120.44999694824219
2015-11-23,106.08999633789062,123.08000183105469,84.56999969482422,,120.81999969482422
2015-11-24,106.19000244140625,123.16000366210938,84.56999969482422,,120.80999755859375
2015-11-25,106.25,123.1500015258789,84.58000183105469,,121.08999633789062
2015-11-27,106.36000061035156,123.25,84.5999984741211,,120.97000122070312
2015-11-30,106.4000015258789,123.25,84.56999969482422,,121.44999694824219
2015-12-01,106.80000305175781,123.43000030517578,84.58000183105469,,122.83000183105469
2015-12-02,106.5,123.19000244140625,84.51000213623047,,122.87000274658203
2015-12-03,105.37999725341797,122.63999938964844,84.51000213623047,,119.52999877929688
2015-12-04,105.7699966430664,122.80999755859375,84.52999877929688,,120.58000183105469
2015-12-07,106.11000061035156,122.9800033569336,84.5199966430664,,121.75
2015-12-08,106.16999816894531,123.05999755859375,84.51000213623047,,121.80999755859375
2015-12-09,106.33000183105469,123.22000122070312,84.54000091552734,,121.68000030517578
2015-12-10,106.0999984741211,123.04000091552734,84.48999786376953,,121.83999633789062
2015-12-11,106.94999694824219,123.58999633789062,84.58999633789062,,123.76000213623047
2015-12-14,106.16000366210938,123.12000274658203,84.48999786376953,,122.16000366210938
2015-12-15,105.88999938964844,122.9000015258789,84.4800033569336,,121.44000244140625
2015-12-16,105.61000061035156,122.69000244140625,84.41000366210938,,121.18000030517578
2015-12-17,106.05000305175781,122.86000061035156,84.41000366210938,,122.55000305175781
2015-12-18,106.43000030517578,123.12999725341797,84.5199966430664,,123.2300033569336
2015-12-21,106.4800033569336,123.16999816894531,84.51000213623047,,123.19999694824219
2015-12-22,106.18000030517578,122.95999908447266,84.48999786376953,,122.30999755859375
2015-12-23,105.94000244140625,122.80999755859375,84.45999908447266,,121.38999938964844
2015-12-24,105.97000122070312,122.7300033569336,84.44999694824219,,121.83000183105469
2015-12-28,105.98999786376953,122.77999877929688,84.4000015258789,,122.19000244140625
2015-12-29,105.43000030517578,122.44999694824219,84.37999725341797,,120.16000366210938
2015-12-30,105.47000122070312,122.4800033569336,84.4000015258789,,120.04000091552734
2015-12-31,105.58999633789062,122.61000061035156,84.36000061035156,,120.58000183105469
2016-01-04,106.04000091552734,122.86000061035156,84.47000122070312,,121.44999694824219
2016-01-05,106.01000213623047,122.91000366210938,84.41999816894531,,120.95999908447266
2016-01-06,106.6500015258789,123.2699966430664,84.47000122070312,,122.58999633789062
2016-01-07,106.87999725341797,123.55000305175781,84.5,,122.80999755859375
2016-01-08,107.1500015258789,123.80000305175781,84.55999755859375,,123.36000061035156
2016-01-11,106.80999755859375,123.6500015258789,84.58999633789062,,122.01000213623047
2016-01-12,107.29000091552734,123.87999725341797,84.5999984741211,,123.7699966430664
2016-01-13,107.70999908447266,124.12999725341797,84.6500015258789,,124.98999786376953
2016-01-14,107.48999786376953,124.0999984741211,84.66999816894531,,123.81999969482422
2016-01-15,107.98999786376953,124.44000244140625,84.73999786376953,,125.75
2016-01-19,107.8499984741211,124.31999969482422,84.7300033569336,,125.36000061035156
2016-01-20,108.37999725341797,124.6500015258789,84.79000091552734,,126.68000030517578
2016-01-21,108.11000061035156,124.52999877929688,84.77999877929688,,125.81999969482422
2016-01-22,107.87000274658203,124.3499984741211,84.75,,125.33999633789062
2016-01-25,108.2300033569336,124.4800033569336,84.75,,126.0199966430664
2016-01-26,108.30999755859375,124.58999633789062,84.79000091552734,,126.08000183105469
2016-01-27,108.38999938964844,124.66999816894531,84.80999755859375,,126.05000305175781
2016-01-28,108.52999877929688,124.81999969482422,84.80999755859375,,126.2300033569336
2016-01-29,109.11000061035156,125.23999786376953,84.91000366210938,,127.30000305175781
2016-02-01,108.69999694824219,124.87000274658203,84.81999969482422,,126.66999816894531
2016-02-02,109.47000122070312,125.37999725341797,84.93000030517578,,129.02000427246094
2016-02-03,109.3499984741211,125.41000366210938,84.94999694824219,,127.94999694824219
2016-02-04,109.61000061035156,125.52999877929688,84.97000122070312,,128.57000732421875
2016-02-05,109.75,125.54000091552734,84.94999694824219,,128.72000122070312
2016-02-08,110.56999969482422,126.02999877929688,85.05000305175781,,131.49000549316406
2016-02-09,110.58999633789062,125.98999786376953,85.0199966430664,,131.6300048828125
2016-02-10,110.91999816894531,126.13999938964844,85.0199966430664,,132.7899932861328
2016-02-11,111.43000030517578,126.33999633789062,85.0999984741211,,133.72000122070312
2016-02-12,110.58000183105469,125.9000015258789,85.0,,131.5
2016-02-16,110.25,125.73999786376953,84.94999694824219,,130.11000061035156
2016-02-17,109.9800033569336,125.55999755859375,84.97000122070312,,129.30999755859375
2016-02-18,110.48999786376953,125.8499984741211,85.04000091552734,,130.89999389648438
2016-02-19,110.48999786376953,125.73999786376953,84.95999908447266,,131.00999450683594
2016-02-22,110.37999725341797,125.70999908447266,84.97000122070312,,130.94000244140625
2016-02-23,110.5999984741211,125.80999755859375,84.9800033569336,,131.47000122070312
2016-02-24,110.5999984741211,125.8499984741211,85.0,,131.2100067138672
2016-02-25,110.93000030517578,126.06999969482422,85.0199966430664,,131.67999267578125
2016-02-26,110.38999938964844,125.7300033569336,84.91000366210938,,130.41000366210938
2016-02-29,110.56999969482422,125.77999877929688,84.95999908447266,,130.97999572753906
2016-03-01,109.55000305175781,125.06999969482422,84.80000305175781,,128.42999267578125
2016-03-02,109.36000061035156,124.95999908447266,84.79000091552734,,128.9600067138672
2016-03-03,109.48999786376953,124.97000122070312,84.81999969482422,,129.42999267578125
2016-03-04,109.12000274658203,124.79000091552734,84.76000213623047,,128.60000610351562
2016-03-07,108.9000015258789,124.5999984741211,84.69999694824219,,128.55999755859375
2016-03-08,109.52999877929688,125.0,84.76000213623047,,129.97999572753906
2016-03-09,109.0999984741211,124.77999877929688,84.7300033569336,,129.19000244140625
2016-03-10,108.70999908447266,124.44999694824219,84.72000122070312,,128.66000366210938
2016-03-11,108.4000015258789,124.27999877929688,84.63999938964844,,127.36000061035156
2016-03-14,108.4800033569336,124.26000213623047,84.63999938964844,,127.76000213623047
2016-03-15,108.45999908447266,124.2699966430664,84.66999816894531,,127.87999725341797
2016-03-16,109.02999877929688,124.79000091552734,84.83999633789062,,128.25999450683594
2016-03-17,109.1500015258789,124.87999725341797,84.83000183105469,,128.7899932861328
2016-03-18,109.33999633789062,125.13999938964844,84.8499984741211,,129.05999755859375
2016-03-21,109.02999877929688,124.87000274658203,84.83999633789062,,128.07000732421875
2016-03-22,108.80000305175781,124.7300033569336,84.79000091552734,,128.0399932861328
2016-03-23,109.30000305175781,125.02999877929688,84.83999633789062,,129.49000549316406
2016-03-24,109.19000244140625,124.95999908447266,84.80000305175781,,129.5399932861328
2016-03-28,109.3499984741211,125.0199966430664,84.81999969482422,,129.7100067138672
2016-03-29,110.08999633789062,125.55999755859375,84.9800033569336,,131.07000732421875
2016-03-30,109.94000244140625,125.66999816894531,84.98999786376953,,129.69000244140625
2016-03-31,110.33999633789062,125.94999694824219,85.02999877929688,,130.61000061035156
2016-04-01,110.13999938964844,125.70999908447266,84.93000030517578,,130.67999267578125
2016-04-04,110.2699966430664,125.80999755859375,84.98999786376953,,130.75999450683594
2016-04-05,110.70999908447266,126.06999969482422,85.0199966430664,,132.19000244140625
2016-04-06,110.47000122070312,125.95999908447266,84.98999786376953,,131.22999572753906
2016-04-07,111.04000091552734,126.27999877929688,85.04000091552734,,132.85000610351562
2016-04-08,110.87000274658203,126.19000244140625,85.04000091552734,,132.00999450683594
2016-04-11,110.8499984741211,126.19000244140625,85.02999877929688,,131.83999633789062
2016-04-12,110.41000366210938,125.91999816894531,85.01000213623047,,130.92999267578125
2016-04-13,110.48999786376953,125.86000061035156,84.97000122070312,,131.38999938964844
2016-04-14,110.2300033569336,125.70999908447266,84.97000122070312,,130.75999450683594
2016-04-15,110.55999755859375,125.91999816894531,85.02999877929688,,131.8800048828125
2016-04-18,110.44999694824219,125.86000061035156,85.0199966430664,,131.30999755859375
2016-04-19,110.2699966430664,125.70999908447266,84.98999786376953,,130.89999389648438
2016-04-20,109.70999908447266,125.43000030517578,84.93000030517578,,129.4600067138672
2016-04-21,109.52999877929688,125.25,84.91000366210938,,128.69000244140625
2016-04-22,109.41000366210938,125.22000122070312,84.91000366210938,,128.36000061035156
2016-04-25,109.29000091552734,125.0999984741211,84.88999938964844,,127.83000183105469
2016-04-26,109.05999755859375,124.98999786376953,84.87000274658203,,127.25
2016-04-27,109.66000366210938,125.37000274658203,84.93000030517578,,128.52000427246094
2016-04-28,110.04000091552734,125.61000061035156,84.9800033569336,,129.0500030517578
2016-04-29,110.0,125.62999725341797,85.01000213623047,,129.3800048828125
2016-05-02,109.5199966430664,125.31999969482422,84.93000030517578,,127.81999969482422
2016-05-03,110.16999816894531,125.72000122070312,85.0199966430664,,129.42999267578125
2016-05-04,110.37000274658203,125.86000061035156,85.01000213623047,,130.13999938964844
2016-05-05,110.66999816894531,126.02999877929688,85.04000091552734,,131.00999450683594
2016-05-06,110.41000366210938,125.87999725341797,85.0199966430664,,130.4499969482422
2016-05-09,110.62000274658203,126.08999633789062,85.05999755859375,,130.86000061035156
2016-05-10,110.5999984741211,126.06999969482422,85.08000183105469,,130.8699951171875
2016-05-11,110.7699966430664,126.05999755859375,85.05000305175781,,131.61000061035156
2016-05-12,110.47000122070312,125.91000366210938,85.0,,131.00999450683594
2016-05-13,110.88999938964844,126.05000305175781,85.01000213623047,,132.27999877929688
2016-05-16,110.48999786376953,125.80000305175781,84.97000122070312,,131.13999938964844
2016-05-17,110.33999633789062,125.6500015258789,84.94000244140625,,131.36000061035156
2016-05-18,109.44999694824219,125.08000183105469,84.79000091552734,,129.49000549316406
2016-05-19,109.55999755859375,125.13999938964844,84.80999755859375,,130.0500030517578
2016-05-20,109.62999725341797,125.25,84.83999633789062,,130.14999389648438
2016-05-23,109.69999694824219,125.23999786376953,84.83000183105469,,130.44000244140625
2016-05-24,109.5199966430664,125.06999969482422,84.7699966430664,,129.86000061035156
2016-05-25,109.47000122070312,125.02999877929688,84.81999969482422,,129.3699951171875
2016-05-26,109.80999755859375,125.36000061035156,84.87000274658203,,130.0399932861328
2016-05-27,109.5999984741211,125.0999984741211,84.81999969482422,,129.85000610351562
2016-05-31,109.7300033569336,125.22000122070312,84.86000061035156,,130.16000366210938
2016-06-01,109.52999877929688,125.01000213623047,84.75,,130.4199981689453
2016-06-02,109.87000274658203,125.19999694824219,84.81999969482422,,131.36000061035156
2016-06-03,110.88999938964844,125.94000244140625,84.95999908447266,,133.22999572753906
2016-06-06,110.5999984741211,125.79000091552734,84.94000244140625,,132.24000549316406
2016-06-07,110.76000213623047,125.91999816894531,84.95999908447266,,132.55999755859375
2016-06-08,110.88999938964844,125.94000244140625,84.9800033569336,,133.27000427246094
2016-06-09,111.05999755859375,126.02999877929688,85.0,,134.1300048828125
2016-06-10,111.44999694824219,126.27999877929688,85.05000305175781,,134.77999877929688
2016-06-13,111.66999816894531,126.51000213623047,85.06999969482422,,135.3800048828125
2016-06-14,111.63999938964844,126.48999786376953,85.08000183105469,,135.27999877929688
2016-06-15,111.9800033569336,126.83000183105469,85.18000030517578,,135.8000030517578
2016-06-16,112.0999984741211,126.79000091552734,85.12999725341797,,136.4600067138672
2016-06-17,111.72000122070312,126.66999816894531,85.13999938964844,,135.61000061035156
2016-06-20,111.23999786376953,126.31999969482422,85.08999633789062,,134.16000366210938
2016-06-21,110.98999786376953,126.18000030517578,85.02999877929688,,133.5399932861328
2016-06-22,111.20999908447266,126.33000183105469,85.05999755859375,,133.75999450683594
2016-06-23,110.68000030517578,125.97000122070312,85.02999877929688,,132.22999572753906
2016-06-24,112.20999908447266,126.91999816894531,85.2300033569336,,135.77999877929688
2016-06-27,113.18000030517578,127.44000244140625,85.27999877929688,,139.1699981689453
2016-06-28,113.16000366210938,127.44999694824219,85.30999755859375,,139.4600067138672
2016-06-29,112.69999694824219,127.20999908447266,85.27999877929688,,138.38999938964844
2016-06-30,112.94999694824219,127.3499984741211,85.31999969482422,,138.89999389648438
2016-07-01,113.08999633789062,127.41000366210938,85.30000305175781,,140.57000732421875
2016-07-05,113.70999908447266,127.66999816894531,85.33999633789062,,142.3300018310547
2016-07-06,113.7300033569336,127.62000274658203,85.30000305175781,,142.55999755859375
2016-07-07,113.58000183105469,127.58999633789062,85.26000213623047,,142.5500030517578
2016-07-08,113.80000305175781,127.62000274658203,85.26000213623047,,143.60000610351562
2016-07-11,113.19999694824219,127.18000030517578,85.16999816894531,,142.33999633789062
2016-07-12,112.52999877929688,126.8499984741211,85.13999938964844,,140.0
2016-07-13,112.81999969482422,126.97000122070312,85.16000366210938,,141.64999389648438
2016-07-14,112.3499984741211,126.76000213623047,85.11000061035156,,139.58999633789062
2016-07-15,111.91999816894531,126.5199966430664,85.06999969482422,,138.38999938964844
2016-07-18,111.88999938964844,126.55000305175781,85.12000274658203,,138.25999450683594
2016-07-19,112.19000244140625,126.7300033569336,85.12999725341797,,139.0399932861328
2016-07-20,111.95999908447266,126.58000183105469,85.08999633789062,,138.27999877929688
2016-07-21,112.20999908447266,126.80000305175781,85.1500015258789,,138.55999755859375
2016-07-22,112.12000274658203,126.68000030517578,85.12000274658203,,138.8000030517578
2016-07-25,112.02999877929688,126.55000305175781,85.05999755859375,,138.6999969482422
2016-07-26,112.0999984741211,126.58000183105469,85.06999969482422,,138.9199981689453
2016-07-27,112.58000183105469,126.88999938964844,85.12999725341797,,140.64999389648438
2016-07-28,112.63999938964844,126.97000122070312,85.12000274658203,,140.38999938964844
2016-07-29,113.06999969482422,127.29000091552734,85.2300033569336,,141.55999755859375
2016-08-01,112.5199966430664,126.95999908447266,85.1500015258789,,139.77000427246094
2016-08-02,112.25,126.83000183105469,85.12000274658203,,138.3300018310547
2016-08-03,112.30999755859375,126.94000244140625,85.12999725341797,,138.41000366210938
2016-08-04,112.58000183105469,127.12000274658203,85.19000244140625,,139.4499969482422
2016-08-05,111.87999725341797,126.54000091552734,85.06999969482422,,138.0
2016-08-08,111.81999969482422,126.4800033569336,85.04000091552734,,138.25999450683594
2016-08-09,112.22000122070312,126.75,85.08999633789062,,139.6199951171875
2016-08-10,112.5199966430664,126.93000030517578,85.12999725341797,,140.16000366210938
2016-08-11,111.9800033569336,126.5199966430664,85.05000305175781,,138.91000366210938
2016-08-12,112.37999725341797,126.83000183105469,85.11000061035156,,140.0800018310547
2016-08-15,112.05000305175781,126.62000274658203,85.08999633789062,,138.75999450683594
2016-08-16,111.86000061035156,126.44000244140625,85.05999755859375,,138.38999938964844
2016-08-17,112.04000091552734,126.55999755859375,85.05999755859375,,139.22000122070312
2016-08-18,112.23999786376953,126.7300033569336,85.12000274658203,,139.44000244140625
2016-08-19,111.86000061035156,126.43000030517578,85.04000091552734,,138.7100067138672
2016-08-22,112.11000061035156,126.61000061035156,85.05000305175781,,139.8800048828125
2016-08-23,112.0999984741211,126.62000274658203,85.05999755859375,,140.02999877929688
2016-08-24,112.05999755859375,126.62000274658203,85.04000091552734,,139.6999969482422
2016-08-25,111.87999725341797,126.43000030517578,85.01000213623047,,139.1699981689453
2016-08-26,111.44999694824219,126.06999969482422,84.93000030517578,,138.36000061035156
2016-08-29,111.91000366210938,126.37999725341797,84.9800033569336,,140.2100067138672
2016-08-30,111.9000015258789,126.37000274658203,84.98999786376953,,139.6699981689453
2016-08-31,111.7699966430664,126.23999786376953,84.9800033569336,,139.8699951171875
2016-09-01,111.79000091552734,126.26000213623047,84.97000122070312,,139.77000427246094
2016-09-02,111.5,126.1500015258789,84.97000122070312,,138.6300048828125
2016-09-06,112.0199966430664,126.56999969482422,85.02999877929688,,139.63999938964844
2016-09-07,112.08000183105469,126.54000091552734,85.02999877929688,,139.5399932861328
2016-09-08,111.52999877929688,126.20999908447266,84.97000122070312,,137.7899932861328
2016-09-09,111.0,125.94999694824219,84.94000244140625,,135.52000427246094
2016-09-12,111.0999984741211,126.05000305175781,84.97000122070312,,135.58999633789062
2016-09-13,110.69000244140625,125.87000274658203,84.94000244140625,,134.0500030517578
2016-09-14,110.94000244140625,126.05000305175781,84.98999786376953,,134.25
2016-09-15,110.97000122070312,126.19999694824219,85.05999755859375,,133.6699981689453
2016-09-16,111.08999633789062,126.19000244140625,85.0199966430664,,134.75
2016-09-19,110.9000015258789,126.08999633789062,85.0,,134.30999755859375
2016-09-20,111.06999969482422,126.1500015258789,84.9800033569336,,134.77999877929688
2016-09-21,111.25,126.20999908447266,85.0,,135.8699951171875
2016-09-22,111.58000183105469,126.30999755859375,84.9800033569336,,136.9499969482422
2016-09-23,111.62999725341797,126.4000015258789,85.02999877929688,,136.82000732421875
2016-09-26,111.94999694824219,126.61000061035156,85.08000183105469,,137.69000244140625
2016-09-27,112.13999938964844,126.69999694824219,85.08999633789062,,138.6999969482422
2016-09-28,112.08999633789062,126.61000061035156,85.08000183105469,,138.39999389648438
2016-09-29,112.16000366210938,126.70999908447266,85.11000061035156,,138.75
2016-09-30,111.87999725341797,126.54000091552734,85.04000091552734,,137.50999450683594
2016-10-03,111.47000122070312,126.26000213623047,84.9800033569336,,136.80999755859375
2016-10-04,110.95999908447266,125.9800033569336,84.91000366210938,,135.2100067138672
2016-10-05,110.70999908447266,125.8499984741211,84.86000061035156,,134.5800018310547
2016-10-06,110.4800033569336,125.62000274658203,84.86000061035156,,133.8300018310547
2016-10-07,110.63999938964844,125.73999786376953,84.88999938964844,,133.9199981689453
2016-10-10,110.3499984741211,125.55000305175781,84.8499984741211,,133.1300048828125
2016-10-11,110.31999969482422,125.5199966430664,84.83999633789062,,132.8300018310547
2016-10-12,110.31999969482422,125.54000091552734,84.83999633789062,,132.9600067138672
2016-10-13,110.55000305175781,125.75,84.87000274658203,,133.4600067138672
2016-10-14,110.20999908447266,125.62000274658203,84.8499984741211,,131.58999633789062
2016-10-17,110.44999694824219,125.77999877929688,84.91999816894531,,132.42999267578125
2016-10-18,110.66999816894531,125.93000030517578,84.94999694824219,,132.86000061035156
2016-10-19,110.72000122070312,125.94999694824219,84.94999694824219,,132.97000122070312
2016-10-20,110.62000274658203,125.8499984741211,84.91000366210938,,133.11000061035156
2016-10-21,110.73999786376953,125.87999725341797,84.93000030517578,,133.30999755859375
2016-10-24,110.58999633789062,125.7699966430664,84.9000015258789,,132.72999572753906
2016-10-25,110.56999969482422,125.7699966430664,84.9000015258789,,133.0800018310547
2016-10-26,110.33000183105469,125.6500015258789,84.87000274658203,,132.17999267578125
2016-10-27,109.94999694824219,125.44000244140625,84.88999938964844,,130.74000549316406
2016-10-28,109.97000122070312,125.55999755859375,84.88999938964844,,130.4499969482422
2016-10-31,110.05999755859375,125.62000274658203,84.94999694824219,,131.25
2016-11-01,109.91000366210938,125.58999633789062,84.9000015258789,,131.00999450683594
2016-11-02,110.23999786376953,125.79000091552734,84.94999694824219,,131.5800018310547
2016-11-03,110.16999816894531,125.80999755859375,84.95999908447266,,130.57000732421875
2016-11-04,110.51000213623047,126.0199966430664,84.98999786376953,,131.74000549316406
2016-11-07,110.05000305175781,125.69999694824219,84.95999908447266,,130.6199951171875
2016-11-08,109.66000366210938,125.41000366210938,84.87000274658203,,130.08999633789062
2016-11-09,107.98999786376953,124.55999755859375,84.76000213623047,,124.56999969482422
2016-11-10,107.33999633789062,124.23999786376953,84.7300033569336,,122.7300033569336
2016-11-11,107.12000274658203,124.02999877929688,84.7300033569336,,122.04000091552734
2016-11-14,106.5,123.61000061035156,84.5999984741211,,121.30999755859375
2016-11-15,106.5,123.55000305175781,84.62999725341797,,121.91000366210938
2016-11-16,106.5999984741211,123.55000305175781,84.62000274658203,,123.01000213623047
2016-11-17,106.12999725341797,123.30000305175781,84.61000061035156,,121.19999694824219
2016-11-18,105.66000366210938,123.0,84.55999755859375,,120.8499984741211
2016-11-21,105.75,123.0199966430664,84.55000305175781,,121.1500015258789
2016-11-22,105.8499984741211,123.13999938964844,84.52999877929688,,121.11000061035156
2016-11-23,105.47000122070312,122.7699966430664,84.4800033569336,,120.63999938964844
2016-11-25,105.37999725341797,122.79000091552734,84.47000122070312,,120.81999969482422
2016-11-28,105.86000061035156,123.04000091552734,84.5199966430664,,121.70999908447266
2016-11-29,105.97000122070312,123.12000274658203,84.52999877929688,,122.22000122070312
2016-11-30,105.26000213623047,122.73999786376953,84.5,,120.23999786376953
2016-12-01,104.70999908447266,122.38999938964844,84.41000366210938,,118.7300033569336
2016-12-02,105.18000030517578,122.76000213623047,84.5,,119.5999984741211
2016-12-05,105.13999938964844,122.66999816894531,84.5,,119.47000122070312
2016-12-06,105.18000030517578,122.7699966430664,84.4800033569336,,119.37999725341797
2016-12-07,105.52999877929688,123.0,84.51000213623047,,120.4000015258789
2016-12-08,105.12999725341797,122.80999755859375,84.5,,118.9800033569336
2016-12-09,104.58999633789062,122.5,84.48999786376953,,117.5
2016-12-12,104.61000061035156,122.5199966430664,84.45999908447266,,117.72000122070312
2016-12-13,104.66999816894531,122.48999786376953,84.44999694824219,,118.13999938964844
2016-12-14,103.80000305175781,121.77999877929688,84.29000091552734,,116.81999969482422
2016-12-15,103.51000213623047,121.5199966430664,84.25,,117.41000366210938
2016-12-16,103.63999938964844,121.66000366210938,84.29000091552734,,117.13999938964844
2016-12-19,104.12000274658203,121.98999786376953,84.33000183105469,,118.4000015258789
2016-12-20,103.9000015258789,121.88999938964844,84.33999633789062,,117.80999755859375
2016-12-21,104.06999969482422,121.97000122070312,84.37999725341797,,118.33000183105469
2016-12-22,103.86000061035156,121.83000183105469,84.33999633789062,,117.80999755859375
2016-12-23,103.95999908447266,121.94000244140625,84.33999633789062,,118.05000305175781
2016-12-27,103.80999755859375,121.77999877929688,84.30000305175781,,117.66999816894531
2016-12-28,104.19000244140625,122.04000091552734,84.33000183105469,,118.52999877929688
2016-12-29,104.51000213623047,122.33000183105469,84.41999816894531,,118.94999694824219
2016-12-30,104.81999969482422,122.51000213623047,84.44999694824219,,119.12999725341797
2017-01-03,104.7699966430664,122.4800033569336,84.37999725341797,,119.63999938964844
2017-01-04,104.88999938964844,122.55999755859375,84.4000015258789,,120.0999984741211
2017-01-05,105.56999969482422,122.93000030517578,84.45999908447266,,121.9800033569336
2017-01-06,105.08999633789062,122.58999633789062,84.38999938964844,,120.86000061035156
2017-01-09,105.48999786376953,122.83000183105469,84.45999908447266,,121.83000183105469
2017-01-10,105.44000244140625,122.8499984741211,84.43000030517578,,121.75
2017-01-11,105.55999755859375,122.8499984741211,84.47000122070312,,122.16000366210938
2017-01-12,105.62000274658203,122.97000122070312,84.5,,121.88999938964844
2017-01-13,105.38999938964844,122.77999877929688,84.45999908447266,,121.30999755859375
2017-01-17,105.91999816894531,123.19999694824219,84.5199966430664,,122.58000183105469
2017-01-18,105.16999816894531,122.66000366210938,84.44000244140625,,121.01000213623047
2017-01-19,104.7699966430664,122.47000122070312,84.41000366210938,,120.18000030517578
2017-01-20,104.81999969482422,122.61000061035156,84.45999908447266,,119.94000244140625
2017-01-23,105.37000274658203,122.98999786376953,84.54000091552734,,121.13999938964844
2017-01-24,104.97000122070312,122.7300033569336,84.48999786376953,,120.30999755859375
2017-01-25,104.44999694824219,122.43000030517578,84.47000122070312,,118.80000305175781
2017-01-26,104.58999633789062,122.54000091552734,84.4800033569336,,119.19999694824219
2017-01-27,104.72000122070312,122.5999984741211,84.5199966430664,,119.62999725341797
2017-01-30,104.69000244140625,122.62999725341797,84.5199966430664,,119.2699966430664
2017-01-31,105.05000305175781,122.87000274658203,84.54000091552734,,120.0999984741211
2017-02-01,104.69000244140625,122.56999969482422,84.45999908447266,,119.0999984741211
2017-02-02,104.7300033569336,122.62000274658203,84.48999786376953,,119.05000305175781
2017-02-03,104.80999755859375,122.66999816894531,84.45999908447266,,119.0
2017-02-06,105.30999755859375,123.04000091552734,84.55000305175781,,119.72000122070312
2017-02-07,105.5,123.08999633789062,84.52999877929688,,120.5999984741211
2017-02-08,105.93000030517578,123.37000274658203,84.61000061035156,,122.23999786376953
2017-02-09,105.30000305175781,123.0,84.54000091552734,,120.83000183105469
2017-02-10,105.2300033569336,122.94000244140625,84.52999877929688,,120.76000213623047
2017-02-13,105.06999969482422,122.83000183105469,84.51000213623047,,120.37999725341797
2017-02-14,104.69000244140625,122.4800033569336,84.44999694824219,,119.51000213623047
2017-02-15,104.48999786376953,122.36000061035156,84.41999816894531,,118.95999908447266
2017-02-16,104.91000366210938,122.69999694824219,84.45999908447266,,119.61000061035156
2017-02-17,105.19000244140625,122.91000366210938,84.5199966430664,,120.31999969482422
2017-02-21,105.13999938964844,122.8499984741211,84.52999877929688,,120.11000061035156
2017-02-22,105.30999755859375,122.95999908447266,84.55000305175781,,120.30999755859375
2017-02-23,105.58999633789062,123.16000366210938,84.58999633789062,,120.66999816894531
2017-02-24,106.08000183105469,123.45999908447266,84.62999725341797,,122.01000213623047
2017-02-27,105.69999694824219,123.16000366210938,84.55999755859375,,121.29000091552734
2017-02-28,105.6500015258789,123.05000305175781,84.5199966430664,,121.73999786376953
2017-03-01,104.7699966430664,122.37000274658203,84.4000015258789,,119.47000122070312
2017-03-02,104.47000122070312,122.16999816894531,84.30999755859375,,119.04000091552734
2017-03-03,104.56999969482422,122.2699966430664,84.33000183105469,,119.3499984741211
2017-03-06,104.55000305175781,122.29000091552734,84.3499984741211,,118.77999877929688
2017-03-07,104.4000015258789,122.12999725341797,84.31999969482422,,118.41999816894531
2017-03-08,104.05000305175781,121.93000030517578,84.25,,117.77999877929688
2017-03-09,103.76000213623047,121.69999694824219,84.23999786376953,,116.83999633789062
2017-03-10,103.9800033569336,121.88999938964844,84.29000091552734,,117.25
2017-03-13,103.72000122070312,121.73999786376953,84.25,,116.51000213623047
2017-03-14,103.83000183105469,121.80000305175781,84.23999786376953,,117.06999969482422
2017-03-15,104.73999786376953,122.44000244140625,84.4000015258789,,118.5
2017-03-16,104.44999694824219,122.22000122070312,84.33999633789062,,117.9000015258789
2017-03-17,104.7300033569336,122.41000366210938,84.37999725341797,,118.63999938964844
2017-03-20,104.9800033569336,122.58000183105469,84.43000030517578,,119.1500015258789
2017-03-21,105.33000183105469,122.83000183105469,84.47000122070312,,120.13999938964844
2017-03-22,105.52999877929688,122.91999816894531,84.48999786376953,,120.62000274658203
2017-03-23,105.41999816894531,122.87000274658203,84.48999786376953,,120.44999694824219
2017-03-24,105.4800033569336,122.87999725341797,84.48999786376953,,120.87999725341797
2017-03-27,105.73999786376953,123.04000091552734,84.5199966430664,,121.43000030517578
2017-03-28,105.37999725341797,122.79000091552734,84.4800033569336,,120.62000274658203
2017-03-29,105.68000030517578,123.01000213623047,84.52999877929688,,121.33999633789062
2017-03-30,105.37999725341797,122.8499984741211,84.51000213623047,,120.36000061035156
2017-03-31,105.58999633789062,123.05000305175781,84.5199966430664,,120.70999908447266
2017-04-03,105.94999694824219,123.2300033569336,84.54000091552734,,121.66999816894531
2017-04-04,105.80000305175781,123.13999938964844,84.51000213623047,,121.01000213623047
2017-04-05,106.0,123.38999938964844,84.51000213623047,,121.37999725341797
2017-04-06,105.93000030517578,123.27999877929688,84.52999877929688,,121.19999694824219
2017-04-07,105.61000061035156,122.97000122070312,84.41999816894531,,120.70999908447266
2017-04-10,105.80000305175781,123.12000274658203,84.45999908447266,,121.2699966430664
2017-04-11,106.29000091552734,123.45999908447266,84.54000091552734,,122.41999816894531
2017-04-12,106.62000274658203,123.69000244140625,84.5999984741211,,123.08999633789062
2017-04-13,106.94000244140625,123.91000366210938,84.63999938964844,,123.47000122070312
2017-04-17,106.7699966430664,123.83000183105469,84.62999725341797,,123.08999633789062
2017-04-18,107.37999725341797,124.25,84.69999694824219,,124.69999694824219
2017-04-19,107.0999984741211,124.02999877929688,84.66000366210938,,124.0199966430664
2017-04-20,106.86000061035156,123.9000015258789,84.6500015258789,,123.54000091552734
2017-04-21,106.91000366210938,123.98999786376953,84.69000244140625,,123.54000091552734
2017-04-24,106.69000244140625,123.80000305175781,84.5999984741211,,122.93000030517578
2017-04-25,106.13999938964844,123.43000030517578,84.5199966430664,,121.44999694824219
2017-04-26,106.41999816894531,123.61000061035156,84.55000305175781,,122.12000274658203
2017-04-27,106.48999786376953,123.69000244140625,84.58000183105469,,122.08000183105469
2017-04-28,106.5999984741211,123.72000122070312,84.62000274658203,,122.3499984741211
2017-05-01,106.20999908447266,123.4800033569336,84.5,,121.08000183105469
2017-05-02,106.43000030517578,123.63999938964844,84.52999877929688,,121.69999694824219
2017-05-03,106.20999908447266,123.41999816894531,84.47000122070312,,121.77999877929688
2017-05-04,105.97000122070312,123.27999877929688,84.45999908447266,,121.18000030517578
2017-05-05,105.98999786376953,123.30999755859375,84.48999786376953,,121.29000091552734
2017-05-08,105.7300033569336,123.13999938964844,84.44999694824219,,120.62999725341797
2017-05-09,105.61000061035156,123.08000183105469,84.41000366210938,,120.62000274658203
2017-05-10,105.56999969482422,123.02999877929688,84.43000030517578,,120.4800033569336
2017-05-11,105.6500015258789,123.13999938964844,84.44000244140625,,120.4800033569336
2017-05-12,106.19000244140625,123.51000213623047,84.54000091552734,,121.38999938964844
2017-05-15,106.12000274658203,123.45999908447266,84.52999877929688,,121.05999755859375
2017-05-16,106.26000213623047,123.52999877929688,84.52999877929688,,121.51000213623047
2017-05-17,107.11000061035156,124.06999969482422,84.62000274658203,,123.27999877929688
2017-05-18,107.08000183105469,123.95999908447266,84.58000183105469,,123.41999816894531
2017-05-19,107.05000305175781,123.95999908447266,84.5999984741211,,123.70999908447266
2017-05-22,106.93000030517578,123.91000366210938,84.56999969482422,,123.37000274658203
2017-05-23,106.6500015258789,123.68000030517578,84.54000091552734,,122.54000091552734
2017-05-24,106.87000274658203,123.93000030517578,84.58999633789062,,123.2300033569336
2017-05-25,106.93000030517578,123.91999816894531,84.58999633789062,,123.2699966430664
2017-05-26,107.0,123.95999908447266,84.58000183105469,,123.4800033569336
2017-05-30,107.2699966430664,124.11000061035156,84.61000061035156,,124.08999633789062
2017-05-31,107.31999969482422,124.11000061035156,84.62000274658203,,124.4000015258789
2017-06-01,107.0999984741211,123.94000244140625,84.54000091552734,,124.1500015258789
2017-06-02,107.56999969482422,124.22000122070312,84.5999984741211,,125.62000274658203
2017-06-05,107.38999938964844,124.05999755859375,84.52999877929688,,124.83999633789062
2017-06-06,107.7300033569336,124.30000305175781,84.55999755859375,,125.5199966430664
2017-06-07,107.52999877929688,124.12000274658203,84.52999877929688,,124.91999816894531
2017-06-08,107.36000061035156,124.01000213623047,84.51000213623047,,124.58999633789062
2017-06-09,107.26000213623047,123.94000244140625,84.4800033569336,,124.4000015258789
2017-06-12,107.23999786376953,123.93000030517578,84.47000122070312,,124.36000061035156
2017-06-13,107.27999877929688,123.94999694824219,84.47000122070312,,124.37999725341797
2017-06-14,107.83999633789062,124.23999786376953,84.51000213623047,,126.30000305175781
2017-06-15,107.6500015258789,124.05999755859375,84.4800033569336,,126.0999984741211
2017-06-16,107.70999908447266,124.1500015258789,84.5199966430664,,126.3499984741211
2017-06-19,107.41000366210938,123.94000244140625,84.47000122070312,,126.16999816894531
2017-06-20,107.68000030517578,124.05999755859375,84.4800033569336,,127.30000305175781
2017-06-21,107.66999816894531,124.08999633789062,84.48999786376953,,127.55999755859375
2017-06-22,107.7699966430664,124.1500015258789,84.5,,127.83999633789062
2017-06-23,107.80000305175781,124.18000030517578,84.55000305175781,,127.77999877929688
2017-06-26,107.88999938964844,124.2300033569336,84.55000305175781,,128.25999450683594
2017-06-27,107.36000061035156,123.91000366210938,84.5,,126.88999938964844
2017-06-28,107.26000213623047,123.9800033569336,84.54000091552734,,126.47000122070312
2017-06-29,106.86000061035156,123.75,84.48999786376953,,125.41000366210938
2017-06-30,106.61000061035156,123.56999969482422,84.48999786376953,,125.12000274658203
2017-07-03,106.05999755859375,123.18000030517578,84.36000061035156,,124.45999908447266
2017-07-05,106.13999938964844,123.23999786376953,84.38999938964844,,124.48999786376953
2017-07-06,105.94000244140625,123.1500015258789,84.41000366210938,,123.45999908447266
2017-07-07,105.7699966430664,123.0999984741211,84.4000015258789,,122.72000122070312
2017-07-10,105.91000366210938,123.2300033569336,84.44000244140625,,122.9000015258789
2017-07-11,106.05000305175781,123.3499984741211,84.47000122070312,,123.11000061035156
2017-07-12,106.36000061035156,123.56999969482422,84.51000213623047,,123.95999908447266
2017-07-13,106.25,123.4800033569336,84.47000122070312,,123.18000030517578
2017-07-14,106.4000015258789,123.62999725341797,84.51000213623047,,123.33000183105469
2017-07-17,106.52999877929688,123.66999816894531,84.5199966430664,,123.66999816894531
2017-07-18,106.91999816894531,123.9000015258789,84.54000091552734,,124.75
2017-07-19,106.91999816894531,123.87999725341797,84.54000091552734,,124.80000305175781
2017-07-20,106.94999694824219,123.87999725341797,84.54000091552734,,125.16000366210938
2017-07-21,107.13999938964844,124.02999877929688,84.58000183105469,,125.69000244140625
2017-07-24,107.06999969482422,123.91000366210938,84.55000305175781,,125.19999694824219
2017-07-25,106.47000122070312,123.55999755859375,84.5,,123.56999969482422
2017-07-26,106.80999755859375,123.87000274658203,84.55999755859375,,123.7699966430664
2017-07-27,106.63999938964844,123.77999877929688,84.54000091552734,,123.16000366210938
2017-07-28,106.81999969482422,123.91999816894531,84.58999633789062,,123.88999938964844
2017-07-31,106.8499984741211,123.87999725341797,84.58000183105469,,124.04000091552734
2017-08-01,106.94999694824219,123.93000030517578,84.54000091552734,,124.63999938964844
2017-08-02,106.8499984741211,123.83000183105469,84.5,,124.70999908447266
2017-08-03,107.22000122070312,124.0199966430664,84.52999877929688,,126.0
2017-08-04,106.93000030517578,123.87999725341797,84.5,,124.93000030517578
2017-08-07,106.98999786376953,123.91000366210938,84.52999877929688,,125.06999969482422
2017-08-08,106.9000015258789,123.83999633789062,84.52999877929688,,124.62000274658203
2017-08-09,107.02999877929688,123.94999694824219,84.5199966430664,,125.30000305175781
2017-08-10,107.43000030517578,124.18000030517578,84.55000305175781,,126.37000274658203
2017-08-11,107.55000305175781,124.36000061035156,84.66000366210938,,126.43000030517578
2017-08-14,107.29000091552734,124.16999816894531,84.58999633789062,,125.77999877929688
2017-08-15,106.97000122070312,123.94000244140625,84.55000305175781,,125.25
2017-08-16,107.16999816894531,124.0999984741211,84.5999984741211,,125.70999908447266
2017-08-17,107.55000305175781,124.30999755859375,84.62000274658203,,126.6500015258789
2017-08-18,107.56999969482422,124.30999755859375,84.61000061035156,,126.62000274658203
2017-08-21,107.63999938964844,124.33999633789062,84.62999725341797,,126.93000030517578
2017-08-22,107.43000030517578,124.19999694824219,84.62000274658203,,126.44000244140625
2017-08-23,107.80000305175781,124.44999694824219,84.69999694824219,,127.30000305175781
2017-08-24,107.62999725341797,124.27999877929688,84.62000274658203,,126.83000183105469
2017-08-25,107.80999755859375,124.37999725341797,84.6500015258789,,127.31999969482422
2017-08-28,107.91000366210938,124.45999908447266,84.62000274658203,,127.23999786376953
2017-08-29,108.16000366210938,124.62999725341797,84.66000366210938,,127.6500015258789
2017-08-30,108.06999969482422,124.55999755859375,84.68000030517578,,127.61000061035156
2017-08-31,108.23999786376953,124.66000366210938,84.68000030517578,,127.98999786376953
2017-09-01,107.76000213623047,124.29000091552734,84.58999633789062,,126.75
2017-09-05,108.51000213623047,124.80999755859375,84.66999816894531,,128.75999450683594
2017-09-06,108.25,124.5199966430664,84.66000366210938,,127.97000122070312
2017-09-07,108.72000122070312,124.94999694824219,84.70999908447266,,129.27999877929688
2017-09-08,108.63999938964844,124.87999725341797,84.69000244140625,,129.0
2017-09-11,108.0199966430664,124.55999755859375,84.61000061035156,,127.45999908447266
2017-09-12,107.76000213623047,124.30000305175781,84.56999969482422,,126.79000091552734
2017-09-13,107.54000091552734,124.16999816894531,84.55000305175781,,126.29000091552734
2017-09-14,107.55999755859375,124.16999816894531,84.55999755859375,,126.80999755859375
2017-09-15,107.69000244140625,124.08000183105469,84.55000305175781,,126.86000061035156
2017-09-18,107.2699966430664,123.97000122070312,84.5,,126.12999725341797
2017-09-19,107.1500015258789,123.91000366210938,84.51000213623047,,125.81999969482422
2017-09-20,106.94000244140625,123.66000366210938,84.44000244140625,,125.91000366210938
2017-09-21,106.80000305175781,123.6500015258789,84.41999816894531,,125.83999633789062
2017-09-22,106.98999786376953,123.77999877929688,84.44000244140625,,126.19999694824219
2017-09-25,107.30999755859375,123.95999908447266,84.48999786376953,,126.98999786376953
2017-09-26,107.22000122070312,123.87000274658203,84.47000122070312,,126.76000213623047
2017-09-27,106.66999816894531,123.62000274658203,84.45999908447266,,124.8499984741211
2017-09-28,106.6500015258789,123.69000244140625,84.47000122070312,,124.4800033569336
2017-09-29,106.5199966430664,123.51000213623047,84.44999694824219,,124.76000213623047
2017-10-02,106.23999786376953,123.27999877929688,84.44000244140625,,124.27999877929688
2017-10-03,106.38999938964844,123.44000244140625,84.38999938964844,,124.4000015258789
2017-10-04,106.36000061035156,123.37000274658203,84.55000305175781,,124.41000366210938
2017-10-05,106.25,123.30999755859375,84.37000274658203,,123.94000244140625
2017-10-06,106.12000274658203,123.22000122070312,84.33999633789062,,123.58999633789062
2017-10-09,106.23999786376953,123.30000305175781,84.33999633789062,,123.9800033569336
2017-10-10,106.27999877929688,123.31999969482422,84.36000061035156,,124.18000030517578
2017-10-11,106.4000015258789,123.3499984741211,84.3499984741211,,124.41999816894531
2017-10-12,106.5,123.38999938964844,84.33999633789062,,124.94999694824219
2017-10-13,106.86000061035156,123.5999984741211,84.38999938964844,,125.8499984741211
2017-10-16,106.68000030517578,123.4000015258789,84.30999755859375,,125.76000213623047
2017-10-17,106.63999938964844,123.33999633789062,84.31999969482422,,125.91999816894531
2017-10-18,106.37000274658203,123.19000244140625,84.29000091552734,,125.08999633789062
2017-10-19,106.4800033569336,123.30000305175781,84.33999633789062,,125.30999755859375
2017-10-20,106.04000091552734,123.01000213623047,84.29000091552734,,123.9800033569336
2017-10-23,106.13999938964844,123.11000061035156,84.29000091552734,,124.19999694824219
2017-10-24,105.81999969482422,122.95999908447266,84.2699966430664,,123.43000030517578
2017-10-25,105.6500015258789,122.88999938964844,84.25,,122.83999633789062
2017-10-26,105.51000213623047,122.79000091552734,84.25,,122.43000030517578
2017-10-27,105.8499984741211,123.0199966430664,84.30999755859375,,123.23999786376953
2017-10-30,106.2300033569336,123.2300033569336,84.3499984741211,,124.41999816894531
2017-10-31,106.16000366210938,123.12000274658203,84.30000305175781,,124.45999908447266
2017-11-01,106.05999755859375,122.97000122070312,84.20999908447266,,124.75
2017-11-02,106.19999694824219,123.05999755859375,84.2300033569336,,125.30000305175781
2017-11-03,106.37000274658203,123.12999725341797,84.18000030517578,,125.63999938964844
2017-11-06,106.5,123.19999694824219,84.2300033569336,,126.11000061035156
2017-11-07,106.54000091552734,123.16000366210938,84.19000244140625,,126.63999938964844
2017-11-08,106.41000366210938,123.06999969482422,84.18000030517578,,126.36000061035156
2017-11-09,106.37000274658203,123.08000183105469,84.16999816894531,,126.0
2017-11-10,105.83000183105469,122.83000183105469,84.13999938964844,,124.0999984741211
2017-11-13,105.77999877929688,122.7300033569336,84.12999725341797,,124.36000061035156
2017-11-14,105.93000030517578,122.80999755859375,84.1500015258789,,125.19999694824219
2017-11-15,106.30999755859375,122.97000122070312,84.12000274658203,,126.55999755859375
2017-11-16,106.04000091552734,122.81999969482422,84.12999725341797,,125.45999908447266
2017-11-17,106.18000030517578,122.87999725341797,84.08000183105469,,126.38999938964844
2017-11-20,106.01000213623047,122.70999908447266,84.05000305175781,,126.33999633789062
2017-11-21,106.02999877929688,122.61000061035156,84.02999877929688,,126.73999786376953
2017-11-22,106.37000274658203,122.93000030517578,84.0999984741211,,127.1500015258789
2017-11-24,106.27999877929688,122.8499984741211,84.0999984741211,,126.80000305175781
2017-11-27,106.3499984741211,122.91999816894531,84.0999984741211,,126.62000274658203
2017-11-28,106.37000274658203,122.9000015258789,84.11000061035156,,126.79000091552734
2017-11-29,106.02999877929688,122.72000122070312,84.08999633789062,,125.54000091552734
2017-11-30,105.69999694824219,122.5,84.04000091552734,,125.12000274658203
2017-12-01,105.93000030517578,122.5199966430664,83.9800033569336,,126.55000305175781
2017-12-04,105.87999725341797,122.43000030517578,83.93000030517578,,126.61000061035156
2017-12-05,105.95999908447266,122.44000244140625,83.91999816894531,,127.23999786376953
2017-12-06,106.18000030517578,122.58000183105469,83.95999908447266,,127.68000030517578
2017-12-07,105.98999786376953,122.47000122070312,83.97000122070312,,126.68000030517578
2017-12-08,105.91000366210938,122.4800033569336,83.97000122070312,,126.69000244140625
2017-12-11,105.83999633789062,122.38999938964844,83.93000030517578,,126.43000030517578
2017-12-12,105.75,122.33999633789062,83.93000030517578,,126.37999725341797
2017-12-13,106.18000030517578,122.63999938964844,84.0199966430664,,127.33000183105469
2017-12-14,106.13999938964844,122.54000091552734,83.98999786376953,,127.87000274658203
2017-12-15,106.12000274658203,122.45999908447266,83.94999694824219,,128.35000610351562
2017-12-18,105.87999725341797,122.41000366210938,83.94999694824219,,127.18000030517578
2017-12-19,105.4000015258789,122.12000274658203,83.91000366210938,,125.52999877929688
2017-12-20,105.08999633789062,122.0199966430664,83.91999816894531,,124.13999938964844
2017-12-21,105.0,121.81999969482422,83.81999969482422,,124.5999984741211
2017-12-22,105.04000091552734,121.83999633789062,83.79000091552734,,124.7699966430664
2017-12-26,105.08000183105469,121.8499984741211,83.77999877929688,,125.13999938964844
2017-12-27,105.52999877929688,122.12999725341797,83.81999969482422,,126.7699966430664
2017-12-28,105.4000015258789,122.05999755859375,83.83000183105469,,126.66000366210938
2017-12-29,105.56999969482422,122.16000366210938,83.8499984741211,,126.86000061035156
2018-01-02,105.22000122070312,121.98999786376953,83.81999969482422,,125.48999786376953
2018-01-03,105.33000183105469,122.0199966430664,83.81999969482422,,126.08999633789062
2018-01-04,105.27999877929688,121.9000015258789,83.77999877929688,,126.06999969482422
2018-01-05,105.1500015258789,121.83000183105469,83.77999877929688,,125.70999908447266
2018-01-08,105.0999984741211,121.81999969482422,83.77999877929688,,125.62999725341797
2018-01-09,104.5999984741211,121.56999969482422,83.75,,123.94999694824219
2018-01-10,104.56999969482422,121.58000183105469,83.77999877929688,,123.80000305175781
2018-01-11,104.63999938964844,121.62000274658203,83.75,,124.30999755859375
2018-01-12,104.56999969482422,121.55000305175781,83.73999786376953,,124.5199966430664
2018-01-16,104.62000274658203,121.54000091552734,83.7300033569336,,125.04000091552734
2018-01-17,104.38999938964844,121.3499984741211,83.69999694824219,,124.87000274658203
2018-01-18,104.05999755859375,121.22000122070312,83.68000030517578,,123.70999908447266
2018-01-19,103.79000091552734,121.05999755859375,83.70999908447266,,123.05999755859375
2018-01-22,103.75,121.01000213623047,83.66999816894531,,123.18000030517578
2018-01-23,104.05000305175781,121.23999786376953,83.72000122070312,,123.70999908447266
2018-01-24,103.8499984741211,121.12999725341797,83.69999694824219,,123.04000091552734
2018-01-25,104.08000183105469,121.23999786376953,83.68000030517578,,124.05000305175781
2018-01-26,103.7699966430664,120.9800033569336,83.62999725341797,,123.58999633789062
2018-01-29,103.51000213623047,120.83999633789062,83.5999984741211,,122.7300033569336
2018-01-30,103.2699966430664,120.76000213623047,83.61000061035156,,122.01000213623047
2018-01-31,103.30000305175781,120.66999816894531,83.61000061035156,,122.7300033569336
2018-02-01,102.5999984741211,120.5199966430664,83.48999786376953,,120.69999694824219
2018-02-02,102.22000122070312,120.13999938964844,83.5,,119.58000183105469
2018-02-05,103.05999755859375,120.7300033569336,83.6500015258789,,120.70999908447266
2018-02-06,102.61000061035156,120.37999725341797,83.58999633789062,,119.95999908447266
2018-02-07,102.30999755859375,120.22000122070312,83.52999877929688,,118.81999969482422
2018-02-08,102.4000015258789,120.37999725341797,83.54000091552734,,118.69000244140625
2018-02-09,102.22000122070312,120.4000015258789,83.61000061035156,,117.94000244140625
2018-02-12,102.19000244140625,120.29000091552734,83.56999969482422,,118.45999908447266
2018-02-13,102.36000061035156,120.4000015258789,83.56999969482422,,118.98999786376953
2018-02-14,101.73999786376953,119.88999938964844,83.44999694824219,,117.66999816894531
2018-02-15,101.7699966430664,119.91000366210938,83.41999816894531,,118.06999969482422
2018-02-16,102.01000213623047,120.05999755859375,83.44000244140625,,118.70999908447266
2018-02-20,101.9000015258789,119.9800033569336,83.43000030517578,,118.19000244140625
2018-02-21,101.5999984741211,119.80000305175781,83.44000244140625,,116.73999786376953
2018-02-22,101.73999786376953,119.94999694824219,83.44999694824219,,117.08999633789062
2018-02-23,102.12999725341797,120.13999938964844,83.47000122070312,,118.12999725341797
2018-02-26,102.25,120.22000122070312,83.4800033569336,,118.16999816894531
2018-02-27,101.93000030517578,119.97000122070312,83.41999816894531,,118.0
2018-02-28,102.16999816894531,120.05999755859375,83.44000244140625,,118.75
2018-03-01,102.44999694824219,120.26000213623047,83.47000122070312,,119.31999969482422
2018-03-02,102.06999969482422,120.0199966430664,83.43000030517578,,118.3499984741211
2018-03-05,101.94000244140625,119.9800033569336,83.43000030517578,,118.02999877929688
2018-03-06,101.93000030517578,119.94000244140625,83.41000366210938,,118.13999938964844
2018-03-07,101.93000030517578,119.94000244140625,83.41000366210938,,118.01000213623047
2018-03-08,102.13999938964844,120.08000183105469,83.43000030517578,,118.69000244140625
2018-03-09,101.91999816894531,119.95999908447266,83.38999938964844,,117.91000366210938
2018-03-12,102.16000366210938,120.08000183105469,83.43000030517578,,118.58999633789062
2018-03-13,102.33000183105469,120.1500015258789,83.44999694824219,,119.19000244140625
2018-03-14,102.52999877929688,120.25,83.44000244140625,,120.23999786376953
2018-03-15,102.48999786376953,120.2300033569336,83.44999694824219,,120.23999786376953
2018-03-16,102.37000274658203,120.12999725341797,83.41000366210938,,119.80999755859375
2018-03-19,102.2699966430664,120.08000183105469,83.41000366210938,,119.43000030517578
2018-03-20,102.06999969482422,119.9000015258789,83.37999725341797,,118.94999694824219
2018-03-21,102.13999938964844,120.0,83.44000244140625,,119.08000183105469
2018-03-22,102.55999755859375,120.23999786376953,83.4800033569336,,120.26000213623047
2018-03-23,102.69999694824219,120.37000274658203,83.5,,120.16999816894531
2018-03-26,102.41999816894531,120.18000030517578,83.45999908447266,,119.70999908447266
2018-03-27,103.0,120.54000091552734,83.5199966430664,,120.98999786376953
2018-03-28,102.9800033569336,120.48999786376953,83.52999877929688,,121.30999755859375
2018-03-29,103.19000244140625,120.62000274658203,83.55999755859375,,121.9000015258789
2018-04-02,103.12000274658203,120.52999877929688,83.48999786376953,,121.87999725341797
2018-04-03,102.79000091552734,120.30999755859375,83.44999694824219,,120.94000244140625
2018-04-04,102.7300033569336,120.26000213623047,83.4000015258789,,120.69000244140625
2018-04-05,102.47000122070312,120.12000274658203,83.41999816894531,,119.79000091552734
2018-04-06,102.91999816894531,120.43000030517578,83.48999786376953,,121.0999984741211
2018-04-09,102.94000244140625,120.41999816894531,83.4800033569336,,121.30000305175781
2018-04-10,102.76000213623047,120.26000213623047,83.44000244140625,,121.08000183105469
2018-04-11,102.86000061035156,120.29000091552734,83.44000244140625,,121.51000213623047
2018-04-12,102.48999786376953,120.05000305175781,83.38999938964844,,120.62000274658203
2018-04-13,102.58000183105469,120.04000091552734,83.37000274658203,,120.9000015258789
2018-04-16,102.52999877929688,120.01000213623047,83.36000061035156,,120.94000244140625
2018-04-17,102.58999633789062,120.02999877929688,83.36000061035156,,121.2699966430664
2018-04-18,102.19000244140625,119.75,83.29000091552734,,120.30000305175781
2018-04-19,101.91000366210938,119.62999725341797,83.29000091552734,,119.31999969482422
2018-04-20,101.56999969482422,119.4000015258789,83.26000213623047,,118.45999908447266
2018-04-23,101.47000122070312,119.31999969482422,83.25,,118.48999786376953
2018-04-24,101.3499984741211,119.27999877929688,83.2699966430664,,117.94999694824219
2018-04-25,101.12999725341797,119.22000122070312,83.26000213623047,,117.16000366210938
2018-04-26,101.41999816894531,119.36000061035156,83.27999877929688,,117.9800033569336
2018-04-27,101.58999633789062,119.45999908447266,83.30000305175781,,118.88999938964844
2018-04-30,101.69999694824219,119.5199966430664,83.2699966430664,,119.0999984741211
2018-05-01,101.3499984741211,119.18000030517578,83.12999725341797,,118.41000366210938
2018-05-02,101.37000274658203,119.26000213623047,83.16000366210938,,118.27999877929688
2018-05-03,101.62999725341797,119.44000244140625,83.22000122070312,,118.80999755859375
2018-05-04,101.63999938964844,119.44000244140625,83.19000244140625,,118.98999786376953
2018-05-07,101.58999633789062,119.4000015258789,83.19000244140625,,118.80000305175781
2018-05-08,101.41999816894531,119.30999755859375,83.19999694824219,,118.69000244140625
2018-05-09,101.19000244140625,119.16999816894531,83.16000366210938,,117.9800033569336
2018-05-10,101.4000015258789,119.25,83.16000366210938,,118.93000030517578
2018-05-11,101.41000366210938,119.2300033569336,83.16000366210938,,119.2300033569336
2018-05-14,101.19000244140625,119.16000366210938,83.16000366210938,,118.5999984741211
2018-05-15,100.62999725341797,118.80000305175781,83.11000061035156,,117.25
2018-05-16,100.41999816894531,118.68000030517578,83.11000061035156,,116.80000305175781
2018-05-17,100.36000061035156,118.7300033569336,83.12999725341797,,116.20999908447266
2018-05-18,100.75,118.95999908447266,83.16999816894531,,117.20999908447266
2018-05-21,100.81999969482422,118.98999786376953,83.16999816894531,,117.2699966430664
2018-05-22,100.77999877929688,118.9800033569336,83.16999816894531,,117.08999633789062
2018-05-23,101.23999786376953,119.27999877929688,83.23999786376953,,117.94000244140625
2018-05-24,101.5,119.44999694824219,83.29000091552734,,118.87999725341797
2018-05-25,101.9000015258789,119.77999877929688,83.36000061035156,,119.62000274658203
2018-05-29,103.0,120.56999969482422,83.5999984741211,,122.23999786376953
2018-05-30,102.55999755859375,120.22000122070312,83.5,,121.41999816894531
2018-05-31,102.51000213623047,120.20999908447266,83.45999908447266,,121.22000122070312
2018-06-01,101.93000030517578,119.68000030517578,83.2699966430664,,120.30000305175781
2018-06-04,101.56999969482422,119.4000015258789,83.19999694824219,,119.43000030517578
2018-06-05,101.83000183105469,119.62000274658203,83.25,,119.70999908447266
2018-06-06,101.41999816894531,119.36000061035156,83.22000122070312,,118.73999786376953
2018-06-07,101.8499984741211,119.63999938964844,83.30000305175781,,119.88999938964844
2018-06-08,101.70999908447266,119.54000091552734,83.27999877929688,,119.52999877929688
2018-06-11,101.61000061035156,119.45999908447266,83.25,,119.30999755859375
2018-06-12,101.55000305175781,119.4000015258789,83.20999908447266,,119.33999633789062
2018-06-13,101.43000030517578,119.27999877929688,83.16999816894531,,119.27999877929688
2018-06-14,101.75,119.44000244140625,83.19999694824219,,120.2699966430664
2018-06-15,101.83000183105469,119.4800033569336,83.23999786376953,,120.37999725341797
2018-06-18,101.87999725341797,119.52999877929688,83.26000213623047,,120.2699966430664
2018-06-19,102.1500015258789,119.69999694824219,83.29000091552734,,120.97000122070312
2018-06-20,101.81999969482422,119.5199966430664,83.25,,119.91000366210938
2018-06-21,102.08999633789062,119.68000030517578,83.30000305175781,,120.54000091552734
2018-06-22,102.11000061035156,119.72000122070312,83.30999755859375,,120.52999877929688
2018-06-25,102.25,119.83000183105469,83.33999633789062,,120.80000305175781
2018-06-26,102.30000305175781,119.87000274658203,83.33999633789062,,120.97000122070312
2018-06-27,102.69000244140625,120.12999725341797,83.38999938964844,,122.11000061035156
2018-06-28,102.58999633789062,120.02999877929688,83.38999938964844,,122.13999938964844
2018-06-29,102.51000213623047,120.0,83.37000274658203,,121.72000122070312
2018-07-02,102.25,119.69999694824219,83.2300033569336,,121.3499984741211
2018-07-03,102.51000213623047,119.87000274658203,83.26000213623047,,122.0
2018-07-05,102.5199966430664,119.83999633789062,83.25,,122.3499984741211
2018-07-06,102.61000061035156,119.94000244140625,83.2699966430664,,122.75
2018-07-09,102.3499984741211,119.77999877929688,83.22000122070312,,121.95999908447266
2018-07-10,102.2699966430664,119.69000244140625,83.20999908447266,,121.94999694824219
2018-07-11,102.4800033569336,119.83000183105469,83.23999786376953,,122.41999816894531
2018-07-12,102.44000244140625,119.80000305175781,83.2300033569336,,122.41000366210938
2018-07-13,102.61000061035156,119.94999694824219,83.25,,122.72000122070312
2018-07-16,102.44000244140625,119.80000305175781,83.2300033569336,,122.20999908447266
2018-07-17,102.37999725341797,119.76000213623047,83.22000122070312,,121.9800033569336
2018-07-18,102.30000305175781,119.72000122070312,83.20999908447266,,121.48999786376953
2018-07-19,102.58000183105469,119.94999694824219,83.25,,122.26000213623047
2018-07-20,102.22000122070312,119.79000091552734,83.25,,120.76000213623047
2018-07-23,101.72000122070312,119.5,83.19999694824219,,119.2699966430664
2018-07-24,101.79000091552734,119.51000213623047,83.20999908447266,,119.68000030517578
2018-07-25,101.72000122070312,119.44999694824219,83.18000030517578,,119.48999786376953
2018-07-26,101.61000061035156,119.33000183105469,83.18000030517578,,119.26000213623047
2018-07-27,101.7699966430664,119.44999694824219,83.19000244140625,,119.45999908447266
2018-07-30,101.63999938964844,119.41000366210938,83.19000244140625,,119.05000305175781
2018-07-31,101.77999877929688,119.47000122070312,83.19000244140625,,119.69999694824219
2018-08-01,101.33999633789062,119.11000061035156,83.05999755859375,,118.45999908447266
2018-08-02,101.45999908447266,119.26000213623047,83.11000061035156,,118.62999725341797
2018-08-03,101.72000122070312,119.47000122070312,83.12000274658203,,119.22000122070312
2018-08-06,101.7699966430664,119.51000213623047,83.13999938964844,,119.29000091552734
2018-08-07,101.55999755859375,119.33000183105469,83.11000061035156,,118.66999816894531
2018-08-08,101.6500015258789,119.4000015258789,83.12000274658203,,118.79000091552734
2018-08-09,101.93000030517578,119.56999969482422,83.16999816894531,,119.79000091552734
2018-08-10,102.37000274658203,119.87999725341797,83.25,,120.66000366210938
2018-08-13,102.33999633789062,119.9000015258789,83.2300033569336,,120.41000366210938
2018-08-14,102.23999786376953,119.80000305175781,83.2300033569336,,120.13999938964844
2018-08-15,102.48999786376953,119.98999786376953,83.2699966430664,,120.83999633789062
2018-08-16,102.45999908447266,119.94999694824219,83.25,,120.83000183105469
2018-08-17,102.5,119.94999694824219,83.27999877929688,,120.9800033569336
2018-08-20,102.81999969482422,120.19999694824219,83.33000183105469,,121.79000091552734
2018-08-21,102.68000030517578,120.08999633789062,83.30999755859375,,121.37999725341797
2018-08-22,102.87000274658203,120.20999908447266,83.33000183105469,,121.86000061035156
2018-08-23,102.86000061035156,120.16999816894531,83.31999969482422,,122.05000305175781
2018-08-24,102.88999938964844,120.1500015258789,83.33000183105469,,122.29000091552734
2018-08-27,102.66000366210938,120.02999877929688,83.30000305175781,,121.58999633789062
2018-08-28,102.43000030517578,119.86000061035156,83.2699966430664,,120.86000061035156
2018-08-29,102.4000015258789,119.80000305175781,83.26000213623047,,121.0199966430664
2018-08-30,102.58999633789062,119.9800033569336,83.31999969482422,,121.27999877929688
2018-08-31,102.61000061035156,120.06999969482422,83.33999633789062,,121.0
2018-09-04,102.16999816894531,119.75,83.19000244140625,,120.02999877929688
2018-09-05,102.16000366210938,119.73999786376953,83.19000244140625,,119.70999908447266
2018-09-06,102.37000274658203,119.88999938964844,83.22000122070312,,120.1500015258789
2018-09-07,101.91000366210938,119.5199966430664,83.12999725341797,,119.12999725341797
2018-09-10,101.97000122070312,119.54000091552734,83.13999938964844,,119.56999969482422
2018-09-11,101.5999984741211,119.29000091552734,83.08999633789062,,118.66000366210938
2018-09-12,101.72000122070312,119.3499984741211,83.08999633789062,,118.94000244140625
2018-09-13,101.70999908447266,119.33000183105469,83.0999984741211,,119.12000274658203
2018-09-14,101.5199966430664,119.16999816894531,83.06999969482422,,118.55000305175781
2018-09-17,101.54000091552734,119.22000122070312,83.05000305175781,,118.55000305175781
2018-09-18,101.12000274658203,118.9800033569336,83.04000091552734,,117.30999755859375
2018-09-19,100.94999694824219,118.88999938964844,83.0199966430664,,116.61000061035156
2018-09-20,100.95999908447266,118.91999816894531,83.05000305175781,,117.1500015258789
2018-09-21,101.0,118.94000244140625,83.02999877929688,,117.0999984741211
2018-09-24,100.88999938964844,118.9000015258789,83.02999877929688,,116.80000305175781
2018-09-25,100.79000091552734,118.83999633789062,83.04000091552734,,116.68000030517578
2018-09-26,101.12000274658203,119.04000091552734,83.05000305175781,,117.5
2018-09-27,101.12000274658203,119.02999877929688,83.05000305175781,,117.58000183105469
2018-09-28,101.16999816894531,119.06999969482422,83.08999633789062,,117.2699966430664
2018-10-01,100.70999908447266,118.75,82.93000030517578,,116.1500015258789
2018-10-02,100.97000122070312,118.9000015258789,82.95999908447266,,116.86000061035156
2018-10-03,100.22000122070312,118.48999786376953,82.91999816894531,,114.83000183105469
2018-10-04,99.95999908447266,118.37000274658203,82.9000015258789,,114.0199966430664
2018-10-05,99.72000122070312,118.26000213623047,82.88999938964844,,113.04000091552734
2018-10-08,99.76000213623047,118.30999755859375,82.87000274658203,,112.66000366210938
2018-10-09,99.94999694824219,118.37000274658203,82.9000015258789,,113.80000305175781
2018-10-10,100.0,118.47000122070312,82.91999816894531,,113.48999786376953
2018-10-11,100.41000366210938,118.66999816894531,82.94999694824219,,114.87000274658203
2018-10-12,100.29000091552734,118.5999984741211,82.94999694824219,,114.47000122070312
2018-10-15,100.3499984741211,118.62999725341797,82.9800033569336,,114.41999816894531
2018-10-16,100.33999633789062,118.62999725341797,82.94999694824219,,114.68000030517578
2018-10-17,100.05000305175781,118.43000030517578,82.94999694824219,,114.0
2018-10-18,100.2300033569336,118.58999633789062,83.0,,113.95999908447266
2018-10-19,100.11000061035156,118.51000213623047,82.94999694824219,,113.70999908447266
2018-10-22,100.12999725341797,118.5,82.93000030517578,,113.55999755859375
2018-10-23,100.38999938964844,118.69999694824219,82.9800033569336,,113.91999816894531
2018-10-24,100.93000030517578,119.11000061035156,83.11000061035156,,114.77999877929688
2018-10-25,100.69000244140625,118.91000366210938,83.08000183105469,,114.30000305175781
2018-10-26,101.13999938964844,119.27999877929688,83.12999725341797,,114.98999786376953
2018-10-29,101.12999725341797,119.2699966430664,83.16000366210938,,114.7300033569336
2018-10-30,100.91000366210938,119.0999984741211,83.12000274658203,,114.16000366210938
2018-10-31,100.66000366210938,118.94000244140625,83.08000183105469,,113.58000183105469
2018-11-01,100.52999877929688,118.83000183105469,82.9800033569336,,113.41000366210938
2018-11-02,99.97000122070312,118.47000122070312,82.87999725341797,,112.0
2018-11-05,100.02999877929688,118.51000213623047,82.91000366210938,,112.44000244140625
2018-11-06,99.91999816894531,118.41000366210938,82.88999938964844,,112.37000274658203
2018-11-07,99.91999816894531,118.3499984741211,82.86000061035156,,112.5199966430664
2018-11-08,99.77999877929688,118.20999908447266,82.8499984741211,,112.51000213623047
2018-11-09,100.16999816894531,118.5,82.88999938964844,,113.3499984741211
2018-11-12,100.47000122070312,118.73999786376953,82.94999694824219,,114.08999633789062
2018-11-13,100.55000305175781,118.80000305175781,82.95999908447266,,114.0199966430664
2018-11-14,100.76000213623047,119.01000213623047,83.0199966430664,,114.08999633789062
2018-11-15,100.83000183105469,119.0999984741211,83.05999755859375,,114.04000091552734
2018-11-16,101.13999938964844,119.33999633789062,83.12000274658203,,114.69999694824219
2018-11-19,101.29000091552734,119.47000122070312,83.19000244140625,,115.0199966430664
2018-11-20,101.2699966430664,119.41999816894531,83.16999816894531,,115.05999755859375
2018-11-21,101.25,119.37000274658203,83.16999816894531,,115.0199966430664
2018-11-23,101.30999755859375,119.43000030517578,83.1500015258789,,115.13999938964844
2018-11-26,101.2300033569336,119.36000061035156,83.16000366210938,,114.87999725341797
2018-11-27,101.33000183105469,119.4000015258789,83.16999816894531,,115.01000213623047
2018-11-28,101.31999969482422,119.45999908447266,83.19999694824219,,114.44999694824219
2018-11-29,101.58000183105469,119.61000061035156,83.22000122070312,,114.9000015258789
2018-11-30,101.77999877929688,119.69999694824219,83.25,,115.33000183105469
2018-12-03,101.79000091552734,119.55999755859375,83.04000091552734,,115.87999725341797
2018-12-04,102.26000213623047,119.7699966430664,83.0999984741211,,117.81999969482422
2018-12-06,102.5199966430664,119.9800033569336,83.18000030517578,,118.19000244140625
2018-12-07,102.81999969482422,120.29000091552734,83.2699966430664,,118.41000366210938
2018-12-10,102.87999725341797,120.30999755859375,83.2699966430664,,118.9000015258789
2018-12-11,102.62000274658203,120.12000274658203,83.19000244140625,,118.87999725341797
2018-12-12,102.33999633789062,119.94999694824219,83.18000030517578,,118.3499984741211
2018-12-13,102.4000015258789,120.02999877929688,83.26000213623047,,118.06999969482422
2018-12-14,102.55999755859375,120.18000030517578,83.30999755859375,,118.4800033569336
2018-12-17,102.86000061035156,120.41000366210938,83.38999938964844,,119.16999816894531
2018-12-18,102.9000015258789,120.37999725341797,83.31999969482422,,119.5999984741211
2018-12-19,103.26000213623047,120.51000213623047,83.33999633789062,,121.18000030517578
2018-12-20,103.12999725341797,120.45999908447266,83.33000183105469,,120.73999786376953
2018-12-21,103.22000122070312,120.55000305175781,83.38999938964844,,120.72000122070312
2018-12-24,103.4800033569336,120.80999755859375,83.45999908447266,,121.31999969482422
2018-12-26,102.98999786376953,120.4800033569336,83.37999725341797,,120.0199966430664
2018-12-27,103.25,120.7699966430664,83.47000122070312,,120.04000091552734
2018-12-28,103.80999755859375,121.19999694824219,83.58999633789062,,121.05000305175781
2018-12-31,104.19999694824219,121.4000015258789,83.62000274658203,,121.51000213623047
2019-01-02,104.41999816894531,121.56999969482422,83.62999725341797,,122.1500015258789
2019-01-03,105.25,122.26000213623047,83.80000305175781,,123.54000091552734
2019-01-04,104.4000015258789,121.58000183105469,83.62000274658203,,122.11000061035156
2019-01-07,104.11000061035156,121.33999633789062,83.55999755859375,,121.75
2019-01-08,103.8499984741211,121.12000274658203,83.51000213623047,,121.43000030517578
2019-01-09,103.91000366210938,121.22000122070312,83.55000305175781,,121.23999786376953
2019-01-10,103.86000061035156,121.19999694824219,83.55999755859375,,120.45999908447266
2019-01-11,104.16999816894531,121.41999816894531,83.61000061035156,,120.93000030517578
2019-01-14,104.11000061035156,121.4000015258789,83.61000061035156,,120.4800033569336
2019-01-15,104.01000213623047,121.3499984741211,83.63999938964844,,120.04000091552734
2019-01-16,103.94999694824219,121.30999755859375,83.62000274658203,,120.16000366210938
2019-01-17,103.76000213623047,121.16999816894531,83.61000061035156,,120.19000244140625
2019-01-18,103.43000030517578,120.91999816894531,83.54000091552734,,119.55999755859375
2019-01-22,103.79000091552734,121.16999816894531,83.61000061035156,,120.37000274658203
2019-01-23,103.73999786376953,121.12000274658203,83.58999633789062,,120.31999969482422
2019-01-24,104.06999969482422,121.3499984741211,83.66000366210938,,121.11000061035156
2019-01-25,103.83000183105469,121.16999816894531,83.5999984741211,,120.52999877929688
2019-01-28,103.86000061035156,121.19000244140625,83.61000061035156,,120.41000366210938
2019-01-29,104.16000366210938,121.44000244140625,83.6500015258789,,121.0199966430664
2019-01-30,104.4000015258789,121.69000244140625,83.76000213623047,,120.93000030517578
2019-01-31,104.87999725341797,122.02999877929688,83.83000183105469,,121.97000122070312
2019-02-01,104.0999984741211,121.37000274658203,83.58000183105469,,120.95999908447266
2019-02-04,103.87000274658203,121.23999786376953,83.58000183105469,,120.41999816894531
2019-02-05,104.05000305175781,121.36000061035156,83.58000183105469,,120.97000122070312
2019-02-06,104.12999725341797,121.44000244140625,83.62000274658203,,121.02999877929688
2019-02-07,104.47000122070312,121.66000366210938,83.68000030517578,,121.83000183105469
2019-02-08,104.61000061035156,121.75,83.70999908447266,,122.3499984741211
2019-02-11,104.44999694824219,121.63999938964844,83.68000030517578,,121.87000274658203
2019-02-12,104.30999755859375,121.52999877929688,83.66999816894531,,121.55999755859375
2019-02-13,104.05000305175781,121.3499984741211,83.61000061035156,,121.0999984741211
2019-02-14,104.54000091552734,121.68000030517578,83.72000122070312,,121.79000091552734
2019-02-15,104.44000244140625,121.5999984741211,83.68000030517578,,121.9800033569336
2019-02-19,104.62000274658203,121.75,83.73999786376953,,122.29000091552734
2019-02-20,104.5999984741211,121.73999786376953,83.7300033569336,,121.94000244140625
2019-02-21,104.29000091552734,121.55000305175781,83.69999694824219,,120.8499984741211
2019-02-22,104.5999984741211,121.76000213623047,83.76000213623047,,121.56999969482422
2019-02-25,104.44000244140625,121.68000030517578,83.75,,121.20999908447266
2019-02-26,104.75,121.87999725341797,83.79000091552734,,121.80999755859375
2019-02-27,104.37999725341797,121.68000030517578,83.7699966430664,,120.43000030517578
2019-02-28,104.11000061035156,121.52999877929688,83.75,,120.0199966430664
2019-03-01,103.56999969482422,121.05000305175781,83.54000091552734,,118.66000366210938
2019-03-04,103.88999938964844,121.26000213623047,83.55999755859375,,119.58999633789062
2019-03-05,103.94999694824219,121.27999877929688,83.56999969482422,,119.83999633789062
2019-03-06,104.23999786376953,121.5,83.62999725341797,,120.27999877929688
2019-03-07,104.58999633789062,121.79000091552734,83.69999694824219,,121.05999755859375
2019-03-08,104.73999786376953,121.87999725341797,83.7300033569336,,121.56999969482422
2019-03-11,104.66000366210938,121.80000305175781,83.70999908447266,,121.20999908447266
2019-03-12,104.94999694824219,121.9800033569336,83.73999786376953,,122.05999755859375
2019-03-13,104.91000366210938,121.9800033569336,83.75,,121.83000183105469
2019-03-14,104.76000213623047,121.91000366210938,83.7699966430664,,120.94999694824219
2019-03-15,105.08999633789062,122.11000061035156,83.80000305175781,,121.75
2019-03-18,104.94999694824219,122.0199966430664,83.77999877929688,,121.68000030517578
2019-03-19,104.87999725341797,121.95999908447266,83.7699966430664,,121.41000366210938
2019-03-20,105.61000061035156,122.5,83.88999938964844,,122.68000030517578
2019-03-21,105.55999755859375,122.44000244140625,83.88999938964844,,122.94999694824219
2019-03-22,106.33999633789062,122.98999786376953,84.02999877929688,,124.86000061035156
2019-03-25,106.61000061035156,123.25,84.12000274658203,,125.05999755859375
2019-03-26,106.5199966430664,123.19999694824219,84.11000061035156,,124.97000122070312
2019-03-27,106.83000183105469,123.41000366210938,84.18000030517578,,126.12000274658203
2019-03-28,106.83999633789062,123.36000061035156,84.16999816894531,,126.55999755859375
2019-03-29,106.66999816894531,123.19999694824219,84.12000274658203,,126.44000244140625
2019-04-01,105.72000122070312,122.5,83.87000274658203,,124.37000274658203
2019-04-02,105.9000015258789,122.66000366210938,83.91000366210938,,124.5999984741211
2019-04-03,105.56999969482422,122.48999786376953,83.87000274658203,,123.5199966430664
2019-04-04,105.68000030517578,122.55000305175781,83.88999938964844,,123.87000274658203
2019-04-05,105.7300033569336,122.58000183105469,83.87999725341797,,124.02999877929688
2019-04-08,105.55999755859375,122.47000122070312,83.86000061035156,,123.58999633789062
2019-04-09,105.75,122.58000183105469,83.87000274658203,,123.9800033569336
2019-04-10,106.0,122.75,83.94000244140625,,124.27999877929688
2019-04-11,105.76000213623047,122.58000183105469,83.88999938964844,,123.55000305175781
2019-04-12,105.2699966430664,122.25,83.83999633789062,,122.66999816894531
2019-04-15,105.41000366210938,122.33000183105469,83.8499984741211,,122.9800033569336
2019-04-16,105.05000305175781,122.12000274658203,83.83999633789062,,122.20999908447266
2019-04-17,105.06999969482422,122.18000030517578,83.87000274658203,,122.26000213623047
2019-04-18,105.31999969482422,122.33000183105469,83.88999938964844,,122.9000015258789
2019-04-22,105.16999816894531,122.2699966430664,83.9000015258789,,122.30999755859375
2019-04-23,105.36000061035156,122.43000030517578,83.94000244140625,,122.56999969482422
2019-04-24,105.76000213623047,122.70999908447266,83.98999786376953,,123.56999969482422
2019-04-25,105.62999725341797,122.61000061035156,83.98999786376953,,123.38999938964844
2019-04-26,105.91000366210938,122.86000061035156,84.08000183105469,,123.80999755859375
2019-04-29,105.69000244140625,122.7300033569336,84.05000305175781,,123.0199966430664
2019-04-30,105.9000015258789,122.91000366210938,84.11000061035156,,123.6500015258789
2019-05-01,105.63999938964844,122.55000305175781,83.87999725341797,,123.9000015258789
2019-05-02,105.33999633789062,122.33999633789062,83.83999633789062,,123.30999755859375
2019-05-03,105.4800033569336,122.43000030517578,83.87000274658203,,123.66000366210938
2019-05-06,105.75,122.63999938964844,83.91999816894531,,124.0
2019-05-07,106.11000061035156,122.8499984741211,83.95999908447266,,124.94999694824219
2019-05-08,105.91000366210938,122.72000122070312,83.94999694824219,,124.41000366210938
2019-05-09,106.19000244140625,122.93000030517578,84.0,,124.91999816894531
2019-05-10,106.12000274658203,122.87999725341797,84.0199966430664,,124.75
2019-05-13,106.6500015258789,123.31999969482422,84.12000274658203,,125.7300033569336
2019-05-14,106.55000305175781,123.26000213623047,84.12000274658203,,125.36000061035156
2019-05-15,106.88999938964844,123.5199966430664,84.18000030517578,,126.12999725341797
2019-05-16,106.68000030517578,123.38999938964844,84.12999725341797,,125.70999908447266
2019-05-17,106.7300033569336,123.41999816894531,84.1500015258789,,125.98999786376953
2019-05-20,106.55000305175781,123.25,84.11000061035156,,125.7300033569336
2019-05-21,106.43000030517578,123.11000061035156,84.06999969482422,,125.52999877929688
2019-05-22,106.75,123.37999725341797,84.11000061035156,,126.25
2019-05-23,107.4000015258789,123.83999633789062,84.26000213623047,,127.66999816894531
2019-05-24,107.37000274658203,123.80000305175781,84.2300033569336,,127.77999877929688
2019-05-28,107.83999633789062,124.08000183105469,84.30000305175781,,128.6999969482422
2019-05-29,107.80000305175781,124.02999877929688,84.30999755859375,,129.08999633789062
2019-05-30,108.19000244140625,124.30000305175781,84.37999725341797,,130.1999969482422
2019-05-31,108.91000366210938,124.9000015258789,84.55999755859375,,131.8300018310547
2019-06-03,109.22000122070312,125.11000061035156,84.55000305175781,,132.44000244140625
2019-06-04,108.81999969482422,124.87000274658203,84.48999786376953,,130.92999267578125
2019-06-05,108.81999969482422,124.9800033569336,84.52999877929688,,130.19000244140625
2019-06-06,108.80000305175781,124.86000061035156,84.4800033569336,,130.61000061035156
2019-06-07,109.2300033569336,125.12999725341797,84.56999969482422,,131.74000549316406
2019-06-10,108.69000244140625,124.76000213623047,84.48999786376953,,130.5
2019-06-11,108.69000244140625,124.75,84.45999908447266,,130.5800018310547
2019-06-12,108.97000122070312,124.98999786376953,84.52999877929688,,130.67999267578125
2019-06-13,109.23999786376953,125.22000122070312,84.62000274658203,,131.1300048828125
2019-06-14,109.31999969482422,125.19999694824219,84.58999633789062,,131.4600067138672
2019-06-17,109.30000305175781,125.16999816894531,84.55000305175781,,131.69000244140625
2019-06-18,109.51000213623047,125.25,84.55999755859375,,132.35000610351562
2019-06-19,109.80999755859375,125.62000274658203,84.73999786376953,,132.5399932861328
2019-06-20,109.98999786376953,125.7300033569336,84.77999877929688,,132.88999938964844
2019-06-21,109.54000091552734,125.48999786376953,84.73999786376953,,131.42999267578125
2019-06-24,109.91999816894531,125.73999786376953,84.79000091552734,,132.41000366210938
2019-06-25,110.08999633789062,125.87999725341797,84.80999755859375,,132.82000732421875
2019-06-26,109.63999938964844,125.48999786376953,84.70999908447266,,131.97000122070312
2019-06-27,109.97000122070312,125.7300033569336,84.77999877929688,,132.89999389648438
2019-06-28,110.0199966430664,125.76000213623047,84.77999877929688,,132.80999755859375
2019-07-01,109.69000244140625,125.44000244140625,84.56999969482422,,132.24000549316406
2019-07-02,110.08000183105469,125.66000366210938,84.62000274658203,,133.25999450683594
2019-07-03,110.29000091552734,125.7300033569336,84.63999938964844,,134.2100067138672
2019-07-05,109.58999633789062,125.20999908447266,84.47000122070312,,132.42999267578125
2019-07-08,109.4800033569336,125.08000183105469,84.43000030517578,,132.61000061035156
2019-07-09,109.41000366210938,124.97000122070312,84.4000015258789,,132.55999755859375
2019-07-10,109.47000122070312,125.25,84.55000305175781,,131.8300018310547
2019-07-11,108.93000030517578,124.94999694824219,84.51000213623047,,130.07000732421875
2019-07-12,109.05000305175781,125.02999877929688,84.5199966430664,,130.22000122070312
2019-07-15,109.27999877929688,125.16999816894531,84.54000091552734,,130.97000122070312
2019-07-16,109.04000091552734,124.9800033569336,84.51000213623047,,130.5800018310547
2019-07-17,109.55000305175781,125.33000183105469,84.58999633789062,,131.99000549316406
2019-07-18,109.81999969482422,125.62000274658203,84.69000244140625,,132.0
2019-07-19,109.62000274658203,125.38999938964844,84.5999984741211,,131.69000244140625
2019-07-22,109.66999816894531,125.44000244140625,84.61000061035156,,131.94000244140625
2019-07-23,109.48999786376953,125.31999969482422,84.58999633789062,,131.22000122070312
2019-07-24,109.6500015258789,125.38999938964844,84.61000061035156,,131.7899932861328
2019-07-25,109.45999908447266,125.22000122070312,84.55999755859375,,131.16000366210938
2019-07-26,109.44000244140625,125.22000122070312,84.56999969482422,,131.47000122070312
2019-07-29,109.54000091552734,125.2699966430664,84.56999969482422,,131.50999450683594
2019-07-30,109.58999633789062,125.30000305175781,84.58000183105469,,131.8300018310547
2019-07-31,109.87000274658203,125.3499984741211,84.56999969482422,,132.88999938964844
2019-08-01,110.91999816894531,126.05000305175781,84.66000366210938,,135.25999450683594
2019-08-02,111.1500015258789,126.1500015258789,84.68000030517578,,136.50999450683594
2019-08-05,112.11000061035156,126.83000183105469,84.8499984741211,,138.8699951171875
2019-08-06,112.29000091552734,126.93000030517578,84.88999938964844,,139.97999572753906
2019-08-07,112.29000091552734,126.91999816894531,84.9000015258789,,140.02999877929688
2019-08-08,112.30000305175781,126.88999938964844,84.87000274658203,,140.3300018310547
2019-08-09,112.12999725341797,126.72000122070312,84.81999969482422,,140.0500030517578
2019-08-12,112.83999633789062,127.13999938964844,84.91000366210938,,142.97000122070312
2019-08-13,112.44000244140625,126.7699966430664,84.80999755859375,,142.47999572753906
2019-08-14,113.19000244140625,127.16000366210938,84.91999816894531,,145.69000244140625
2019-08-15,113.91000366210938,127.68000030517578,85.0999984741211,,147.30999755859375
2019-08-16,113.61000061035156,127.62999725341797,85.08999633789062,,146.1300048828125
2019-08-19,113.06999969482422,127.25,85.0,,144.0399932861328
2019-08-20,113.56999969482422,127.55999755859375,85.05999755859375,,145.52999877929688
2019-08-21,113.2699966430664,127.31999969482422,84.9800033569336,,144.55999755859375
2019-08-22,113.0199966430664,127.13999938964844,84.94000244140625,,143.60000610351562
2019-08-23,113.77999877929688,127.68000030517578,85.08000183105469,,145.9600067138672
2019-08-26,113.66999816894531,127.58999633789062,85.04000091552734,,145.3699951171875
2019-08-27,114.16000366210938,127.83000183105469,85.06999969482422,,147.61000061035156
2019-08-28,114.19999694824219,127.86000061035156,85.08999633789062,,147.8000030517578
2019-08-29,113.9800033569336,127.7300033569336,85.05000305175781,,147.24000549316406
2019-08-30,114.01000213623047,127.75,85.08000183105469,,147.27999877929688
2019-09-03,114.06999969482422,127.80999755859375,85.0,,147.2100067138672
2019-09-04,114.25,128.02000427246094,85.06999969482422,,147.42999267578125
2019-09-05,113.33000183105469,127.33999633789062,84.87999725341797,,144.75999450683594
2019-09-06,113.4000015258789,127.38999938964844,84.88999938964844,,145.7899932861328
2019-09-09,112.69999694824219,127.0,84.80000305175781,,143.1999969482422
2019-09-10,111.87999725341797,126.44999694824219,84.66000366210938,,140.69000244140625
2019-09-11,111.7699966430664,126.37000274658203,84.66000366210938,,140.44000244140625
2019-09-12,111.5199966430664,126.18000030517578,84.63999938964844,,139.52000427246094
2019-09-13,110.5,125.5199966430664,84.5,,136.5399932861328
2019-09-16,110.9800033569336,125.83999633789062,84.56999969482422,,138.27999877929688
2019-09-17,111.2699966430664,126.0199966430664,84.61000061035156,,139.02999877929688
2019-09-18,111.30999755859375,125.95999908447266,84.55999755859375,,139.6199951171875
2019-09-19,111.36000061035156,126.05999755859375,84.56999969482422,,140.0399932861328
2019-09-20,112.0,126.41000366210938,84.66000366210938,,141.88999938964844
2019-09-23,112.16000366210938,126.55000305175781,84.70999908447266,,141.86000061035156
2019-09-24,112.72000122070312,126.94000244140625,84.80000305175781,,143.57000732421875
2019-09-25,111.9800033569336,126.44000244140625,84.69000244140625,,141.47000122070312
2019-09-26,112.22000122070312,126.56999969482422,84.7300033569336,,142.3800048828125
2019-09-27,112.37999725341797,126.72000122070312,84.77999877929688,,142.72999572753906
2019-09-30,112.47000122070312,126.80000305175781,84.81999969482422,,143.0800018310547
2019-10-01,112.61000061035156,126.9000015258789,84.77999877929688,,143.25999450683594
2019-10-02,113.0,127.2300033569336,84.87000274658203,,143.61000061035156
2019-10-03,113.58999633789062,127.69999694824219,85.05000305175781,,144.9199981689453
2019-10-04,113.80999755859375,127.80000305175781,85.04000091552734,,145.99000549316406
2019-10-07,113.43000030517578,127.51000213623047,84.94999694824219,,144.77999877929688
2019-10-08,113.66999816894531,127.66999816894531,85.0,,145.1699981689453
2019-10-09,113.37999725341797,127.5199966430664,84.94999694824219,,144.35000610351562
2019-10-10,112.66999816894531,127.04000091552734,84.8499984741211,,142.1999969482422
2019-10-11,111.9000015258789,126.56999969482422,84.7699966430664,,140.44000244140625
2019-10-14,112.20999908447266,126.6500015258789,84.77999877929688,,141.4600067138672
2019-10-15,111.66999816894531,126.37999725341797,84.76000213623047,,139.75
2019-10-16,111.88999938964844,126.55999755859375,84.80000305175781,,139.9199981689453
2019-10-17,111.8499984741211,126.5199966430664,84.80000305175781,,139.5800018310547
2019-10-18,111.94999694824219,126.62999725341797,84.83000183105469,,139.5800018310547
2019-10-21,111.54000091552734,126.3499984741211,84.79000091552734,,138.52999877929688
2019-10-22,111.80000305175781,126.5,84.81999969482422,,139.33999633789062
2019-10-23,111.83999633789062,126.44999694824219,84.80999755859375,,139.47999572753906
2019-10-24,111.81999969482422,126.4800033569336,84.80999755859375,,139.1999969482422
2019-10-25,111.58000183105469,126.29000091552734,84.76000213623047,,138.52000427246094
2019-10-28,111.16000366210938,126.11000061035156,84.7300033569336,,137.25999450683594
2019-10-29,111.26000213623047,126.12999725341797,84.75,,137.35000610351562
2019-10-30,111.80000305175781,126.44000244140625,84.80000305175781,,139.36000061035156
2019-10-31,112.51000213623047,126.97000122070312,84.94999694824219,,141.24000549316406
2019-11-01,112.12999725341797,126.61000061035156,84.76000213623047,,140.55999755859375
2019-11-04,111.55999755859375,126.30999755859375,84.69999694824219,,138.7100067138672
2019-11-05,110.95999908447266,125.93000030517578,84.63999938964844,,137.14999389648438
2019-11-06,111.27999877929688,126.13999938964844,84.69000244140625,,137.97999572753906
2019-11-07,110.38999938964844,125.56999969482422,84.58999633789062,,135.47999572753906
2019-11-08,110.23999786376953,125.5199966430664,84.5999984741211,,134.91000366210938
2019-11-11,110.36000061035156,125.56999969482422,84.62000274658203,,135.0
2019-11-12,110.41000366210938,125.6500015258789,84.62999725341797,,135.6199951171875
2019-11-13,110.70999908447266,125.87000274658203,84.66999816894531,,136.5
2019-11-14,111.2699966430664,126.23999786376953,84.75,,137.91000366210938
2019-11-15,111.18000030517578,126.11000061035156,84.72000122070312,,137.75999450683594
2019-11-18,111.37000274658203,126.25,84.76000213623047,,138.00999450683594
2019-11-19,111.58000183105469,126.29000091552734,84.75,,139.16000366210938
2019-11-20,111.98999786376953,126.55000305175781,84.79000091552734,,140.60000610351562
2019-11-21,111.70999908447266,126.37999725341797,84.75,,139.72000122070312
2019-11-22,111.69000244140625,126.3499984741211,84.73999786376953,,139.89999389648438
2019-11-25,111.73999786376953,126.36000061035156,84.75,,140.30999755859375
2019-11-26,111.94999694824219,126.5,84.79000091552734,,141.1300048828125
2019-11-27,111.66000366210938,126.30000305175781,84.73999786376953,,140.72000122070312
2019-11-29,111.56999969482422,126.30999755859375,84.7699966430664,,140.4199981689453
2019-12-02,111.01000213623047,125.97000122070312,84.61000061035156,,138.30999755859375
2019-12-03,112.0,126.58000183105469,84.7300033569336,,141.2100067138672
2019-12-04,111.56999969482422,126.30000305175781,84.69000244140625,,139.8000030517578
2019-12-05,111.30999755859375,126.16000366210938,84.6500015258789,,139.1199951171875
2019-12-06,110.97000122070312,125.94000244140625,84.62000274658203,,138.35000610351562
2019-12-09,111.05999755859375,125.93000030517578,84.62000274658203,,138.64999389648438
2019-12-10,110.93000030517578,125.80999755859375,84.58000183105469,,138.66000366210938
2019-12-11,111.38999938964844,126.08999633789062,84.6500015258789,,139.75
2019-12-12,110.51000213623047,125.56999969482422,84.56999969482422,,137.4499969482422
2019-12-13,111.16000366210938,126.01000213623047,84.66999816894531,,139.0399932861328
2019-12-16,110.63999938964844,125.72000122070312,84.62000274658203,,137.7899932861328
2019-12-17,110.6500015258789,125.7300033569336,84.63999938964844,,137.60000610351562
2019-12-18,110.3499984741211,125.5999984741211,84.6500015258789,,136.47000122070312
2019-12-19,110.27999877929688,125.5,84.52999877929688,,136.47000122070312
2019-12-20,110.27999877929688,125.4800033569336,84.52999877929688,,136.64999389648438
2019-12-23,110.18000030517578,125.41000366210938,84.51000213623047,,136.4499969482422
2019-12-24,110.37000274658203,125.54000091552734,84.5199966430664,,136.83999633789062
2019-12-26,110.52999877929688,125.63999938964844,84.55000305175781,,137.1699981689453
2019-12-27,110.69000244140625,125.86000061035156,84.61000061035156,,137.32000732421875
2019-12-30,110.62000274658203,125.88999938964844,84.63999938964844,,136.82000732421875
2019-12-31,110.22000122070312,125.75,84.62999725341797,,135.47999572753906
2020-01-02,110.7300033569336,125.97000122070312,84.66999816894531,,137.00999450683594
2020-01-03,111.47000122070312,126.37000274658203,84.73999786376953,,139.1199951171875
2020-01-06,111.3499984741211,126.30000305175781,84.70999908447266,,138.3300018310547
2020-01-07,111.19000244140625,126.25,84.70999908447266,,137.64999389648438
2020-01-08,110.93000030517578,126.08000183105469,84.66999816894531,,136.74000549316406
2020-01-09,111.01000213623047,126.08000183105469,84.68000030517578,,137.22000122070312
2020-01-10,111.25,126.19999694824219,84.69999694824219,,138.44000244140625
2020-01-13,111.12000274658203,126.12999725341797,84.69000244140625,,138.02000427246094
2020-01-14,111.33999633789062,126.26000213623047,84.69999694824219,,138.72999572753906
2020-01-15,111.62000274658203,126.4000015258789,84.73999786376953,,139.64999389648438
2020-01-16,111.38999938964844,126.30999755859375,84.73999786376953,,139.2100067138672
2020-01-17,111.30000305175781,126.29000091552734,84.7699966430664,,138.02000427246094
2020-01-21,111.73999786376953,126.58000183105469,84.79000091552734,,139.47000122070312
2020-01-22,111.76000213623047,126.5999984741211,84.80999755859375,,139.9600067138672
2020-01-23,112.04000091552734,126.76000213623047,84.83999633789062,,140.94000244140625
2020-01-24,112.44000244140625,126.9800033569336,84.87000274658203,,142.0800018310547
2020-01-27,113.19999694824219,127.41999816894531,84.95999908447266,,144.2899932861328
2020-01-28,112.81999969482422,127.25,84.91999816894531,,143.16000366210938
2020-01-29,113.36000061035156,127.55999755859375,85.0,,144.55999755859375
2020-01-30,113.47000122070312,127.66999816894531,85.01000213623047,,144.5800018310547
2020-01-31,114.04000091552734,128.05999755859375,85.12000274658203,,145.89999389648438
2020-02-03,113.79000091552734,127.7300033569336,84.95999908447266,,145.5399932861328
2020-02-04,113.12999725341797,127.3499984741211,84.87000274658203,,143.5800018310547
2020-02-05,112.63999938964844,127.08000183105469,84.80999755859375,,142.00999450683594
2020-02-06,112.72000122070312,127.08999633789062,84.83000183105469,,142.64999389648438
2020-02-07,113.26000213623047,127.38999938964844,84.87999725341797,,144.42999267578125
2020-02-10,113.4800033569336,127.58000183105469,84.91999816894531,,144.8300018310547
2020-02-11,113.20999908447266,127.4000015258789,84.87999725341797,,144.10000610351562
2020-02-12,112.91999816894531,127.2300033569336,84.83999633789062,,143.3699951171875
2020-02-13,113.0199966430664,127.29000091552734,84.86000061035156,,143.9199981689453
2020-02-14,113.30000305175781,127.38999938964844,84.9000015258789,,144.5500030517578
2020-02-18,113.4800033569336,127.55000305175781,84.93000030517578,,145.5399932861328
2020-02-19,113.45999908447266,127.5,84.94000244140625,,145.52999877929688
2020-02-20,113.79000091552734,127.72000122070312,84.95999908447266,,146.6699981689453
2020-02-21,114.25,128.0,85.02999877929688,,148.0399932861328
2020-02-24,115.13999938964844,128.61000061035156,85.16999816894531,,150.25
2020-02-25,115.45999908447266,128.83999633789062,85.26000213623047,,151.0500030517578
2020-02-26,115.4000015258789,128.86000061035156,85.31999969482422,,150.25
2020-02-27,115.95999908447266,129.27999877929688,85.41999816894531,,151.8800048828125
2020-02-28,117.26000213623047,130.27999877929688,85.7300033569336,,155.30999755859375
2020-03-02,117.04000091552734,129.9199981689453,85.56999969482422,,153.94000244140625
2020-03-03,118.4000015258789,131.0,85.91000366210938,,156.3300018310547
2020-03-04,118.13999938964844,130.91000366210938,85.91999816894531,,154.6699981689453
2020-03-05,119.19000244140625,131.4499969482422,86.0999984741211,,158.52000427246094
2020-03-06,120.4000015258789,131.94000244140625,86.19999694824219,,166.77000427246094
2020-03-09,121.4800033569336,132.5500030517578,86.66999816894531,,171.2899932861328
2020-03-10,119.25,131.8300018310547,86.29000091552734,,162.50999450683594
2020-03-11,118.05999755859375,131.52000427246094,86.19000244140625,,156.52999877929688
2020-03-12,118.12000274658203,131.6699981689453,86.16999816894531,,157.5
2020-03-13,117.3499984741211,131.0500030517578,86.27999877929688,,153.94000244140625
2020-03-16,120.44999694824219,132.41000366210938,86.41999816894531,,163.91000366210938
2020-03-17,117.43000030517578,130.9600067138672,86.22000122070312,,152.97999572753906
2020-03-18,115.80000305175781,130.11000061035156,86.11000061035156,,144.35000610351562
2020-03-19,116.18000030517578,130.38999938964844,86.26000213623047,,148.27999877929688
2020-03-20,119.13999938964844,131.9499969482422,86.48999786376953,,159.42999267578125
2020-03-23,120.55000305175781,132.88999938964844,86.58999633789062,,166.0
2020-03-24,119.7300033569336,132.25999450683594,86.47000122070312,,162.91000366210938
2020-03-25,119.80000305175781,132.3000030517578,86.56999969482422,,162.5399932861328
2020-03-26,120.08999633789062,132.55999755859375,86.66999816894531,,163.33999633789062
2020-03-27,120.9800033569336,133.05999755859375,86.6500015258789,,167.6999969482422
2020-03-30,121.26000213623047,133.0800018310547,86.69000244140625,,166.32000732421875
2020-03-31,121.4800033569336,133.33999633789062,86.66999816894531,,164.97000122070312
2020-04-01,121.83000183105469,133.27999877929688,86.62000274658203,,167.0399932861328
2020-04-02,121.8499984741211,133.19000244140625,86.63999938964844,,168.10000610351562
2020-04-03,121.94000244140625,133.2100067138672,86.62000274658203,,168.5
2020-04-06,121.38999938964844,132.88999938964844,86.55999755859375,,168.05999755859375
2020-04-07,120.8499984741211,132.6699981689453,86.54000091552734,,166.3000030517578
2020-04-08,120.69999694824219,132.69000244140625,86.58999633789062,,165.08999633789062
2020-04-09,120.95999908447266,132.97000122070312,86.62000274658203,,165.38999938964844
2020-04-13,120.69999694824219,132.8300018310547,86.62999725341797,,163.8800048828125
2020-04-14,120.86000061035156,133.0,86.62999725341797,,163.83999633789062
2020-04-15,121.94000244140625,133.4499969482422,86.66000366210938,,168.17999267578125
2020-04-16,122.06999969482422,133.4499969482422,86.68000030517578,,170.08999633789062
2020-04-17,121.75,133.30999755859375,86.6500015258789,,167.80999755859375
2020-04-20,122.06999969482422,133.4199981689453,86.6500015258789,,169.16000366210938
2020-04-21,122.41000366210938,133.52000427246094,86.66999816894531,,171.2899932861328
2020-04-22,122.02999877929688,133.3300018310547,86.63999938964844,,169.5399932861328
2020-04-23,122.11000061035156,133.3300018310547,86.62999725341797,,170.44000244140625
2020-04-24,122.13999938964844,133.36000061035156,86.62999725341797,,170.83999633789062
2020-04-27,121.48999786376953,133.08999633789062,86.62999725341797,,167.66000366210938
2020-04-28,122.0199966430664,133.3300018310547,86.66000366210938,,169.58999633789062
2020-04-29,121.95999908447266,133.38999938964844,86.6500015258789,,168.7100067138672
2020-04-30,121.66999816894531,133.33999633789062,86.80000305175781,,166.74000549316406
2020-05-01,121.70999908447266,133.22000122070312,86.5999984741211,,167.9499969482422
2020-05-04,121.7300033569336,133.25,86.5999984741211,,167.16000366210938
2020-05-05,121.63999938964844,133.22000122070312,86.58999633789062,,166.08999633789062
2020-05-06,121.19000244140625,133.1300048828125,86.62000274658203,,163.41000366210938
2020-05-07,121.93000030517578,133.57000732421875,86.68000030517578,,166.13999938964844
2020-05-08,121.52999877929688,133.42999267578125,86.66000366210938,,163.97999572753906
2020-05-11,121.19000244140625,133.25,86.62999725341797,,162.6999969482422
2020-05-12,121.58999633789062,133.41000366210938,86.6500015258789,,164.3699951171875
2020-05-13,121.83999633789062,133.5,86.6500015258789,,165.52000427246094
2020-05-14,122.02999877929688,133.5800018310547,86.62999725341797,,167.13999938964844
2020-05-15,121.94999694824219,133.57000732421875,86.68000030517578,,166.7100067138672
2020-05-18,121.19999694824219,133.24000549316406,86.61000061035156,,163.0500030517578
2020-05-19,121.54000091552734,133.4199981689453,86.66000366210938,,163.66000366210938
2020-05-20,121.56999969482422,133.42999267578125,86.66000366210938,,164.14999389648438
2020-05-21,121.6500015258789,133.44000244140625,86.63999938964844,,164.55999755859375
2020-05-22,121.87999725341797,133.47999572753906,86.63999938964844,,165.5500030517578
2020-05-26,121.55999755859375,133.42999267578125,86.63999938964844,,163.3300018310547
2020-05-27,121.66000366210938,133.44000244140625,86.62000274658203,,163.02999877929688
2020-05-28,121.55000305175781,133.42999267578125,86.66000366210938,,162.42999267578125
2020-05-29,121.94000244140625,133.63999938964844,86.66000366210938,,163.58999633789062
2020-06-01,121.7699966430664,133.47999572753906,86.58000183105469,,162.27999877929688
2020-06-02,121.56999969482422,133.38999938964844,86.58000183105469,,161.69000244140625
2020-06-03,120.8499984741211,133.07000732421875,86.51000213623047,,159.5399932861328
2020-06-04,120.37000274658203,132.8699951171875,86.52999877929688,,157.22999572753906
2020-06-05,119.7699966430664,132.5500030517578,86.5,,156.11000061035156
2020-06-08,119.9000015258789,132.6199951171875,86.4800033569336,,156.7100067138672
2020-06-09,120.33000183105469,132.88999938964844,86.51000213623047,,158.49000549316406
2020-06-10,121.2300033569336,133.3800048828125,86.55999755859375,,160.83999633789062
2020-06-11,121.66000366210938,133.4199981689453,86.5199966430664,,163.8800048828125
2020-06-12,121.38999938964844,133.35000610351562,86.55000305175781,,162.3000030517578
2020-06-15,121.29000091552734,133.3000030517578,86.52999877929688,,162.38999938964844
2020-06-16,121.04000091552734,133.24000549316406,86.5199966430664,,159.89999389648438
2020-06-17,121.2300033569336,133.27999877929688,86.55000305175781,,160.55999755859375
2020-06-18,121.5,133.33999633789062,86.54000091552734,,162.25999450683594
2020-06-19,121.54000091552734,133.3800048828125,86.55999755859375,,162.38999938964844
2020-06-22,121.43000030517578,133.32000732421875,86.54000091552734,,162.41000366210938
2020-06-23,121.38999938964844,133.3699951171875,86.55999755859375,,161.3000030517578
2020-06-24,121.62000274658203,133.44000244140625,86.56999969482422,,163.02999877929688
2020-06-25,121.63999938964844,133.4600067138672,86.56999969482422,,163.5
2020-06-26,121.97000122070312,133.6300048828125,86.5999984741211,,165.25
2020-06-29,122.08999633789062,133.72000122070312,86.62000274658203,,164.72999572753906
2020-06-30,121.87000274658203,133.6699981689453,86.61000061035156,,163.92999267578125
2020-07-01,121.56999969482422,133.42999267578125,86.5199966430664,,163.4199981689453
2020-07-02,121.72000122070312,133.5500030517578,86.55999755859375,,163.58999633789062
2020-07-06,121.54000091552734,133.4499969482422,86.52999877929688,,162.9199981689453
2020-07-07,121.93000030517578,133.58999633789062,86.55000305175781,,165.2100067138672
2020-07-08,121.73999786376953,133.52999877929688,86.55000305175781,,164.5500030517578
2020-07-09,122.12999725341797,133.66000366210938,86.56999969482422,,167.1699981689453
2020-07-10,121.88999938964844,133.5500030517578,86.54000091552734,,166.3300018310547
2020-07-13,122.0199966430664,133.61000061035156,86.54000091552734,,166.8800048828125
2020-07-14,122.01000213623047,133.5800018310547,86.55000305175781,,167.1199951171875
2020-07-15,121.97000122070312,133.58999633789062,86.55999755859375,,166.33999633789062
2020-07-16,122.05999755859375,133.66000366210938,86.55999755859375,,167.1300048828125
2020-07-17,122.02999877929688,133.63999938964844,86.58000183105469,,166.77999877929688
2020-07-20,122.11000061035156,133.63999938964844,86.55999755859375,,167.19000244140625
2020-07-21,122.23999786376953,133.72999572753906,86.58000183105469,,167.2899932861328
2020-07-22,122.27999877929688,133.72000122070312,86.56999969482422,,167.7899932861328
2020-07-23,122.4000015258789,133.72000122070312,86.56999969482422,,169.75
2020-07-24,122.33999633789062,133.74000549316406,86.58000183105469,,169.74000549316406
2020-07-27,122.1500015258789,133.63999938964844,86.55000305175781,,169.11000061035156
2020-07-28,122.44000244140625,133.7899932861328,86.56999969482422,,170.27999877929688
2020-07-29,122.5999984741211,133.88999938964844,86.58999633789062,,169.99000549316406
2020-07-30,122.7699966430664,134.00999450683594,86.62000274658203,,171.11000061035156
2020-07-31,122.80000305175781,134.07000732421875,86.62999725341797,,171.0
2020-08-03,122.63999938964844,133.94000244140625,86.58000183105469,,169.9499969482422
2020-08-04,123.05999755859375,134.10000610351562,86.58999633789062,,171.57000732421875
2020-08-05,122.6500015258789,133.92999267578125,86.56999969482422,,170.07000732421875
2020-08-06,122.79000091552734,133.9499969482422,86.56999969482422,,171.02000427246094
2020-08-07,122.52999877929688,133.85000610351562,86.55999755859375,,169.8800048828125
2020-08-10,122.4000015258789,133.82000732421875,86.54000091552734,,169.1199951171875
2020-08-11,121.9800033569336,133.6199951171875,86.5199966430664,,167.11000061035156
2020-08-12,121.62000274658203,133.4600067138672,86.5,,165.58999633789062
2020-08-13,121.37000274658203,133.35000610351562,86.48999786376953,,163.82000732421875
2020-08-14,121.43000030517578,133.44000244140625,86.5,,163.17999267578125
2020-08-17,121.62999725341797,133.52000427246094,86.51000213623047,,163.58999633789062
2020-08-18,121.83999633789062,133.60000610351562,86.5199966430664,,164.75999450683594
2020-08-19,121.68000030517578,133.52000427246094,86.5199966430664,,163.72999572753906
2020-08-20,122.02999877929688,133.6300048828125,86.5199966430664,,165.2100067138672
2020-08-21,122.12000274658203,133.64999389648438,86.51000213623047,,166.1999969482422
2020-08-24,121.94999694824219,133.5800018310547,86.5,,165.92999267578125
2020-08-25,121.66000366210938,133.47999572753906,86.51000213623047,,164.66000366210938
2020-08-26,121.61000061035156,133.47999572753906,86.51000213623047,,164.02999877929688
2020-08-27,121.18000030517578,133.3800048828125,86.5,,161.24000549316406
2020-08-28,121.37999725341797,133.55999755859375,86.52999877929688,,161.1199951171875
2020-08-31,121.51000213623047,133.58999633789062,86.55999755859375,,162.19000244140625
2020-09-01,121.81999969482422,133.60000610351562,86.48999786376953,,163.86000061035156
2020-09-02,121.98999786376953,133.6300048828125,86.5,,165.4199981689453
2020-09-03,122.1500015258789,133.67999267578125,86.48999786376953,,165.88999938964844
2020-09-04,121.47000122070312,133.3800048828125,86.45999908447266,,162.74000549316406
2020-09-08,121.7300033569336,133.52000427246094,86.47000122070312,,163.74000549316406
2020-09-09,121.66999816894531,133.52000427246094,86.4800033569336,,163.3000030517578
2020-09-10,121.81999969482422,133.55999755859375,86.47000122070312,,164.1300048828125
2020-09-11,122.01000213623047,133.67999267578125,86.48999786376953,,164.47999572753906
2020-09-14,121.9000015258789,133.60000610351562,86.4800033569336,,164.47000122070312
2020-09-15,121.83999633789062,133.5800018310547,86.48999786376953,,164.07000732421875
2020-09-16,121.7699966430664,133.5500030517578,86.5,,163.5800018310547
2020-09-17,121.80999755859375,133.55999755859375,86.4800033569336,,164.0800018310547
2020-09-18,121.69999694824219,133.50999450683594,86.48999786376953,,163.57000732421875
2020-09-21,121.91999816894531,133.58999633789062,86.4800033569336,,164.39999389648438
2020-09-22,121.91999816894531,133.61000061035156,86.5,,164.27000427246094
2020-09-23,121.91999816894531,133.60000610351562,86.5,,164.49000549316406
2020-09-24,121.9800033569336,133.6199951171875,86.48999786376953,,165.1199951171875
2020-09-25,122.08000183105469,133.67999267578125,86.5,,165.1199951171875
2020-09-28,122.05999755859375,133.6699981689453,86.51000213623047,,164.64999389648438
2020-09-29,122.1500015258789,133.72999572753906,86.5,,164.83999633789062
2020-09-30,121.81999969482422,133.58999633789062,86.51000213623047,,163.25999450683594
2020-10-01,121.80999755859375,133.52000427246094,86.44999694824219,,163.36000061035156
2020-10-02,121.69000244140625,133.47000122070312,86.45999908447266,,162.75
2020-10-05,120.91999816894531,133.14999389648438,86.43000030517578,,159.57000732421875
2020-10-06,121.19999694824219,133.25,86.43000030517578,,160.42999267578125
2020-10-07,120.8499984741211,133.1199951171875,86.41999816894531,,159.25999450683594
2020-10-08,121.06999969482422,133.2100067138672,86.41999816894531,,160.1199951171875
2020-10-09,121.01000213623047,133.16000366210938,86.41999816894531,,160.08999633789062
2020-10-12,121.13999938964844,133.2100067138672,86.44000244140625,,160.60000610351562
2020-10-13,121.41000366210938,133.35000610351562,86.43000030517578,,161.75
2020-10-14,121.44999694824219,133.36000061035156,86.43000030517578,,162.1199951171875
2020-10-15,121.31999969482422,133.30999755859375,86.44999694824219,,161.83999633789062
2020-10-16,121.25,133.2899932861328,86.44000244140625,,161.38999938964844
2020-10-19,121.05000305175781,133.2100067138672,86.44000244140625,,160.77999877929688
2020-10-20,120.79000091552734,133.1199951171875,86.43000030517578,,159.25
2020-10-21,120.62999725341797,133.05999755859375,86.43000030517578,,158.6999969482422
2020-10-22,120.20999908447266,132.89999389648438,86.4000015258789,,157.0500030517578
2020-10-23,120.37999725341797,132.9499969482422,86.41000366210938,,158.00999450683594
2020-10-26,120.69999694824219,133.07000732421875,86.41999816894531,,159.47999572753906
2020-10-27,120.97000122070312,133.19000244140625,86.41999816894531,,160.5500030517578
2020-10-28,120.95999908447266,133.19000244140625,86.41999816894531,,160.6999969482422
2020-10-29,120.44999694824219,133.02000427246094,86.44000244140625,,159.13999938964844
2020-10-30,120.05999755859375,132.91000366210938,86.43000030517578,,157.57000732421875
2020-11-02,120.19000244140625,132.83999633789062,86.38999938964844,,158.5800018310547
2020-11-03,119.91999816894531,132.77000427246094,86.37000274658203,,157.66000366210938
2020-11-04,120.93000030517578,133.17999267578125,86.38999938964844,,161.0800018310547
2020-11-05,120.91000366210938,133.14999389648438,86.37000274658203,,161.36000061035156
2020-11-06,120.5,132.99000549316406,86.37999725341797,,159.41000366210938
2020-11-09,119.61000061035156,132.58999633789062,86.3499984741211,,156.05999755859375
2020-11-10,119.2699966430664,132.44000244140625,86.33999633789062,,155.16000366210938
2020-11-11,119.45999908447266,132.5,86.31999969482422,,155.72000122070312
2020-11-12,120.13999938964844,132.7899932861328,86.33000183105469,,158.3699951171875
2020-11-13,119.9800033569336,132.72999572753906,86.33000183105469,,158.16000366210938
2020-11-16,119.88999938964844,132.7100067138672,86.3499984741211,,157.77999877929688
2020-11-17,120.19999694824219,132.83999633789062,86.33999633789062,,158.80999755859375
2020-11-18,120.16000366210938,132.8000030517578,86.33999633789062,,159.27000427246094
2020-11-19,120.29000091552734,132.85000610351562,86.36000061035156,,160.08999633789062
2020-11-20,120.5,132.9199981689453,86.37000274658203,,161.50999450683594
2020-11-23,120.26000213623047,132.86000061035156,86.37000274658203,,160.77000427246094
2020-11-24,120.06999969482422,132.82000732421875,86.37999725341797,,159.1699981689453
2020-11-25,120.11000061035156,132.85000610351562,86.38999938964844,,158.67999267578125
2020-11-27,120.47000122070312,132.99000549316406,86.38999938964844,,160.22000122070312
2020-11-30,120.38999938964844,133.00999450683594,86.41000366210938,,160.02000427246094
2020-12-01,119.66999816894531,132.63999938964844,86.33000183105469,,157.5
2020-12-02,119.47000122070312,132.61000061035156,86.3499984741211,,156.25
2020-12-03,119.79000091552734,132.75999450683594,86.37000274658203,,157.50999450683594
2020-12-04,119.31999969482422,132.60000610351562,86.36000061035156,,155.1999969482422
2020-12-07,119.69000244140625,132.77999877929688,86.37999725341797,,156.60000610351562
2020-12-08,119.80999755859375,132.80999755859375,86.36000061035156,,157.33999633789062
2020-12-09,119.63999938964844,132.72000122070312,86.3499984741211,,156.82000732421875
2020-12-10,119.91000366210938,132.8699951171875,86.37000274658203,,158.2100067138672
2020-12-11,120.1500015258789,133.00999450683594,86.41999816894531,,158.77000427246094
2020-12-14,120.08000183105469,133.00999450683594,86.41000366210938,,158.3300018310547
2020-12-15,119.95999908447266,132.9600067138672,86.41000366210938,,157.8000030517578
2020-12-16,119.86000061035156,132.94000244140625,86.41000366210938,,157.3800048828125
2020-12-17,119.69999694824219,132.80999755859375,86.37999725341797,,156.8000030517578
2020-12-18,119.5999984741211,132.8000030517578,86.37000274658203,,156.3300018310547
2020-12-21,119.68000030517578,132.80999755859375,86.37000274658203,,156.9499969482422
2020-12-22,119.87999725341797,132.89999389648438,86.37000274658203,,157.75999450683594
2020-12-23,119.62999725341797,132.8300018310547,86.38999938964844,,156.6699981689453
2020-12-24,119.80000305175781,132.88999938964844,86.37000274658203,,157.2899932861328
2020-12-28,119.80999755859375,132.89999389648438,86.37999725341797,,157.36000061035156
2020-12-29,119.79000091552734,132.91000366210938,86.37999725341797,,157.16000366210938
2020-12-30,119.87000274658203,132.92999267578125,86.38999938964844,,157.5
2020-12-31,119.94999694824219,132.97999572753906,86.37999725341797,,157.72999572753906
2021-01-04,119.9800033569336,133.02000427246094,86.38999938964844,,157.5399932861328
2021-01-05,119.69999694824219,132.91000366210938,86.38999938964844,,156.3699951171875
2021-01-06,119.0,132.58999633789062,86.33999633789062,,153.16000366210938
2021-01-07,118.58000183105469,132.42999267578125,86.36000061035156,,151.80999755859375
2021-01-08,118.23999786376953,132.27000427246094,86.3499984741211,,151.32000732421875
2021-01-11,118.01000213623047,132.17999267578125,86.33999633789062,,151.07000732421875
2021-01-12,117.98999786376953,132.14999389648438,86.33999633789062,,150.9499969482422
2021-01-13,118.4000015258789,132.32000732421875,86.33000183105469,,152.64999389648438
2021-01-14,118.12999725341797,132.27999877929688,86.33999633789062,,151.22000122070312
2021-01-15,118.44999694824219,132.44000244140625,86.3499984741211,,151.82000732421875
2021-01-19,118.5199966430664,132.5,86.37999725341797,,152.30999755859375
2021-01-20,118.56999969482422,132.5,86.37000274658203,,152.4600067138672
2021-01-21,118.4000015258789,132.47999572753906,86.37999725341797,,151.38999938964844
2021-01-22,118.58000183105469,132.5500030517578,86.37999725341797,,151.8800048828125
2021-01-25,119.05999755859375,132.72000122070312,86.38999938964844,,153.6699981689453
2021-01-26,119.0199966430664,132.6999969482422,86.37999725341797,,153.3800048828125
2021-01-27,119.16000366210938,132.75,86.37999725341797,,153.77000427246094
2021-01-28,118.8499984741211,132.6300048828125,86.37000274658203,,152.9199981689453
2021-01-29,118.63999938964844,132.61000061035156,86.4000015258789,,152.0
2021-02-01,118.70999908447266,132.6199951171875,86.37999725341797,,152.0
2021-02-02,118.41000366210938,132.4600067138672,86.3499984741211,,151.02000427246094
2021-02-03,118.12000274658203,132.36000061035156,86.36000061035156,,149.67999267578125
2021-02-04,118.08000183105469,132.3699951171875,86.36000061035156,,149.27999877929688
2021-02-05,117.83000183105469,132.30999755859375,86.37999725341797,,148.02999877929688
2021-02-08,117.87999725341797,132.2899932861328,86.37000274658203,,148.67999267578125
2021-02-09,117.97000122070312,132.2899932861328,86.3499984741211,,148.7899932861328
2021-02-10,118.2699966430664,132.42999267578125,86.36000061035156,,149.77999877929688
2021-02-11,118.18000030517578,132.39999389648438,86.36000061035156,,148.9600067138672
2021-02-12,117.79000091552734,132.25999450683594,86.37000274658203,,147.11000061035156
2021-02-16,116.94000244140625,131.80999755859375,86.33999633789062,,144.8699951171875
2021-02-17,117.0199966430664,131.8699951171875,86.36000061035156,,145.7899932861328
2021-02-18,117.01000213623047,131.91000366210938,86.36000061035156,,145.1999969482422
2021-02-19,116.54000091552734,131.72999572753906,86.37000274658203,,143.27000427246094
2021-02-22,116.3499984741211,131.6199951171875,86.3499984741211,,142.17999267578125
2021-02-23,116.44000244140625,131.7100067138672,86.36000061035156,,141.77000427246094
2021-02-24,116.27999877929688,131.5800018310547,86.33999633789062,,140.83999633789062
2021-02-25,114.7300033569336,130.4600067138672,86.20999908447266,,138.5399932861328
2021-02-26,115.76000213623047,131.07000732421875,86.31999969482422,,143.1199951171875
2021-03-01,115.55999755859375,131.02999877929688,86.29000091552734,,141.05999755859375
2021-03-02,115.7699966430664,131.2100067138672,86.30999755859375,,141.07000732421875
2021-03-03,115.1500015258789,130.8800048828125,86.26000213623047,,139.5399932861328
2021-03-04,114.58000183105469,130.58999633789062,86.26000213623047,,138.63999938964844
2021-03-05,114.41999816894531,130.5,86.26000213623047,,138.91000366210938
2021-03-08,113.97000122070312,130.1300048828125,86.2300033569336,,137.8300018310547
2021-03-09,114.51000213623047,130.38999938964844,86.2300033569336,,139.74000549316406
2021-03-10,114.75,130.5500030517578,86.26000213623047,,140.02000427246094
2021-03-11,114.70999908447266,130.58999633789062,86.26000213623047,,139.00999450683594
2021-03-12,113.87999725341797,130.22000122070312,86.25,,136.05999755859375
2021-03-15,114.0199966430664,130.27999877929688,86.26000213623047,,136.86000061035156
2021-03-16,114.0,130.3300018310547,86.26000213623047,,136.30999755859375
2021-03-17,113.80999755859375,130.41000366210938,86.27999877929688,,135.2899932861328
2021-03-18,113.0999984741211,130.0800018310547,86.2699966430664,,133.9199981689453
2021-03-19,113.02999877929688,130.00999450683594,86.2699966430664,,134.75
2021-03-22,113.4000015258789,130.14999389648438,86.26000213623047,,136.25999450683594
2021-03-23,113.95999908447266,130.4199981689453,86.2699966430664,,137.49000549316406
2021-03-24,114.11000061035156,130.4600067138672,86.29000091552734,,138.22999572753906
2021-03-25,113.95999908447266,130.4600067138672,86.30000305175781,,137.13999938964844
2021-03-26,113.58000183105469,130.25999450683594,86.30000305175781,,136.66000366210938
2021-03-29,113.19000244140625,130.08999633789062,86.27999877929688,,135.5
2021-03-30,113.08999633789062,130.00999450683594,86.27999877929688,,136.2100067138672
2021-03-31,112.93000030517578,129.88999938964844,86.25,,135.4499969482422
2021-04-01,113.36000061035156,129.9600067138672,86.2300033569336,,137.50999450683594
2021-04-05,113.04000091552734,129.77999877929688,86.20999908447266,,136.91000366210938
2021-04-06,113.58999633789062,130.13999938964844,86.2300033569336,,137.83999633789062
2021-04-07,113.5199966430664,130.13999938964844,86.23999786376953,,136.8800048828125
2021-04-08,113.91000366210938,130.33999633789062,86.2699966430664,,138.00999450683594
2021-04-09,113.61000061035156,130.16000366210938,86.23999786376953,,137.50999450683594
2021-04-12,113.54000091552734,130.0800018310547,86.22000122070312,,137.4499969482422
2021-04-13,114.01000213623047,130.33999633789062,86.25,,138.47999572753906
2021-04-14,113.87000274658203,130.24000549316406,86.25,,138.0399932861328
2021-04-15,114.5999984741211,130.55999755859375,86.2699966430664,,140.35000610351562
2021-04-16,114.29000091552734,130.39999389648438,86.26000213623047,,139.25999450683594
2021-04-19,114.16999816894531,130.39999389648438,86.25,,138.86000061035156
2021-04-20,114.51000213623047,130.6199951171875,86.2699966430664,,139.5
2021-04-21,114.56999969482422,130.6300048828125,86.29000091552734,,139.77999877929688
2021-04-22,114.66000366210938,130.64999389648438,86.27999877929688,,140.38999938964844
2021-04-23,114.51000213623047,130.52999877929688,86.26000213623047,,140.05999755859375
2021-04-26,114.38999938964844,130.44000244140625,86.23999786376953,,139.86000061035156
2021-04-27,113.94000244140625,130.25,86.2300033569336,,138.63999938964844
2021-04-28,114.08999633789062,130.39999389648438,86.25,,138.72999572753906
2021-04-29,113.88999938964844,130.33999633789062,86.2699966430664,,138.32000732421875
2021-04-30,113.98999786376953,130.42999267578125,86.27999877929688,,138.63999938964844
2021-05-03,114.11000061035156,130.4600067138672,86.26000213623047,,138.52000427246094
2021-05-04,114.26000213623047,130.52000427246094,86.26000213623047,,139.4600067138672
2021-05-05,114.4000015258789,130.64999389648438,86.27999877929688,,139.69000244140625
2021-05-06,114.44999694824219,130.64999389648438,86.27999877929688,,139.9199981689453
2021-05-07,114.48999786376953,130.82000732421875,86.30999755859375,,139.22999572753906
2021-05-10,114.26000213623047,130.72000122070312,86.27999877929688,,137.82000732421875
2021-05-11,114.06999969482422,130.6199951171875,86.2699966430664,,137.0399932861328
2021-05-12,113.5199966430664,130.2899932861328,86.26000213623047,,135.60000610351562
2021-05-13,113.9000015258789,130.49000549316406,86.27999877929688,,135.80999755859375
2021-05-14,114.1500015258789,130.57000732421875,86.27999877929688,,137.0800018310547
2021-05-17,114.04000091552734,130.50999450683594,86.27999877929688,,136.7899932861328
2021-05-18,114.04000091552734,130.55999755859375,86.29000091552734,,136.44000244140625
2021-05-19,113.69999694824219,130.3699951171875,86.26000213623047,,136.11000061035156
2021-05-20,114.16999816894531,130.61000061035156,86.30000305175781,,137.22999572753906
2021-05-21,114.20999908447266,130.5800018310547,86.27999877929688,,137.6699981689453
2021-05-24,114.31999969482422,130.6699981689453,86.30000305175781,,138.17999267578125
2021-05-25,114.73999786376953,130.8800048828125,86.30000305175781,,139.4600067138672
2021-05-26,114.61000061035156,130.83999633789062,86.31999969482422,,139.22000122070312
2021-05-27,114.41000366210938,130.75,86.31999969482422,,138.66000366210938
2021-05-28,114.4000015258789,130.7899932861328,86.31999969482422,,138.44000244140625
2021-06-01,114.30000305175781,130.6999969482422,86.29000091552734,,138.2100067138672
2021-06-02,114.43000030517578,130.75999450683594,86.30000305175781,,138.52999877929688
2021-06-03,114.13999938964844,130.50999450683594,86.2699966430664,,138.00999450683594
2021-06-04,114.7699966430664,130.8699951171875,86.30000305175781,,139.89999389648438
2021-06-07,114.68000030517578,130.82000732421875,86.29000091552734,,139.47000122070312
2021-06-08,115.01000213623047,130.97000122070312,86.30999755859375,,140.4499969482422
2021-06-09,115.37000274658203,131.1199951171875,86.29000091552734,,141.69000244140625
2021-06-10,115.77999877929688,131.27999877929688,86.31999969482422,,142.5399932861328
2021-06-11,115.61000061035156,131.14999389648438,86.30000305175781,,142.30999755859375
2021-06-14,115.25,130.9199981689453,86.2699966430664,,141.22000122070312
2021-06-15,115.2699966430664,130.9499969482422,86.26000213623047,,141.0500030517578
2021-06-16,114.4800033569336,130.30999755859375,86.18000030517578,,140.92999267578125
2021-06-17,114.88999938964844,130.38999938964844,86.18000030517578,,143.0399932861328
2021-06-18,115.54000091552734,130.4499969482422,86.11000061035156,,145.72999572753906
2021-06-21,115.16999816894531,130.3699951171875,86.12999725341797,,143.2899932861328
2021-06-22,115.37999725341797,130.55999755859375,86.18000030517578,,143.63999938964844
2021-06-23,115.1500015258789,130.38999938964844,86.12000274658203,,143.27000427246094
2021-06-24,115.12999725341797,130.36000061035156,86.12999725341797,,143.5
2021-06-25,114.88999938964844,130.25999450683594,86.12000274658203,,142.00999450683594
2021-06-28,115.25,130.4199981689453,86.1500015258789,,143.47000122070312
2021-06-29,115.30999755859375,130.47000122070312,86.13999938964844,,143.7100067138672
2021-06-30,115.48999786376953,130.52999877929688,86.16000366210938,,144.35000610351562
2021-07-01,115.33000183105469,130.38999938964844,86.12999725341797,,144.1699981689453
2021-07-02,115.75,130.6300048828125,86.16999816894531,,145.0399932861328
2021-07-06,116.36000061035156,130.97999572753906,86.19999694824219,,146.74000549316406
2021-07-07,116.69999694824219,131.10000610351562,86.20999908447266,,148.0399932861328
2021-07-08,117.0,131.33999633789062,86.25,,148.6199951171875
2021-07-09,116.41000366210938,131.07000732421875,86.22000122070312,,146.52999877929688
2021-07-12,116.3499984741211,131.00999450683594,86.19999694824219,,146.33999633789062
2021-07-13,115.98999786376953,130.74000549316406,86.12999725341797,,145.22000122070312
2021-07-14,116.48999786376953,131.0399932861328,86.19000244140625,,146.8699951171875
2021-07-15,116.9800033569336,131.19000244140625,86.19999694824219,,148.49000549316406
2021-07-16,116.95999908447266,131.16000366210938,86.19000244140625,,148.2100067138672
2021-07-19,117.95999908447266,131.66000366210938,86.2300033569336,,151.4600067138672
2021-07-20,117.80999755859375,131.74000549316406,86.2699966430664,,150.0
2021-07-21,117.12999725341797,131.39999389648438,86.23999786376953,,148.10000610351562
2021-07-22,117.4000015258789,131.55999755859375,86.25,,149.5
2021-07-23,117.22000122070312,131.52000427246094,86.26000213623047,,148.5
2021-07-26,117.13999938964844,131.47999572753906,86.23999786376953,,148.05999755859375
2021-07-27,117.63999938964844,131.64999389648438,86.26000213623047,,149.63999938964844
2021-07-28,117.73999786376953,131.7100067138672,86.2699966430664,,149.64999389648438
2021-07-29,117.37999725341797,131.52000427246094,86.2699966430664,,148.82000732421875
2021-07-30,117.70999908447266,131.74000549316406,86.29000091552734,,149.52000427246094
2021-08-02,118.1500015258789,131.92999267578125,86.30999755859375,,150.6699981689453
2021-08-03,118.18000030517578,131.9600067138672,86.30999755859375,,150.75
2021-08-04,118.1500015258789,131.86000061035156,86.27999877929688,,151.05999755859375
2021-08-05,117.72000122070312,131.57000732421875,86.23999786376953,,150.2899932861328
2021-08-06,117.02999877929688,131.22999572753906,86.20999908447266,,147.77999877929688
2021-08-09,116.77999877929688,131.0800018310547,86.18000030517578,,147.25
2021-08-10,116.55999755859375,130.9199981689453,86.1500015258789,,146.57000732421875
2021-08-11,116.69000244140625,131.02999877929688,86.19000244140625,,146.47999572753906
2021-08-12,116.56999969482422,130.92999267578125,86.19000244140625,,146.24000549316406
2021-08-13,117.23999786376953,131.1999969482422,86.19999694824219,,148.5500030517578
2021-08-16,117.5,131.3800048828125,86.22000122070312,,148.91000366210938
2021-08-17,117.44000244140625,131.30999755859375,86.19999694824219,,148.85000610351562
2021-08-18,117.37999725341797,131.25,86.19999694824219,,149.35000610351562
2021-08-19,117.63999938964844,131.33999633789062,86.19999694824219,,150.4499969482422
2021-08-20,117.52999877929688,131.25,86.19999694824219,,150.5500030517578
2021-08-23,117.55999755859375,131.30999755859375,86.19999694824219,,150.4499969482422
2021-08-24,117.23999786376953,131.16000366210938,86.19000244140625,,149.27999877929688
2021-08-25,116.77999877929688,130.97999572753906,86.18000030517578,,148.0399932861328
2021-08-26,116.77999877929688,130.9499969482422,86.18000030517578,,148.4499969482422
2021-08-27,117.16000366210938,131.2100067138672,86.23999786376953,,149.4600067138672
2021-08-30,117.38999938964844,131.41000366210938,86.26000213623047,,149.85000610351562
2021-08-31,117.16999816894531,131.32000732421875,86.25,,148.8300018310547
2021-09-01,117.13999938964844,131.27000427246094,86.2300033569336,,148.88999938964844
2021-09-02,117.27999877929688,131.30999755859375,86.2300033569336,,149.5399932861328
2021-09-03,117.0,131.24000549316406,86.2300033569336,,148.17999267578125
2021-09-07,116.54000091552734,131.00999450683594,86.19999694824219,,146.92999267578125
2021-09-08,116.86000061035156,131.1300048828125,86.22000122070312,,147.92999267578125
2021-09-09,117.19000244140625,131.27000427246094,86.23999786376953,,149.72000122070312
2021-09-10,116.81999969482422,131.08999633789062,86.20999908447266,,148.39999389648438
2021-09-13,116.95999908447266,131.14999389648438,86.2300033569336,,149.3000030517578
2021-09-14,117.4000015258789,131.30999755859375,86.23999786376953,,151.11000061035156
2021-09-15,117.19999694824219,131.22999572753906,86.23999786376953,,150.5800018310547
2021-09-16,116.83000183105469,130.97000122070312,86.20999908447266,,149.88999938964844
2021-09-17,116.48999786376953,130.7899932861328,86.19000244140625,,149.1699981689453
2021-09-20,117.08000183105469,131.05999755859375,86.20999908447266,,151.02000427246094
2021-09-21,117.01000213623047,131.0399932861328,86.2300033569336,,150.88999938964844
2021-09-22,117.12000274658203,130.92999267578125,86.18000030517578,,151.7899932861328
2021-09-23,116.05999755859375,130.4499969482422,86.12999725341797,,148.36000061035156
2021-09-24,115.70999908447266,130.27999877929688,86.0999984741211,,146.91000366210938
2021-09-27,115.4000015258789,130.08999633789062,86.08999633789062,,146.3699951171875
2021-09-28,114.95999908447266,129.9600067138672,86.0999984741211,,144.08999633789062
2021-09-29,115.08000183105469,130.0800018310547,86.12999725341797,,144.33999633789062
2021-09-30,115.22000122070312,130.1699981689453,86.1500015258789,,144.32000732421875
2021-10-01,115.61000061035156,130.4199981689453,86.18000030517578,,145.35000610351562
2021-10-04,115.47000122070312,130.30999755859375,86.13999938964844,,144.97999572753906
2021-10-05,115.11000061035156,130.14999389648438,86.12999725341797,,143.5800018310547
2021-10-06,115.13999938964844,130.11000061035156,86.12000274658203,,144.38999938964844
2021-10-07,114.68000030517578,129.8800048828125,86.08999633789062,,142.8800048828125
2021-10-08,114.43000030517578,129.72000122070312,86.05999755859375,,141.8800048828125
2021-10-11,114.1500015258789,129.44000244140625,85.98999786376953,,141.52000427246094
2021-10-12,114.66999816894531,129.6699981689453,86.02999877929688,,143.94000244140625
2021-10-13,114.88999938964844,129.6300048828125,86.0,,145.33999633789062
2021-10-14,115.16000366210938,129.77000427246094,86.0,,145.8800048828125
2021-10-15,114.58999633789062,129.38999938964844,85.94999694824219,,145.02999877929688
2021-10-18,114.43000030517578,129.19000244140625,85.88999938964844,,145.7100067138672
2021-10-19,114.0199966430664,129.1300048828125,85.91999816894531,,143.6999969482422
2021-10-20,113.97000122070312,129.16000366210938,85.94999694824219,,142.72999572753906
2021-10-21,113.66999816894531,128.82000732421875,85.8499984741211,,142.55999755859375
2021-10-22,113.95999908447266,128.92999267578125,85.83000183105469,,144.1300048828125
2021-10-25,114.0999984741211,129.10000610351562,85.87000274658203,,143.91000366210938
2021-10-26,114.23999786376953,129.05999755859375,85.8499984741211,,145.10000610351562
2021-10-27,114.87999725341797,129.27999877929688,85.83000183105469,,147.74000549316406
2021-10-28,114.58000183105469,129.07000732421875,85.83999633789062,,147.24000549316406
2021-10-29,114.62999725341797,129.0500030517578,85.8499984741211,,147.69000244140625
2021-11-01,114.54000091552734,128.99000549316406,85.80000305175781,,146.44000244140625
2021-11-02,114.81999969482422,129.25,85.88999938964844,,147.08999633789062
2021-11-03,114.45999908447266,129.1199951171875,85.87000274658203,,145.57000732421875
2021-11-04,115.08000183105469,129.50999450683594,85.94999694824219,,147.10000610351562
2021-11-05,115.70999908447266,129.80999755859375,85.98999786376953,,149.3000030517578
2021-11-08,115.20999908447266,129.39999389648438,85.88999938964844,,149.02000427246094
2021-11-09,115.73999786376953,129.67999267578125,85.94000244140625,,150.9600067138672
2021-11-10,114.75,128.8699951171875,85.7699966430664,,148.1999969482422
2021-11-11,114.37999725341797,128.5800018310547,85.70999908447266,,147.97999572753906
2021-11-12,114.62000274658203,128.82000732421875,85.77999877929688,,147.3300018310547
2021-11-15,114.16999816894531,128.6300048828125,85.7699966430664,,145.47999572753906
2021-11-16,114.06999969482422,128.60000610351562,85.7699966430664,,145.11000061035156
2021-11-17,114.4800033569336,128.8300018310547,85.80000305175781,,146.25999450683594
2021-11-18,114.55000305175781,128.89999389648438,85.79000091552734,,146.80999755859375
2021-11-19,114.86000061035156,128.91000366210938,85.7699966430664,,148.36000061035156
2021-11-22,114.0199966430664,128.3300018310547,85.66999816894531,,146.6199951171875
2021-11-23,113.55000305175781,128.19000244140625,85.66999816894531,,144.5
2021-11-24,113.9000015258789,128.24000549316406,85.6500015258789,,146.82000732421875
2021-11-26,115.37000274658203,129.17999267578125,85.81999969482422,,150.52999877929688
2021-11-29,115.11000061035156,129.1699981689453,85.86000061035156,,149.32000732421875
2021-11-30,115.80000305175781,129.33999633789062,85.79000091552734,,151.58999633789062
2021-12-01,115.93000030517578,129.3800048828125,85.75,,152.33999633789062
2021-12-02,115.68000030517578,129.02999877929688,85.63999938964844,,152.52999877929688
2021-12-03,116.36000061035156,129.3800048828125,85.69000244140625,,154.35000610351562
2021-12-06,115.77999877929688,129.0399932861328,85.62000274658203,,152.22999572753906
2021-12-07,115.33999633789062,128.7100067138672,85.51000213623047,,151.0
2021-12-08,114.97000122070312,128.58999633789062,85.54000091552734,,148.38999938964844
2021-12-09,115.26000213623047,128.67999267578125,85.51000213623047,,149.22000122070312
2021-12-10,115.33999633789062,128.74000549316406,85.55000305175781,,148.86000061035156
2021-12-13,115.88999938964844,129.0,85.5999984741211,,151.05999755859375
2021-12-14,115.69000244140625,128.8300018310547,85.55000305175781,,150.6999969482422
2021-12-15,115.5199966430664,128.80999755859375,85.58000183105469,,149.25
2021-12-16,115.75,129.0800018310547,85.62999725341797,,149.13999938964844
2021-12-17,116.01000213623047,129.1300048828125,85.58999633789062,,150.8300018310547
2021-12-20,115.91000366210938,129.17999267578125,85.61000061035156,,149.6999969482422
2021-12-21,115.44999694824219,128.8699951171875,85.55999755859375,,149.1300048828125
2021-12-22,115.55999755859375,128.88999938964844,85.55000305175781,,149.82000732421875
2021-12-23,115.31999969482422,128.77999877929688,85.54000091552734,,148.52000427246094
2021-12-27,115.36000061035156,128.72999572753906,85.51000213623047,,148.8800048828125
2021-12-28,115.33999633789062,128.77000427246094,85.51000213623047,,148.2899932861328
2021-12-29,114.75,128.5500030517578,85.5,,146.6699981689453
2021-12-30,115.12999725341797,128.7100067138672,85.55000305175781,,147.89999389648438
2021-12-31,115.0,128.6699981689453,85.54000091552734,,148.19000244140625
2022-01-03,113.93000030517578,128.1300048828125,85.44000244140625,,144.3000030517578
2022-01-04,113.87000274658203,128.1699981689453,85.48999786376953,,143.6999969482422
2022-01-05,113.38999938964844,127.77999877929688,85.37999725341797,,142.9199981689453
2022-01-06,113.11000061035156,127.5199966430664,85.30999755859375,,143.2899932861328
2022-01-07,112.73999786376953,127.33999633789062,85.29000091552734,,142.25999450683594
2022-01-10,112.70999908447266,127.22000122070312,85.23999786376953,,142.61000061035156
2022-01-11,112.9800033569336,127.33000183105469,85.2699966430664,,143.55999755859375
2022-01-12,113.0,127.38999938964844,85.23999786376953,,143.00999450683594
2022-01-13,113.36000061035156,127.58999633789062,85.27999877929688,,144.27999877929688
2022-01-14,112.58000183105469,127.11000061035156,85.16999816894531,,142.10000610351562
2022-01-18,111.7300033569336,126.51000213623047,85.04000091552734,,140.10000610351562
2022-01-19,112.0,126.69000244140625,85.08000183105469,,141.07000732421875
2022-01-20,112.23999786376953,126.79000091552734,85.05999755859375,,141.94000244140625
2022-01-21,112.88999938964844,127.13999938964844,85.12999725341797,,143.6300048828125
2022-01-24,112.79000091552734,127.18000030517578,85.18000030517578,,142.4499969482422
2022-01-25,112.63999938964844,127.08999633789062,85.13999938964844,,142.22000122070312
2022-01-26,111.83999633789062,126.48999786376953,84.98999786376953,,140.5
2022-01-27,112.30999755859375,126.55999755859375,84.91999816894531,,143.0800018310547
2022-01-28,112.56999969482422,126.79000091552734,84.94999694824219,,143.1300048828125
2022-01-31,112.56999969482422,126.83000183105469,84.94999694824219,,142.38999938964844
2022-02-01,112.30999755859375,126.66000366210938,84.91999816894531,,141.72000122070312
2022-02-02,112.54000091552734,126.80999755859375,84.94000244140625,,142.1999969482422
2022-02-03,112.05999755859375,126.51000213623047,84.87000274658203,,141.08999633789062
2022-02-04,111.19999694824219,125.81999969482422,84.69999694824219,,139.00999450683594
2022-02-07,111.2300033569336,125.87999725341797,84.72000122070312,,139.10000610351562
2022-02-08,110.87000274658203,125.5999984741211,84.62999725341797,,138.1699981689453
2022-02-09,111.0199966430664,125.5999984741211,84.62000274658203,,138.42999267578125
2022-02-10,110.0,124.62999725341797,84.19000244140625,,136.22999572753906
2022-02-11,111.13999938964844,125.45999908447266,84.44999694824219,,138.25
2022-02-14,110.37000274658203,124.91999816894531,84.2699966430664,,136.52999877929688
2022-02-15,110.04000091552734,124.81999969482422,84.30000305175781,,134.97999572753906
2022-02-16,110.2699966430664,125.06999969482422,84.41000366210938,,135.77999877929688
2022-02-17,110.86000061035156,125.41000366210938,84.45999908447266,,136.7899932861328
2022-02-18,111.22000122070312,125.56999969482422,84.47000122070312,,138.22999572753906
2022-02-22,111.20999908447266,125.45999908447266,84.38999938964844,,138.58999633789062
2022-02-23,110.62999725341797,125.1500015258789,84.33999633789062,,136.67999267578125
2022-02-24,110.88999938964844,125.38999938964844,84.41000366210938,,136.77000427246094
2022-02-25,110.86000061035156,125.36000061035156,84.41000366210938,,136.8699951171875
2022-02-28,112.12000274658203,126.16000366210938,84.55999755859375,,139.8699951171875
2022-03-01,113.11000061035156,126.91999816894531,84.7300033569336,,141.3000030517578
2022-03-02,111.41000366210938,125.7699966430664,84.44999694824219,,136.47000122070312
2022-03-03,111.88999938964844,126.0,84.44999694824219,,137.86000061035156
2022-03-04,113.0,126.5999984741211,84.54000091552734,,140.24000549316406
2022-03-07,112.5199966430664,126.16999816894531,84.43000030517578,,139.1699981689453
2022-03-08,111.79000091552734,125.66000366210938,84.31999969482422,,137.77000427246094
2022-03-09,111.0999984741211,125.2699966430664,84.2699966430664,,136.4199981689453
2022-03-10,110.58999633789062,124.94000244140625,84.19999694824219,,134.4600067138672
2022-03-11,110.55999755859375,124.83000183105469,84.16999816894531,,134.91000366210938
2022-03-14,109.16000366210938,123.91999816894531,83.94999694824219,,131.75999450683594
2022-03-15,109.11000061035156,123.88999938964844,83.9800033569336,,131.52999877929688
2022-03-16,108.95999908447266,123.66999816894531,83.9000015258789,,132.82000732421875
2022-03-17,108.75,123.56999969482422,83.87000274658203,,131.8300018310547
2022-03-18,109.06999969482422,123.63999938964844,83.8499984741211,,133.44000244140625
2022-03-21,107.6500015258789,122.5999984741211,83.56999969482422,,130.35000610351562
2022-03-22,107.05999755859375,122.2300033569336,83.51000213623047,,128.67999267578125
2022-03-23,107.77999877929688,122.68000030517578,83.58000183105469,,131.5
2022-03-24,107.18000030517578,122.3499984741211,83.55999755859375,,130.47000122070312
2022-03-25,106.08000183105469,121.41999816894531,83.33000183105469,,128.66000366210938
2022-03-28,106.31999969482422,121.4800033569336,83.25,,129.75999450683594
2022-03-29,106.8499984741211,121.77999877929688,83.29000091552734,,130.74000549316406
2022-03-30,107.2699966430664,122.05000305175781,83.3499984741211,,131.75999450683594
2022-03-31,107.47000122070312,122.05000305175781,83.3499984741211,,132.0800018310547
2022-04-01,106.6500015258789,121.33000183105469,83.13999938964844,,132.3800048828125
2022-04-04,106.58000183105469,121.41999816894531,83.19000244140625,,131.4600067138672
2022-04-05,105.30999755859375,120.58000183105469,83.04000091552734,,128.49000549316406
2022-04-06,104.94000244140625,120.58000183105469,83.0999984741211,,127.44999694824219
2022-04-07,104.68000030517578,120.68000030517578,83.16000366210938,,126.48999786376953
2022-04-08,104.1500015258789,120.30000305175781,83.05999755859375,,125.12000274658203
2022-04-11,103.6500015258789,120.1500015258789,83.08000183105469,,123.13999938964844
2022-04-12,104.1500015258789,120.75,83.29000091552734,,122.97000122070312
2022-04-13,104.37999725341797,120.93000030517578,83.33000183105469,,123.22000122070312
2022-04-14,103.44000244140625,120.2699966430664,83.18000030517578,,120.75
2022-04-18,103.13999938964844,120.16000366210938,83.18000030517578,,120.1500015258789
2022-04-19,102.45999908447266,119.52999877929688,82.98999786376953,,119.25
2022-04-20,103.26000213623047,119.9000015258789,83.04000091552734,,121.6500015258789
2022-04-21,102.69000244140625,119.41000366210938,82.9000015258789,,120.75
2022-04-22,102.73999786376953,119.45999908447266,82.87999725341797,,119.98999786376953
2022-04-25,103.4000015258789,119.91999816894531,83.01000213623047,,121.19000244140625
2022-04-26,104.08999633789062,120.47000122070312,83.16000366210938,,122.41000366210938
2022-04-27,103.51000213623047,120.18000030517578,83.12000274658203,,120.83999633789062
2022-04-28,103.36000061035156,120.0,83.05999755859375,,121.0199966430664
2022-04-29,102.80999755859375,119.55000305175781,82.9000015258789,,119.44999694824219
2022-05-02,101.91999816894531,119.0199966430664,82.8499984741211,,117.18000030517578
2022-05-03,102.04000091552734,119.06999969482422,82.80999755859375,,117.97000122070312
2022-05-04,102.69999694824219,119.72000122070312,83.02999877929688,,118.62000274658203
2022-05-05,101.66999816894531,119.08999633789062,82.88999938964844,,115.37000274658203
2022-05-06,101.08999633789062,118.81999969482422,82.87999725341797,,113.66999816894531
2022-05-09,101.83999633789062,119.4800033569336,83.08999633789062,,114.66999816894531
2022-05-10,102.18000030517578,119.5999984741211,83.04000091552734,,115.70999908447266
2022-05-11,102.80999755859375,119.80999755859375,83.05000305175781,,117.94000244140625
2022-05-12,103.1500015258789,120.13999938964844,83.16999816894531,,117.72000122070312
2022-05-13,102.61000061035156,119.86000061035156,83.13999938964844,,115.9800033569336
2022-05-16,103.04000091552734,120.16999816894531,83.19000244140625,,115.86000061035156
2022-05-17,102.26000213623047,119.47000122070312,83.01000213623047,,114.45999908447266
2022-05-18,102.98999786376953,119.81999969482422,83.05000305175781,,116.9000015258789
2022-05-19,103.36000061035156,120.13999938964844,83.16999816894531,,117.18000030517578
2022-05-20,103.83999633789062,120.37999725341797,83.2300033569336,,118.51000213623047
2022-05-23,103.20999908447266,120.01000213623047,83.19000244140625,,116.55999755859375
2022-05-24,104.0999984741211,120.68000030517578,83.37999725341797,,118.86000061035156
2022-05-25,104.30999755859375,120.91000366210938,83.44000244140625,,119.33000183105469
2022-05-26,104.26000213623047,120.9000015258789,83.45999908447266,,118.79000091552734
2022-05-27,104.41000366210938,120.91999816894531,83.4800033569336,,119.08000183105469
2022-05-31,103.31999969482422,120.31999969482422,83.3499984741211,,116.55999755859375
2022-06-01,102.61000061035156,119.68000030517578,83.12999725341797,,116.22000122070312
2022-06-02,102.76000213623047,119.79000091552734,83.1500015258789,,116.27999877929688
2022-06-03,102.55999755859375,119.62000274658203,83.12000274658203,,116.02999877929688
2022-06-06,101.79000091552734,119.13999938964844,83.01000213623047,,113.88999938964844
2022-06-07,102.19999694824219,119.36000061035156,83.0199966430664,,115.12000274658203
2022-06-08,101.81999969482422,119.1500015258789,82.95999908447266,,114.0999984741211
2022-06-09,101.7300033569336,119.01000213623047,82.9000015258789,,114.4800033569336
2022-06-10,100.7300033569336,118.04000091552734,82.55000305175781,,113.7699966430664
2022-06-13,98.94000244140625,116.72000122070312,82.12999725341797,,110.19999694824219
2022-06-14,98.1500015258789,116.2300033569336,81.97000122070312,,108.80999755859375
2022-06-15,99.5199966430664,117.27999877929688,82.29000091552734,,110.83999633789062
2022-06-16,100.16999816894531,117.70999908447266,82.4000015258789,,111.72000122070312
2022-06-17,100.19999694824219,117.5999984741211,82.37999725341797,,112.08000183105469
2022-06-21,99.68000030517578,117.3499984741211,82.3499984741211,,110.18000030517578
2022-06-22,100.94000244140625,118.26000213623047,82.58999633789062,,113.20999908447266
2022-06-23,101.51000213623047,118.69000244140625,82.66000366210938,,114.13999938964844
2022-06-24,101.1500015258789,118.52999877929688,82.63999938964844,,112.55999755859375
2022-06-27,100.58000183105469,118.16000366210938,82.55000305175781,,111.5999984741211
2022-06-28,100.70999908447266,118.16999816894531,82.52999877929688,,112.12000274658203
2022-06-29,101.5199966430664,118.70999908447266,82.62999725341797,,113.87000274658203
2022-06-30,102.30000305175781,119.33999633789062,82.79000091552734,,114.87000274658203
2022-07-01,103.23999786376953,120.20999908447266,82.95999908447266,,115.81999969482422
2022-07-05,103.62000274658203,120.33999633789062,82.94999694824219,,116.7300033569336
2022-07-06,102.73999786376953,119.61000061035156,82.72000122070312,,114.7699966430664
2022-07-07,102.11000061035156,119.18000030517578,82.66000366210938,,113.76000213623047
2022-07-08,101.48999786376953,118.77999877929688,82.55999755859375,,112.5
2022-07-11,102.29000091552734,119.2300033569336,82.58999633789062,,114.44000244140625
2022-07-12,102.52999877929688,119.41000366210938,82.62999725341797,,115.12000274658203
2022-07-13,102.97000122070312,119.44000244140625,82.54000091552734,,116.44000244140625
2022-07-14,102.4000015258789,119.06999969482422,82.51000213623047,,115.48999786376953
2022-07-15,102.75,119.27999877929688,82.56999969482422,,116.13999938964844
2022-07-18,102.44999694824219,119.11000061035156,82.5199966430664,,114.93000030517578
2022-07-19,101.9800033569336,118.7699966430664,82.43000030517578,,114.30999755859375
2022-07-20,101.87999725341797,118.66000366210938,82.41999816894531,,114.61000061035156
2022-07-21,103.04000091552734,119.58999633789062,82.6500015258789,,116.58999633789062
2022-07-22,104.22000122070312,120.41000366210938,82.86000061035156,,118.55000305175781
2022-07-25,103.8499984741211,120.19999694824219,82.79000091552734,,117.38999938964844
2022-07-26,103.88999938964844,120.16000366210938,82.75,,117.4800033569336
2022-07-27,104.0999984741211,120.48999786376953,82.87999725341797,,116.81999969482422
2022-07-28,105.12999725341797,121.2300033569336,83.05999755859375,,117.75
2022-07-29,105.16999816894531,121.26000213623047,83.05000305175781,,117.43000030517578
2022-08-01,105.5999984741211,121.30000305175781,82.95999908447266,,120.04000091552734
2022-08-02,104.13999938964844,120.16999816894531,82.66999816894531,,117.5
2022-08-03,104.56999969482422,120.38999938964844,82.69999694824219,,119.3499984741211
2022-08-04,105.0999984741211,120.80000305175781,82.80999755859375,,119.30999755859375
2022-08-05,103.58000183105469,119.62999725341797,82.47000122070312,,116.47000122070312
2022-08-08,104.19000244140625,119.98999786376953,82.55000305175781,,118.3499984741211
2022-08-09,103.87999725341797,119.70999908447266,82.47000122070312,,117.88999938964844
2022-08-10,103.94000244140625,119.88999938964844,82.55000305175781,,117.12000274658203
2022-08-11,103.25,119.52999877929688,82.5199966430664,,114.38999938964844
2022-08-12,103.66000366210938,119.76000213623047,82.54000091552734,,115.55000305175781
2022-08-15,103.98999786376953,120.01000213623047,82.61000061035156,,115.44999694824219
2022-08-16,103.87000274658203,119.77999877929688,82.54000091552734,,115.93000030517578
2022-08-17,103.16999816894531,119.30000305175781,82.47000122070312,,114.72000122070312
2022-08-18,103.37000274658203,119.47000122070312,82.58999633789062,,114.88999938964844
2022-08-19,102.4800033569336,119.05999755859375,82.52999877929688,,113.04000091552734
2022-08-22,102.02999877929688,118.70999908447266,82.41999816894531,,112.66000366210938
2022-08-23,101.77999877929688,118.62000274658203,82.45999908447266,,112.04000091552734
2022-08-24,101.44000244140625,118.37999725341797,82.37000274658203,,111.22000122070312
2022-08-25,102.08999633789062,118.72000122070312,82.41999816894531,,112.7699966430664
2022-08-26,101.97000122070312,118.52999877929688,82.4000015258789,,113.62000274658203
2022-08-29,101.38999938964844,118.19000244140625,82.33999633789062,,112.68000030517578
2022-08-30,101.36000061035156,118.1500015258789,82.30000305175781,,112.95999908447266
2022-08-31,100.94000244140625,117.88999938964844,82.29000091552734,,111.87999725341797
2022-09-01,99.95999908447266,117.33000183105469,82.12999725341797,,109.5999984741211
2022-09-02,100.5199966430664,117.86000061035156,82.30999755859375,,110.22000122070312
2022-09-06,99.4000015258789,117.1500015258789,82.12999725341797,,107.48999786376953
2022-09-07,100.05000305175781,117.63999938964844,82.25,,109.19000244140625
2022-09-08,99.68000030517578,117.33000183105469,82.1500015258789,,108.06999969482422
2022-09-09,99.69000244140625,117.25,82.08000183105469,,108.30999755859375
2022-09-12,99.44999694824219,117.19000244140625,82.06999969482422,,107.41999816894531
2022-09-13,98.88999938964844,116.52999877929688,81.79000091552734,,107.66999816894531
2022-09-14,98.94000244140625,116.41999816894531,81.72000122070312,,108.04000091552734
2022-09-15,98.5999984741211,116.12999725341797,81.62999725341797,,107.97000122070312
2022-09-16,98.68000030517578,116.30999755859375,81.66999816894531,,107.06999969482422
2022-09-19,98.4000015258789,116.05999755859375,81.58000183105469,,107.31999969482422
2022-09-20,97.79000091552734,115.7300033569336,81.54000091552734,,106.25
2022-09-21,98.18000030517578,115.79000091552734,81.47000122070312,,108.02999877929688
2022-09-22,96.69999694824219,114.8499984741211,81.31999969482422,,105.2699966430664
2022-09-23,96.81999969482422,114.66000366210938,81.22000122070312,,105.69999694824219
2022-09-26,95.20999908447266,113.66000366210938,81.04000091552734,,103.68000030517578
2022-09-27,94.55999755859375,113.3499984741211,81.04000091552734,,100.94999694824219
2022-09-28,96.69000244140625,114.9000015258789,81.38999938964844,,104.33000183105469
2022-09-29,96.23999786376953,114.55000305175781,81.27999877929688,,103.79000091552734
2022-09-30,95.98999786376953,114.27999877929688,81.20999908447266,,102.44999694824219
2022-10-03,96.94000244140625,114.9000015258789,81.27999877929688,,103.83000183105469
2022-10-04,97.13999938964844,115.12000274658203,81.30999755859375,,103.54000091552734
2022-10-05,96.22000122070312,114.55000305175781,81.2300033569336,,102.55000305175781
2022-10-06,95.69000244140625,114.16000366210938,81.12999725341797,,101.9800033569336
2022-10-07,95.22000122070312,113.75,81.02999877929688,,100.98999786376953
2022-10-10,94.66000366210938,113.5,81.0,,99.41999816894531
2022-10-11,94.9000015258789,113.62999725341797,81.04000091552734,,99.86000061035156
2022-10-12,95.20999908447266,113.91000366210938,81.12000274658203,,100.3499984741211
2022-10-13,94.80999755859375,113.38999938964844,80.87999725341797,,99.38999938964844
2022-10-14,94.27999877929688,113.0999984741211,80.83999633789062,,98.56999969482422
2022-10-17,94.37999725341797,113.27999877929688,80.93000030517578,,98.08999633789062
2022-10-18,94.62000274658203,113.45999908447266,80.97000122070312,,98.31999969482422
2022-10-19,93.62999725341797,112.80000305175781,80.81999969482422,,96.52999877929688
2022-10-20,92.93000030517578,112.33000183105469,80.7300033569336,,94.87999725341797
2022-10-21,93.13999938964844,112.83000183105469,80.94000244140625,,93.16999816894531
2022-10-24,93.0199966430664,112.80999755859375,80.91999816894531,,92.4000015258789
2022-10-25,94.18000030517578,113.41999816894531,81.0,,95.08999633789062
2022-10-26,94.66000366210938,113.69000244140625,81.06999969482422,,96.45999908447266
2022-10-27,95.33000183105469,114.29000091552734,81.23999786376953,,97.47000122070312
2022-10-28,94.83999633789062,113.81999969482422,81.12000274658203,,96.80000305175781
2022-10-31,94.41000366210938,113.54000091552734,81.0,,96.11000061035156
2022-11-01,94.19000244140625,113.20999908447266,80.77999877929688,,96.7699966430664
2022-11-02,94.02999877929688,113.11000061035156,80.73999786376953,,96.3499984741211
2022-11-03,93.62000274658203,112.75,80.58999633789062,,95.83000183105469
2022-11-04,93.41999816894531,112.83999633789062,80.68000030517578,,94.22000122070312
2022-11-07,93.08999633789062,112.61000061035156,80.61000061035156,,93.27999877929688
2022-11-08,93.70999908447266,113.01000213623047,80.69000244140625,,94.30000305175781
2022-11-09,94.02999877929688,113.36000061035156,80.81999969482422,,94.61000061035156
2022-11-10,96.13999938964844,114.98999786376953,81.26000213623047,,98.25
2022-11-11,95.94000244140625,114.8499984741211,81.23999786376953,,97.88999938964844
2022-11-14,95.70999908447266,114.66999816894531,81.16999816894531,,97.6500015258789
2022-11-15,96.41999816894531,115.18000030517578,81.25,,99.2300033569336
2022-11-16,97.12999725341797,115.52999877929688,81.26000213623047,,101.4000015258789
2022-11-17,96.47000122070312,115.06999969482422,81.16000366210938,,100.33000183105469
2022-11-18,96.12999725341797,114.7699966430664,81.06999969482422,,99.63999938964844
2022-11-21,96.06999969482422,114.7300033569336,81.05000305175781,,100.05999755859375
2022-11-22,96.62000274658203,114.94000244140625,81.11000061035156,,101.4800033569336
2022-11-23,97.13999938964844,115.27999877929688,81.18000030517578,,103.25
2022-11-25,97.11000061035156,115.30000305175781,81.19000244140625,,102.9000015258789
2022-11-28,97.1500015258789,115.30999755859375,81.20999908447266,,103.19000244140625
2022-11-29,96.73999786376953,115.12999725341797,81.18000030517578,,101.9800033569336
2022-11-30,97.61000061035156,115.91000366210938,81.41999816894531,,102.7300033569336
2022-12-01,98.4800033569336,116.43000030517578,81.43000030517578,,105.76000213623047
2022-12-02,98.68000030517578,116.52999877929688,81.41000366210938,,107.08999633789062
2022-12-05,97.68000030517578,115.72000122070312,81.18000030517578,,105.58999633789062
2022-12-06,98.27999877929688,116.05999755859375,81.2699966430664,,106.94999694824219
2022-12-07,99.13999938964844,116.72000122070312,81.44000244140625,,109.47000122070312
2022-12-08,98.58000183105469,116.29000091552734,81.36000061035156,,109.16999816894531
2022-12-09,97.8499984741211,115.94000244140625,81.31999969482422,,106.33000183105469
2022-12-12,97.70999908447266,115.86000061035156,81.2699966430664,,106.66999816894531
2022-12-13,98.58999633789062,116.54000091552734,81.51000213623047,,107.69999694824219
2022-12-14,98.86000061035156,116.76000213623047,81.5199966430664,,108.16000366210938
2022-12-15,98.86000061035156,116.58999633789062,81.3499984741211,,108.31999969482422
2022-12-16,98.61000061035156,116.56999969482422,81.43000030517578,,107.11000061035156
2022-12-19,97.80999755859375,116.12000274658203,81.33000183105469,,105.30999755859375
2022-12-20,97.0999984741211,115.75,81.33000183105469,,103.44000244140625
2022-12-21,97.22000122070312,115.8499984741211,81.41000366210938,,103.69999694824219
2022-12-22,97.19000244140625,115.7699966430664,81.36000061035156,,103.68000030517578
2022-12-23,96.75,115.55999755859375,81.31999969482422,,102.16000366210938
2022-12-27,95.94000244140625,115.0199966430664,81.20999908447266,,100.13999938964844
2022-12-28,95.70999908447266,114.94000244140625,81.20999908447266,,99.55000305175781
2022-12-29,96.18000030517578,115.1500015258789,81.2699966430664,,100.68000030517578
2022-12-30,95.77999877929688,114.88999938964844,81.16999816894531,,99.55999755859375
2023-01-03,96.52999877929688,115.2300033569336,81.23999786376953,,101.45999908447266
2023-01-04,97.2699966430664,115.68000030517578,81.31999969482422,,102.8499984741211
2023-01-05,97.12999725341797,115.48999786376953,81.20999908447266,,103.27999877929688
2023-01-06,98.37999725341797,116.48999786376953,81.5199966430664,,105.18000030517578
2023-01-09,98.62999725341797,116.69999694824219,81.5999984741211,,105.73999786376953
2023-01-10,98.01000213623047,116.44999694824219,81.52999877929688,,103.98999786376953
2023-01-11,98.63999938964844,116.80000305175781,81.5999984741211,,105.68000030517578
2023-01-12,99.5199966430664,117.5,81.77999877929688,,107.76000213623047
2023-01-13,98.98999786376953,117.12999725341797,81.63999938964844,,106.75
2023-01-17,98.68000030517578,117.06999969482422,81.69000244140625,,106.05999755859375
2023-01-18,100.0199966430664,117.9800033569336,81.87000274658203,,108.62999725341797
2023-01-19,99.83000183105469,117.80000305175781,81.8499984741211,,107.94999694824219
2023-01-20,99.16999816894531,117.37000274658203,81.77999877929688,,106.19999694824219
2023-01-23,98.8499984741211,117.08000183105469,81.69999694824219,,105.69999694824219
2023-01-24,99.41999816894531,117.37000274658203,81.7300033569336,,107.22000122070312
2023-01-25,99.52999877929688,117.48999786376953,81.77999877929688,,107.4800033569336
2023-01-26,99.16999816894531,117.23999786376953,81.7300033569336,,106.9800033569336
2023-01-27,99.0199966430664,117.13999938964844,81.7300033569336,,106.70999908447266
2023-01-30,98.70999908447266,116.86000061035156,81.6500015258789,,106.31999969482422
2023-01-31,99.20999908447266,117.30000305175781,81.80000305175781,,107.16999816894531
2023-02-01,99.70999908447266,117.7300033569336,81.79000091552734,,108.18000030517578
2023-02-02,99.66999816894531,117.70999908447266,81.80000305175781,,108.31999969482422
2023-02-03,98.5999984741211,116.81999969482422,81.5,,106.69999694824219
2023-02-06,97.75,116.0,81.2699966430664,,105.91000366210938
2023-02-07,97.51000213623047,115.95999908447266,81.30999755859375,,105.05999755859375
2023-02-08,97.87000274658203,116.16000366210938,81.33999633789062,,105.55999755859375
2023-02-09,97.43000030517578,115.83999633789062,81.27999877929688,,104.55999755859375
2023-02-10,96.95999908447266,115.55000305175781,81.23999786376953,,103.38999938964844
2023-02-13,97.19000244140625,115.63999938964844,81.26000213623047,,104.26000213623047
2023-02-14,96.75,115.1500015258789,81.08999633789062,,104.0199966430664
2023-02-15,96.45999908447266,115.06999969482422,81.0999984741211,,103.05000305175781
2023-02-16,96.13999938964844,114.93000030517578,81.11000061035156,,101.58999633789062
2023-02-17,96.41000366210938,115.1500015258789,81.18000030517578,,102.37999725341797
2023-02-21,95.36000061035156,114.43000030517578,81.0199966430664,,100.38999938964844
2023-02-22,95.52999877929688,114.54000091552734,81.05999755859375,,101.30999755859375
2023-02-23,95.9000015258789,114.76000213623047,81.11000061035156,,102.30000305175781
2023-02-24,95.31999969482422,114.2300033569336,80.94000244140625,,100.97000122070312
2023-02-27,95.61000061035156,114.44999694824219,81.01000213623047,,101.25
2023-02-28,95.76000213623047,114.5,80.98999786376953,,101.70999908447266
2023-03-01,94.80000305175781,113.79000091552734,80.68000030517578,,100.37000274658203
2023-03-02,94.41000366210938,113.58000183105469,80.70999908447266,,99.4800033569336
2023-03-03,95.16999816894531,113.95999908447266,80.76000213623047,,101.88999938964844
2023-03-06,95.0,113.87999725341797,80.72000122070312,,101.0999984741211
2023-03-07,95.01000213623047,113.63999938964844,80.55000305175781,,101.72000122070312
2023-03-08,94.9800033569336,113.55000305175781,80.51000213623047,,101.81999969482422
2023-03-09,95.56999969482422,114.2300033569336,80.7699966430664,,102.06999969482422
2023-03-10,97.33000183105469,115.55999755859375,81.20999908447266,,105.58999633789062
2023-03-13,98.51000213623047,116.94999694824219,82.0199966430664,,105.83000183105469
2023-03-14,97.58000183105469,116.19999694824219,81.70999908447266,,104.08999633789062
2023-03-15,98.98999786376953,117.54000091552734,82.19000244140625,,106.0999984741211
2023-03-16,98.0999984741211,116.7300033569336,81.86000061035156,,105.2699966430664
2023-03-17,99.26000213623047,117.7300033569336,82.2699966430664,,106.8499984741211
2023-03-20,98.86000061035156,117.4000015258789,82.16999816894531,,105.91000366210938
2023-03-21,98.0,116.62999725341797,81.86000061035156,,105.0
2023-03-22,99.29000091552734,117.73999786376953,82.23999786376953,,106.4000015258789
2023-03-23,99.86000061035156,118.41000366210938,82.4800033569336,,106.4000015258789
2023-03-24,99.88999938964844,118.37999725341797,82.5199966430664,,106.8499984741211
2023-03-27,98.66000366210938,117.41000366210938,82.16999816894531,,104.33999633789062
2023-03-28,98.5999984741211,117.19000244140625,82.08000183105469,,104.52999877929688
2023-03-29,98.43000030517578,117.08000183105469,82.05000305175781,,104.31999969482422
2023-03-30,98.58000183105469,117.1500015258789,82.05999755859375,,104.80000305175781
2023-03-31,99.12000274658203,117.6500015258789,82.16000366210938,,106.37000274658203
2023-04-03,99.38999938964844,117.80000305175781,82.08000183105469,,106.5999984741211
2023-04-04,100.02999877929688,118.41999816894531,82.2699966430664,,107.12999725341797
2023-04-05,100.44999694824219,118.6500015258789,82.37999725341797,,108.25
2023-04-06,100.4800033569336,118.63999938964844,82.3499984741211,,108.52999877929688
2023-04-10,99.48999786376953,117.83000183105469,82.05999755859375,,106.77999877929688
2023-04-11,99.44999694824219,117.79000091552734,82.05000305175781,,107.0
2023-04-12,99.73999786376953,118.13999938964844,82.13999938964844,,106.88999938964844
2023-04-13,99.41000366210938,118.0199966430664,82.19000244140625,,106.05000305175781
2023-04-14,98.91999816894531,117.52999877929688,82.0,,105.08000183105469
2023-04-17,98.29000091552734,117.05999755859375,81.87999725341797,,103.83000183105469
2023-04-18,98.44999694824219,117.12999725341797,81.86000061035156,,104.19999694824219
2023-04-19,98.23999786376953,116.95999908447266,81.79000091552734,,104.0999984741211
2023-04-20,98.80999755859375,117.47000122070312,81.98999786376953,,104.98999786376953
2023-04-21,98.56999969482422,117.29000091552734,81.94000244140625,,104.4000015258789
2023-04-24,99.05000305175781,117.63999938964844,82.02999877929688,,105.41000366210938
2023-04-25,100.02999877929688,118.58000183105469,82.3499984741211,,106.95999908447266
2023-04-26,99.63999938964844,118.29000091552734,82.25,,105.81999969482422
2023-04-27,98.98999786376953,117.68000030517578,82.08999633789062,,104.7699966430664
2023-04-28,99.7300033569336,118.18000030517578,82.18000030517578,,106.45999908447266
2023-05-01,98.31999969482422,117.2300033569336,81.80999755859375,,103.12999725341797
2023-05-02,99.5999984741211,118.20999908447266,82.08000183105469,,105.69999694824219
2023-05-03,100.25,118.86000061035156,82.27999877929688,,106.29000091552734
2023-05-04,100.2300033569336,119.04000091552734,82.41000366210938,,105.23999786376953
2023-05-05,99.69000244140625,118.5,82.20999908447266,,104.88999938964844
2023-05-08,99.08000183105469,118.08000183105469,82.08000183105469,,103.41999816894531
2023-05-09,98.95999908447266,117.98999786376953,82.05999755859375,,103.05000305175781
2023-05-10,99.69999694824219,118.66999816894531,82.26000213623047,,104.05000305175781
2023-05-11,100.06999969482422,118.81999969482422,82.30999755859375,,105.1500015258789
2023-05-12,99.47000122070312,118.36000061035156,82.16999816894531,,104.2699966430664
2023-05-15,99.25,118.30000305175781,82.18000030517578,,103.19000244140625
2023-05-16,98.93000030517578,118.02999877929688,82.08000183105469,,102.87999725341797
2023-05-17,98.61000061035156,117.69000244140625,81.98999786376953,,102.58000183105469
2023-05-18,98.0,117.16999816894531,81.83999633789062,,101.81999969482422
2023-05-19,97.62999725341797,116.86000061035156,81.77999877929688,,101.0999984741211
2023-05-22,97.44999694824219,116.79000091552734,81.75,,100.73999786376953
2023-05-23,97.61000061035156,116.91000366210938,81.73999786376953,,101.02999877929688
2023-05-24,97.36000061035156,116.66000366210938,81.63999938964844,,100.52999877929688
2023-05-25,96.75,116.05000305175781,81.45999908447266,,100.27999877929688
2023-05-26,96.93000030517578,115.97000122070312,81.44000244140625,,101.08999633789062
2023-05-30,97.69000244140625,116.62999725341797,81.5999984741211,,102.0999984741211
2023-05-31,98.05999755859375,116.87999725341797,81.68000030517578,,102.98999786376953
2023-06-01,98.0999984741211,116.98999786376953,81.61000061035156,,103.12000274658203
2023-06-02,97.31999969482422,116.2699966430664,81.37999725341797,,101.98999786376953
2023-06-05,97.29000091552734,116.30999755859375,81.4000015258789,,101.80000305175781
2023-06-06,97.3499984741211,116.2699966430664,81.36000061035156,,102.4000015258789
2023-06-07,96.63999938964844,115.83999633789062,81.30000305175781,,100.87999725341797
2023-06-08,97.29000091552734,116.30999755859375,81.43000030517578,,102.05999755859375
2023-06-09,96.94000244140625,115.94000244140625,81.27999877929688,,101.91999816894531
2023-06-12,97.0999984741211,116.12999725341797,81.3499984741211,,102.22000122070312
2023-06-13,96.41000366210938,115.56999969482422,81.19999694824219,,101.20999908447266
2023-06-14,96.54000091552734,115.52999877929688,81.1500015258789,,102.0199966430664
2023-06-15,97.29000091552734,116.12000274658203,81.31999969482422,,103.0
2023-06-16,96.87000274658203,115.7300033569336,81.20999908447266,,102.5999984741211
2023-06-20,97.16000366210938,115.91000366210938,81.23999786376953,,103.30999755859375
2023-06-21,97.25,115.95999908447266,81.23999786376953,,103.55999755859375
2023-06-22,96.69999694824219,115.58999633789062,81.1500015258789,,102.30999755859375
2023-06-23,97.0999984741211,115.79000091552734,81.22000122070312,,103.33000183105469
2023-06-26,97.33999633789062,116.01000213623047,81.27999877929688,,103.44000244140625
2023-06-27,97.0,115.68000030517578,81.16000366210938,,103.16999816894531
2023-06-28,97.38999938964844,115.9800033569336,81.25,,103.61000061035156
2023-06-29,96.38999938964844,115.2300033569336,81.05000305175781,,101.73999786376953
2023-06-30,96.5999984741211,115.26000213623047,81.08000183105469,,102.94000244140625
2023-07-03,95.94999694824219,114.72000122070312,80.77999877929688,,102.08000183105469
2023-07-05,95.48999786376953,114.4800033569336,80.76000213623047,,101.11000061035156
2023-07-06,94.70999908447266,113.94999694824219,80.70999908447266,,99.68000030517578
2023-07-07,94.58999633789062,114.0,80.80000305175781,,99.08000183105469
2023-07-10,95.08000183105469,114.52999877929688,80.91999816894531,,99.20999908447266
2023-07-11,95.27999877929688,114.55999755859375,80.91000366210938,,99.72000122070312
2023-07-12,96.20999908447266,115.4000015258789,81.1500015258789,,100.83000183105469
2023-07-13,97.01000213623047,116.13999938964844,81.37999725341797,,101.88999938964844
2023-07-14,96.52999877929688,115.62000274658203,81.16999816894531,,101.29000091552734
2023-07-17,96.69000244140625,115.76000213623047,81.19999694824219,,101.33999633789062
2023-07-18,96.80000305175781,115.79000091552734,81.19999694824219,,101.80000305175781
2023-07-19,97.12999725341797,115.97000122070312,81.2300033569336,,102.94999694824219
2023-07-20,96.36000061035156,115.44000244140625,81.12999725341797,,101.69999694824219
2023-07-21,96.44000244140625,115.44000244140625,81.13999938964844,,101.7300033569336
2023-07-24,96.20999908447266,115.19999694824219,81.04000091552734,,101.36000061035156
2023-07-25,96.02999877929688,115.08000183105469,81.02999877929688,,101.16999816894531
2023-07-26,96.36000061035156,115.37999725341797,81.11000061035156,,101.2699966430664
2023-07-27,95.30999755859375,114.7300033569336,80.98999786376953,,99.30000305175781
2023-07-28,95.62000274658203,115.0199966430664,81.0999984741211,,99.80999755859375
2023-07-31,95.73999786376953,115.12000274658203,81.12000274658203,,100.05000305175781
2023-08-01,94.94000244140625,114.56999969482422,80.83999633789062,,98.13999938964844
2023-08-02,94.75,114.55999755859375,80.87999725341797,,97.08999633789062
2023-08-03,94.05000305175781,114.2699966430664,80.91000366210938,,94.8499984741211
2023-08-04,95.05000305175781,115.01000213623047,81.06999969482422,,96.52999877929688
2023-08-07,94.81999969482422,114.94999694824219,81.0999984741211,,95.58000183105469
2023-08-08,95.30000305175781,115.22000122070312,81.13999938964844,,96.69000244140625
2023-08-09,95.36000061035156,115.16000366210938,81.08999633789062,,97.19000244140625
2023-08-10,94.62999725341797,114.7300033569336,81.05000305175781,,95.58999633789062
2023-08-11,94.12999725341797,114.30999755859375,80.97000122070312,,95.37000274658203
2023-08-14,93.9800033569336,114.0999984741211,80.9000015258789,,95.16000366210938
2023-08-15,93.80000305175781,114.05999755859375,80.93000030517578,,94.58000183105469
2023-08-16,93.44000244140625,113.83999633789062,80.88999938964844,,93.83999633789062
2023-08-17,93.31999969482422,113.9000015258789,80.9800033569336,,93.44000244140625
2023-08-18,93.5999984741211,114.05999755859375,81.01000213623047,,93.7699966430664
2023-08-21,93.0199966430664,113.66999816894531,80.91999816894531,,92.5199966430664
2023-08-22,93.05999755859375,113.58999633789062,80.87999725341797,,93.2300033569336
2023-08-23,94.06999969482422,114.2300033569336,81.02999877929688,,95.54000091552734
2023-08-24,93.72000122070312,114.01000213623047,80.9800033569336,,94.91000366210938
2023-08-25,93.69000244140625,113.88999938964844,80.93000030517578,,95.22000122070312
2023-08-28,93.94999694824219,114.08000183105469,80.9800033569336,,95.31999969482422
2023-08-29,94.62000274658203,114.66999816894531,81.16000366210938,,96.30999755859375
2023-08-30,94.61000061035156,114.6500015258789,81.16000366210938,,96.20999908447266
2023-08-31,94.80000305175781,114.86000061035156,81.23999786376953,,96.63999938964844
2023-09-01,93.9800033569336,114.27999877929688,80.98999786376953,,94.8499984741211
2023-09-05,93.41000366210938,113.9800033569336,80.88999938964844,,93.5199966430664
2023-09-06,93.16999816894531,113.66000366210938,80.80000305175781,,93.75
2023-09-07,93.48999786376953,114.0,80.94999694824219,,94.01000213623047
2023-09-08,93.51000213623047,113.94000244140625,80.91000366210938,,94.37000274658203
2023-09-11,93.3499984741211,113.88999938964844,80.93000030517578,,93.69000244140625
2023-09-12,93.4800033569336,113.88999938964844,80.88999938964844,,94.2300033569336
2023-09-13,93.58999633789062,114.04000091552734,80.95999908447266,,94.20999908447266
2023-09-14,93.37999725341797,113.91000366210938,80.94000244140625,,93.52999877929688
2023-09-15,93.08999633789062,113.72000122070312,80.9000015258789,,92.95999908447266
2023-09-18,93.18000030517578,113.70999908447266,80.88999938964844,,93.48999786376953
2023-09-19,92.83999633789062,113.45999908447266,80.83000183105469,,92.80000305175781
2023-09-20,92.7699966430664,113.33999633789062,80.77999877929688,,93.08999633789062
2023-09-21,92.08000183105469,113.05999755859375,80.81999969482422,,90.69999694824219
2023-09-22,92.44000244140625,113.33999633789062,80.9000015258789,,91.43000030517578
2023-09-25,91.76000213623047,113.06999969482422,80.87000274658203,,89.18000030517578
2023-09-26,91.7300033569336,113.05000305175781,80.87999725341797,,88.87000274658203
2023-09-27,91.31999969482422,112.76000213623047,80.81999969482422,,88.41000366210938
2023-09-28,91.56999969482422,113.0999984741211,80.95999908447266,,88.68000030517578
2023-09-29,91.58999633789062,113.16000366210938,80.97000122070312,,88.69000244140625
2023-10-02,90.61000061035156,112.44999694824219,80.68000030517578,,86.93000030517578
2023-10-03,89.86000061035156,112.01000213623047,80.62000274658203,,85.05999755859375
2023-10-04,90.43000030517578,112.47000122070312,80.80000305175781,,86.26000213623047
2023-10-05,90.5999984741211,112.70999908447266,80.87999725341797,,85.83000183105469
2023-10-06,90.06999969482422,112.33000183105469,80.80999755859375,,84.79000091552734
2023-10-09,91.22000122070312,113.23999786376953,81.05000305175781,,86.77999877929688
2023-10-10,91.04000091552734,113.05000305175781,81.0,,86.66000366210938
2023-10-11,91.54000091552734,113.19999694824219,80.9800033569336,,88.47000122070312
2023-10-12,90.66000366210938,112.69000244140625,80.87999725341797,,86.06999969482422
2023-10-13,91.23999786376953,112.9800033569336,80.93000030517578,,87.61000061035156
2023-10-16,90.69999694824219,112.6500015258789,80.87999725341797,,86.19999694824219
2023-10-17,89.80999755859375,111.91999816894531,80.69999694824219,,85.25
2023-10-18,89.38999938964844,111.66999816894531,80.69999694824219,,84.5
2023-10-19,88.94999694824219,111.61000061035156,80.80999755859375,,82.7699966430664
2023-10-20,89.47000122070312,112.08999633789062,80.94000244140625,,83.23999786376953
2023-10-23,89.88999938964844,112.3499984741211,80.98999786376953,,84.23999786376953
2023-10-24,90.05000305175781,112.33999633789062,80.97000122070312,,85.3499984741211
2023-10-25,89.26000213623047,111.87999725341797,80.87999725341797,,83.44999694824219
2023-10-26,89.94000244140625,112.43000030517578,81.04000091552734,,84.7300033569336
2023-10-27,90.08000183105469,112.62000274658203,81.08999633789062,,84.37000274658203
2023-10-30,89.77999877929688,112.4000015258789,81.05999755859375,,83.98999786376953
2023-10-31,89.58999633789062,112.29000091552734,81.02999877929688,,83.58000183105469
2023-11-01,90.37000274658203,112.7699966430664,80.9800033569336,,85.0999984741211
2023-11-02,90.93000030517578,112.95999908447266,80.98999786376953,,87.04000091552734
2023-11-03,91.62999725341797,113.66000366210938,81.20999908447266,,87.62999725341797
2023-11-06,91.0999984741211,113.20999908447266,81.05999755859375,,86.77999877929688
2023-11-07,91.62000274658203,113.51000213623047,81.12000274658203,,88.05999755859375
2023-11-08,91.98999786376953,113.63999938964844,81.0999984741211,,89.55999755859375
2023-11-09,91.08000183105469,113.0199966430664,80.9800033569336,,87.5
2023-11-10,91.18000030517578,113.0199966430664,81.0,,87.98999786376953
2023-11-13,91.12999725341797,113.06999969482422,81.02999877929688,,87.79000091552734
2023-11-14,92.5,114.18000030517578,81.3499984741211,,89.77999877929688
2023-11-15,91.77999877929688,113.66000366210938,81.19999694824219,,88.5199966430664
2023-11-16,92.47000122070312,114.19999694824219,81.33999633789062,,89.62000274658203
2023-11-17,92.52999877929688,114.11000061035156,81.27999877929688,,90.04000091552734
2023-11-20,92.66000366210938,114.18000030517578,81.29000091552734,,90.58999633789062
2023-11-21,92.77999877929688,114.33000183105469,81.33999633789062,,90.55000305175781
2023-11-22,92.75,114.26000213623047,81.3499984741211,,90.87000274658203
2023-11-24,92.2699966430664,113.9800033569336,81.29000091552734,,89.80000305175781
2023-11-27,92.97000122070312,114.44000244140625,81.38999938964844,,91.30000305175781
2023-11-28,93.37999725341797,114.9000015258789,81.54000091552734,,91.4800033569336
2023-11-29,93.87000274658203,115.27999877929688,81.69999694824219,,92.62999725341797
2023-11-30,93.41000366210938,115.04000091552734,81.6500015258789,,91.55999755859375
2023-12-01,94.04000091552734,115.44999694824219,81.63999938964844,,92.98999786376953
2023-12-04,93.6500015258789,115.08999633789062,81.5199966430664,,92.62000274658203
2023-12-05,94.30999755859375,115.5199966430664,81.62000274658203,,94.61000061035156
2023-12-06,94.69999694824219,115.66000366210938,81.5999984741211,,95.87000274658203
2023-12-07,94.55999755859375,115.66000366210938,81.66000366210938,,95.31999969482422
2023-12-08,93.94999694824219,115.08999633789062,81.4800033569336,,94.54000091552734
2023-12-11,93.95999908447266,115.0999984741211,81.5,,94.33999633789062
2023-12-12,94.16000366210938,115.25,81.51000213623047,,94.62000274658203
2023-12-13,95.55999755859375,116.4800033569336,81.91999816894531,,96.83999633789062
2023-12-14,96.06999969482422,116.69999694824219,81.80000305175781,,99.04000091552734
2023-12-15,95.98999786376953,116.55000305175781,81.70999908447266,,99.1500015258789
2023-12-18,95.77999877929688,116.41000366210938,81.69999694824219,,98.36000061035156
2023-12-19,95.95999908447266,116.51000213623047,81.7300033569336,,98.88999938964844
2023-12-20,96.43000030517578,116.9000015258789,81.83999633789062,,99.55999755859375
2023-12-21,96.27999877929688,116.9000015258789,81.91999816894531,,98.93000030517578
2023-12-22,96.19000244140625,116.88999938964844,81.94999694824219,,98.4800033569336
2023-12-26,96.25,116.86000061035156,81.91000366210938,,98.76000213623047
2023-12-27,97.0,117.37000274658203,82.01000213623047,,100.51000213623047
2023-12-28,96.62999725341797,117.16000366210938,82.0,,99.77999877929688
2023-12-29,96.38999938964844,117.12999725341797,82.04000091552734,,98.87999725341797
2024-01-02,96.02999877929688,116.79000091552734,81.94000244140625,,98.30999755859375
2024-01-03,96.26000213623047,116.94999694824219,81.95999908447266,,98.72000122070312
2024-01-04,95.68000030517578,116.58000183105469,81.91000366210938,,97.22000122070312
2024-01-05,95.33000183105469,116.37999725341797,81.88999938964844,,96.29000091552734
2024-01-08,95.6500015258789,116.62000274658203,81.95999908447266,,97.23999786376953
2024-01-09,95.61000061035156,116.6500015258789,81.9800033569336,,96.62000274658203
2024-01-10,95.45999908447266,116.58000183105469,81.9800033569336,,96.16999816894531
2024-01-11,95.97000122070312,117.0999984741211,82.16999816894531,,96.70999908447266
2024-01-12,96.2300033569336,117.4000015258789,82.33999633789062,,96.5199966430664
2024-01-16,95.44999694824219,116.9000015258789,82.20999908447266,,94.81999969482422
2024-01-17,95.13999938964844,116.5,82.05000305175781,,94.66999816894531
2024-01-18,94.93000030517578,116.44000244140625,82.08999633789062,,93.79000091552734
2024-01-19,94.94000244140625,116.37999725341797,82.02999877929688,,94.08999633789062
2024-01-22,95.2300033569336,116.58000183105469,82.06999969482422,,94.6500015258789
2024-01-23,94.98999786376953,116.44999694824219,82.05999755859375,,93.9000015258789
2024-01-24,94.72000122070312,116.26000213623047,82.0199966430664,,93.3499984741211
2024-01-25,95.12999725341797,116.63999938964844,82.16999816894531,,93.95999908447266
2024-01-26,94.95999908447266,116.48999786376953,82.12000274658203,,93.77999877929688
2024-01-29,95.52999877929688,116.87000274658203,82.19999694824219,,94.86000061035156
2024-01-30,95.66000366210938,116.77999877929688,82.1500015258789,,95.72000122070312
2024-01-31,96.45999908447266,117.48999786376953,82.30000305175781,,96.66000366210938
2024-02-01,96.81999969482422,117.54000091552734,82.18000030517578,,98.23999786376953
2024-02-02,95.55999755859375,116.58000183105469,81.91999816894531,,96.06999969482422
2024-02-05,94.62999725341797,115.93000030517578,81.76000213623047,,94.12999725341797
2024-02-06,95.13999938964844,116.3499984741211,81.88999938964844,,95.05000305175781
2024-02-07,94.97000122070312,116.22000122070312,81.86000061035156,,94.58999633789062
2024-02-08,94.66000366210938,116.01000213623047,81.83999633789062,,94.04000091552734
2024-02-09,94.48999786376953,115.88999938964844,81.80999755859375,,93.8499984741211
2024-02-12,94.58000183105469,115.9800033569336,81.81999969482422,,93.95999908447266
2024-02-13,93.54000091552734,115.05999755859375,81.55999755859375,,92.3499984741211
2024-02-14,93.88999938964844,115.41000366210938,81.68000030517578,,92.81999969482422
2024-02-15,94.1500015258789,115.61000061035156,81.76000213623047,,93.30000305175781
2024-02-16,93.73999786376953,115.26000213623047,81.66000366210938,,92.76000213623047
2024-02-20,93.9000015258789,115.47000122070312,81.70999908447266,,92.83999633789062
2024-02-21,93.5999984741211,115.20999908447266,81.63999938964844,,92.18000030517578
2024-02-22,93.61000061035156,115.1500015258789,81.62999725341797,,92.62999725341797
2024-02-23,94.04000091552734,115.37000274658203,81.66999816894531,,93.87000274658203
2024-02-26,93.9000015258789,115.26000213623047,81.61000061035156,,93.58999633789062
2024-02-27,93.69000244140625,115.16999816894531,81.61000061035156,,92.93000030517578
2024-02-28,94.02999877929688,115.44999694824219,81.69000244140625,,93.5199966430664
2024-02-29,94.22000122070312,115.58999633789062,81.73999786376953,,94.18000030517578
2024-03-01,94.4000015258789,115.7300033569336,81.66000366210938,,94.47000122070312
2024-03-04,94.19000244140625,115.54000091552734,81.58000183105469,,94.08999633789062
2024-03-05,94.7699966430664,115.9000015258789,81.63999938964844,,95.43000030517578
2024-03-06,95.0,116.01000213623047,81.66000366210938,,95.98999786376953
2024-03-07,95.16000366210938,116.2300033569336,81.76000213623047,,95.9000015258789
2024-03-08,95.2300033569336,116.3499984741211,81.80000305175781,,95.7300033569336
2024-03-11,95.11000061035156,116.19000244140625,81.7300033569336,,95.68000030517578
2024-03-12,94.72000122070312,115.87000274658203,81.6500015258789,,94.87999725341797
2024-03-13,94.51000213623047,115.69999694824219,81.61000061035156,,94.41999816894531
2024-03-14,93.80999755859375,115.2300033569336,81.54000091552734,,92.97000122070312
2024-03-15,93.6500015258789,115.05999755859375,81.48999786376953,,92.94000244140625
2024-03-18,93.54000091552734,114.97000122070312,81.5,,92.66000366210938
2024-03-19,93.80999755859375,115.22000122070312,81.56999969482422,,92.91999816894531
2024-03-20,94.02999877929688,115.48999786376953,81.69999694824219,,92.88999938964844
2024-03-21,94.04000091552734,115.5,81.69999694824219,,93.08999633789062
2024-03-22,94.5,115.80999755859375,81.76000213623047,,93.9800033569336
2024-03-25,94.25,115.66000366210938,81.72000122070312,,93.51000213623047
2024-03-26,94.38999938964844,115.73999786376953,81.73999786376953,,93.7699966430664
2024-03-27,94.75,115.9800033569336,81.83000183105469,,94.69999694824219
2024-03-28,94.66000366210938,115.80999755859375,81.77999877929688,,94.62000274658203
2024-04-01,93.52999877929688,114.94999694824219,81.33999633789062,,92.55000305175781
2024-04-02,93.33000183105469,114.91999816894531,81.37999725341797,,92.04000091552734
2024-04-03,93.44000244140625,115.01000213623047,81.44000244140625,,92.0199966430664
2024-04-04,93.76000213623047,115.26000213623047,81.5199966430664,,92.68000030517578
2024-04-05,93.13999938964844,114.79000091552734,81.38999938964844,,91.38999938964844
2024-04-08,92.93000030517578,114.58000183105469,81.30999755859375,,91.37999725341797
2024-04-09,93.30000305175781,114.83999633789062,81.38999938964844,,92.2300033569336
2024-04-10,92.05999755859375,113.73999786376953,81.05999755859375,,90.22000122070312
2024-04-11,91.93000030517578,113.76000213623047,81.16000366210938,,89.80999755859375
2024-04-12,92.30999755859375,114.05000305175781,81.20999908447266,,90.29000091552734
2024-04-15,91.72000122070312,113.69000244140625,81.18000030517578,,88.88999938964844
2024-04-16,91.36000061035156,113.43000030517578,81.12999725341797,,88.30000305175781
2024-04-17,91.94000244140625,113.81999969482422,81.19000244140625,,89.27999877929688
2024-04-18,91.62000274658203,113.55999755859375,81.1500015258789,,88.83000183105469
2024-04-19,91.73999786376953,113.6500015258789,81.16999816894531,,89.1500015258789
2024-04-22,91.75,113.69000244140625,81.20999908447266,,89.0
2024-04-23,91.87000274658203,113.86000061035156,81.27999877929688,,89.02999877929688
2024-04-24,91.58999633789062,113.72000122070312,81.25,,88.4000015258789
2024-04-25,91.23999786376953,113.44999694824219,81.19000244140625,,87.77999877929688
2024-04-26,91.48999786376953,113.58000183105469,81.20999908447266,,88.23999786376953
2024-04-29,91.86000061035156,113.79000091552734,81.25,,88.9800033569336
2024-04-30,91.43000030517578,113.5,81.1500015258789,,88.22000122070312
2024-05-01,91.5199966430664,113.51000213623047,81.05000305175781,,88.55999755859375
2024-05-02,91.94999694824219,113.94999694824219,81.16999816894531,,88.94000244140625
2024-05-03,92.45999908447266,114.37000274658203,81.30000305175781,,89.83999633789062
2024-05-06,92.54000091552734,114.4000015258789,81.29000091552734,,90.19000244140625
2024-05-07,92.77999877929688,114.51000213623047,81.30000305175781,,90.73999786376953
2024-05-08,92.5199966430664,114.38999938964844,81.27999877929688,,90.19000244140625
2024-05-09,92.80000305175781,114.58000183105469,81.3499984741211,,90.62999725341797
2024-05-10,92.5,114.37000274658203,81.27999877929688,,90.12000274658203
2024-05-13,92.61000061035156,114.41999816894531,81.30000305175781,,90.3499984741211
2024-05-14,92.87999725341797,114.63999938964844,81.37999725341797,,90.86000061035156
2024-05-15,93.58000183105469,115.19999694824219,81.52999877929688,,92.0999984741211
2024-05-16,93.4000015258789,115.01000213623047,81.47000122070312,,92.01000213623047
2024-05-17,93.11000061035156,114.81999969482422,81.41999816894531,,91.38999938964844
2024-05-20,92.97000122070312,114.7300033569336,81.4000015258789,,91.12000274658203
2024-05-21,93.20999908447266,114.9000015258789,81.44000244140625,30.06999969482422,91.58999633789062
2024-05-22,93.08999633789062,114.7300033569336,81.37999725341797,30.047000885009766,91.69999694824219
2024-05-23,92.76000213623047,114.48999786376953,81.33999633789062,29.959999084472656,91.11000061035156
2024-05-24,92.87999725341797,114.51000213623047,81.37000274658203,29.9950008392334,91.37999725341797
2024-05-28,92.36000061035156,114.2300033569336,81.30000305175781,29.8700008392334,90.06999969482422
2024-05-29,91.91000366210938,113.97000122070312,81.2699966430664,29.774999618530273,88.9800033569336
2024-05-30,92.37000274658203,114.29000091552734,81.36000061035156,29.868999481201172,89.83999633789062
2024-05-31,92.80000305175781,114.69000244140625,81.47000122070312,29.969999313354492,90.44999694824219
2024-06-03,93.12999725341797,114.77999877929688,81.30000305175781,30.079999923706055,91.5999984741211
2024-06-04,93.63999938964844,115.16000366210938,81.37999725341797,30.200000762939453,92.66999816894531
2024-06-05,93.9800033569336,115.4000015258789,81.45999908447266,30.29400062561035,93.3499984741211
2024-06-06,93.94000244140625,115.43000030517578,81.47000122070312,30.299999237060547,93.20999908447266
2024-06-07,92.94999694824219,114.66000366210938,81.26000213623047,30.06399917602539,91.5
2024-06-10,92.75,114.56999969482422,81.2699966430664,30.020000457763672,90.88999938964844
2024-06-11,93.23999786376953,114.91999816894531,81.36000061035156,30.1299991607666,91.83000183105469
2024-06-12,93.76000213623047,115.31999969482422,81.47000122070312,30.239999771118164,92.5199966430664
2024-06-13,94.37999725341797,115.79000091552734,81.5999984741211,30.409000396728516,93.87999725341797
2024-06-14,94.5999984741211,115.87000274658203,81.61000061035156,30.469999313354492,94.66999816894531
2024-06-17,94.16000366210938,115.55999755859375,81.52999877929688,30.350000381469727,93.7300033569336
2024-06-18,94.56999969482422,115.87999725341797,81.63999938964844,30.459999084472656,94.58999633789062
2024-06-20,94.33000183105469,115.73999786376953,81.61000061035156,30.399999618530273,93.95999908447266
2024-06-21,94.3499984741211,115.76000213623047,81.63999938964844,30.40999984741211,93.95999908447266
2024-06-24,94.43000030517578,115.79000091552734,81.6500015258789,30.433000564575195,94.33999633789062
2024-06-25,94.51000213623047,115.86000061035156,81.66000366210938,30.459999084472656,94.5
2024-06-26,93.94000244140625,115.47000122070312,81.58000183105469,30.309999465942383,93.1500015258789
2024-06-27,94.1500015258789,115.6500015258789,81.63999938964844,30.360000610351562,93.5199966430664
2024-06-28,93.6500015258789,115.47000122070312,81.6500015258789,30.25200080871582,91.77999877929688
2024-07-01,92.66999816894531,114.7300033569336,81.30999755859375,29.950000762939453,89.91000366210938
2024-07-02,93.0199966430664,114.95999908447266,81.37999725341797,30.049999237060547,90.61000061035156
2024-07-03,93.63999938964844,115.4000015258789,81.5,30.180999755859375,91.80000305175781
2024-07-05,94.16000366210938,115.86000061035156,81.6500015258789,30.309999465942383,92.55999755859375
2024-07-08,94.19000244140625,115.83999633789062,81.63999938964844,30.31999969482422,92.76000213623047
2024-07-09,94.05999755859375,115.80999755859375,81.62000274658203,30.290000915527344,92.3499984741211
2024-07-10,94.1500015258789,115.8499984741211,81.6500015258789,30.31399917602539,92.63999938964844
2024-07-11,94.75,116.37999725341797,81.83999633789062,30.472999572753906,93.54000091552734
2024-07-12,94.94999694824219,116.5999984741211,81.95999908447266,30.525999069213867,93.94000244140625
2024-07-15,94.6500015258789,116.5,81.95999908447266,30.457000732421875,92.86000061035156
2024-07-16,95.06999969482422,116.70999908447266,81.98999786376953,30.566999435424805,94.16999816894531
2024-07-17,95.1500015258789,116.7699966430664,82.0,30.59000015258789,94.19000244140625
2024-07-18,94.87999725341797,116.58999633789062,81.95999908447266,30.51099967956543,93.47000122070312
2024-07-19,94.58000183105469,116.38999938964844,81.91999816894531,30.450000762939453,92.91999816894531
2024-07-22,94.48999786376953,116.33000183105469,81.93000030517578,30.420000076293945,92.6500015258789
2024-07-23,94.55999755859375,116.41000366210938,81.97000122070312,30.440000534057617,92.5199966430664
2024-07-24,94.3499984741211,116.41000366210938,82.01000213623047,30.384000778198242,91.5199966430664
2024-07-25,94.55999755859375,116.5,82.0199966430664,30.440000534057617,92.2699966430664
2024-07-26,95.01000213623047,116.86000061035156,82.12999725341797,30.542999267578125,92.98999786376953
2024-07-29,95.16999816894531,116.94000244140625,82.13999938964844,30.58099937438965,93.48999786376953
2024-07-30,95.37000274658203,117.0999984741211,82.16999816894531,30.6299991607666,93.8499984741211
2024-07-31,96.06999969482422,117.66999816894531,82.33999633789062,30.7810001373291,94.80999755859375
2024-08-01,96.19000244140625,117.73999786376953,82.20999908447266,30.812999725341797,95.30999755859375
2024-08-02,97.68000030517578,119.0,82.66999816894531,31.209999084472656,98.27999877929688
2024-08-05,97.77999877929688,119.0,82.6500015258789,31.246000289916992,98.80000305175781
2024-08-06,96.91000366210938,118.4000015258789,82.55000305175781,31.020000457763672,96.58999633789062
2024-08-07,96.55999755859375,118.2300033569336,82.5,30.923999786376953,95.91000366210938
2024-08-08,96.2699966430664,117.9800033569336,82.45999908447266,30.8700008392334,95.31999969482422
2024-08-09,96.66000366210938,118.18000030517578,82.4800033569336,30.948999404907227,96.26000213623047
2024-08-12,96.93000030517578,118.44000244140625,82.52999877929688,31.009000778198242,96.61000061035156
2024-08-13,97.36000061035156,118.77999877929688,82.66000366210938,31.110000610351562,97.27999877929688
2024-08-14,97.48999786376953,118.80999755859375,82.6500015258789,31.149999618530273,97.88999938964844
2024-08-15,96.87999725341797,118.23999786376953,82.44999694824219,30.992000579833984,97.0999984741211
2024-08-16,97.06999969482422,118.4000015258789,82.54000091552734,31.052000045776367,97.44000244140625
2024-08-19,97.19999694824219,118.44000244140625,82.5199966430664,31.09000015258789,97.88999938964844
2024-08-20,97.58999633789062,118.7300033569336,82.63999938964844,31.190000534057617,98.66999816894531
2024-08-21,97.79000091552734,118.9800033569336,82.7300033569336,31.25,98.7300033569336
2024-08-22,97.33999633789062,118.62999725341797,82.62000274658203,31.1200008392334,97.75
2024-08-23,97.79000091552734,119.05999755859375,82.80999755859375,31.229999542236328,98.38999938964844
2024-08-26,97.66999816894531,118.94000244140625,82.7699966430664,31.209999084472656,98.13999938964844
2024-08-27,97.62999725341797,119.0199966430664,82.81999969482422,31.20800018310547,97.97000122070312
2024-08-28,97.58000183105469,119.0,82.80999755859375,31.190000534057617,97.8499984741211
2024-08-29,97.41000366210938,118.86000061035156,82.80000305175781,31.149999618530273,97.52999877929688
2024-08-30,97.06999969482422,118.72000122070312,82.80000305175781,31.07200050354004,96.48999786376953
2024-09-03,97.41999816894531,118.80999755859375,82.5999984741211,31.118000030517578,97.75
2024-09-04,97.98999786376953,119.27999877929688,82.77999877929688,31.274999618530273,99.01000213623047
2024-09-05,98.22000122070312,119.38999938964844,82.80999755859375,31.329999923706055,99.56999969482422
2024-09-06,98.36000061035156,119.66000366210938,82.95999908447266,31.389999389648438,99.55999755859375
2024-09-09,98.5,119.70999908447266,82.97000122070312,31.417999267578125,99.98999786376953
2024-09-10,98.91999816894531,120.06999969482422,83.08999633789062,31.52899932861328,100.69000244140625
2024-09-11,98.8499984741211,119.94999694824219,83.0199966430664,31.4950008392334,100.61000061035156
2024-09-12,98.69000244140625,119.8499984741211,83.02999877929688,31.46500015258789,100.13999938964844
2024-09-13,98.87999725341797,120.08000183105469,83.1500015258789,31.520999908447266,100.41000366210938
2024-09-16,99.13999938964844,120.2300033569336,83.19999694824219,31.597999572753906,101.33000183105469
2024-09-17,98.95999908447266,120.0999984741211,83.13999938964844,31.549999237060547,100.83999633789062
2024-09-18,98.52999877929688,119.83999633789062,83.11000061035156,31.429000854492188,99.58999633789062
2024-09-19,98.44999694824219,119.8499984741211,83.18000030517578,31.41200065612793,99.26000213623047
2024-09-20,98.41999816894531,119.87000274658203,83.20999908447266,31.424999237060547,98.87999725341797
2024-09-23,98.36000061035156,119.80999755859375,83.20999908447266,31.395000457763672,98.66999816894531
2024-09-24,98.47000122070312,119.9800033569336,83.29000091552734,31.427000045776367,98.6500015258789
2024-09-25,98.06999969482422,119.73999786376953,83.22000122070312,31.329999923706055,97.83000183105469
2024-09-26,98.0,119.58000183105469,83.13999938964844,31.316999435424805,98.05999755859375
2024-09-27,98.38999938964844,119.91999816894531,83.2699966430664,31.3799991607666,98.56999969482422
2024-09-30,98.12000274658203,119.61000061035156,83.1500015258789,31.320999145507812,98.0999984741211
2024-10-01,98.19000244140625,119.55000305175781,82.93000030517578,31.299999237060547,98.48999786376953
2024-10-02,97.91000366210938,119.4000015258789,82.91000366210938,31.219999313354492,97.66000366210938
2024-10-03,97.41000366210938,119.01000213623047,82.80000305175781,31.114999771118164,96.73999786376953
2024-10-04,96.47000122070312,118.11000061035156,82.5199966430664,30.889999389648438,95.55000305175781
2024-10-07,96.12000274658203,117.8499984741211,82.41000366210938,30.809999465942383,94.83000183105469
2024-10-08,96.19999694824219,117.94000244140625,82.4800033569336,30.829999923706055,94.98999786376953
2024-10-09,95.83999633789062,117.66999816894531,82.4000015258789,30.729999542236328,94.44999694824219
2024-10-10,95.83000183105469,117.75,82.47000122070312,30.739999771118164,94.08000183105469
2024-10-11,95.86000061035156,117.83999633789062,82.54000091552734,30.729000091552734,93.69999694824219
2024-10-14,95.69000244140625,117.68000030517578,82.5,30.670000076293945,93.7699966430664
2024-10-15,96.18000030517578,117.98999786376953,82.54000091552734,30.81999969482422,94.91000366210938
2024-10-16,96.33000183105469,118.08999633789062,82.58999633789062,30.85099983215332,95.30999755859375
2024-10-17,95.83000183105469,117.79000091552734,82.5199966430664,30.72100067138672,93.80000305175781
2024-10-18,95.94000244140625,117.93000030517578,82.58999633789062,30.756999969482422,93.87000274658203
2024-10-21,95.19999694824219,117.41999816894531,82.47000122070312,30.570999145507812,92.2300033569336
2024-10-22,95.11000061035156,117.3499984741211,82.45999908447266,30.559999465942383,92.31999969482422
2024-10-23,94.88999938964844,117.13999938964844,82.41000366210938,30.507999420166016,92.06999969482422
2024-10-24,95.0999984741211,117.25,82.44999694824219,30.569000244140625,92.66000366210938
2024-10-25,94.88999938964844,117.12999725341797,82.41999816894531,30.510000228881836,92.13999938964844
2024-10-28,94.66999816894531,116.94000244140625,82.37999725341797,30.469999313354492,91.88999938964844
2024-10-29,94.70999908447266,116.98999786376953,82.41000366210938,30.479999542236328,92.02999877929688
2024-10-30,94.56999969482422,116.76000213623047,82.33999633789062,30.459999084472656,92.30000305175781
2024-10-31,94.5199966430664,116.76000213623047,82.36000061035156,30.489999771118164,92.44999694824219
2024-11-01,93.66999816894531,116.12000274658203,82.05000305175781,30.224000930786133,90.83999633789062
2024-11-04,94.16999816894531,116.45999908447266,82.11000061035156,30.36400032043457,92.25
2024-11-05,94.22000122070312,116.38999938964844,82.08999633789062,30.3799991607666,92.73999786376953
2024-11-06,93.25,115.80999755859375,81.98999786376953,30.15999984741211,90.19999694824219
2024-11-07,94.0,116.38999938964844,82.12999725341797,30.301000595092773,91.33000183105469
2024-11-08,94.19999694824219,116.3499984741211,82.06999969482422,30.364999771118164,92.48999786376953
2024-11-11,93.94000244140625,116.0999984741211,82.01000213623047,30.270000457763672,92.04000091552734
2024-11-12,93.3499984741211,115.73999786376953,81.93000030517578,30.15999984741211,90.66000366210938
2024-11-13,93.29000091552734,115.87999725341797,82.05000305175781,30.14699935913086,89.80000305175781
2024-11-14,93.27999877929688,115.72000122070312,81.93000030517578,30.1299991607666,90.31999969482422
2024-11-15,93.31999969482422,115.87000274658203,82.0199966430664,30.1560001373291,90.08000183105469
2024-11-18,93.52999877929688,116.02999877929688,82.08000183105469,30.190000534057617,90.23999786376953
2024-11-19,93.7300033569336,116.16000366210938,82.08000183105469,30.25,90.69999694824219
2024-11-20,93.58999633789062,116.04000091552734,82.04000091552734,30.190000534057617,90.41000366210938
2024-11-21,93.54000091552734,115.95999908447266,82.0199966430664,30.200000762939453,90.33999633789062
2024-11-22,93.5999984741211,115.95999908447266,82.01000213623047,30.194000244140625,90.38999938964844
2024-11-25,94.61000061035156,116.63999938964844,82.16999816894531,30.43899917602539,92.7300033569336
2024-11-26,94.41000366210938,116.55999755859375,82.16999816894531,30.43000030517578,92.37000274658203
2024-11-27,94.79000091552734,116.86000061035156,82.22000122070312,30.479999542236328,93.01000213623047
2024-11-29,95.19000244140625,117.12999725341797,82.31999969482422,30.604000091552734,93.97000122070312
2024-12-02,94.88999938964844,116.77999877929688,82.05000305175781,30.503999710083008,93.87000274658203
2024-12-03,94.62000274658203,116.66999816894531,82.05999755859375,30.43899917602539,93.05999755859375
2024-12-04,94.9800033569336,116.91999816894531,82.1500015258789,30.548999786376953,94.05999755859375
2024-12-05,94.97000122070312,116.88999938964844,82.1500015258789,30.552000045776367,94.25
2024-12-06,95.2699966430664,117.16999816894531,82.2300033569336,30.607999801635742,94.38999938964844
2024-12-09,94.94000244140625,116.9800033569336,82.19999694824219,30.520999908447266,93.5199966430664
2024-12-10,94.7699966430664,116.8499984741211,82.19000244140625,30.481000900268555,93.08000183105469
2024-12-11,94.48999786376953,116.69000244140625,82.16999816894531,30.405000686645508,92.19999694824219
2024-12-12,94.12999725341797,116.47000122070312,82.12999725341797,30.30500030517578,91.08000183105469
2024-12-13,93.69000244140625,116.19000244140625,82.08999633789062,30.204999923706055,90.1500015258789
2024-12-16,93.72000122070312,116.19999694824219,82.0999984741211,30.239999771118164,90.41999816894531
2024-12-17,93.72000122070312,116.19999694824219,82.11000061035156,30.22599983215332,90.63999938964844
2024-12-18,92.69000244140625,115.20999908447266,81.68000030517578,30.058000564575195,89.16000366210938
2024-12-19,92.2699966430664,115.12999725341797,81.7699966430664,29.86199951171875,87.80999755859375
2024-12-20,92.61000061035156,115.33999633789062,81.77999877929688,29.940000534057617,88.30999755859375
2024-12-23,92.19999694824219,115.08000183105469,81.7300033569336,29.83799934387207,87.5
2024-12-24,92.25,115.12999725341797,81.7699966430664,29.85700035095215,87.87000274658203
2024-12-26,92.31999969482422,115.19999694824219,81.79000091552734,29.871000289916992,87.81999969482422
2024-12-27,92.08000183105469,115.0999984741211,81.80999755859375,29.81399917602539,87.0999984741211
2024-12-30,92.62000274658203,115.54000091552734,81.93000030517578,29.923999786376953,87.80000305175781
2024-12-31,92.44999694824219,115.55000305175781,81.9800033569336,29.905000686645508,87.33000183105469
2025-01-02,92.5,115.54000091552734,81.95999908447266,29.915000915527344,87.56999969482422
2025-01-03,92.3499984741211,115.41000366210938,81.95999908447266,29.885000228881836,87.29000091552734
2025-01-06,92.26000213623047,115.41000366210938,81.9800033569336,29.858999252319336,86.9000015258789
2025-01-07,91.83999633789062,115.16000366210938,81.93000030517578,29.76099967956543,85.91999816894531
2025-01-08,92.0,115.29000091552734,81.9800033569336,29.770000457763672,86.02999877929688
2025-01-10,91.33000183105469,114.68000030517578,81.83000183105469,29.649999618530273,85.45999908447266
2025-01-13,91.16999816894531,114.56999969482422,81.8499984741211,29.604999542236328,85.43000030517578
2025-01-14,91.19999694824219,114.6500015258789,81.87000274658203,29.60099983215332,85.29000091552734
2025-01-15,92.16000366210938,115.37000274658203,82.05000305175781,29.790000915527344,86.76000213623047
2025-01-16,92.37999725341797,115.61000061035156,82.0999984741211,29.905000686645508,87.04000091552734
2025-01-17,92.44999694824219,115.55999755859375,82.08000183105469,29.915000915527344,87.19000244140625
2025-01-21,92.76000213623047,115.75,82.11000061035156,29.989999771118164,87.97000122070312
2025-01-22,92.5199966430664,115.55000305175781,82.08999633789062,29.920000076293945,87.51000213623047
2025-01-23,92.27999877929688,115.45999908447266,82.08999633789062,29.8700008392334,86.83000183105469
2025-01-24,92.47000122070312,115.6500015258789,82.13999938964844,29.905000686645508,87.22000122070312
2025-01-27,93.06999969482422,116.11000061035156,82.26000213623047,30.040000915527344,88.25
2025-01-28,93.08000183105469,116.12999725341797,82.27999877929688,30.049999237060547,88.19000244140625
2025-01-29,92.97000122070312,116.02999877929688,82.2300033569336,30.03499984741211,88.01000213623047
2025-01-30,93.16999816894531,116.16999816894531,82.27999877929688,30.084999084472656,88.33999633789062
2025-01-31,93.0199966430664,116.12999725341797,82.29000091552734,30.01300048828125,87.76000213623047
2025-02-03,92.79000091552734,115.75,81.95999908447266,29.94499969482422,88.16000366210938
2025-02-04,93.0199966430664,115.93000030517578,82.04000091552734,30.014999389648438,88.43000030517578
2025-02-05,93.55999755859375,116.2699966430664,82.08999633789062,30.165000915527344,89.88999938964844
2025-02-06,93.44999694824219,116.16000366210938,82.05999755859375,30.155000686645508,89.8499984741211
2025-02-07,93.13999938964844,115.87999725341797,81.97000122070312,30.10300064086914,89.2699966430664
2025-02-10,93.12000274658203,115.88999938964844,82.01000213623047,30.045000076293945,89.0
2025-02-11,92.87999725341797,115.77999877929688,81.98999786376953,29.989999771118164,88.43000030517578
2025-02-12,92.23999786376953,115.27999877929688,81.87999725341797,29.854999542236328,87.2300033569336
2025-02-13,92.93000030517578,115.70999908447266,81.98999786376953,30.01300048828125,88.68000030517578
2025-02-14,93.31999969482422,116.04000091552734,82.0999984741211,30.111000061035156,89.1500015258789
2025-02-18,92.81999969482422,115.7300033569336,82.02999877929688,29.989999771118164,88.0999984741211
2025-02-19,92.97000122070312,115.91999816894531,82.08999633789062,30.020000457763672,88.20999908447266
2025-02-20,93.16000366210938,116.04000091552734,82.0999984741211,30.06399917602539,88.54000091552734
2025-02-21,93.70999908447266,116.45999908447266,82.23999786376953,30.200000762939453,89.61000061035156
2025-02-24,93.91000366210938,116.62999725341797,82.30000305175781,30.235000610351562,89.87000274658203
2025-02-25,94.6500015258789,117.16999816894531,82.41000366210938,30.40999984741211,91.41999816894531
2025-02-26,94.91000366210938,117.37000274658203,82.44000244140625,30.485000610351562,91.95999908447266
2025-02-27,94.80000305175781,117.36000061035156,82.47000122070312,30.44099998474121,91.30999755859375
2025-02-28,95.31999969482422,117.79000091552734,82.62000274658203,30.579999923706055,92.43000030517578
2025-03-03,95.38999938964844,117.72000122070312,82.41999816894531,30.559999465942383,92.56999969482422
2025-03-04,95.08999633789062,117.61000061035156,82.43000030517578,30.4950008392334,91.43000030517578
2025-03-05,94.55999755859375,117.18000030517578,82.33999633789062,30.385000228881836,90.69999694824219
2025-03-06,94.51000213623047,117.2300033569336,82.38999938964844,30.3700008392334,90.4000015258789
2025-03-07,94.38999938964844,117.1500015258789,82.37999725341797,30.319000244140625,90.11000061035156
2025-03-10,95.05000305175781,117.69000244140625,82.52999877929688,30.49799919128418,91.05000305175781
2025-03-11,94.70999908447266,117.47000122070312,82.4800033569336,30.395000457763672,90.4000015258789
2025-03-12,94.43000030517578,117.26000213623047,82.41999816894531,30.3439998626709,89.86000061035156
2025-03-13,94.80999755859375,117.54000091552734,82.4800033569336,30.420000076293945,90.6500015258789
2025-03-14,94.4800033569336,117.25,82.41999816894531,30.364999771118164,90.16999816894531
2025-03-17,94.55999755859375,117.22000122070312,82.38999938964844,30.375,90.62000274658203
2025-03-18,94.66999816894531,117.33000183105469,82.38999938964844,30.40999984741211,90.70999908447266
2025-03-19,94.95999908447266,117.5999984741211,82.51000213623047,30.43000030517578,91.18000030517578
2025-03-20,95.0999984741211,117.7300033569336,82.52999877929688,30.520000457763672,91.23999786376953
2025-03-21,95.0199966430664,117.76000213623047,82.58000183105469,30.476999282836914,90.69999694824219
2025-03-24,94.47000122070312,117.33000183105469,82.47000122070312,30.34000015258789,89.7699966430664
2025-03-25,94.62999725341797,117.48999786376953,82.5,30.375,89.76000213623047
2025-03-26,94.41000366210938,117.36000061035156,82.4800033569336,30.315000534057617,89.16999816894531
2025-03-27,94.33000183105469,117.4000015258789,82.5199966430664,30.291000366210938,88.91000366210938
2025-03-28,95.08999633789062,117.98999786376953,82.66999816894531,30.485000610351562,90.13999938964844
2025-03-31,95.37000274658203,118.13999938964844,82.7300033569336,30.555999755859375,91.02999877929688
2025-04-01,95.4000015258789,118.01000213623047,82.4800033569336,30.530000686645508,91.48999786376953
2025-04-02,95.30999755859375,117.87000274658203,82.41999816894531,30.490999221801758,91.43000030517578
2025-04-03,96.29000091552734,118.9000015258789,82.7300033569336,30.7189998626709,91.8499984741211
2025-04-04,96.55999755859375,119.0999984741211,82.68000030517578,30.820999145507812,92.8499984741211
2025-04-07,95.41000366210938,118.30999755859375,82.69000244140625,30.5,90.05000305175781
2025-04-08,94.93000030517578,118.19000244140625,82.63999938964844,30.39699935913086,88.3499984741211
2025-04-09,94.62999725341797,117.68000030517578,82.58999633789062,30.284000396728516,88.87000274658203
2025-04-10,94.04000091552734,117.5199966430664,82.58000183105469,30.155000686645508,86.41999816894531
2025-04-11,93.51000213623047,116.98999786376953,82.43000030517578,30.072999954223633,86.88999938964844
2025-04-14,94.26000213623047,117.66000366210938,82.61000061035156,30.225000381469727,87.51000213623047
2025-04-15,94.54000091552734,117.83000183105469,82.61000061035156,30.274999618530273,87.81999969482422
2025-04-16,94.94999694824219,118.2300033569336,82.72000122070312,30.375999450683594,88.30999755859375
2025-04-17,94.68000030517578,118.13999938964844,82.75,30.295000076293945,87.52999877929688
2025-04-21,94.16999816894531,117.94999694824219,82.69999694824219,30.19499969482422,86.0
2025-04-22,94.23999786376953,117.93000030517578,82.7300033569336,30.200000762939453,86.4800033569336
2025-04-23,94.33999633789062,117.81999969482422,82.66999816894531,30.239999771118164,87.31999969482422
2025-04-24,94.8499984741211,118.22000122070312,82.7699966430664,30.354999542236328,88.23999786376953
2025-04-25,95.20999908447266,118.5,82.83999633789062,30.445999145507812,88.88999938964844
2025-04-28,95.58999633789062,118.8499984741211,82.95999908447266,30.552000045776367,89.44999694824219
2025-04-29,95.91999816894531,119.0999984741211,83.01000213623047,30.641000747680664,90.19999694824219
2025-04-30,96.06999969482422,119.38999938964844,83.12000274658203,30.670000076293945,89.47000122070312
2025-05-01,95.33999633789062,118.62000274658203,82.69000244140625,30.43000030517578,88.69000244140625
2025-05-02,94.69999694824219,118.05999755859375,82.52999877929688,30.280000686645508,87.7300033569336
2025-05-05,94.52999877929688,117.9800033569336,82.5199966430664,30.239999771118164,87.23999786376953
2025-05-06,94.7699966430664,118.19999694824219,82.58999633789062,30.295000076293945,87.52999877929688
2025-05-07,95.0199966430664,118.31999969482422,82.62000274658203,30.35700035095215,87.9000015258789
2025-05-08,94.27999877929688,117.70999908447266,82.44999694824219,30.200000762939453,86.91999816894531
2025-05-09,94.3499984741211,117.77999877929688,82.48999786376953,30.19499969482422,87.05000305175781
2025-05-12,93.75,117.20999908447266,82.33999633789062,30.05500030517578,86.23999786376953
2025-05-13,93.68000030517578,117.19999694824219,82.31999969482422,30.02400016784668,85.88999938964844
2025-05-14,93.33000183105469,116.93000030517578,82.26000213623047,29.948999404907227,85.31999969482422
2025-05-15,93.94000244140625,117.43000030517578,82.41999816894531,30.09000015258789,86.06999969482422
2025-05-16,93.97000122070312,117.44000244140625,82.4000015258789,30.100000381469727,86.30000305175781
2025-05-19,93.91999816894531,117.51000213623047,82.43000030517578,30.08799934387207,86.05000305175781
2025-05-20,93.80000305175781,117.4800033569336,82.44000244140625,30.04199981689453,85.43000030517578
2025-05-21,93.1500015258789,117.12000274658203,82.38999938964844,29.895000457763672,83.97000122070312
2025-05-22,93.5,117.37000274658203,82.44000244140625,29.96299934387207,84.41000366210938
2025-05-23,93.7699966430664,117.55999755859375,82.48999786376953,29.979999542236328,84.55000305175781
2025-05-27,94.16000366210938,117.7699966430664,82.5199966430664,30.117000579833984,85.7300033569336
2025-05-28,93.9000015258789,117.58999633789062,82.45999908447266,30.05500030517578,85.36000061035156
2025-05-29,94.29000091552734,117.87000274658203,82.55000305175781,30.159000396728516,86.1500015258789
2025-05-30,94.56999969482422,118.19000244140625,82.6500015258789,30.208999633789062,86.27999877929688
2025-06-02,93.94000244140625,117.58000183105469,82.30999755859375,30.020000457763672,85.16000366210938
2025-06-03,93.8499984741211,117.4800033569336,82.29000091552734,29.99799919128418,85.01000213623047
2025-06-04,94.54000091552734,117.98999786376953,82.44000244140625,30.18000030517578,86.38999938964844
2025-06-05,94.26000213623047,117.69000244140625,82.3499984741211,30.131999969482422,86.44999694824219
2025-06-06,93.51000213623047,117.11000061035156,82.20999908447266,29.959999084472656,85.3499984741211
2025-06-09,93.68000030517578,117.25,82.2699966430664,29.9950008392334,85.44000244140625
2025-06-10,93.83999633789062,117.31999969482422,82.2699966430664,30.030000686645508,85.87999725341797
2025-06-11,94.2300033569336,117.69000244140625,82.4000015258789,30.1200008392334,86.13999938964844
2025-06-12,94.63999938964844,117.9800033569336,82.47000122070312,30.231000900268555,87.16999816894531
2025-06-13,94.29000091552734,117.76000213623047,82.41000366210938,30.143999099731445,86.33000183105469
2025-06-16,94.0199966430664,117.61000061035156,82.4000015258789,30.06800079345703,85.45999908447266
2025-06-17,94.4800033569336,117.9000015258789,82.44000244140625,30.18000030517578,86.5
2025-06-18,94.54000091552734,117.95999908447266,82.4800033569336,30.19300079345703,86.6500015258789
2025-06-20,94.5999984741211,118.08000183105469,82.54000091552734,30.204999923706055,86.48999786376953
2025-06-23,94.93000030517578,118.4000015258789,82.6500015258789,30.28499984741211,86.7699966430664
2025-06-24,95.26000213623047,118.63999938964844,82.72000122070312,30.3799991607666,87.4000015258789
2025-06-25,95.30000305175781,118.72000122070312,82.7300033569336,30.375999450683594,87.51000213623047
2025-06-26,95.63999938964844,119.01000213623047,82.83000183105469,30.44700050354004,87.94999694824219
2025-06-27,95.38999938964844,118.8499984741211,82.80000305175781,30.395999908447266,87.38999938964844
2025-06-30,95.7699966430664,119.08999633789062,82.86000061035156,30.49799919128418,88.25
2025-07-01,95.29000091552734,118.48999786376953,82.51000213623047,30.347000122070312,88.13999938964844
2025-07-02,95.08999633789062,118.38999938964844,82.5,30.30299949645996,87.58000183105469
2025-07-03,94.76000213623047,118.08000183105469,82.41000366210938,30.226999282836914,86.97000122070312
2025-07-07,94.45999908447266,117.97000122070312,82.38999938964844,30.145000457763672,86.13999938964844
2025-07-08,94.31999969482422,117.87000274658203,82.4000015258789,30.125,86.02999877929688
2025-07-09,94.80999755859375,118.20999908447266,82.47000122070312,30.235000610351562,86.93000030517578
2025-07-10,94.76000213623047,118.18000030517578,82.47000122070312,30.25,86.98999786376953
2025-07-11,94.31999969482422,117.94999694824219,82.44999694824219,30.1299991607666,85.79000091552734
2025-07-14,94.27999877929688,117.93000030517578,82.45999908447266,30.125,85.61000061035156
2025-07-15,93.91000366210938,117.6500015258789,82.37999725341797,30.024999618530273,85.01000213623047
2025-07-16,94.16999816894531,117.94999694824219,82.48999786376953,30.100000381469727,85.12999725341797
2025-07-17,94.13999938964844,117.87999725341797,82.45999908447266,30.075000762939453,85.11000061035156
2025-07-18,94.4000015258789,118.12999725341797,82.52999877929688,30.125,85.23999786376953
2025-07-21,94.7300033569336,118.3499984741211,82.58000183105469,30.238000869750977,86.0
2025-07-22,95.0,118.52999877929688,82.63999938964844,30.274999618530273,86.5199966430664
2025-07-23,94.66000366210938,118.2699966430664,82.56999969482422,30.200000762939453,86.04000091552734
2025-07-24,94.5199966430664,118.12999725341797,82.5,30.165000915527344,85.88999938964844
2025-07-25,94.73999786376953,118.2699966430664,82.55000305175781,30.225000381469727,86.43000030517578
2025-07-28,94.52999877929688,118.16999816894531,82.54000091552734,30.174999237060547,85.87000274658203
2025-07-29,95.1500015258789,118.54000091552734,82.61000061035156,30.326000213623047,87.31999969482422
2025-07-30,94.81999969482422,118.27999877929688,82.5199966430664,30.242000579833984,86.87000274658203
2025-07-31,94.9000015258789,118.30999755859375,82.5199966430664,30.264999389648438,86.91999816894531
2025-08-01,95.68000030517578,119.01000213623047,82.66000366210938,30.43000030517578,87.81999969482422
2025-08-04,95.80999755859375,119.08000183105469,82.68000030517578,30.440000534057617,88.05999755859375
2025-08-05,95.73999786376953,118.9800033569336,82.6500015258789,30.44499969482422,88.33000183105469
2025-08-06,95.66999816894531,119.0,82.68000030517578,30.420000076293945,87.81999969482422
2025-08-07,95.5999984741211,118.93000030517578,82.63999938964844,30.399999618530273,87.66999816894531
2025-08-08,95.37999725341797,118.7300033569336,82.62000274658203,30.344999313354492,87.29000091552734
2025-08-11,95.41000366210938,118.75,82.62000274658203,30.360000610351562,87.38999938964844
2025-08-12,95.38999938964844,118.79000091552734,82.68000030517578,30.34000015258789,86.94999694824219
2025-08-13,95.7300033569336,119.0999984741211,82.79000091552734,30.434999465942383,87.66999816894531
2025-08-14,95.41999816894531,118.8499984741211,82.69999694824219,30.344999313354492,87.0199966430664
2025-08-15,95.2300033569336,118.76000213623047,82.66999816894531,30.295000076293945,86.4000015258789
2025-08-18,95.13999938964844,118.70999908447266,82.66999816894531,30.274999618530273,86.1500015258789
2025-08-19,95.37999725341797,118.87999725341797,82.70999908447266,30.339000701904297,86.6500015258789
2025-08-20,95.5199966430664,118.95999908447266,82.73999786376953,30.36199951171875,86.83999633789062
2025-08-21,95.23999786376953,118.7300033569336,82.66999816894531,30.295000076293945,86.41000366210938
2025-08-22,95.7699966430664,119.23999786376953,82.8499984741211,30.424999237060547,87.05000305175781
2025-08-25,95.58000183105469,119.11000061035156,82.80999755859375,30.395000457763672,86.80000305175781
2025-08-26,95.83000183105469,119.36000061035156,82.87999725341797,30.420000076293945,86.75
2025-08-27,96.01000213623047,119.54000091552734,82.94000244140625,30.450000762939453,86.6500015258789
2025-08-28,96.2300033569336,119.61000061035156,82.91000366210938,30.489999771118164,87.22000122070312
2025-08-29,96.1500015258789,119.69000244140625,82.9800033569336,30.48900032043457,86.5999984741211
2025-09-02,95.55000305175781,119.13999938964844,82.68000030517578,30.299999237060547,85.62999725341797
2025-09-03,95.87999725341797,119.33999633789062,82.73999786376953,30.395000457763672,86.56999969482422
2025-09-04,96.30999755859375,119.5999984741211,82.80000305175781,30.475000381469727,87.2300033569336
2025-09-05,96.77999877929688,119.91000366210938,82.91999816894531,30.6299991607666,88.55999755859375
2025-09-08,97.08000183105469,120.08000183105469,82.97000122070312,30.725000381469727,89.73999786376953
2025-09-09,96.8499984741211,119.88999938964844,82.9000015258789,30.665000915527344,89.2300033569336
2025-09-10,97.11000061035156,119.9800033569336,82.91000366210938,30.709999084472656,89.73999786376953
2025-09-11,97.26000213623047,120.01000213623047,82.94000244140625,30.75,90.33999633789062
2025-09-12,96.9800033569336,119.83999633789062,82.93000030517578,30.690000534057617,89.94999694824219
2025-09-15,97.13999938964844,119.97000122070312,82.95999908447266,30.736000061035156,90.16000366210938
2025-09-16,97.19999694824219,120.05999755859375,83.0,30.764999389648438,90.3499984741211
2025-09-17,96.98999786376953,119.8499984741211,82.95999908447266,30.709999084472656,90.12000274658203
2025-09-18,96.66999816894531,119.69000244140625,82.93000030517578,30.635000228881836,89.19000244140625
2025-09-19,96.62999725341797,119.68000030517578,82.95999908447266,30.635000228881836,89.0199966430664
2025-09-22,96.47000122070312,119.56999969482422,82.91999816894531,30.600000381469727,88.69999694824219
2025-09-23,96.73999786376953,119.73999786376953,82.94999694824219,30.65999984741211,89.31999969482422
2025-09-24,96.4800033569336,119.52999877929688,82.91000366210938,30.59000015258789,88.9800033569336
2025-09-25,96.2699966430664,119.30000305175781,82.83999633789062,30.56399917602539,88.9800033569336
2025-09-26,96.22000122070312,119.31999969482422,82.88999938964844,30.56399917602539,88.9000015258789
2025-09-29,96.5,119.47000122070312,82.91999816894531,30.6299991607666,89.62999725341797
2025-09-30,96.45999908447266,119.51000213623047,82.95999908447266,30.618000030517578,89.37000274658203
2025-10-01,96.48999786376953,119.47000122070312,82.80000305175781,30.59000015258789,89.29000091552734
2025-10-02,96.58999633789062,119.5199966430664,82.81999969482422,30.618999481201172,89.55000305175781
2025-10-03,96.4000015258789,119.3499984741211,82.79000091552734,30.56999969482422,89.37999725341797
2025-10-06,96.12000274658203,119.19000244140625,82.7699966430664,30.520000457763672,88.66999816894531
2025-10-07,96.36000061035156,119.37999725341797,82.80999755859375,30.56999969482422,89.18000030517578
2025-10-08,96.37999725341797,119.33000183105469,82.80000305175781,30.579999923706055,89.25
2025-10-09,96.30999755859375,119.29000091552734,82.79000091552734,30.56999969482422,89.18000030517578
2025-10-10,96.91000366210938,119.77999877929688,82.93000030517578,30.739999771118164,90.62000274658203
2025-10-13,96.95999908447266,119.88999938964844,83.08999633789062,30.729999542236328,90.56999969482422
2025-10-14,97.20999908447266,120.05999755859375,83.02999877929688,30.790000915527344,90.86000061035156
2025-10-15,97.0999984741211,119.95999908447266,82.98999786376953,30.756000518798828,90.66000366210938
2025-10-16,97.55000305175781,120.3499984741211,83.0999984741211,30.87299919128418,91.33999633789062
2025-10-17,97.38999938964844,120.18000030517578,83.08999633789062,30.84000015258789,91.19999694824219
2025-10-20,97.5199966430664,120.25,83.0999984741211,30.864999771118164,91.55000305175781
2025-10-21,97.69999694824219,120.36000061035156,83.12000274658203,30.915000915527344,92.0
2025-10-22,97.72000122070312,120.37999725341797,83.12000274658203,30.924999237060547,92.05999755859375
2025-10-23,97.4000015258789,120.12000274658203,83.05999755859375,30.844999313354492,91.43000030517578
2025-10-24,97.48999786376953,120.19999694824219,83.11000061035156,30.860000610351562,91.47000122070312
2025-10-27,97.48999786376953,120.12999725341797,83.08999633789062,30.875,91.77999877929688
2025-10-28,97.58000183105469,120.19000244140625,83.0999984741211,30.899999618530273,92.0199966430664
2025-10-29,96.94999694824219,119.69000244140625,82.94000244140625,30.760000228881836,91.08999633789062
2025-10-30,96.80999755859375,119.6500015258789,82.94999694824219,30.739999771118164,90.55999755859375
2025-10-31,96.8499984741211,119.75,82.9800033569336,30.71500015258789,90.29000091552734
2025-11-03,96.5,119.3499984741211,82.72000122070312,30.584999084472656,89.73999786376953
2025-11-04,96.62000274658203,119.45999908447266,82.75,30.639999389648438,89.94000244140625
2025-11-05,96.16000366210938,119.12999725341797,82.69000244140625,30.5049991607666,88.95999908447266
2025-11-06,96.6500015258789,119.52999877929688,82.79000091552734,30.6299991607666,89.76000213623047
2025-11-07,96.69000244140625,119.5999984741211,82.83000183105469,30.625,89.56999969482422
2025-11-10,96.55999755859375,119.44999694824219,82.80999755859375,30.610000610351562,89.55000305175781
2025-11-11,96.86000061035156,119.72000122070312,82.87999725341797,30.68000030517578,89.95999908447266
2025-11-12,96.87999725341797,119.69999694824219,82.8499984741211,30.674999237060547,90.12000274658203
2025-11-13,96.5999984741211,119.5,82.80000305175781,30.604999542236328,89.37999725341797
2025-11-14,96.44000244140625,119.41999816894531,82.83000183105469,30.565000534057617,88.87000274658203
2025-11-17,96.55000305175781,119.47000122070312,82.81999969482422,30.584999084472656,89.08999633789062
2025-11-18,96.70999908447266,119.6500015258789,82.87000274658203,30.604999542236328,89.05999755859375
2025-11-19,96.63999938964844,119.62000274658203,82.86000061035156,30.59000015258789,88.87999725341797
2025-11-20,96.87000274658203,119.81999969482422,82.93000030517578,30.655000686645508,89.2300033569336
2025-11-21,97.19000244140625,120.08000183105469,83.02999877929688,30.700000762939453,89.5
2025-11-24,97.33999633789062,120.13999938964844,83.04000091552734,30.75,90.01000213623047
2025-11-25,97.58999633789062,120.3499984741211,83.08999633789062,30.799999237060547,90.23999786376953
2025-11-26,97.66999816894531,120.37000274658203,83.08000183105469,30.81999969482422,90.63999938964844
2025-11-28,97.5,120.26000213623047,83.08000183105469,30.799999237060547,90.20999908447266
2025-12-01,96.69000244140625,119.55999755859375,82.76000213623047,30.559999465942383,88.7699966430664
2025-12-02,96.7699966430664,119.66000366210938,82.80999755859375,30.579999923706055,88.80999755859375
2025-12-03,96.97000122070312,119.80000305175781,82.86000061035156,30.625,89.05999755859375
2025-12-04,96.66999816894531,119.58999633789062,82.80000305175781,30.545000076293945,88.58000183105469
2025-12-05,96.47000122070312,119.41999816894531,82.7699966430664,30.489999771118164,88.16999816894531
2025-12-08,96.2699966430664,119.23999786376953,82.75,30.46500015258789,87.87999725341797
2025-12-09,96.12999725341797,119.11000061035156,82.70999908447266,30.440000534057617,87.97000122070312
2025-12-10,96.44000244140625,119.43000030517578,82.8499984741211,30.520000457763672,88.30999755859375
2025-12-11,96.44999694824219,119.47000122070312,82.86000061035156,30.510000228881836,88.19000244140625
2025-12-12,96.19000244140625,119.36000061035156,82.87000274658203,30.450000762939453,87.33999633789062
2025-12-15,96.2699966430664,119.44999694824219,82.91999816894531,30.469999313354492,87.4000015258789
2025-12-16,96.54000091552734,119.66000366210938,82.95999908447266,30.530000686645508,87.87999725341797
2025-12-17,96.5199966430664,119.66000366210938,82.97000122070312,30.525999069213867,87.80000305175781
2025-12-18,96.7699966430664,119.8499984741211,83.02999877929688,30.47599983215332,88.22000122070312
2025-12-19,96.23999786376953,119.33999633789062,82.76000213623047,30.43199920654297,87.55000305175781
2025-12-22,96.13999938964844,119.23999786376953,82.72000122070312,30.405000686645508,87.36000061035156
2025-12-23,96.0999984741211,119.12999725341797,82.68000030517578,30.405000686645508,87.5
2025-12-24,96.3499984741211,119.30999755859375,82.7300033569336,30.469999313354492,88.02999877929688
2025-12-26,96.44000244140625,119.45999908447266,82.79000091552734,30.476999282836914,87.73999786376953
2025-12-29,96.58000183105469,119.58999633789062,82.83000183105469,30.520000457763672,88.06999969482422
2025-12-30,96.4800033569336,119.55999755859375,82.8499984741211,30.5049991607666,87.86000061035156
2025-12-31,96.16000366210938,119.3499984741211,82.81999969482422,30.424999237060547,87.16000366210938
2026-01-02,96.08000183105469,119.31999969482422,82.86000061035156,30.422000885009766,87.02999877929688
2026-01-05,96.37000274658203,119.5199966430664,82.88999938964844,30.469999313354492,87.45999908447266
2026-01-06,96.30000305175781,119.51000213623047,82.9000015258789,30.469999313354492,87.27999877929688
2026-01-07,96.4800033569336,119.56999969482422,82.88999938964844,30.520000457763672,87.79000091552734
2026-01-08,96.19000244140625,119.37000274658203,82.86000061035156,30.459999084472656,87.3499984741211
2026-01-09,96.30000305175781,119.33000183105469,82.83000183105469,30.489999771118164,87.93000030517578
2026-01-12,96.18000030517578,119.27999877929688,82.83000183105469,30.469999313354492,87.66999816894531
2026-01-13,96.30000305175781,119.41000366210938,82.8499984741211,30.485000610351562,87.81999969482422
2026-01-14,96.5,119.5199966430664,82.87000274658203,30.540000915527344,88.33000183105469
2026-01-15,96.30000305175781,119.29000091552734,82.80999755859375,30.514999389648438,88.30999755859375
2026-01-16,95.93000030517578,119.08000183105469,82.79000091552734,30.440000534057617,87.80000305175781
2026-01-20,95.55000305175781,118.91999816894531,82.80000305175781,30.344999313354492,86.6500015258789
2026-01-21,95.80000305175781,119.05999755859375,82.83999633789062,30.400999069213867,87.30999755859375
2026-01-22,95.79000091552734,118.98999786376953,82.80999755859375,30.420000076293945,87.69000244140625
2026-01-23,95.94999694824219,119.0999984741211,82.83999633789062,30.459999084472656,87.93000030517578
2026-01-26,96.08999633789062,119.18000030517578,82.87000274658203,30.4950008392334,88.3499984741211
2026-01-27,95.9800033569336,119.19000244140625,82.88999938964844,30.46500015258789,87.80000305175781
2026-01-28,95.9000015258789,119.13999938964844,82.88999938964844,30.440000534057617,87.5999984741211
2026-01-29,96.0,119.2699966430664,82.91999816894531,30.469999313354492,87.62000274658203
2026-01-30,95.94000244140625,119.3499984741211,82.98999786376953,30.459999084472656,87.12999725341797
2026-02-02,95.44000244140625,118.81999969482422,82.69999694824219,30.29400062561035,86.55000305175781
2026-02-03,95.52999877929688,118.86000061035156,82.69000244140625,30.315000534057617,86.76000213623047
2026-02-04,95.51000213623047,118.86000061035156,82.7300033569336,30.315000534057617,86.54000091552734
2026-02-05,96.06999969482422,119.36000061035156,82.86000061035156,30.440000534057617,87.4800033569336
2026-02-06,96.06999969482422,119.30999755859375,82.86000061035156,30.440000534057617,87.54000091552734
2026-02-09,96.08999633789062,119.37999725341797,82.87999725341797,30.454999923706055,87.5199966430664
2026-02-10,96.51000213623047,119.63999938964844,82.93000030517578,30.559999465942383,88.52999877929688
2026-02-11,96.23999786376953,119.4000015258789,82.8499984741211,30.5,88.05999755859375
2026-02-12,96.83000183105469,119.81999969482422,82.93000030517578,30.639999389648438,89.2300033569336
2026-02-13,97.20999908447266,120.13999938964844,83.05999755859375,30.729999542236328,89.72000122070312
2026-02-17,97.19999694824219,120.08000183105469,83.02999877929688,30.729999542236328,89.87000274658203
2026-02-18,97.0,119.91999816894531,82.9800033569336,30.68000030517578,89.52999877929688
2026-02-19,97.08999633789062,119.95999908447266,82.9800033569336,30.700000762939453,89.62000274658203
2026-02-20,97.08999633789062,120.0199966430664,82.98999786376953,30.690000534057617,89.41000366210938
2026-02-23,97.44000244140625,120.33000183105469,83.05999755859375,30.770000457763672,89.73999786376953
2026-02-24,97.41999816894531,120.2699966430664,83.05999755859375,30.764999389648438,89.9000015258789
2026-02-25,97.33999633789062,120.16999816894531,83.04000091552734,30.760000228881836,89.91000366210938
2026-02-26,97.5999984741211,120.37999725341797,83.06999969482422,30.80500030517578,90.2699966430664
2026-02-27,97.98999786376953,120.72000122070312,83.18000030517578,30.899999618530273,90.81999969482422
2026-03-02,97.12000274658203,119.87999725341797,82.80999755859375,30.665000915527344,89.61000061035156
2026-03-03,97.01000213623047,119.81999969482422,82.80000305175781,30.645000457763672,89.43000030517578
2026-03-04,96.80999755859375,119.5999984741211,82.75,30.594999313354492,89.1500015258789
2026-03-05,96.51000213623047,119.4000015258789,82.69000244140625,30.540000915527344,88.79000091552734
2026-03-06,96.44999694824219,119.41000366210938,82.7300033569336,30.510000228881836,88.45999908447266
2026-03-09,96.75,119.5999984741211,82.7699966430664,30.59000015258789,89.2300033569336
2026-03-10,96.44000244140625,119.37999725341797,82.72000122070312,30.499000549316406,88.27999877929688
2026-03-11,96.0,119.0999984741211,82.63999938964844,30.3799991607666,87.13999938964844
2026-03-12,95.69000244140625,118.72000122070312,82.5,30.309999465942383,86.97000122070312
2026-03-13,95.58999633789062,118.75,82.55000305175781,30.274999618530273,86.54000091552734
2026-03-16,96.0199966430664,119.08999633789062,82.6500015258789,30.3700008392334,87.20999908447266
2026-03-17,96.19000244140625,119.16999816894531,82.66000366210938,30.415000915527344,87.44999694824219
2026-03-18,95.75,118.75,82.51000213623047,30.30500030517578,86.95999908447266
2026-03-19,95.73999786376953,118.72000122070312,82.48999786376953,30.329999923706055,87.48999786376953
2026-03-20,94.87999725341797,118.08000183105469,82.30999755859375,30.1200008392334,85.83000183105469
2026-03-23,95.18000030517578,118.36000061035156,82.43000030517578,30.200000762939453,86.38999938964844
2026-03-24,94.86000061035156,118.01000213623047,82.30999755859375,30.100000381469727,86.01000213623047
2026-03-25,95.36000061035156,118.37999725341797,82.4000015258789,30.229999542236328,86.83999633789062
2026-03-26,94.58999633789062,117.73999786376953,82.22000122070312,30.079999923706055,86.11000061035156
2026-03-27,94.5999984741211,117.95999908447266,82.38999938964844,30.09000015258789,85.63999938964844
2026-03-30,95.2699966430664,118.43000030517578,82.5,30.239999771118164,86.77999877929688
2026-03-31,95.44000244140625,118.5999984741211,82.56999969482422,30.264999389648438,86.69000244140625
2026-04-01,95.04000091552734,118.13999938964844,82.31999969482422,30.145000457763672,86.26000213623047
2026-04-02,95.26000213623047,118.29000091552734,82.36000061035156,30.204999923706055,86.79000091552734
2026-04-06,95.01000213623047,118.06999969482422,82.27999877929688,30.165000915527344,86.6500015258789
2026-04-07,95.25,118.29000091552734,82.33999633789062,30.19499969482422,86.63999938964844
2026-04-08,95.45999908447266,118.48999786376953,82.41999816894531,30.2549991607666,86.91999816894531
2026-04-09,95.43000030517578,118.51000213623047,82.44000244140625,30.2450008392334,86.69999694824219
2026-04-10,95.2699966430664,118.41999816894531,82.41000366210938,30.21500015258789,86.48999786376953
2026-04-13,95.4800033569336,118.56999969482422,82.47000122070312,30.260000228881836,86.75
2026-04-14,95.79000091552734,118.81999969482422,82.52999877929688,30.31999969482422,87.20999908447266
2026-04-15,95.58000183105469,118.66999816894531,82.51000213623047,30.28499984741211,86.83000183105469
2026-04-16,95.41000366210938,118.56999969482422,82.4800033569336,30.239999771118164,86.27999877929688
2026-04-17,95.93000030517578,119.0199966430664,82.63999938964844,30.3700008392334,87.06999969482422
2026-04-20,95.83999633789062,118.91999816894531,82.5999984741211,30.34000015258789,87.05000305175781
2026-04-21,95.41999816894531,118.52999877929688,82.4800033569336,30.253999710083008,86.56999969482422
2026-04-22,95.5199966430664,118.62999725341797,82.5199966430664,30.264999389648438,86.73999786376953
2026-04-23,95.37000274658203,118.48999786376953,82.4800033569336,30.2450008392334,86.55000305175781
2026-04-24,95.55999755859375,118.69000244140625,82.56999969482422,30.28499984741211,86.70999908447266
2026-04-27,95.33999633789062,118.56999969482422,82.55000305175781,30.2450008392334,86.27999877929688
2026-04-28,95.25,118.44000244140625,82.5,30.21500015258789,86.37000274658203
2026-04-29,94.80000305175781,118.04000091552734,82.38999938964844,30.100000381469727,85.69999694824219
2026-04-30,94.9800033569336,118.2300033569336,82.4800033569336,30.155000686645508,85.62000274658203
2026-05-01,94.73999786376953,117.91000366210938,82.25,30.06800079345703,85.61000061035156
2026-05-04,94.38999938964844,117.63999938964844,82.1500015258789,29.979999542236328,84.95999908447266
2026-05-05,94.52999877929688,117.69999694824219,82.19000244140625,30.024999618530273,85.43000030517578
2026-05-06,95.0,118.05999755859375,82.30000305175781,30.135000228881836,86.08000183105469
2026-05-07,94.70999908447266,117.87000274658203,82.2300033569336,30.066999435424805,85.6500015258789
2026-05-08,94.95999908447266,118.05000305175781,82.30000305175781,30.135000228881836,86.08000183105469
2026-05-11,94.63999938964844,117.80000305175781,82.22000122070312,30.059999465942383,85.55999755859375
2026-05-12,94.31999969482422,117.52999877929688,82.16000366210938,29.989999771118164,84.98999786376953
2026-05-13,94.31999969482422,117.58000183105469,82.19000244140625,29.969999313354492,84.80000305175781
2026-05-14,94.26000213623047,117.45999908447266,82.16000366210938,29.96500015258789,84.91999816894531
2026-05-15,93.51000213623047,116.94999694824219,82.05999755859375,29.788000106811523,83.66000366210938
2026-05-18,93.47000122070312,116.94000244140625,82.0999984741211,29.78499984741211,83.55999755859375
2026-05-19,93.11000061035156,116.66999816894531,82.04000091552734,29.709999084472656,83.0199966430664
2026-05-20,93.73999786376953,117.13999938964844,82.1500015258789,29.84000015258789,83.91000366210938
2026-05-21,93.80000305175781,117.16000366210938,82.13999938964844,29.86199951171875,84.22000122070312
2026-05-22,93.87999725341797,117.13999938964844,82.12000274658203,29.922000885009766,84.68000030517578
2026-05-26,94.27999877929688,117.44000244140625,82.20999908447266,29.966999053955078,85.0999984741211
2026-05-27,94.31999969482422,117.4800033569336,82.22000122070312,29.993000030517578,85.30000305175781
2026-05-28,94.54000091552734,117.61000061035156,82.26000213623047,30.06999969482422,85.73999786376953
2026-05-29,94.6500015258789,117.73999786376953,82.30000305175781,30.06999969482422,85.76000213623047
2026-06-01,94.16999816894531,117.2300033569336,82.01000213623047,29.950000762939453,85.47000122070312
2026-06-02,94.23999786376953,117.22000122070312,82.01000213623047,29.96500015258789,85.6500015258789
2026-06-03,94.0,117.06999969482422,81.97000122070312,29.899999618530273,85.30999755859375
2026-06-04,94.12000274658203,117.18000030517578,82.02999877929688,29.933000564575195,85.5
2026-06-05,93.62000274658203,116.7300033569336,81.86000061035156,29.836000442504883,85.05999755859375
2026-06-08,93.5199966430664,116.70999908447266,81.9000015258789,29.809999465942383,84.62000274658203
2026-06-09,93.77999877929688,116.88999938964844,81.94000244140625,29.875,85.12000274658203
2026-06-10,93.69000244140625,116.8499984741211,81.94000244140625,29.844999313354492,84.87999725341797
2026-06-11,94.33999633789062,117.3499984741211,82.08999633789062,29.989999771118164,85.9800033569336
2026-06-12,94.18000030517578,117.20999908447266,82.06999969482422,29.959999084472656,85.7699966430664
2026-06-15,94.27999877929688,117.33999633789062,82.11000061035156,29.985000610351562,85.72000122070312
2026-06-16,94.5199966430664,117.48999786376953,82.12999725341797,30.05500030517578,86.19000244140625
2026-06-17,94.0199966430664,116.9000015258789,81.87999725341797,29.959999084472656,86.33000183105469
2026-06-18,94.36000061035156,117.19000244140625,81.98999786376953,30.016000747680664,86.75
2026-06-22,94.0,116.91999816894531,81.91000366210938,29.94300079345703,86.08999633789062
2026-06-23,94.12000274658203,117.06999969482422,81.97000122070312,29.97800064086914,86.19999694824219
2026-06-24,94.7300033569336,117.47000122070312,82.06999969482422,30.1200008392334,87.37999725341797
2026-06-25,94.79000091552734,117.56999969482422,82.08999633789062,30.125,87.3499984741211
2026-06-26,95.02999877929688,117.80999755859375,82.19000244140625,30.165000915527344,87.36000061035156
2026-06-29,95.05999755859375,117.77999877929688,82.16999816894531,30.190000534057617,87.44999694824219
2026-06-30,94.56999969482422,117.44999694824219,82.11000061035156,30.059999465942383,86.41999816894531
2026-07-01,94.02999877929688,116.94999694824219,81.83999633789062,29.90999984741211,85.5199966430664
2026-07-02,94.12000274658203,117.11000061035156,81.94000244140625,29.990999221801758,85.51000213623047
2026-07-06,94.18000030517578,117.19999694824219,81.9800033569336,29.934999465942383,85.44999694824219
2026-07-07,93.69999694824219,116.83999633789062,81.86000061035156,29.833999633789062,84.55000305175781
2026-07-08,93.51000213623047,116.68000030517578,81.83999633789062,29.774999618530273,84.36000061035156
2026-07-09,93.70999908447266,116.83999633789062,81.91000366210938,29.809999465942383,84.48999786376953
2026-07-10,93.62999725341797,116.7699966430664,81.87999725341797,29.80500030517578,84.47000122070312
2026-07-13,93.29000091552734,116.44999694824219,81.79000091552734,29.725000381469727,83.97000122070312
2026-07-14,93.55000305175781,116.73999786376953,81.93000030517578,29.795000076293945,84.08000183105469
2026-07-15,93.77999877929688,116.9800033569336,82.0,29.834999084472656,84.23999786376953
2026-07-16,93.72000122070312,116.94999694824219,82.0,29.815000534057617,84.20999908447266
2026-07-17,93.83999633789062,116.9800033569336,81.98999786376953,29.841999053955078,84.5199966430664
2026-07-20,93.54000091552734,116.76000213623047,81.95999908447266,29.790000915527344,83.88999938964844
2026-07-21,93.30999755859375,116.55000305175781,81.88999938964844,29.725000381469727,83.66000366210938
2026-07-22,93.0999984741211,116.36000061035156,81.83000183105469,29.674999237060547,83.44000244140625
2026-07-23,92.8499984741211,116.16000366210938,81.7699966430664,29.625,83.16999816894531
2026-07-24,93.02999877929688,116.33000183105469,81.8499984741211,29.665000915527344,83.25
2026-07-27,93.27999877929688,116.45999908447266,81.87000274658203,29.725000381469727,83.75
2026-07-28,93.55999755859375,116.68000030517578,81.94000244140625,29.790000915527344,84.23999786376953
2026-07-29,93.16999816894531,116.56999969482422,81.98999786376953,29.674999237060547,82.8499984741211
2026-07-30,93.20999908447266,116.63999938964844,82.01000213623047,29.69499969482422,82.80000305175781
2026-07-31,92.94999694824219,116.4800033569336,82.0,29.6299991607666,82.25
2026-08-03,92.81999969482422,116.22000122070312,81.7699966430664,29.55500030517578,82.19000244140625
2026-08-04,93.25,116.55999755859375,81.87000274658203,29.665000915527344,82.81999969482422
2026-08-05,93.30999755859375,116.61000061035156,81.9000015258789,29.674999237060547,83.0
2026-08-06,92.94999694824219,116.33000183105469,81.80000305175781,29.59000015258789,82.5199966430664
2026-08-07,93.16999816894531,116.55000305175781,81.91999816894531,29.655000686645508,82.76000213623047
2026-08-10,92.76000213623047,116.25,81.86000061035156,29.56999969482422,82.05999755859375
2026-08-11,92.87000274658203,116.3499984741211,81.87000274658203,29.594999313354492,82.19000244140625
2026-08-12,92.95999908447266,116.45999908447266,81.91999816894531,29.614999771118164,82.11000061035156
2026-08-13,93.30000305175781,116.7699966430664,82.02999877929688,29.700000762939453,82.58999633789062
2026-08-14,93.04000091552734,116.58999633789062,82.0,29.639999389648438,82.04000091552734
2026-08-17,92.83999633789062,116.5199966430664,82.0,29.56999969482422,81.3499984741211
2026-08-18,92.93000030517578,116.58000183105469,82.0199966430664,29.614999771118164,81.66000366210938
2026-08-19,93.37999725341797,116.75,82.05999755859375,29.739999771118164,83.0199966430664
2026-08-20,93.0,116.55000305175781,82.0199966430664,29.655000686645508,82.33999633789062
2026-08-21,92.81999969482422,116.41000366210938,82.0,29.614999771118164,82.05000305175781
2026-08-24,93.01000213623047,116.5,82.0,29.65999984741211,82.55999755859375
2026-08-25,93.51000213623047,116.86000061035156,82.08000183105469,29.774999618530273,83.47000122070312
2026-08-26,93.31999969482422,116.69999694824219,82.05000305175781,29.735000610351562,83.30000305175781
2026-08-27,93.2300033569336,116.5999984741211,82.04000091552734,29.709999084472656,83.12999725341797
2026-08-28,92.8499984741211,116.19000244140625,81.88999938964844,29.6299991607666,82.87999725341797
2026-08-31,92.73999786376953,116.16999816894531,81.88999938964844,29.59000015258789,82.5199966430664
2026-09-01,92.0999984741211,115.52999877929688,81.58999633789062,29.434999465942383,81.87000274658203
2026-09-02,92.18000030517578,115.62999725341797,81.63999938964844,29.44499969482422,81.94999694824219
2026-09-03,92.27999877929688,115.70999908447266,81.70999908447266,29.485000610351562,82.06999969482422
2026-09-04,92.25,115.66000366210938,81.69000244140625,29.481000900268555,82.20999908447266
2026-09-08,92.16000366210938,115.56999969482422,81.66000366210938,29.465999603271484,82.19999694824219
2026-09-09,91.9000015258789,115.37000274658203,81.62999725341797,29.40999984741211,81.7300033569336
2026-09-10,91.18000030517578,114.75,81.41999816894531,29.235000610351562,80.77999877929688
2026-09-11,91.01000213623047,114.55000305175781,81.37000274658203,29.200000762939453,80.87000274658203
2026-09-14,90.93000030517578,114.44999694824219,81.33999633789062,29.204999923706055,80.93000030517578
2026-09-15,90.81999969482422,114.37000274658203,81.30999755859375,29.184999465942383,80.70999908447266
2026-09-16,90.7300033569336,114.22000122070312,81.23999786376953,29.155000686645508,80.87999725341797
2026-09-17,91.25,114.61000061035156,81.36000061035156,29.274999618530273,81.77999877929688
2026-09-18,90.80000305175781,114.23999786376953,81.23999786376953,29.174999237060547,81.25
2026-09-21,91.1500015258789,114.45999908447266,81.29000091552734,29.2450008392334,81.80000305175781
2026-09-22,91.16000366210938,114.4800033569336,81.31999969482422,29.2549991607666,81.75
2026-09-23,90.19000244140625,113.69999694824219,81.12000274658203,29.045000076293945,80.45999908447266
2026-09-24,89.69000244140625,113.44999694824219,81.08999633789062,28.94499969482422,79.41999816894531
2026-09-25,90.0,113.80999755859375,81.20999908447266,28.985000610351562,79.31999969482422
2026-09-28,89.52999877929688,113.44000244140625,81.11000061035156,28.875,78.62000274658203
2026-09-29,89.44999694824219,113.48999786376953,81.16000366210938,28.864999771118164,78.2300033569336
2026-09-30,89.30999755859375,113.44000244140625,81.19999694824219,28.829999923706055,77.77999877929688
2026-10-01,89.30000305175781,113.4000015258789,81.0999984741211,28.78499984741211,77.70999908447266
2026-10-02,89.05000305175781,113.16999816894531,81.05000305175781,28.735000610351562,77.4800033569336
2026-10-05,88.91999816894531,113.16999816894531,81.08000183105469,28.709999084472656,77.11000061035156
2026-10-06,89.12999725341797,113.33000183105469,81.12999725341797,28.764999389648438,77.27999877929688
